year,team,league,cutoff,home,margin,G,W,L,T,late_RF,late_RA,off_innings,def_innings
2013,b,P,6,False,-10,1,0,1,0,0,1,3,2
2013,b,P,6,False,-7,1,0,1,0,0,0,3,2
2013,b,P,6,False,-6,1,0,1,0,0,3,3,2
2013,b,P,6,False,-5,4,0,4,0,4,3,12,8
2013,b,P,6,False,-4,5,0,5,0,6,9,15,10
2013,b,P,6,False,-3,3,0,2,1,7,4,12,10
2013,b,P,6,False,-2,8,1,6,1,13,3,27,21
2013,b,P,6,False,-1,9,3,6,0,11,9,27,22
2013,b,P,6,False,0,11,4,7,0,8,10,39,35
2013,b,P,6,False,1,11,9,2,0,11,7,37,37
2013,b,P,6,False,2,6,5,0,1,9,7,21,21
2013,b,P,6,False,3,2,2,0,0,5,0,6,6
2013,b,P,6,False,4,2,2,0,0,0,3,6,6
2013,b,P,6,False,5,3,3,0,0,3,3,9,9
2013,b,P,6,False,6,1,1,0,0,0,0,3,3
2013,b,P,6,False,7,1,1,0,0,0,0,3,3
2013,b,P,6,False,10,2,2,0,0,0,5,6,6
2013,b,P,6,False,11,1,1,0,0,0,0,3,3
2013,b,P,6,True,-7,3,0,3,0,2,0,9,9
2013,b,P,6,True,-5,2,0,2,0,1,7,6,6
2013,b,P,6,True,-4,3,0,3,0,8,10,9,9
2013,b,P,6,True,-3,5,0,5,0,3,9,15,15
2013,b,P,6,True,-2,7,0,7,0,3,12,21,21
2013,b,P,6,True,-1,9,3,6,0,7,12,26,27
2013,b,P,6,True,0,11,1,8,2,3,17,41,42
2013,b,P,6,True,1,10,6,4,0,10,17,24,30
2013,b,P,6,True,2,6,6,0,0,7,1,12,18
2013,b,P,6,True,3,7,7,0,0,7,3,14,21
2013,b,P,6,True,4,4,4,0,0,4,1,8,12
2013,b,P,6,True,5,3,3,0,0,2,3,6,9
2013,b,P,6,True,7,1,1,0,0,0,0,2,3
2013,b,P,6,True,8,1,1,0,0,2,0,2,3
2013,b,P,7,False,-11,1,0,1,0,1,0,2,1
2013,b,P,7,False,-10,1,0,1,0,0,1,2,1
2013,b,P,7,False,-7,1,0,1,0,0,0,2,1
2013,b,P,7,False,-6,2,0,2,0,1,4,4,2
2013,b,P,7,False,-5,3,0,3,0,2,0,6,3
2013,b,P,7,False,-4,3,0,3,0,2,2,6,3
2013,b,P,7,False,-3,4,0,4,0,2,0,8,4
2013,b,P,7,False,-2,8,0,6,2,9,3,22,16
2013,b,P,7,False,-1,6,0,6,0,1,1,12,7
2013,b,P,7,False,0,10,3,6,1,6,14,29,26
2013,b,P,7,False,1,12,10,2,0,9,5,27,27
2013,b,P,7,False,2,10,10,0,0,13,7,21,21
2013,b,P,7,False,3,1,1,0,0,3,0,2,2
2013,b,P,7,False,4,5,5,0,0,4,0,10,10
2013,b,P,7,False,6,1,1,0,0,0,0,2,2
2013,b,P,7,False,7,1,1,0,0,0,0,2,2
2013,b,P,7,False,9,1,1,0,0,0,3,2,2
2013,b,P,7,False,10,1,1,0,0,0,1,2,2
2013,b,P,7,False,11,1,1,0,0,0,0,2,2
2013,b,P,7,True,-7,2,0,2,0,0,0,4,4
2013,b,P,7,True,-6,3,0,3,0,1,9,6,6
2013,b,P,7,True,-5,2,0,2,0,0,1,4,4
2013,b,P,7,True,-4,4,0,4,0,4,6,8,8
2013,b,P,7,True,-3,5,0,5,0,2,4,10,10
2013,b,P,7,True,-2,10,0,10,0,2,12,20,20
2013,b,P,7,True,-1,7,2,5,0,5,4,14,14
2013,b,P,7,True,0,9,1,6,2,4,8,26,27
2013,b,P,7,True,1,8,7,1,0,8,6,9,16
2013,b,P,7,True,2,4,4,0,0,3,2,4,8
2013,b,P,7,True,3,6,6,0,0,0,1,6,12
2013,b,P,7,True,4,6,6,0,0,3,3,6,12
2013,b,P,7,True,5,2,2,0,0,0,0,2,4
2013,b,P,7,True,7,2,2,0,0,0,1,2,4
2013,b,P,7,True,8,1,1,0,0,0,0,1,2
2013,b,P,7,True,10,1,1,0,0,0,0,1,2
2013,c,C,6,False,-10,1,0,1,0,1,0,3,2
2013,c,C,6,False,-7,3,0,3,0,3,1,9,6
2013,c,C,6,False,-6,6,0,6,0,7,9,18,12
2013,c,C,6,False,-5,2,0,2,0,2,2,6,4
2013,c,C,6,False,-4,2,0,2,0,1,6,6,4
2013,c,C,6,False,-2,7,1,6,0,10,9,21,15
2013,c,C,6,False,-1,9,3,6,0,14,9,28,22
2013,c,C,6,False,0,15,8,5,2,25,15,55,52
2013,c,C,6,False,1,7,5,2,0,8,10,23,22
2013,c,C,6,False,2,3,2,1,0,4,5,12,12
2013,c,C,6,False,3,3,2,1,0,4,8,9,8
2013,c,C,6,False,4,4,4,0,0,3,1,12,12
2013,c,C,6,False,5,1,1,0,0,0,1,3,3
2013,c,C,6,False,6,4,4,0,0,6,4,12,12
2013,c,C,6,False,7,4,4,0,0,2,6,12,12
2013,c,C,6,False,8,1,1,0,0,1,0,3,3
2013,c,C,6,True,-9,1,0,1,0,1,0,3,3
2013,c,C,6,True,-5,3,0,3,0,0,2,9,9
2013,c,C,6,True,-4,4,0,3,1,7,8,15,15
2013,c,C,6,True,-3,3,1,2,0,7,1,9,9
2013,c,C,6,True,-2,7,0,7,0,2,3,21,21
2013,c,C,6,True,-1,11,2,9,0,12,24,32,33
2013,c,C,6,True,0,12,8,4,0,21,16,37,41
2013,c,C,6,True,1,7,5,2,0,10,8,17,22
2013,c,C,6,True,2,10,6,4,0,3,19,24,30
2013,c,C,6,True,3,3,2,1,0,1,8,7,9
2013,c,C,6,True,4,1,0,1,0,1,6,6,6
2013,c,C,6,True,5,6,6,0,0,9,2,12,18
2013,c,C,6,True,6,2,2,0,0,1,2,4,6
2013,c,C,6,True,10,2,2,0,0,1,2,4,6
2013,c,C,7,False,-10,1,0,1,0,1,0,2,1
2013,c,C,7,False,-9,1,0,1,0,0,0,2,1
2013,c,C,7,False,-8,3,0,3,0,2,0,6,3
2013,c,C,7,False,-7,5,0,5,0,4,2,10,5
2013,c,C,7,False,-5,1,0,1,0,1,0,2,1
2013,c,C,7,False,-4,5,0,5,0,5,2,10,5
2013,c,C,7,False,-3,2,0,2,0,2,2,4,2
2013,c,C,7,False,-2,4,1,3,0,7,2,8,5
2013,c,C,7,False,-1,11,3,8,0,11,7,26,19
2013,c,C,7,False,0,9,3,4,2,11,12,30,29
2013,c,C,7,False,1,6,5,1,0,4,5,12,11
2013,c,C,7,False,2,6,5,1,0,6,7,12,11
2013,c,C,7,False,3,4,4,0,0,2,1,8,8
2013,c,C,7,False,4,4,4,0,0,3,2,8,8
2013,c,C,7,False,5,2,2,0,0,1,1,4,4
2013,c,C,7,False,6,2,2,0,0,0,0,4,4
2013,c,C,7,False,7,3,3,0,0,1,6,6,6
2013,c,C,7,False,8,2,2,0,0,1,0,4,4
2013,c,C,7,False,9,1,1,0,0,2,1,2,2
2013,c,C,7,True,-9,1,0,1,0,1,0,2,2
2013,c,C,7,True,-7,1,0,1,0,0,0,2,2
2013,c,C,7,True,-5,2,0,2,0,0,0,4,4
2013,c,C,7,True,-4,4,1,3,0,5,5,8,8
2013,c,C,7,True,-3,1,0,1,0,0,0,2,2
2013,c,C,7,True,-2,8,0,8,0,2,5,16,16
2013,c,C,7,True,-1,13,1,12,0,8,20,26,26
2013,c,C,7,True,0,7,5,2,0,10,7,21,22
2013,c,C,7,True,1,10,6,3,1,10,11,18,24
2013,c,C,7,True,2,11,7,4,0,2,21,15,22
2013,c,C,7,True,3,3,3,0,0,0,3,3,6
2013,c,C,7,True,4,1,1,0,0,0,1,1,2
2013,c,C,7,True,5,2,2,0,0,0,1,2,4
2013,c,C,7,True,6,3,3,0,0,0,2,3,6
2013,c,C,7,True,7,2,2,0,0,0,1,2,4
2013,c,C,7,True,10,3,3,0,0,1,2,3,6
2013,d,C,6,False,-9,1,0,1,0,0,1,3,2
2013,d,C,6,False,-7,1,0,1,0,2,0,3,2
2013,d,C,6,False,-6,4,0,4,0,2,8,12,8
2013,d,C,6,False,-5,3,0,3,0,4,2,9,6
2013,d,C,6,False,-4,7,0,7,0,3,10,21,14
2013,d,C,6,False,-3,2,0,2,0,2,1,6,4
2013,d,C,6,False,-2,10,3,7,0,20,16,34,28
2013,d,C,6,False,-1,7,1,5,1,6,5,29,27
2013,d,C,6,False,0,7,5,1,1,12,6,24,24
2013,d,C,6,False,1,15,12,3,0,32,20,47,45
2013,d,C,6,False,2,9,8,1,0,9,16,30,29
2013,d,C,6,False,3,1,1,0,0,1,2,3,3
2013,d,C,6,False,4,1,1,0,0,1,0,3,3
2013,d,C,6,False,5,1,1,0,0,1,2,3,3
2013,d,C,6,False,6,2,2,0,0,1,5,6,6
2013,d,C,6,False,8,1,1,0,0,1,0,3,3
2013,d,C,6,True,-11,1,0,1,0,1,0,3,3
2013,d,C,6,True,-7,1,0,1,0,2,0,3,3
2013,d,C,6,True,-6,1,0,1,0,0,0,3,3
2013,d,C,6,True,-4,3,0,3,0,5,0,9,9
2013,d,C,6,True,-3,5,0,5,0,3,5,15,15
2013,d,C,6,True,-2,6,0,6,0,4,11,18,18
2013,d,C,6,True,-1,11,3,7,1,16,10,37,39
2013,d,C,6,True,0,14,3,11,0,11,27,49,51
2013,d,C,6,True,1,17,10,7,0,11,31,43,51
2013,d,C,6,True,2,4,4,0,0,2,0,8,12
2013,d,C,6,True,3,2,2,0,0,1,0,4,6
2013,d,C,6,True,4,1,1,0,0,0,1,2,3
2013,d,C,6,True,5,2,2,0,0,2,2,4,6
2013,d,C,6,True,6,1,1,0,0,3,1,2,3
2013,d,C,6,True,7,2,2,0,0,0,1,4,6
2013,d,C,6,True,10,1,1,0,0,3,1,2,3
2013,d,C,7,False,-9,1,0,1,0,0,1,2,1
2013,d,C,7,False,-8,2,0,2,0,2,1,4,2
2013,d,C,7,False,-7,2,0,2,0,3,0,4,2
2013,d,C,7,False,-6,4,0,4,0,1,5,8,4
2013,d,C,7,False,-5,2,0,2,0,1,0,4,2
2013,d,C,7,False,-4,4,0,4,0,2,1,8,4
2013,d,C,7,False,-3,7,0,7,0,2,5,14,7
2013,d,C,7,False,-2,7,3,4,0,12,6,14,10
2013,d,C,7,False,-1,5,1,4,0,4,2,17,15
2013,d,C,7,False,0,7,2,3,2,5,6,21,21
2013,d,C,7,False,1,13,11,2,0,15,9,27,26
2013,d,C,7,False,2,8,8,0,0,7,4,18,18
2013,d,C,7,False,3,2,2,0,0,0,3,4,4
2013,d,C,7,False,4,2,2,0,0,2,3,4,4
2013,d,C,7,False,5,3,3,0,0,4,8,9,9
2013,d,C,7,False,6,2,2,0,0,1,5,4,4
2013,d,C,7,False,9,1,1,0,0,0,0,2,2
2013,d,C,7,True,-10,1,0,1,0,0,0,2,2
2013,d,C,7,True,-7,1,0,1,0,2,0,2,2
2013,d,C,7,True,-6,2,0,2,0,0,0,4,4
2013,d,C,7,True,-5,1,0,1,0,0,0,2,2
2013,d,C,7,True,-4,6,0,6,0,6,2,12,12
2013,d,C,7,True,-3,3,0,3,0,0,1,6,6
2013,d,C,7,True,-2,6,0,5,1,4,2,15,15
2013,d,C,7,True,-1,11,3,8,0,10,3,23,24
2013,d,C,7,True,0,11,2,9,0,6,22,31,32
2013,d,C,7,True,1,14,8,6,0,6,22,20,28
2013,d,C,7,True,2,5,5,0,0,1,2,6,10
2013,d,C,7,True,3,3,3,0,0,1,0,3,6
2013,d,C,7,True,4,2,2,0,0,0,1,2,4
2013,d,C,7,True,5,1,1,0,0,0,0,1,2
2013,d,C,7,True,6,1,1,0,0,2,0,1,2
2013,d,C,7,True,7,3,3,0,0,0,3,3,6
2013,d,C,7,True,12,1,1,0,0,0,0,1,2
2013,db,C,6,False,-10,1,0,1,0,2,0,3,2
2013,db,C,6,False,-9,1,0,1,0,4,0,3,2
2013,db,C,6,False,-6,6,0,6,0,4,13,18,12
2013,db,C,6,False,-5,3,1,2,0,12,5,9,7
2013,db,C,6,False,-4,2,0,2,0,3,1,6,4
2013,db,C,6,False,-3,5,0,5,0,5,2,15,10
2013,db,C,6,False,-2,3,0,3,0,0,0,9,6
2013,db,C,6,False,-1,15,5,9,1,28,25,51,43
2013,db,C,6,False,0,10,7,3,0,17,9,32,29
2013,db,C,6,False,1,9,7,2,0,11,4,29,28
2013,db,C,6,False,2,5,5,0,0,5,2,15,15
2013,db,C,6,False,3,3,2,1,0,6,12,9,9
2013,db,C,6,False,4,2,2,0,0,1,2,6,6
2013,db,C,6,False,5,3,3,0,0,1,0,9,9
2013,db,C,6,False,6,2,2,0,0,7,1,6,6
2013,db,C,6,False,7,1,1,0,0,2,3,3,3
2013,db,C,6,False,11,1,1,0,0,0,1,3,3
2013,db,C,6,True,-10,1,0,1,0,1,5,3,3
2013,db,C,6,True,-8,1,0,1,0,0,1,3,3
2013,db,C,6,True,-7,3,0,3,0,2,2,9,9
2013,db,C,6,True,-6,3,0,3,0,9,6,9,9
2013,db,C,6,True,-5,1,1,0,0,9,2,3,3
2013,db,C,6,True,-4,6,0,6,0,8,7,18,18
2013,db,C,6,True,-3,4,0,4,0,2,5,12,12
2013,db,C,6,True,-2,5,0,5,0,2,7,15,15
2013,db,C,6,True,-1,13,4,9,0,21,20,39,41
2013,db,C,6,True,0,13,5,8,0,18,33,37,40
2013,db,C,6,True,1,6,3,3,0,7,11,17,19
2013,db,C,6,True,2,3,2,1,0,2,7,11,12
2013,db,C,6,True,3,2,2,0,0,3,5,4,6
2013,db,C,6,True,4,3,3,0,0,9,0,6,9
2013,db,C,6,True,5,2,2,0,0,7,1,4,6
2013,db,C,6,True,6,3,3,0,0,7,3,6,9
2013,db,C,6,True,7,2,2,0,0,0,2,4,6
2013,db,C,6,True,8,1,1,0,0,1,1,2,3
2013,db,C,7,False,-10,1,0,1,0,2,0,2,1
2013,db,C,7,False,-7,3,0,3,0,4,9,6,3
2013,db,C,7,False,-6,6,0,6,0,4,3,12,6
2013,db,C,7,False,-5,1,0,1,0,3,0,2,1
2013,db,C,7,False,-4,2,0,2,0,0,0,4,2
2013,db,C,7,False,-3,5,1,4,0,12,5,10,6
2013,db,C,7,False,-2,8,0,8,0,4,1,18,11
2013,db,C,7,False,-1,11,3,8,0,14,12,23,15
2013,db,C,7,False,0,6,6,0,0,11,2,14,14
2013,db,C,7,False,1,7,5,1,1,5,4,19,19
2013,db,C,7,False,2,5,5,0,0,4,1,10,10
2013,db,C,7,False,3,5,5,0,0,1,4,10,10
2013,db,C,7,False,4,3,2,1,0,0,8,6,6
2013,db,C,7,False,5,5,5,0,0,1,2,10,10
2013,db,C,7,False,7,1,1,0,0,2,1,2,2
2013,db,C,7,False,8,2,2,0,0,2,2,4,4
2013,db,C,7,False,10,1,1,0,0,0,0,2,2
2013,db,C,7,True,-11,1,0,1,0,0,3,2,2
2013,db,C,7,True,-9,2,0,2,0,2,2,4,4
2013,db,C,7,True,-8,1,0,1,0,0,1,2,2
2013,db,C,7,True,-7,2,0,2,0,2,0,4,4
2013,db,C,7,True,-6,1,0,1,0,4,0,2,2
2013,db,C,7,True,-5,2,0,2,0,1,0,4,4
2013,db,C,7,True,-4,2,0,2,0,0,2,4,4
2013,db,C,7,True,-3,9,0,9,0,6,8,18,18
2013,db,C,7,True,-2,7,0,7,0,2,9,14,14
2013,db,C,7,True,-1,14,4,10,0,11,10,27,29
2013,db,C,7,True,0,11,5,6,0,15,24,22,24
2013,db,C,7,True,1,3,3,0,0,3,2,9,10
2013,db,C,7,True,2,1,0,1,0,0,3,2,2
2013,db,C,7,True,3,3,3,0,0,3,7,3,6
2013,db,C,7,True,4,3,3,0,0,1,3,3,6
2013,db,C,7,True,5,1,1,0,0,0,1,1,2
2013,db,C,7,True,6,2,2,0,0,4,0,2,4
2013,db,C,7,True,7,4,4,0,0,2,2,4,8
2013,db,C,7,True,8,1,1,0,0,1,1,1,2
2013,db,C,7,True,9,1,1,0,0,0,0,1,2
2013,db,C,7,True,12,1,1,0,0,0,0,1,2
2013,e,P,6,False,-11,1,0,1,0,0,3,3,2
2013,e,P,6,False,-7,1,0,1,0,1,1,3,2
2013,e,P,6,False,-5,3,0,3,0,1,2,9,6
2013,e,P,6,False,-4,4,0,4,0,1,2,12,8
2013,e,P,6,False,-3,6,0,6,0,13,14,18,14
2013,e,P,6,False,-2,4,2,2,0,10,5,12,10
2013,e,P,6,False,-1,7,2,5,0,12,10,21,18
2013,e,P,6,False,0,11,6,4,1,23,13,37,34
2013,e,P,6,False,1,12,7,5,0,16,20,38,36
2013,e,P,6,False,2,4,4,0,0,3,0,12,12
2013,e,P,6,False,3,3,3,0,0,3,2,9,9
2013,e,P,6,False,4,4,4,0,0,10,5,12,12
2013,e,P,6,False,5,3,3,0,0,0,5,9,9
2013,e,P,6,False,6,2,2,0,0,11,1,6,6
2013,e,P,6,False,7,4,4,0,0,4,5,12,12
2013,e,P,6,False,8,1,1,0,0,2,0,3,3
2013,e,P,6,False,9,2,2,0,0,2,0,6,6
2013,e,P,6,True,-11,2,0,2,0,2,0,6,6
2013,e,P,6,True,-9,1,0,1,0,1,4,3,3
2013,e,P,6,True,-7,1,0,1,0,1,5,3,3
2013,e,P,6,True,-6,1,0,1,0,1,0,3,3
2013,e,P,6,True,-5,2,0,2,0,1,5,6,6
2013,e,P,6,True,-4,3,1,2,0,9,1,9,9
2013,e,P,6,True,-3,3,0,3,0,2,5,9,9
2013,e,P,6,True,-2,4,1,3,0,5,4,11,12
2013,e,P,6,True,-1,5,2,3,0,4,8,14,15
2013,e,P,6,True,0,7,2,4,1,5,7,25,27
2013,e,P,6,True,1,16,13,3,0,25,15,41,52
2013,e,P,6,True,2,6,4,2,0,5,14,14,18
2013,e,P,6,True,3,4,4,0,0,0,1,8,12
2013,e,P,6,True,4,3,3,0,0,1,3,6,9
2013,e,P,6,True,5,7,7,0,0,5,7,14,21
2013,e,P,6,True,6,5,4,1,0,8,14,11,15
2013,e,P,6,True,8,1,1,0,0,7,3,2,3
2013,e,P,7,False,-12,1,0,1,0,0,2,2,1
2013,e,P,7,False,-8,1,0,1,0,1,0,2,1
2013,e,P,7,False,-6,2,0,2,0,1,1,4,2
2013,e,P,7,False,-5,4,0,4,0,1,3,8,4
2013,e,P,7,False,-4,5,0,5,0,1,0,10,5
2013,e,P,7,False,-3,3,0,3,0,1,2,6,3
2013,e,P,7,False,-2,1,0,1,0,0,1,2,1
2013,e,P,7,False,-1,8,2,6,0,12,11,16,12
2013,e,P,7,False,0,9,5,3,1,18,9,22,20
2013,e,P,7,False,1,12,8,4,0,12,11,26,26
2013,e,P,7,False,2,8,7,1,0,10,6,16,16
2013,e,P,7,False,3,3,3,0,0,2,2,6,6
2013,e,P,7,False,4,1,1,0,0,5,0,2,2
2013,e,P,7,False,5,4,4,0,0,1,4,8,8
2013,e,P,7,False,6,2,2,0,0,3,1,4,4
2013,e,P,7,False,7,3,3,0,0,2,1,6,6
2013,e,P,7,False,8,1,1,0,0,0,3,2,2
2013,e,P,7,False,9,1,1,0,0,0,0,2,2
2013,e,P,7,False,10,2,2,0,0,1,0,4,4
2013,e,P,7,False,11,1,1,0,0,3,0,2,2
2013,e,P,7,True,-11,2,0,2,0,2,0,4,4
2013,e,P,7,True,-10,1,0,1,0,1,3,2,2
2013,e,P,7,True,-9,1,0,1,0,0,2,2,2
2013,e,P,7,True,-6,1,0,1,0,1,0,2,2
2013,e,P,7,True,-5,1,0,1,0,0,1,2,2
2013,e,P,7,True,-4,3,0,3,0,1,6,6,6
2013,e,P,7,True,-3,5,0,5,0,5,5,10,10
2013,e,P,7,True,-2,4,1,3,0,5,4,7,8
2013,e,P,7,True,-1,4,1,3,0,2,8,8,8
2013,e,P,7,True,0,7,4,2,1,12,4,14,17
2013,e,P,7,True,1,14,10,4,0,7,12,27,35
2013,e,P,7,True,2,6,5,1,0,2,6,7,12
2013,e,P,7,True,3,7,6,1,0,2,7,8,14
2013,e,P,7,True,4,3,3,0,0,1,2,3,6
2013,e,P,7,True,5,7,7,0,0,2,2,7,14
2013,e,P,7,True,6,3,3,0,0,4,2,3,6
2013,e,P,7,True,8,1,1,0,0,1,2,1,2
2013,e,P,7,True,9,1,1,0,0,6,3,1,2
2013,f,P,6,False,-6,1,0,1,0,0,0,3,2
2013,f,P,6,False,-5,3,0,3,0,3,1,9,6
2013,f,P,6,False,-4,4,0,4,0,3,5,12,8
2013,f,P,6,False,-3,8,0,8,0,7,11,24,16
2013,f,P,6,False,-2,7,1,6,0,6,6,21,15
2013,f,P,6,False,-1,13,3,10,0,10,6,41,31
2013,f,P,6,False,0,7,1,5,1,5,13,25,23
2013,f,P,6,False,1,9,5,4,0,9,14,29,27
2013,f,P,6,False,2,5,5,0,0,9,5,17,17
2013,f,P,6,False,3,4,3,1,0,2,6,14,14
2013,f,P,6,False,4,4,4,0,0,9,11,12,12
2013,f,P,6,False,5,2,2,0,0,6,1,6,6
2013,f,P,6,False,6,2,2,0,0,0,5,6,6
2013,f,P,6,False,7,1,1,0,0,0,1,3,3
2013,f,P,6,False,9,1,1,0,0,4,1,3,3
2013,f,P,6,False,10,1,1,0,0,2,0,3,3
2013,f,P,6,True,-10,1,0,1,0,1,0,3,3
2013,f,P,6,True,-9,2,0,2,0,0,2,6,6
2013,f,P,6,True,-8,1,0,1,0,0,2,3,3
2013,f,P,6,True,-7,1,0,1,0,0,1,3,3
2013,f,P,6,True,-6,3,0,3,0,1,11,9,9
2013,f,P,6,True,-5,4,0,4,0,2,1,12,12
2013,f,P,6,True,-4,4,0,4,0,1,7,12,12
2013,f,P,6,True,-3,5,1,4,0,5,5,14,15
2013,f,P,6,True,-2,6,2,4,0,9,5,18,19
2013,f,P,6,True,-1,9,1,7,1,7,16,29,30
2013,f,P,6,True,0,9,6,3,0,16,12,26,31
2013,f,P,6,True,1,9,7,2,0,5,7,20,27
2013,f,P,6,True,2,6,6,0,0,11,5,12,18
2013,f,P,6,True,3,1,1,0,0,2,0,2,3
2013,f,P,6,True,4,4,4,0,0,2,4,8,12
2013,f,P,6,True,5,2,2,0,0,1,0,4,6
2013,f,P,6,True,6,2,2,0,0,0,2,4,6
2013,f,P,6,True,8,2,2,0,0,0,5,4,6
2013,f,P,6,True,13,1,1,0,0,0,2,2,3
2013,f,P,7,False,-8,1,0,1,0,0,0,2,1
2013,f,P,7,False,-6,3,0,3,0,1,0,6,3
2013,f,P,7,False,-5,2,0,2,0,2,0,4,2
2013,f,P,7,False,-4,5,0,5,0,4,2,10,5
2013,f,P,7,False,-3,5,0,5,0,1,1,10,5
2013,f,P,7,False,-2,8,1,7,0,6,5,16,9
2013,f,P,7,False,-1,10,1,9,0,3,2,20,11
2013,f,P,7,False,0,9,3,5,1,10,14,26,24
2013,f,P,7,False,1,10,6,4,0,9,14,22,20
2013,f,P,7,False,2,5,5,0,0,10,4,10,10
2013,f,P,7,False,3,3,2,1,0,0,4,8,8
2013,f,P,7,False,4,3,3,0,0,4,3,6,6
2013,f,P,7,False,5,4,4,0,0,1,7,8,8
2013,f,P,7,False,6,1,1,0,0,0,0,2,2
2013,f,P,7,False,7,1,1,0,0,0,0,2,2
2013,f,P,7,False,10,1,1,0,0,3,1,2,2
2013,f,P,7,False,12,1,1,0,0,0,0,2,2
2013,f,P,7,True,-11,1,0,1,0,0,3,2,2
2013,f,P,7,True,-10,2,0,2,0,1,0,4,4
2013,f,P,7,True,-9,2,0,2,0,0,2,4,4
2013,f,P,7,True,-7,2,0,2,0,1,3,4,4
2013,f,P,7,True,-6,1,0,1,0,0,0,2,2
2013,f,P,7,True,-5,4,0,4,0,0,1,8,8
2013,f,P,7,True,-4,4,0,4,0,0,5,8,8
2013,f,P,7,True,-3,4,1,3,0,4,1,7,8
2013,f,P,7,True,-2,7,1,6,0,6,13,13,14
2013,f,P,7,True,-1,12,2,9,1,8,9,27,28
2013,f,P,7,True,0,6,4,2,0,12,9,13,16
2013,f,P,7,True,1,8,8,0,0,0,0,8,16
2013,f,P,7,True,2,5,5,0,0,6,3,5,10
2013,f,P,7,True,3,2,2,0,0,0,4,2,4
2013,f,P,7,True,4,4,4,0,0,4,1,4,8
2013,f,P,7,True,5,3,3,0,0,1,0,3,6
2013,f,P,7,True,6,2,2,0,0,0,1,2,4
2013,f,P,7,True,8,2,2,0,0,0,5,2,4
2013,f,P,7,True,12,1,1,0,0,0,1,1,2
2013,g,C,6,False,-9,1,0,1,0,3,1,3,2
2013,g,C,6,False,-7,2,0,2,0,2,0,6,4
2013,g,C,6,False,-6,6,0,6,0,12,9,18,12
2013,g,C,6,False,-5,1,0,1,0,0,5,3,2
2013,g,C,6,False,-4,1,0,1,0,3,0,3,2
2013,g,C,6,False,-3,5,2,3,0,15,3,15,12
2013,g,C,6,False,-2,6,1,5,0,5,1,18,13
2013,g,C,6,False,-1,7,2,5,0,6,2,23,18
2013,g,C,6,False,0,11,4,6,1,22,17,39,34
2013,g,C,6,False,1,5,5,0,0,9,0,15,15
2013,g,C,6,False,2,6,6,0,0,9,0,18,18
2013,g,C,6,False,3,9,8,1,0,5,9,27,26
2013,g,C,6,False,4,6,5,0,1,6,8,21,21
2013,g,C,6,False,5,2,1,1,0,2,9,6,6
2013,g,C,6,False,6,1,1,0,0,0,1,3,3
2013,g,C,6,False,7,1,1,0,0,3,2,3,3
2013,g,C,6,False,8,1,1,0,0,0,5,3,3
2013,g,C,6,False,10,1,1,0,0,5,1,3,3
2013,g,C,6,True,-8,2,0,2,0,1,1,6,6
2013,g,C,6,True,-7,1,0,1,0,4,0,3,3
2013,g,C,6,True,-6,1,0,1,0,1,1,3,3
2013,g,C,6,True,-5,1,0,1,0,3,0,3,3
2013,g,C,6,True,-4,1,0,1,0,0,1,3,3
2013,g,C,6,True,-3,1,0,1,0,5,5,3,3
2013,g,C,6,True,-2,9,2,5,2,12,8,34,34
2013,g,C,6,True,-1,10,5,5,0,15,14,33,34
2013,g,C,6,True,0,13,8,3,2,16,12,45,50
2013,g,C,6,True,1,8,6,1,1,8,8,21,27
2013,g,C,6,True,2,10,10,0,0,12,5,20,30
2013,g,C,6,True,3,6,6,0,0,1,4,12,18
2013,g,C,6,True,4,3,3,0,0,2,3,6,9
2013,g,C,6,True,5,1,1,0,0,1,2,2,3
2013,g,C,6,True,6,3,3,0,0,12,3,6,9
2013,g,C,6,True,7,1,1,0,0,0,2,2,3
2013,g,C,6,True,9,1,1,0,0,0,4,2,3
2013,g,C,7,False,-10,1,0,1,0,0,0,2,1
2013,g,C,7,False,-7,4,0,4,0,5,1,8,4
2013,g,C,7,False,-6,3,0,3,0,2,5,6,3
2013,g,C,7,False,-4,1,0,1,0,0,0,2,1
2013,g,C,7,False,-3,3,0,3,0,3,2,6,3
2013,g,C,7,False,-2,8,1,7,0,5,2,16,9
2013,g,C,7,False,-1,10,1,8,1,4,1,23,15
2013,g,C,7,False,0,8,5,2,1,17,7,24,23
2013,g,C,7,False,1,8,6,2,0,4,5,16,15
2013,g,C,7,False,2,7,7,0,0,10,1,14,14
2013,g,C,7,False,3,7,6,1,0,4,5,14,13
2013,g,C,7,False,4,5,5,0,0,5,3,10,10
2013,g,C,7,False,5,2,2,0,0,0,0,4,4
2013,g,C,7,False,6,2,2,0,0,0,1,4,4
2013,g,C,7,False,8,1,1,0,0,0,5,2,2
2013,g,C,7,False,10,1,1,0,0,0,2,2,2
2013,g,C,7,False,11,1,1,0,0,3,0,2,2
2013,g,C,7,True,-8,2,0,2,0,1,1,4,4
2013,g,C,7,True,-7,1,0,1,0,4,0,2,2
2013,g,C,7,True,-6,2,0,2,0,1,2,4,4
2013,g,C,7,True,-5,5,0,5,0,6,0,10,10
2013,g,C,7,True,-3,2,0,2,0,1,0,4,4
2013,g,C,7,True,-2,5,2,3,0,6,3,11,11
2013,g,C,7,True,-1,9,4,3,2,14,4,25,26
2013,g,C,7,True,0,9,4,2,3,8,6,34,34
2013,g,C,7,True,1,10,9,1,0,1,3,11,20
2013,g,C,7,True,2,8,8,0,0,1,2,8,16
2013,g,C,7,True,3,7,7,0,0,3,2,7,14
2013,g,C,7,True,4,5,5,0,0,2,3,5,10
2013,g,C,7,True,5,3,3,0,0,1,5,3,6
2013,g,C,7,True,7,3,3,0,0,9,4,3,6
2013,g,C,7,True,8,1,1,0,0,0,1,1,2
2013,h,P,6,False,-7,1,0,1,0,0,1,3,2
2013,h,P,6,False,-6,4,1,3,0,14,9,12,9
2013,h,P,6,False,-5,4,0,4,0,1,1,12,8
2013,h,P,6,False,-4,2,0,2,0,2,0,6,4
2013,h,P,6,False,-3,5,0,5,0,2,0,15,10
2013,h,P,6,False,-2,5,0,5,0,2,11,15,10
2013,h,P,6,False,-1,8,1,7,0,6,9,25,19
2013,h,P,6,False,0,11,7,4,0,21,10,37,35
2013,h,P,6,False,1,8,5,2,1,12,7,27,26
2013,h,P,6,False,2,8,7,1,0,17,7,24,23
2013,h,P,6,False,3,5,4,1,0,7,5,15,14
2013,h,P,6,False,4,3,3,0,0,2,0,9,9
2013,h,P,6,False,5,3,3,0,0,8,0,9,9
2013,h,P,6,False,6,1,1,0,0,0,1,3,3
2013,h,P,6,False,7,3,3,0,0,7,1,9,9
2013,h,P,6,False,8,1,1,0,0,0,0,3,3
2013,h,P,6,True,-7,2,0,2,0,6,5,6,6
2013,h,P,6,True,-6,3,0,3,0,2,3,9,9
2013,h,P,6,True,-5,1,0,1,0,1,0,3,3
2013,h,P,6,True,-4,2,0,2,0,5,2,6,6
2013,h,P,6,True,-3,5,1,4,0,12,4,17,17
2013,h,P,6,True,-2,8,1,7,0,12,15,27,27
2013,h,P,6,True,-1,8,3,5,0,10,3,21,24
2013,h,P,6,True,0,8,2,6,0,5,15,26,27
2013,h,P,6,True,1,12,8,3,1,11,15,36,42
2013,h,P,6,True,2,3,2,1,0,2,5,7,9
2013,h,P,6,True,3,2,2,0,0,2,0,4,6
2013,h,P,6,True,4,5,5,0,0,6,6,13,17
2013,h,P,6,True,5,5,5,0,0,7,7,10,15
2013,h,P,6,True,6,3,3,0,0,4,1,6,9
2013,h,P,6,True,7,3,3,0,0,4,3,6,9
2013,h,P,6,True,10,1,1,0,0,0,1,2,3
2013,h,P,6,True,12,1,1,0,0,0,0,2,3
2013,h,P,7,False,-8,1,0,1,0,2,1,2,1
2013,h,P,7,False,-7,1,0,1,0,0,1,2,1
2013,h,P,7,False,-6,2,0,2,0,1,4,4,2
2013,h,P,7,False,-5,3,0,3,0,1,0,6,3
2013,h,P,7,False,-4,4,0,4,0,2,5,8,4
2013,h,P,7,False,-3,6,1,5,0,8,2,12,7
2013,h,P,7,False,-2,5,0,5,0,1,5,10,5
2013,h,P,7,False,-1,7,1,6,0,5,5,15,10
2013,h,P,7,False,0,8,4,4,0,15,8,20,18
2013,h,P,7,False,1,6,4,2,0,5,5,12,11
2013,h,P,7,False,2,7,5,1,1,0,6,17,16
2013,h,P,7,False,3,7,6,1,0,3,5,14,13
2013,h,P,7,False,4,4,4,0,0,9,2,8,8
2013,h,P,7,False,5,4,4,0,0,1,0,8,8
2013,h,P,7,False,6,3,3,0,0,9,2,6,6
2013,h,P,7,False,7,1,1,0,0,0,0,2,2
2013,h,P,7,False,8,2,2,0,0,1,0,4,4
2013,h,P,7,False,9,1,1,0,0,2,0,2,2
2013,h,P,7,True,-10,1,0,1,0,2,0,2,2
2013,h,P,7,True,-8,1,0,1,0,3,0,2,2
2013,h,P,7,True,-6,3,0,3,0,2,3,6,6
2013,h,P,7,True,-5,2,0,2,0,4,1,4,4
2013,h,P,7,True,-4,2,0,2,0,2,1,4,4
2013,h,P,7,True,-3,2,1,1,0,6,0,6,6
2013,h,P,7,True,-2,9,1,8,0,9,11,19,19
2013,h,P,7,True,-1,12,2,10,0,7,3,22,24
2013,h,P,7,True,0,6,1,4,1,3,16,20,20
2013,h,P,7,True,1,9,7,2,0,6,10,16,21
2013,h,P,7,True,2,3,3,0,0,1,1,3,6
2013,h,P,7,True,3,3,3,0,0,2,0,3,6
2013,h,P,7,True,4,4,4,0,0,5,5,7,10
2013,h,P,7,True,5,5,5,0,0,2,3,5,10
2013,h,P,7,True,6,5,5,0,0,3,2,5,10
2013,h,P,7,True,7,1,1,0,0,0,0,1,2
2013,h,P,7,True,8,2,2,0,0,1,1,2,4
2013,h,P,7,True,10,1,1,0,0,0,1,1,2
2013,h,P,7,True,12,1,1,0,0,0,0,1,2
2013,l,P,6,False,-15,1,0,1,0,0,2,3,2
2013,l,P,6,False,-13,1,0,1,0,2,0,3,2
2013,l,P,6,False,-8,2,0,2,0,0,2,6,4
2013,l,P,6,False,-7,1,0,1,0,2,2,3,2
2013,l,P,6,False,-6,1,0,1,0,4,2,3,2
2013,l,P,6,False,-5,1,0,1,0,2,0,3,2
2013,l,P,6,False,-4,3,0,3,0,5,2,11,9
2013,l,P,6,False,-2,7,0,7,0,3,7,21,14
2013,l,P,6,False,-1,13,4,8,1,16,16,45,38
2013,l,P,6,False,0,17,9,7,1,26,17,60,56
2013,l,P,6,False,1,8,5,3,0,3,10,27,25
2013,l,P,6,False,2,6,4,2,0,4,7,19,18
2013,l,P,6,False,3,4,4,0,0,10,5,12,12
2013,l,P,6,False,4,1,1,0,0,0,2,3,3
2013,l,P,6,False,5,1,1,0,0,1,0,3,3
2013,l,P,6,False,6,1,1,0,0,0,1,3,3
2013,l,P,6,False,7,1,1,0,0,0,2,3,3
2013,l,P,6,False,8,1,1,0,0,0,0,3,3
2013,l,P,6,False,9,1,1,0,0,2,0,3,3
2013,l,P,6,True,-10,1,0,1,0,0,2,3,3
2013,l,P,6,True,-9,1,0,1,0,0,2,3,3
2013,l,P,6,True,-8,1,0,1,0,0,0,3,3
2013,l,P,6,True,-7,2,0,2,0,1,3,6,6
2013,l,P,6,True,-4,4,0,4,0,0,7,12,12
2013,l,P,6,True,-3,3,0,3,0,0,5,9,9
2013,l,P,6,True,-2,2,0,2,0,0,3,6,6
2013,l,P,6,True,-1,6,2,4,0,10,12,21,21
2013,l,P,6,True,0,13,7,6,0,16,20,35,39
2013,l,P,6,True,1,7,4,3,0,2,9,24,26
2013,l,P,6,True,2,9,7,2,0,10,11,22,28
2013,l,P,6,True,3,7,6,0,1,17,20,19,24
2013,l,P,6,True,4,5,5,0,0,1,2,10,15
2013,l,P,6,True,5,1,1,0,0,0,1,2,3
2013,l,P,6,True,6,5,5,0,0,9,2,10,15
2013,l,P,6,True,7,3,3,0,0,1,2,6,9
2013,l,P,6,True,8,1,1,0,0,3,2,2,3
2013,l,P,6,True,11,1,1,0,0,3,0,2,3
2013,l,P,7,False,-17,1,0,1,0,0,0,2,1
2013,l,P,7,False,-12,1,0,1,0,1,0,2,1
2013,l,P,7,False,-10,1,0,1,0,0,0,2,1
2013,l,P,7,False,-8,1,0,1,0,0,0,2,1
2013,l,P,7,False,-6,1,0,1,0,1,2,2,1
2013,l,P,7,False,-5,3,0,3,0,2,0,6,3
2013,l,P,7,False,-4,4,0,4,0,6,3,10,7
2013,l,P,7,False,-3,2,0,2,0,0,0,4,2
2013,l,P,7,False,-2,7,0,7,0,6,4,14,7
2013,l,P,7,False,-1,11,2,9,0,8,10,28,20
2013,l,P,7,False,0,11,6,3,2,14,6,31,31
2013,l,P,7,False,1,13,11,2,0,11,6,29,28
2013,l,P,7,False,2,7,5,2,0,7,7,15,14
2013,l,P,7,False,3,2,2,0,0,1,2,4,4
2013,l,P,7,False,4,1,1,0,0,0,1,2,2
2013,l,P,7,False,5,2,2,0,0,1,0,4,4
2013,l,P,7,False,6,1,1,0,0,0,1,2,2
2013,l,P,7,False,8,1,1,0,0,0,0,2,2
2013,l,P,7,False,9,1,1,0,0,2,0,2,2
2013,l,P,7,True,-12,1,0,1,0,0,0,2,2
2013,l,P,7,True,-10,1,0,1,0,0,1,2,2
2013,l,P,7,True,-8,2,0,2,0,0,1,4,4
2013,l,P,7,True,-7,1,0,1,0,1,1,2,2
2013,l,P,7,True,-5,2,0,2,0,0,0,4,4
2013,l,P,7,True,-4,3,0,3,0,0,6,6,6
2013,l,P,7,True,-3,4,0,4,0,2,6,8,8
2013,l,P,7,True,-2,5,1,4,0,6,8,11,11
2013,l,P,7,True,-1,6,1,5,0,3,1,12,12
2013,l,P,7,True,0,12,8,4,0,16,14,24,28
2013,l,P,7,True,1,6,4,2,0,2,7,13,15
2013,l,P,7,True,2,8,7,0,1,12,9,14,20
2013,l,P,7,True,3,3,3,0,0,3,1,3,6
2013,l,P,7,True,4,7,7,0,0,2,4,7,14
2013,l,P,7,True,5,2,2,0,0,0,2,2,4
2013,l,P,7,True,6,5,5,0,0,9,2,5,10
2013,l,P,7,True,7,2,2,0,0,1,0,2,4
2013,l,P,7,True,8,1,1,0,0,1,0,1,2
2013,l,P,7,True,12,1,1,0,0,2,0,1,2
2013,m,P,6,False,-8,3,0,3,0,10,10,9,6
2013,m,P,6,False,-7,3,0,3,0,2,1,9,6
2013,m,P,6,False,-6,5,0,5,0,4,4,15,10
2013,m,P,6,False,-5,3,0,3,0,3,2,9,6
2013,m,P,6,False,-4,4,0,4,0,0,3,12,8
2013,m,P,6,False,-3,5,0,5,0,5,6,15,10
2013,m,P,6,False,-2,4,1,3,0,4,6,12,9
2013,m,P,6,False,-1,8,4,4,0,14,5,25,22
2013,m,P,6,False,0,4,3,1,0,4,2,12,11
2013,m,P,6,False,1,13,7,6,0,17,18,41,40
2013,m,P,6,False,2,8,7,1,0,8,9,25,25
2013,m,P,6,False,3,5,5,0,0,7,5,15,15
2013,m,P,6,False,4,3,2,1,0,7,9,9,9
2013,m,P,6,False,5,1,1,0,0,0,1,3,3
2013,m,P,6,False,6,1,1,0,0,0,0,3,3
2013,m,P,6,False,7,1,1,0,0,0,0,3,3
2013,m,P,6,False,11,1,1,0,0,0,2,3,3
2013,m,P,6,True,-10,1,0,1,0,4,0,3,3
2013,m,P,6,True,-8,1,0,1,0,0,0,3,3
2013,m,P,6,True,-7,1,0,1,0,0,0,3,3
2013,m,P,6,True,-6,2,0,2,0,4,0,6,6
2013,m,P,6,True,-5,2,0,2,0,2,3,6,6
2013,m,P,6,True,-4,4,0,4,0,2,3,12,12
2013,m,P,6,True,-3,2,0,2,0,2,2,6,6
2013,m,P,6,True,-2,6,1,4,1,16,7,23,24
2013,m,P,6,True,-1,8,3,5,0,7,9,31,31
2013,m,P,6,True,0,12,7,5,0,16,18,37,40
2013,m,P,6,True,1,8,6,2,0,3,6,18,24
2013,m,P,6,True,2,5,4,0,1,2,4,14,18
2013,m,P,6,True,3,6,6,0,0,8,7,13,18
2013,m,P,6,True,4,6,6,0,0,4,5,12,18
2013,m,P,6,True,5,2,2,0,0,2,0,4,6
2013,m,P,6,True,6,4,4,0,0,7,7,8,12
2013,m,P,6,True,7,1,1,0,0,1,0,2,3
2013,m,P,6,True,15,1,1,0,0,2,0,2,3
2013,m,P,7,False,-9,1,0,1,0,3,6,2,1
2013,m,P,7,False,-8,2,0,2,0,5,1,4,2
2013,m,P,7,False,-7,3,0,3,0,0,1,6,3
2013,m,P,7,False,-6,3,0,3,0,2,3,6,3
2013,m,P,7,False,-5,7,0,7,0,3,3,14,7
2013,m,P,7,False,-4,5,0,5,0,4,2,10,5
2013,m,P,7,False,-3,3,0,3,0,3,0,6,3
2013,m,P,7,False,-2,2,0,2,0,0,6,4,2
2013,m,P,7,False,-1,7,3,4,0,8,3,15,12
2013,m,P,7,False,0,5,1,4,0,2,5,12,10
2013,m,P,7,False,1,10,6,4,0,1,9,21,21
2013,m,P,7,False,2,11,11,0,0,10,4,22,22
2013,m,P,7,False,3,6,5,1,0,8,8,12,12
2013,m,P,7,False,4,4,4,0,0,5,2,8,8
2013,m,P,7,False,6,1,1,0,0,0,0,2,2
2013,m,P,7,False,7,1,1,0,0,0,0,2,2
2013,m,P,7,False,11,1,1,0,0,0,2,2,2
2013,m,P,7,True,-9,1,0,1,0,3,0,2,2
2013,m,P,7,True,-8,1,0,1,0,0,0,2,2
2013,m,P,7,True,-7,1,0,1,0,0,0,2,2
2013,m,P,7,True,-6,2,0,2,0,1,0,4,4
2013,m,P,7,True,-5,2,0,2,0,9,4,7,7
2013,m,P,7,True,-4,5,0,5,0,2,4,10,10
2013,m,P,7,True,-3,2,0,2,0,0,0,4,4
2013,m,P,7,True,-2,8,0,7,1,4,2,19,19
2013,m,P,7,True,-1,8,3,5,0,7,10,23,23
2013,m,P,7,True,0,6,4,2,0,6,5,16,16
2013,m,P,7,True,1,9,8,1,0,5,5,11,18
2013,m,P,7,True,2,6,5,0,1,2,5,10,15
2013,m,P,7,True,3,5,5,0,0,1,2,5,10
2013,m,P,7,True,4,8,8,0,0,3,5,8,16
2013,m,P,7,True,5,1,1,0,0,1,0,1,2
2013,m,P,7,True,6,3,3,0,0,4,2,3,6
2013,m,P,7,True,7,2,2,0,0,1,0,2,4
2013,m,P,7,True,8,1,1,0,0,0,1,1,2
2013,m,P,7,True,17,1,1,0,0,0,0,1,2
2013,s,C,6,False,-11,1,0,1,0,0,0,3,2
2013,s,C,6,False,-7,1,0,1,0,0,0,3,2
2013,s,C,6,False,-5,8,0,8,0,11,15,24,16
2013,s,C,6,False,-4,4,0,4,0,2,3,12,8
2013,s,C,6,False,-3,4,0,4,0,0,2,12,8
2013,s,C,6,False,-2,9,1,8,0,11,6,28,21
2013,s,C,6,False,-1,10,2,8,0,9,9,30,22
2013,s,C,6,False,0,9,3,6,0,12,16,28,26
2013,s,C,6,False,1,12,7,3,2,14,21,44,43
2013,s,C,6,False,2,6,4,1,1,4,9,21,21
2013,s,C,6,False,3,5,4,1,0,6,14,18,18
2013,s,C,6,False,4,2,2,0,0,3,5,6,6
2013,s,C,6,False,6,1,1,0,0,5,2,3,3
2013,s,C,6,True,-7,4,0,4,0,6,4,12,12
2013,s,C,6,True,-6,2,0,2,0,3,5,6,6
2013,s,C,6,True,-5,5,0,5,0,5,9,15,15
2013,s,C,6,True,-4,2,0,2,0,1,2,6,6
2013,s,C,6,True,-3,4,0,4,0,4,7,12,12
2013,s,C,6,True,-2,6,1,5,0,6,4,21,21
2013,s,C,6,True,-1,12,2,10,0,14,24,37,38
2013,s,C,6,True,0,7,3,3,1,6,6,25,27
2013,s,C,6,True,1,7,6,1,0,13,10,18,23
2013,s,C,6,True,2,6,5,1,0,10,10,14,19
2013,s,C,6,True,3,4,4,0,0,2,5,8,12
2013,s,C,6,True,4,2,2,0,0,7,1,4,6
2013,s,C,6,True,5,3,2,1,0,1,13,7,9
2013,s,C,6,True,6,5,5,0,0,10,4,10,15
2013,s,C,6,True,7,1,1,0,0,0,2,2,3
2013,s,C,6,True,9,2,2,0,0,2,3,4,6
2013,s,C,7,False,-12,1,0,1,0,0,0,2,1
2013,s,C,7,False,-11,1,0,1,0,0,0,2,1
2013,s,C,7,False,-7,3,0,3,0,0,0,6,3
2013,s,C,7,False,-6,1,0,1,0,1,0,2,1
2013,s,C,7,False,-5,4,0,4,0,4,1,8,4
2013,s,C,7,False,-4,6,0,6,0,2,4,12,6
2013,s,C,7,False,-3,8,0,8,0,4,2,16,8
2013,s,C,7,False,-2,7,1,6,0,9,2,15,10
2013,s,C,7,False,-1,8,2,6,0,8,3,17,12
2013,s,C,7,False,0,9,3,6,0,10,15,23,22
2013,s,C,7,False,1,13,8,2,3,8,11,35,34
2013,s,C,7,False,2,5,4,1,0,1,7,10,10
2013,s,C,7,False,3,2,2,0,0,2,0,4,4
2013,s,C,7,False,4,3,3,0,0,0,0,6,6
2013,s,C,7,False,9,1,1,0,0,2,2,2,2
2013,s,C,7,True,-11,1,0,1,0,0,1,2,2
2013,s,C,7,True,-9,1,0,1,0,1,2,2,2
2013,s,C,7,True,-8,2,0,2,0,2,0,4,4
2013,s,C,7,True,-7,1,0,1,0,2,1,2,2
2013,s,C,7,True,-6,1,0,1,0,0,0,2,2
2013,s,C,7,True,-5,5,0,5,0,4,2,10,10
2013,s,C,7,True,-4,4,0,4,0,4,4,8,8
2013,s,C,7,True,-3,4,1,3,0,4,1,8,8
2013,s,C,7,True,-2,6,0,6,0,3,6,14,14
2013,s,C,7,True,-1,11,1,10,0,6,14,22,23
2013,s,C,7,True,0,4,1,2,1,3,4,14,14
2013,s,C,7,True,1,5,4,1,0,5,7,10,13
2013,s,C,7,True,2,9,9,0,0,7,4,12,20
2013,s,C,7,True,3,6,5,1,0,6,14,7,12
2013,s,C,7,True,4,1,1,0,0,0,0,1,2
2013,s,C,7,True,5,2,2,0,0,0,4,2,4
2013,s,C,7,True,6,1,1,0,0,0,0,1,2
2013,s,C,7,True,7,5,5,0,0,6,5,5,10
2013,s,C,7,True,8,1,1,0,0,0,2,1,2
2013,s,C,7,True,9,1,1,0,0,1,0,1,2
2013,s,C,7,True,11,1,1,0,0,0,1,1,2
2013,t,C,6,False,-12,1,0,1,0,0,0,3,2
2013,t,C,6,False,-10,1,0,1,0,1,3,3,2
2013,t,C,6,False,-8,1,0,1,0,1,1,3,2
2013,t,C,6,False,-6,4,0,4,0,2,9,12,8
2013,t,C,6,False,-5,2,0,2,0,1,0,6,4
2013,t,C,6,False,-4,3,1,2,0,6,2,12,10
2013,t,C,6,False,-3,3,0,3,0,5,3,9,6
2013,t,C,6,False,-2,5,1,4,0,4,1,15,11
2013,t,C,6,False,-1,10,2,8,0,10,7,30,23
2013,t,C,6,False,0,17,10,7,0,23,16,63,60
2013,t,C,6,False,1,5,5,0,0,18,0,15,15
2013,t,C,6,False,2,5,3,1,1,3,5,19,19
2013,t,C,6,False,3,2,2,0,0,2,0,6,6
2013,t,C,6,False,4,5,5,0,0,7,0,15,15
2013,t,C,6,False,5,3,3,0,0,8,2,9,9
2013,t,C,6,False,7,3,3,0,0,2,4,9,9
2013,t,C,6,False,8,1,1,0,0,0,1,3,3
2013,t,C,6,False,9,1,1,0,0,0,1,3,3
2013,t,C,6,True,-8,1,0,1,0,5,0,3,3
2013,t,C,6,True,-7,1,0,1,0,0,0,3,3
2013,t,C,6,True,-6,2,0,2,0,0,4,6,6
2013,t,C,6,True,-5,2,0,2,0,0,1,6,6
2013,t,C,6,True,-4,1,0,1,0,0,1,3,3
2013,t,C,6,True,-3,6,3,3,0,23,5,19,21
2013,t,C,6,True,-2,5,0,5,0,1,5,15,15
2013,t,C,6,True,-1,12,2,9,1,8,8,39,39
2013,t,C,6,True,0,11,4,6,1,11,15,36,36
2013,t,C,6,True,1,9,7,1,1,7,5,26,32
2013,t,C,6,True,2,7,6,1,0,5,7,15,21
2013,t,C,6,True,3,2,1,1,0,2,8,5,6
2013,t,C,6,True,4,4,4,0,0,6,3,8,12
2013,t,C,6,True,5,3,3,0,0,1,6,6,9
2013,t,C,6,True,6,5,5,0,0,5,10,10,15
2013,t,C,6,True,11,1,1,0,0,0,0,2,3
2013,t,C,7,False,-12,2,0,2,0,0,0,4,2
2013,t,C,7,False,-8,2,0,2,0,2,1,4,2
2013,t,C,7,False,-7,2,0,2,0,0,5,4,2
2013,t,C,7,False,-6,1,0,1,0,1,0,2,1
2013,t,C,7,False,-5,1,0,1,0,0,0,2,1
2013,t,C,7,False,-4,3,0,3,0,0,1,6,3
2013,t,C,7,False,-3,3,0,3,0,5,3,6,3
2013,t,C,7,False,-2,8,0,8,0,2,2,16,9
2013,t,C,7,False,-1,8,2,6,0,8,2,16,10
2013,t,C,7,False,0,12,7,5,0,17,11,39,38
2013,t,C,7,False,1,7,7,0,0,9,2,14,14
2013,t,C,7,False,2,5,3,1,1,2,5,14,14
2013,t,C,7,False,3,2,2,0,0,0,0,4,4
2013,t,C,7,False,4,3,3,0,0,5,0,6,6
2013,t,C,7,False,5,5,5,0,0,1,2,10,10
2013,t,C,7,False,6,2,2,0,0,1,0,4,4
2013,t,C,7,False,7,2,2,0,0,0,4,4,4
2013,t,C,7,False,8,2,2,0,0,1,1,4,4
2013,t,C,7,False,9,1,1,0,0,0,1,2,2
2013,t,C,7,False,11,1,1,0,0,1,0,2,2
2013,t,C,7,True,-8,2,0,2,0,5,2,4,4
2013,t,C,7,True,-7,1,0,1,0,0,0,2,2
2013,t,C,7,True,-6,1,0,1,0,0,0,2,2
2013,t,C,7,True,-5,3,0,3,0,0,1,6,6
2013,t,C,7,True,-4,1,0,1,0,0,1,2,2
2013,t,C,7,True,-3,3,1,2,0,4,0,5,6
2013,t,C,7,True,-2,9,1,8,0,10,5,17,18
2013,t,C,7,True,-1,10,2,7,1,5,6,23,23
2013,t,C,7,True,0,15,6,7,2,14,17,41,41
2013,t,C,7,True,1,6,6,0,0,6,1,6,12
2013,t,C,7,True,2,7,6,1,0,2,3,8,14
2013,t,C,7,True,3,3,3,0,0,3,2,3,6
2013,t,C,7,True,4,3,3,0,0,1,0,3,6
2013,t,C,7,True,5,2,2,0,0,0,2,2,4
2013,t,C,7,True,6,3,3,0,0,1,5,3,6
2013,t,C,7,True,8,2,2,0,0,0,1,2,4
2013,t,C,7,True,11,1,1,0,0,0,0,1,2
2014,b,P,6,False,-7,1,0,1,0,0,1,3,2
2014,b,P,6,False,-5,3,0,3,0,1,3,9,6
2014,b,P,6,False,-4,1,0,1,0,1,0,3,2
2014,b,P,6,False,-3,4,0,4,0,2,4,12,8
2014,b,P,6,False,-2,12,2,10,0,15,5,36,27
2014,b,P,6,False,-1,12,2,9,1,15,22,45,40
2014,b,P,6,False,0,10,5,4,1,13,6,34,32
2014,b,P,6,False,1,7,5,2,0,13,11,30,30
2014,b,P,6,False,2,8,7,1,0,3,6,25,25
2014,b,P,6,False,3,7,6,1,0,14,5,21,21
2014,b,P,6,False,4,4,4,0,0,2,3,12,12
2014,b,P,6,False,6,1,1,0,0,0,0,3,3
2014,b,P,6,False,7,1,1,0,0,0,0,3,3
2014,b,P,6,False,15,1,1,0,0,0,1,3,3
2014,b,P,6,True,-5,2,0,2,0,3,1,6,6
2014,b,P,6,True,-4,2,0,2,0,3,4,6,6
2014,b,P,6,True,-3,5,0,5,0,2,15,15,15
2014,b,P,6,True,-2,7,1,6,0,6,8,20,21
2014,b,P,6,True,-1,8,2,6,0,10,9,26,27
2014,b,P,6,True,0,8,3,5,0,5,11,24,27
2014,b,P,6,True,1,5,5,0,0,7,4,10,15
2014,b,P,6,True,2,7,7,0,0,3,6,14,21
2014,b,P,6,True,3,10,10,0,0,16,7,20,30
2014,b,P,6,True,4,7,7,0,0,9,3,14,21
2014,b,P,6,True,5,7,7,0,0,9,6,14,21
2014,b,P,6,True,7,1,1,0,0,0,0,2,3
2014,b,P,6,True,9,2,2,0,0,2,3,4,6
2014,b,P,6,True,10,1,1,0,0,0,0,2,3
2014,b,P,7,False,-7,1,0,1,0,0,1,2,1
2014,b,P,7,False,-6,1,0,1,0,0,0,2,1
2014,b,P,7,False,-5,3,0,3,0,1,5,6,3
2014,b,P,7,False,-4,3,0,3,0,1,3,6,3
2014,b,P,7,False,-3,4,1,3,0,4,0,8,5
2014,b,P,7,False,-2,9,0,9,0,4,6,18,10
2014,b,P,7,False,-1,10,0,9,1,4,4,27,21
2014,b,P,7,False,0,13,7,5,1,26,12,38,38
2014,b,P,7,False,1,7,6,1,0,8,4,18,18
2014,b,P,7,False,2,7,7,0,0,3,3,14,14
2014,b,P,7,False,3,5,4,1,0,7,4,10,10
2014,b,P,7,False,4,5,5,0,0,5,4,10,10
2014,b,P,7,False,5,1,1,0,0,1,0,2,2
2014,b,P,7,False,6,1,1,0,0,0,0,2,2
2014,b,P,7,False,7,1,1,0,0,0,0,2,2
2014,b,P,7,False,14,1,1,0,0,0,0,2,2
2014,b,P,7,True,-7,2,0,2,0,0,0,4,4
2014,b,P,7,True,-6,1,0,1,0,0,0,2,2
2014,b,P,7,True,-5,4,0,4,0,4,2,8,8
2014,b,P,7,True,-4,3,0,3,0,0,1,6,6
2014,b,P,7,True,-3,1,0,1,0,0,2,2,2
2014,b,P,7,True,-2,5,0,5,0,1,4,10,10
2014,b,P,7,True,-1,7,0,7,0,2,7,14,14
2014,b,P,7,True,0,8,5,3,0,8,5,18,22
2014,b,P,7,True,1,4,4,0,0,1,0,4,8
2014,b,P,7,True,2,6,6,0,0,5,5,6,12
2014,b,P,7,True,3,11,11,0,0,3,4,11,22
2014,b,P,7,True,4,6,6,0,0,3,2,6,12
2014,b,P,7,True,5,6,6,0,0,8,6,6,12
2014,b,P,7,True,6,4,4,0,0,3,0,4,8
2014,b,P,7,True,7,1,1,0,0,0,0,1,2
2014,b,P,7,True,8,1,1,0,0,0,1,1,2
2014,b,P,7,True,10,1,1,0,0,0,0,1,2
2014,b,P,7,True,11,1,1,0,0,0,0,1,2
2014,c,C,6,False,-7,4,0,4,0,1,1,12,8
2014,c,C,6,False,-6,3,0,3,0,5,6,9,6
2014,c,C,6,False,-5,2,0,2,0,8,0,6,4
2014,c,C,6,False,-4,4,0,4,0,2,6,12,8
2014,c,C,6,False,-3,3,1,2,0,9,0,9,7
2014,c,C,6,False,-2,10,1,9,0,9,11,31,22
2014,c,C,6,False,-1,11,2,9,0,13,19,37,29
2014,c,C,6,False,0,7,1,5,1,1,14,25,21
2014,c,C,6,False,1,7,6,1,0,13,9,21,20
2014,c,C,6,False,2,5,5,0,0,14,7,17,17
2014,c,C,6,False,3,4,4,0,0,6,0,12,12
2014,c,C,6,False,4,5,5,0,0,10,4,15,15
2014,c,C,6,False,5,1,1,0,0,3,0,3,3
2014,c,C,6,False,6,3,3,0,0,9,5,9,9
2014,c,C,6,False,7,2,2,0,0,2,0,6,6
2014,c,C,6,False,10,1,1,0,0,0,3,3,3
2014,c,C,6,True,-11,1,0,1,0,4,4,3,3
2014,c,C,6,True,-9,1,0,1,0,5,0,3,3
2014,c,C,6,True,-8,1,0,1,0,1,0,3,3
2014,c,C,6,True,-7,1,0,1,0,0,0,3,3
2014,c,C,6,True,-6,3,0,3,0,9,2,9,9
2014,c,C,6,True,-4,1,0,1,0,0,2,3,3
2014,c,C,6,True,-3,3,0,3,0,2,4,9,9
2014,c,C,6,True,-2,10,1,8,1,18,19,32,33
2014,c,C,6,True,-1,6,3,3,0,13,5,19,21
2014,c,C,6,True,0,10,8,2,0,17,10,38,41
2014,c,C,6,True,1,11,9,2,0,17,15,26,34
2014,c,C,6,True,2,5,3,2,0,6,8,13,16
2014,c,C,6,True,3,4,3,1,0,5,5,9,12
2014,c,C,6,True,4,4,4,0,0,1,4,8,12
2014,c,C,6,True,5,6,6,0,0,5,7,12,18
2014,c,C,6,True,6,3,3,0,0,4,3,6,9
2014,c,C,6,True,8,1,1,0,0,0,1,2,3
2014,c,C,7,False,-8,2,0,2,0,0,1,4,2
2014,c,C,7,False,-7,4,0,4,0,3,5,8,4
2014,c,C,7,False,-6,2,0,2,0,0,0,4,2
2014,c,C,7,False,-5,1,0,1,0,4,0,2,1
2014,c,C,7,False,-4,8,0,8,0,7,4,16,8
2014,c,C,7,False,-3,9,0,9,0,8,9,18,9
2014,c,C,7,False,-2,3,0,3,0,1,0,6,3
2014,c,C,7,False,-1,9,3,6,0,11,3,21,15
2014,c,C,7,False,0,6,1,4,1,1,9,18,16
2014,c,C,7,False,1,7,7,0,0,14,5,16,16
2014,c,C,7,False,2,4,4,0,0,10,2,8,8
2014,c,C,7,False,3,3,3,0,0,2,0,6,6
2014,c,C,7,False,4,5,5,0,0,8,2,10,10
2014,c,C,7,False,6,4,4,0,0,3,3,8,8
2014,c,C,7,False,7,1,1,0,0,0,0,2,2
2014,c,C,7,False,8,3,3,0,0,6,2,6,6
2014,c,C,7,False,9,1,1,0,0,0,2,2,2
2014,c,C,7,True,-12,1,0,1,0,4,3,2,2
2014,c,C,7,True,-9,1,0,1,0,5,0,2,2
2014,c,C,7,True,-8,2,0,2,0,6,0,4,4
2014,c,C,7,True,-7,1,0,1,0,0,0,2,2
2014,c,C,7,True,-6,4,0,4,0,5,1,8,8
2014,c,C,7,True,-3,4,0,4,0,2,6,8,8
2014,c,C,7,True,-2,5,1,4,0,7,4,9,10
2014,c,C,7,True,-1,5,1,4,0,5,4,9,10
2014,c,C,7,True,0,11,7,3,1,16,11,34,36
2014,c,C,7,True,1,11,7,4,0,6,20,22,27
2014,c,C,7,True,2,6,5,1,0,6,7,7,12
2014,c,C,7,True,3,4,4,0,0,8,0,4,8
2014,c,C,7,True,4,5,5,0,0,1,3,5,10
2014,c,C,7,True,5,5,5,0,0,1,4,5,10
2014,c,C,7,True,6,2,2,0,0,0,0,2,4
2014,c,C,7,True,7,3,3,0,0,2,5,3,6
2014,c,C,7,True,8,1,1,0,0,0,1,1,2
2014,d,C,6,False,-8,2,0,2,0,1,7,6,4
2014,d,C,6,False,-7,2,0,2,0,4,3,6,4
2014,d,C,6,False,-6,4,0,4,0,4,5,12,8
2014,d,C,6,False,-5,2,0,2,0,3,0,6,4
2014,d,C,6,False,-4,4,0,4,0,6,1,12,8
2014,d,C,6,False,-3,4,0,4,0,4,3,12,8
2014,d,C,6,False,-2,5,2,3,0,15,5,18,16
2014,d,C,6,False,-1,14,5,8,1,25,19,46,39
2014,d,C,6,False,0,11,5,5,1,14,12,42,38
2014,d,C,6,False,1,7,5,2,0,5,6,21,19
2014,d,C,6,False,2,6,5,1,0,11,7,20,20
2014,d,C,6,False,3,4,3,1,0,8,8,13,13
2014,d,C,6,False,4,4,4,0,0,4,2,12,12
2014,d,C,6,False,7,1,1,0,0,1,0,3,3
2014,d,C,6,False,9,1,1,0,0,0,5,3,3
2014,d,C,6,True,-6,1,0,1,0,1,2,3,3
2014,d,C,6,True,-5,4,0,4,0,6,4,12,12
2014,d,C,6,True,-4,4,0,4,0,3,3,12,12
2014,d,C,6,True,-3,3,0,3,0,7,8,12,12
2014,d,C,6,True,-2,12,0,11,1,11,33,41,41
2014,d,C,6,True,-1,6,0,6,0,2,10,18,18
2014,d,C,6,True,0,9,4,4,1,8,11,30,32
2014,d,C,6,True,1,9,7,2,0,20,10,26,32
2014,d,C,6,True,2,9,9,0,0,15,5,18,27
2014,d,C,6,True,3,5,5,0,0,6,6,10,15
2014,d,C,6,True,4,1,1,0,0,2,0,2,3
2014,d,C,6,True,5,3,3,0,0,3,2,6,9
2014,d,C,6,True,6,3,3,0,0,0,5,6,9
2014,d,C,6,True,7,1,1,0,0,0,0,2,3
2014,d,C,6,True,8,1,1,0,0,0,1,2,3
2014,d,C,6,True,10,1,1,0,0,0,0,2,3
2014,d,C,7,False,-14,1,0,1,0,0,1,2,1
2014,d,C,7,False,-8,1,0,1,0,1,0,2,1
2014,d,C,7,False,-7,3,0,3,0,1,4,6,3
2014,d,C,7,False,-6,2,0,2,0,0,0,4,2
2014,d,C,7,False,-5,4,0,4,0,5,0,8,4
2014,d,C,7,False,-4,2,0,2,0,1,0,4,2
2014,d,C,7,False,-3,5,0,5,0,4,0,10,5
2014,d,C,7,False,-2,6,0,6,0,3,6,12,7
2014,d,C,7,False,-1,13,2,10,1,12,14,32,24
2014,d,C,7,False,0,10,6,3,1,14,8,33,31
2014,d,C,7,False,1,4,4,0,0,2,0,8,8
2014,d,C,7,False,2,9,8,1,0,14,5,18,18
2014,d,C,7,False,3,5,5,0,0,8,1,10,10
2014,d,C,7,False,4,4,4,0,0,1,0,8,8
2014,d,C,7,False,7,1,1,0,0,1,0,2,2
2014,d,C,7,False,9,1,1,0,0,0,5,2,2
2014,d,C,7,True,-12,1,0,1,0,0,2,2,2
2014,d,C,7,True,-7,1,0,1,0,0,0,2,2
2014,d,C,7,True,-6,2,0,2,0,1,2,4,4
2014,d,C,7,True,-5,1,0,1,0,2,0,2,2
2014,d,C,7,True,-4,4,0,4,0,2,1,8,8
2014,d,C,7,True,-3,2,0,2,0,0,4,4,4
2014,d,C,7,True,-2,6,0,6,0,0,6,12,12
2014,d,C,7,True,-1,15,2,12,1,13,25,36,36
2014,d,C,7,True,0,7,2,4,1,3,9,22,23
2014,d,C,7,True,1,7,5,2,0,5,6,12,17
2014,d,C,7,True,2,7,7,0,0,3,3,7,14
2014,d,C,7,True,3,6,6,0,0,11,4,6,12
2014,d,C,7,True,4,3,3,0,0,3,1,3,6
2014,d,C,7,True,5,2,2,0,0,1,3,2,4
2014,d,C,7,True,6,5,5,0,0,0,1,5,10
2014,d,C,7,True,7,1,1,0,0,0,0,1,2
2014,d,C,7,True,8,1,1,0,0,0,1,1,2
2014,d,C,7,True,10,1,1,0,0,0,0,1,2
2014,db,C,6,False,-8,1,0,1,0,0,0,3,2
2014,db,C,6,False,-7,1,0,1,0,0,1,3,2
2014,db,C,6,False,-5,4,0,4,0,4,7,12,8
2014,db,C,6,False,-4,6,1,5,0,9,1,18,13
2014,db,C,6,False,-3,4,0,4,0,5,6,12,8
2014,db,C,6,False,-2,6,1,5,0,4,8,18,13
2014,db,C,6,False,-1,7,0,7,0,3,6,24,19
2014,db,C,6,False,0,11,4,7,0,12,14,36,33
2014,db,C,6,False,1,11,8,3,0,8,9,33,31
2014,db,C,6,False,2,7,5,1,1,18,12,24,23
2014,db,C,6,False,3,3,3,0,0,5,5,12,12
2014,db,C,6,False,4,3,3,0,0,6,1,9,9
2014,db,C,6,False,5,2,2,0,0,2,6,6,6
2014,db,C,6,False,6,4,4,0,0,4,9,12,12
2014,db,C,6,False,7,2,2,0,0,5,2,6,6
2014,db,C,6,True,-9,1,0,1,0,1,1,3,3
2014,db,C,6,True,-7,3,0,3,0,1,8,9,9
2014,db,C,6,True,-5,1,0,1,0,0,3,3,3
2014,db,C,6,True,-4,8,0,8,0,5,13,24,24
2014,db,C,6,True,-3,5,0,5,0,5,15,15,15
2014,db,C,6,True,-2,6,1,5,0,5,3,19,19
2014,db,C,6,True,-1,9,2,7,0,16,14,26,28
2014,db,C,6,True,0,7,4,3,0,6,8,20,23
2014,db,C,6,True,1,11,7,3,1,15,17,34,39
2014,db,C,6,True,2,6,6,0,0,4,4,16,20
2014,db,C,6,True,3,3,3,0,0,5,9,10,11
2014,db,C,6,True,4,5,5,0,0,3,5,10,15
2014,db,C,6,True,5,5,4,1,0,8,21,15,18
2014,db,C,6,True,6,1,1,0,0,6,2,2,3
2014,db,C,6,True,7,1,1,0,0,1,3,2,3
2014,db,C,7,False,-8,2,0,2,0,0,0,4,2
2014,db,C,7,False,-7,2,0,2,0,3,1,4,2
2014,db,C,7,False,-6,2,0,2,0,1,0,4,2
2014,db,C,7,False,-4,6,0,6,0,3,1,12,6
2014,db,C,7,False,-3,5,0,5,0,0,5,10,5
2014,db,C,7,False,-2,6,1,5,0,7,4,12,7
2014,db,C,7,False,-1,6,0,6,0,1,4,14,9
2014,db,C,7,False,0,11,4,6,1,13,12,32,30
2014,db,C,7,False,1,13,10,3,0,10,10,26,25
2014,db,C,7,False,2,5,4,1,0,8,6,10,9
2014,db,C,7,False,3,3,3,0,0,7,2,6,6
2014,db,C,7,False,4,3,3,0,0,5,3,6,6
2014,db,C,7,False,5,2,2,0,0,1,0,4,4
2014,db,C,7,False,6,5,5,0,0,7,4,10,10
2014,db,C,7,False,8,1,1,0,0,0,5,2,2
2014,db,C,7,True,-10,1,0,1,0,1,1,2,2
2014,db,C,7,True,-9,1,0,1,0,1,1,2,2
2014,db,C,7,True,-8,1,0,1,0,0,0,2,2
2014,db,C,7,True,-7,1,0,1,0,0,3,2,2
2014,db,C,7,True,-6,2,0,2,0,0,2,4,4
2014,db,C,7,True,-5,1,0,1,0,5,6,2,2
2014,db,C,7,True,-4,7,0,7,0,3,10,14,14
2014,db,C,7,True,-3,5,0,5,0,0,9,10,10
2014,db,C,7,True,-2,7,0,7,0,4,6,14,14
2014,db,C,7,True,-1,4,1,3,0,2,2,9,9
2014,db,C,7,True,0,7,2,5,0,3,10,16,17
2014,db,C,7,True,1,12,9,2,1,16,14,25,31
2014,db,C,7,True,2,6,6,0,0,2,5,10,14
2014,db,C,7,True,3,4,4,0,0,3,5,6,9
2014,db,C,7,True,4,4,4,0,0,3,2,4,8
2014,db,C,7,True,5,5,4,1,0,3,23,10,13
2014,db,C,7,True,6,1,1,0,0,0,0,1,2
2014,db,C,7,True,7,1,1,0,0,5,2,1,2
2014,db,C,7,True,8,1,1,0,0,0,3,1,2
2014,db,C,7,True,9,1,1,0,0,1,1,1,2
2014,e,P,6,False,-10,1,0,1,0,2,1,3,2
2014,e,P,6,False,-9,2,0,2,0,3,2,6,4
2014,e,P,6,False,-7,1,0,1,0,3,0,3,2
2014,e,P,6,False,-6,2,0,2,0,4,0,6,4
2014,e,P,6,False,-5,1,0,1,0,2,0,3,2
2014,e,P,6,False,-4,6,0,6,0,3,7,18,12
2014,e,P,6,False,-3,6,2,4,0,10,8,18,14
2014,e,P,6,False,-2,10,2,8,0,13,14,30,22
2014,e,P,6,False,-1,7,0,7,0,1,6,22,16
2014,e,P,6,False,0,4,2,2,0,5,3,12,11
2014,e,P,6,False,1,7,5,2,0,7,7,22,22
2014,e,P,6,False,2,8,6,2,0,11,12,24,23
2014,e,P,6,False,3,8,8,0,0,12,4,24,24
2014,e,P,6,False,4,4,4,0,0,2,4,12,12
2014,e,P,6,False,5,1,1,0,0,0,0,3,3
2014,e,P,6,False,6,2,2,0,0,10,5,6,6
2014,e,P,6,False,7,2,2,0,0,3,1,6,6
2014,e,P,6,True,-8,2,0,2,0,1,3,6,6
2014,e,P,6,True,-6,2,0,2,0,2,1,6,6
2014,e,P,6,True,-5,1,0,1,0,1,3,3,3
2014,e,P,6,True,-4,2,0,2,0,1,1,6,6
2014,e,P,6,True,-3,10,1,9,0,6,20,30,30
2014,e,P,6,True,-2,8,0,8,0,10,16,24,24
2014,e,P,6,True,-1,10,3,7,0,10,8,36,36
2014,e,P,6,True,0,11,4,7,0,21,20,33,35
2014,e,P,6,True,1,10,8,2,0,18,15,25,31
2014,e,P,6,True,2,2,1,1,0,2,5,5,6
2014,e,P,6,True,3,3,2,1,0,0,8,7,9
2014,e,P,6,True,4,4,4,0,0,1,1,8,12
2014,e,P,6,True,5,4,4,0,0,1,6,8,12
2014,e,P,6,True,7,1,1,0,0,1,1,2,3
2014,e,P,6,True,10,2,2,0,0,2,3,4,6
2014,e,P,7,False,-11,2,0,2,0,2,0,4,2
2014,e,P,7,False,-8,1,0,1,0,0,0,2,1
2014,e,P,7,False,-7,2,0,2,0,3,0,4,2
2014,e,P,7,False,-6,3,0,3,0,0,1,6,3
2014,e,P,7,False,-5,3,0,3,0,4,0,6,3
2014,e,P,7,False,-4,6,0,6,0,3,2,12,6
2014,e,P,7,False,-3,6,2,4,0,9,0,12,8
2014,e,P,7,False,-2,8,1,7,0,6,3,16,9
2014,e,P,7,False,-1,6,0,6,0,1,4,13,8
2014,e,P,7,False,0,2,1,1,0,1,1,4,4
2014,e,P,7,False,1,7,5,2,0,1,4,15,15
2014,e,P,7,False,2,6,6,0,0,4,3,12,12
2014,e,P,7,False,3,7,7,0,0,7,2,14,14
2014,e,P,7,False,4,5,5,0,0,4,1,10,10
2014,e,P,7,False,5,3,2,1,0,3,7,6,6
2014,e,P,7,False,6,3,3,0,0,0,2,6,6
2014,e,P,7,False,7,1,1,0,0,3,0,2,2
2014,e,P,7,False,8,1,1,0,0,2,0,2,2
2014,e,P,7,True,-8,1,0,1,0,0,0,2,2
2014,e,P,7,True,-7,2,0,2,0,2,3,4,4
2014,e,P,7,True,-6,1,0,1,0,0,0,2,2
2014,e,P,7,True,-5,1,0,1,0,0,2,2,2
2014,e,P,7,True,-4,7,0,7,0,2,12,14,14
2014,e,P,7,True,-3,8,1,7,0,8,11,16,16
2014,e,P,7,True,-2,8,0,8,0,5,8,16,16
2014,e,P,7,True,-1,8,3,5,0,9,3,22,22
2014,e,P,7,True,0,15,5,10,0,17,23,30,33
2014,e,P,7,True,1,5,5,0,0,5,3,7,10
2014,e,P,7,True,3,3,3,0,0,3,2,3,6
2014,e,P,7,True,4,6,6,0,0,1,1,6,12
2014,e,P,7,True,5,2,2,0,0,0,5,2,4
2014,e,P,7,True,6,1,1,0,0,0,0,1,2
2014,e,P,7,True,7,2,2,0,0,1,3,2,4
2014,e,P,7,True,10,1,1,0,0,0,3,1,2
2014,e,P,7,True,11,1,1,0,0,1,0,1,2
2014,f,P,6,False,-10,2,0,2,0,3,2,6,4
2014,f,P,6,False,-7,1,0,1,0,0,0,3,2
2014,f,P,6,False,-6,1,0,1,0,0,0,3,2
2014,f,P,6,False,-5,3,0,3,0,2,0,9,6
2014,f,P,6,False,-4,2,0,2,0,1,6,6,4
2014,f,P,6,False,-3,6,0,6,0,7,14,19,14
2014,f,P,6,False,-2,9,2,7,0,18,6,30,23
2014,f,P,6,False,-1,10,1,7,2,16,10,36,31
2014,f,P,6,False,0,10,3,6,1,6,13,40,37
2014,f,P,6,False,1,7,4,3,0,11,9,21,21
2014,f,P,6,False,2,10,10,0,0,16,7,30,30
2014,f,P,6,False,3,4,4,0,0,8,3,12,12
2014,f,P,6,False,4,2,2,0,0,5,3,6,6
2014,f,P,6,False,5,2,2,0,0,5,3,6,6
2014,f,P,6,False,7,1,1,0,0,1,1,3,3
2014,f,P,6,False,9,1,1,0,0,3,5,3,3
2014,f,P,6,True,-7,1,0,1,0,1,4,3,3
2014,f,P,6,True,-5,1,0,1,0,1,4,3,3
2014,f,P,6,True,-4,5,0,5,0,1,7,15,15
2014,f,P,6,True,-3,1,0,1,0,0,2,3,3
2014,f,P,6,True,-2,6,3,3,0,15,4,17,19
2014,f,P,6,True,-1,12,5,7,0,17,14,38,40
2014,f,P,6,True,0,9,2,7,0,4,19,28,29
2014,f,P,6,True,1,7,5,2,0,7,8,16,21
2014,f,P,6,True,2,12,10,2,0,15,19,29,39
2014,f,P,6,True,3,5,5,0,0,0,2,10,15
2014,f,P,6,True,4,3,3,0,0,5,1,6,9
2014,f,P,6,True,5,3,3,0,0,2,2,6,9
2014,f,P,6,True,6,2,2,0,0,0,6,4,6
2014,f,P,6,True,7,4,4,0,0,2,5,8,12
2014,f,P,6,True,9,1,1,0,0,1,0,2,3
2014,f,P,7,False,-11,1,0,1,0,0,1,2,1
2014,f,P,7,False,-10,1,0,1,0,3,0,2,1
2014,f,P,7,False,-7,1,0,1,0,0,0,2,1
2014,f,P,7,False,-6,2,0,2,0,0,0,4,2
2014,f,P,7,False,-5,4,0,4,0,3,3,8,4
2014,f,P,7,False,-4,2,0,2,0,0,0,4,2
2014,f,P,7,False,-3,4,0,4,0,4,8,9,6
2014,f,P,7,False,-2,6,1,5,0,6,3,15,10
2014,f,P,7,False,-1,10,0,8,2,7,7,26,19
2014,f,P,7,False,0,11,3,7,1,6,14,32,29
2014,f,P,7,False,1,7,4,3,0,8,8,14,14
2014,f,P,7,False,2,7,7,0,0,8,3,14,14
2014,f,P,7,False,3,6,6,0,0,5,3,12,12
2014,f,P,7,False,4,4,4,0,0,5,0,8,8
2014,f,P,7,False,5,1,1,0,0,4,3,2,2
2014,f,P,7,False,6,1,1,0,0,0,0,2,2
2014,f,P,7,False,7,2,2,0,0,0,0,4,4
2014,f,P,7,False,9,1,1,0,0,0,2,2,2
2014,f,P,7,True,-7,1,0,1,0,1,4,2,2
2014,f,P,7,True,-6,1,0,1,0,2,0,2,2
2014,f,P,7,True,-5,2,0,2,0,1,4,4,4
2014,f,P,7,True,-4,3,0,3,0,0,6,6,6
2014,f,P,7,True,-3,3,0,3,0,0,9,6,6
2014,f,P,7,True,-2,4,0,4,0,3,4,8,8
2014,f,P,7,True,-1,7,0,7,0,0,6,14,14
2014,f,P,7,True,0,11,5,6,0,10,11,29,29
2014,f,P,7,True,1,6,6,0,0,1,1,6,12
2014,f,P,7,True,2,11,9,2,0,8,16,16,25
2014,f,P,7,True,3,9,9,0,0,0,2,9,18
2014,f,P,7,True,4,5,5,0,0,2,1,5,10
2014,f,P,7,True,5,1,1,0,0,0,0,1,2
2014,f,P,7,True,6,3,3,0,0,0,3,3,6
2014,f,P,7,True,7,3,3,0,0,1,3,3,6
2014,f,P,7,True,8,1,1,0,0,0,0,1,2
2014,f,P,7,True,10,1,1,0,0,0,0,1,2
2014,g,C,6,False,-10,1,0,1,0,0,0,3,2
2014,g,C,6,False,-6,1,0,1,0,1,0,3,2
2014,g,C,6,False,-5,6,1,5,0,21,16,21,17
2014,g,C,6,False,-4,3,0,3,0,5,3,9,6
2014,g,C,6,False,-3,7,0,7,0,8,8,22,16
2014,g,C,6,False,-2,8,3,5,0,16,4,25,20
2014,g,C,6,False,-1,8,3,5,0,12,13,31,28
2014,g,C,6,False,0,13,9,4,0,24,20,48,46
2014,g,C,6,False,1,7,5,2,0,4,11,23,21
2014,g,C,6,False,2,7,6,1,0,25,13,22,21
2014,g,C,6,False,3,2,2,0,0,4,1,6,6
2014,g,C,6,False,4,3,3,0,0,5,1,9,9
2014,g,C,6,False,5,2,2,0,0,7,1,6,6
2014,g,C,6,False,6,3,3,0,0,0,3,9,9
2014,g,C,6,False,9,1,1,0,0,0,0,3,3
2014,g,C,6,True,-10,1,0,1,0,3,0,3,3
2014,g,C,6,True,-7,2,0,2,0,3,4,6,6
2014,g,C,6,True,-5,2,0,2,0,0,9,6,6
2014,g,C,6,True,-4,4,0,4,0,5,12,12,12
2014,g,C,6,True,-3,4,2,2,0,12,6,16,16
2014,g,C,6,True,-2,2,0,2,0,1,0,6,6
2014,g,C,6,True,-1,7,1,6,0,5,12,21,21
2014,g,C,6,True,0,9,4,4,1,8,8,31,33
2014,g,C,6,True,1,8,8,0,0,11,6,22,27
2014,g,C,6,True,2,13,9,4,0,19,23,35,44
2014,g,C,6,True,3,5,5,0,0,1,3,10,15
2014,g,C,6,True,4,8,8,0,0,5,9,16,24
2014,g,C,6,True,5,3,3,0,0,3,4,6,9
2014,g,C,6,True,6,2,2,0,0,6,4,4,6
2014,g,C,6,True,7,1,1,0,0,1,0,2,3
2014,g,C,6,True,8,1,1,0,0,0,0,2,3
2014,g,C,7,False,-10,1,0,1,0,0,0,2,1
2014,g,C,7,False,-9,1,0,1,0,1,1,2,1
2014,g,C,7,False,-8,1,0,1,0,0,0,2,1
2014,g,C,7,False,-7,1,0,1,0,0,2,2,1
2014,g,C,7,False,-6,2,0,2,0,3,0,4,2
2014,g,C,7,False,-5,4,1,3,0,22,3,11,9
2014,g,C,7,False,-4,3,0,3,0,0,3,6,3
2014,g,C,7,False,-3,6,0,6,0,4,9,12,6
2014,g,C,7,False,-2,7,2,5,0,10,1,15,10
2014,g,C,7,False,-1,11,4,7,0,17,12,32,28
2014,g,C,7,False,0,12,9,3,0,17,12,32,31
2014,g,C,7,False,1,5,5,0,0,5,1,11,11
2014,g,C,7,False,2,4,3,1,0,4,8,9,8
2014,g,C,7,False,3,3,3,0,0,3,0,6,6
2014,g,C,7,False,4,5,5,0,0,9,1,10,10
2014,g,C,7,False,6,3,3,0,0,1,2,6,6
2014,g,C,7,False,8,1,1,0,0,0,0,2,2
2014,g,C,7,False,9,1,1,0,0,0,0,2,2
2014,g,C,7,False,12,1,1,0,0,2,0,2,2
2014,g,C,7,True,-9,1,0,1,0,2,0,2,2
2014,g,C,7,True,-7,2,0,2,0,2,6,4,4
2014,g,C,7,True,-6,2,0,2,0,2,5,4,4
2014,g,C,7,True,-5,2,0,2,0,2,7,4,4
2014,g,C,7,True,-4,2,0,2,0,0,1,4,4
2014,g,C,7,True,-3,3,1,2,0,4,3,9,9
2014,g,C,7,True,-2,3,0,3,0,1,1,6,6
2014,g,C,7,True,-1,7,1,6,0,2,6,14,14
2014,g,C,7,True,0,10,5,4,1,7,11,27,29
2014,g,C,7,True,1,9,8,1,0,11,10,16,21
2014,g,C,7,True,2,7,5,2,0,6,9,12,17
2014,g,C,7,True,3,9,9,0,0,3,6,9,18
2014,g,C,7,True,4,5,5,0,0,1,0,5,10
2014,g,C,7,True,5,4,4,0,0,1,7,4,8
2014,g,C,7,True,6,1,1,0,0,0,0,1,2
2014,g,C,7,True,7,2,2,0,0,2,1,2,4
2014,g,C,7,True,8,2,2,0,0,0,0,2,4
2014,g,C,7,True,10,1,1,0,0,0,1,1,2
2014,h,P,6,False,-11,1,0,1,0,0,2,3,2
2014,h,P,6,False,-6,2,0,2,0,6,1,6,4
2014,h,P,6,False,-5,4,0,4,0,8,6,12,8
2014,h,P,6,False,-4,6,0,6,0,1,4,18,12
2014,h,P,6,False,-3,2,0,2,0,0,0,6,4
2014,h,P,6,False,-2,11,1,10,0,16,15,40,32
2014,h,P,6,False,-1,6,1,5,0,8,8,18,13
2014,h,P,6,False,0,9,5,2,2,21,12,38,37
2014,h,P,6,False,1,11,7,3,1,7,10,43,43
2014,h,P,6,False,2,4,3,1,0,2,6,12,11
2014,h,P,6,False,3,5,5,0,0,13,2,15,15
2014,h,P,6,False,4,4,4,0,0,5,2,12,12
2014,h,P,6,False,5,2,2,0,0,1,0,6,6
2014,h,P,6,False,6,2,2,0,0,0,1,6,6
2014,h,P,6,False,8,2,2,0,0,4,3,6,6
2014,h,P,6,False,11,1,1,0,0,4,4,3,3
2014,h,P,6,True,-8,1,0,1,0,1,0,3,3
2014,h,P,6,True,-7,1,0,1,0,1,0,3,3
2014,h,P,6,True,-4,1,0,1,0,3,0,3,3
2014,h,P,6,True,-3,5,0,5,0,8,10,15,15
2014,h,P,6,True,-2,10,2,8,0,13,9,29,30
2014,h,P,6,True,-1,5,3,2,0,6,0,16,16
2014,h,P,6,True,0,5,3,2,0,4,5,13,15
2014,h,P,6,True,1,16,11,2,3,13,11,48,58
2014,h,P,6,True,2,11,10,1,0,9,7,23,33
2014,h,P,6,True,3,7,6,1,0,13,12,17,22
2014,h,P,6,True,4,5,5,0,0,2,4,10,15
2014,h,P,6,True,5,2,2,0,0,4,1,4,6
2014,h,P,6,True,6,2,2,0,0,0,4,4,6
2014,h,P,6,True,7,1,1,0,0,4,0,2,3
2014,h,P,7,False,-11,1,0,1,0,0,2,2,1
2014,h,P,7,False,-7,1,0,1,0,2,0,2,1
2014,h,P,7,False,-6,1,0,1,0,0,0,2,1
2014,h,P,7,False,-5,4,0,4,0,7,6,8,4
2014,h,P,7,False,-4,7,0,7,0,2,3,14,7
2014,h,P,7,False,-3,5,0,5,0,2,0,10,5
2014,h,P,7,False,-2,10,1,9,0,14,11,27,20
2014,h,P,7,False,-1,4,1,3,0,3,3,8,5
2014,h,P,7,False,0,7,2,4,1,4,5,26,25
2014,h,P,7,False,1,9,7,1,1,2,3,24,24
2014,h,P,7,False,2,6,5,0,1,3,3,15,15
2014,h,P,7,False,3,4,4,0,0,15,1,8,8
2014,h,P,7,False,4,5,5,0,0,4,2,10,10
2014,h,P,7,False,5,4,4,0,0,4,1,8,8
2014,h,P,7,False,6,2,2,0,0,4,0,4,4
2014,h,P,7,False,8,1,1,0,0,0,1,2,2
2014,h,P,7,False,12,1,1,0,0,3,4,2,2
2014,h,P,7,True,-8,1,0,1,0,1,0,2,2
2014,h,P,7,True,-6,1,0,1,0,0,0,2,2
2014,h,P,7,True,-4,1,0,1,0,3,0,2,2
2014,h,P,7,True,-3,5,0,5,0,4,4,10,10
2014,h,P,7,True,-2,10,2,8,0,10,9,19,20
2014,h,P,7,True,-1,7,3,4,0,6,0,15,15
2014,h,P,7,True,0,8,4,2,2,4,3,21,23
2014,h,P,7,True,1,11,9,1,1,1,6,16,25
2014,h,P,7,True,2,9,9,0,0,6,1,9,18
2014,h,P,7,True,3,6,5,1,0,6,8,9,13
2014,h,P,7,True,4,7,7,0,0,5,5,7,14
2014,h,P,7,True,5,2,2,0,0,2,0,2,4
2014,h,P,7,True,6,2,2,0,0,1,2,2,4
2014,h,P,7,True,8,1,1,0,0,0,0,1,2
2014,h,P,7,True,11,1,1,0,0,0,0,1,2
2014,l,P,6,False,-7,2,0,2,0,1,5,6,4
2014,l,P,6,False,-5,2,0,2,0,1,2,6,4
2014,l,P,6,False,-4,6,0,6,0,4,6,18,12
2014,l,P,6,False,-3,9,1,8,0,16,13,28,21
2014,l,P,6,False,-2,7,1,6,0,12,4,21,15
2014,l,P,6,False,-1,9,2,6,1,13,10,33,29
2014,l,P,6,False,0,7,3,4,0,11,5,21,17
2014,l,P,6,False,1,6,3,3,0,3,7,21,20
2014,l,P,6,False,2,13,11,2,0,14,16,39,37
2014,l,P,6,False,3,5,5,0,0,27,4,15,15
2014,l,P,6,False,4,1,1,0,0,1,0,3,3
2014,l,P,6,False,5,1,1,0,0,1,3,3,3
2014,l,P,6,False,6,1,1,0,0,1,2,3,3
2014,l,P,6,False,7,2,2,0,0,4,1,4,3
2014,l,P,6,False,8,1,1,0,0,3,1,3,3
2014,l,P,6,True,-15,1,0,1,0,1,0,3,3
2014,l,P,6,True,-8,1,0,1,0,2,4,3,3
2014,l,P,6,True,-6,1,0,1,0,0,1,3,3
2014,l,P,6,True,-5,3,0,3,0,1,4,9,9
2014,l,P,6,True,-4,6,0,6,0,6,7,18,18
2014,l,P,6,True,-3,3,0,3,0,1,7,9,9
2014,l,P,6,True,-2,5,0,5,0,3,8,15,15
2014,l,P,6,True,-1,12,3,9,0,12,11,43,43
2014,l,P,6,True,0,7,2,3,2,6,7,29,30
2014,l,P,6,True,1,13,9,3,1,19,26,38,45
2014,l,P,6,True,2,9,7,2,0,6,15,20,27
2014,l,P,6,True,3,5,4,1,0,10,7,11,15
2014,l,P,6,True,4,1,1,0,0,0,1,2,3
2014,l,P,6,True,5,1,1,0,0,4,0,2,3
2014,l,P,6,True,6,1,1,0,0,0,0,2,3
2014,l,P,6,True,7,1,1,0,0,0,0,2,3
2014,l,P,6,True,9,1,1,0,0,1,6,2,3
2014,l,P,6,True,10,1,1,0,0,1,2,2,3
2014,l,P,7,False,-11,1,0,1,0,0,0,2,1
2014,l,P,7,False,-8,1,0,1,0,1,0,2,1
2014,l,P,7,False,-7,1,0,1,0,1,1,2,1
2014,l,P,7,False,-6,3,0,3,0,2,1,6,3
2014,l,P,7,False,-5,2,0,2,0,2,1,4,2
2014,l,P,7,False,-4,3,0,3,0,0,3,6,3
2014,l,P,7,False,-3,9,0,9,0,9,4,19,11
2014,l,P,7,False,-2,6,0,6,0,3,2,12,6
2014,l,P,7,False,-1,10,3,7,0,16,4,22,16
2014,l,P,7,False,0,9,4,4,1,10,6,22,20
2014,l,P,7,False,1,5,4,1,0,3,3,13,13
2014,l,P,7,False,2,8,7,1,0,6,7,16,15
2014,l,P,7,False,3,3,3,0,0,3,1,6,6
2014,l,P,7,False,4,1,1,0,0,1,0,2,2
2014,l,P,7,False,5,4,4,0,0,9,3,8,8
2014,l,P,7,False,6,1,1,0,0,9,4,2,2
2014,l,P,7,False,7,4,4,0,0,7,3,8,8
2014,l,P,7,True,-14,1,0,1,0,0,0,2,2
2014,l,P,7,True,-7,1,0,1,0,0,0,2,2
2014,l,P,7,True,-6,1,0,1,0,0,4,2,2
2014,l,P,7,True,-5,3,0,3,0,1,3,6,6
2014,l,P,7,True,-4,7,0,7,0,2,9,14,14
2014,l,P,7,True,-3,4,0,4,0,3,7,8,8
2014,l,P,7,True,-2,5,0,5,0,0,7,10,10
2014,l,P,7,True,-1,11,2,9,0,8,4,26,26
2014,l,P,7,True,0,10,4,4,2,11,16,31,32
2014,l,P,7,True,1,8,6,1,1,4,6,17,22
2014,l,P,7,True,2,9,8,1,0,7,4,10,18
2014,l,P,7,True,3,4,3,1,0,1,8,5,8
2014,l,P,7,True,4,2,2,0,0,2,2,2,4
2014,l,P,7,True,5,1,1,0,0,1,2,1,2
2014,l,P,7,True,6,1,1,0,0,0,0,1,2
2014,l,P,7,True,7,1,1,0,0,0,0,1,2
2014,l,P,7,True,8,1,1,0,0,0,0,1,2
2014,l,P,7,True,9,1,1,0,0,0,0,1,2
2014,l,P,7,True,11,1,1,0,0,0,2,1,2
2014,m,P,6,False,-12,1,0,1,0,3,2,3,2
2014,m,P,6,False,-9,1,0,1,0,0,1,3,2
2014,m,P,6,False,-8,1,0,1,0,1,0,3,2
2014,m,P,6,False,-7,2,0,2,0,5,1,6,4
2014,m,P,6,False,-6,1,0,1,0,2,0,3,2
2014,m,P,6,False,-5,5,0,5,0,2,8,15,10
2014,m,P,6,False,-4,6,0,6,0,6,4,18,12
2014,m,P,6,False,-3,10,1,9,0,11,12,30,21
2014,m,P,6,False,-2,3,0,3,0,0,5,9,6
2014,m,P,6,False,-1,12,2,10,0,9,14,36,26
2014,m,P,6,False,0,10,7,3,0,14,7,35,34
2014,m,P,6,False,1,6,5,1,0,10,8,18,17
2014,m,P,6,False,2,4,4,0,0,9,8,12,12
2014,m,P,6,False,3,5,5,0,0,12,5,15,15
2014,m,P,6,False,4,1,1,0,0,0,0,3,3
2014,m,P,6,False,5,3,3,0,0,7,2,9,9
2014,m,P,6,False,9,1,1,0,0,0,2,3,3
2014,m,P,6,True,-7,2,0,2,0,1,1,3,4
2014,m,P,6,True,-6,3,0,3,0,5,10,9,9
2014,m,P,6,True,-5,1,0,1,0,3,4,3,3
2014,m,P,6,True,-4,2,0,2,0,1,2,6,6
2014,m,P,6,True,-3,5,0,5,0,4,18,15,15
2014,m,P,6,True,-2,11,1,10,0,15,14,35,35
2014,m,P,6,True,-1,4,1,2,1,6,2,16,16
2014,m,P,6,True,0,11,6,4,1,19,16,36,40
2014,m,P,6,True,1,10,8,2,0,10,12,27,33
2014,m,P,6,True,2,7,6,1,0,5,12,22,26
2014,m,P,6,True,3,7,6,1,0,13,11,15,21
2014,m,P,6,True,4,5,5,0,0,9,6,10,15
2014,m,P,6,True,5,2,2,0,0,2,3,4,6
2014,m,P,6,True,7,1,1,0,0,0,0,2,3
2014,m,P,6,True,11,1,1,0,0,2,0,2,3
2014,m,P,7,False,-13,1,0,1,0,2,0,2,1
2014,m,P,7,False,-10,1,0,1,0,0,0,2,1
2014,m,P,7,False,-9,1,0,1,0,0,0,2,1
2014,m,P,7,False,-8,2,0,2,0,4,0,4,2
2014,m,P,7,False,-7,1,0,1,0,1,1,2,1
2014,m,P,7,False,-6,5,0,5,0,4,3,10,5
2014,m,P,7,False,-5,2,0,2,0,1,2,4,2
2014,m,P,7,False,-4,6,0,6,0,4,2,12,6
2014,m,P,7,False,-3,8,0,8,0,3,5,16,8
2014,m,P,7,False,-2,4,1,3,0,4,1,8,5
2014,m,P,7,False,-1,7,0,7,0,0,1,14,7
2014,m,P,7,False,0,11,5,6,0,11,15,27,23
2014,m,P,7,False,1,9,9,0,0,10,3,18,18
2014,m,P,7,False,2,5,5,0,0,9,3,10,10
2014,m,P,7,False,3,1,1,0,0,3,4,2,2
2014,m,P,7,False,4,3,3,0,0,3,0,6,6
2014,m,P,7,False,5,4,4,0,0,5,4,8,8
2014,m,P,7,False,8,1,1,0,0,0,1,2,2
2014,m,P,7,True,-8,1,0,1,0,0,2,2,2
2014,m,P,7,True,-7,1,0,1,0,0,0,2,2
2014,m,P,7,True,-6,2,0,2,0,4,9,4,4
2014,m,P,7,True,-5,4,1,3,0,10,8,8,8
2014,m,P,7,True,-4,3,0,3,0,1,2,6,6
2014,m,P,7,True,-3,3,0,3,0,0,3,6,6
2014,m,P,7,True,-2,9,0,8,1,5,7,21,21
2014,m,P,7,True,-1,6,2,3,1,7,3,16,16
2014,m,P,7,True,0,8,3,5,0,11,14,20,22
2014,m,P,7,True,1,10,9,1,0,12,8,16,23
2014,m,P,7,True,2,9,7,2,0,5,15,18,23
2014,m,P,7,True,3,3,3,0,0,4,2,3,6
2014,m,P,7,True,4,3,3,0,0,0,1,3,6
2014,m,P,7,True,5,3,3,0,0,2,3,3,6
2014,m,P,7,True,6,3,3,0,0,1,2,3,6
2014,m,P,7,True,7,1,1,0,0,0,0,1,2
2014,m,P,7,True,8,1,1,0,0,0,3,1,2
2014,m,P,7,True,11,1,1,0,0,2,0,1,2
2014,s,C,6,False,-10,1,0,1,0,5,0,3,2
2014,s,C,6,False,-9,1,0,1,0,6,1,3,2
2014,s,C,6,False,-6,4,0,4,0,2,0,12,8
2014,s,C,6,False,-5,4,0,4,0,7,0,12,8
2014,s,C,6,False,-4,4,0,4,0,6,2,12,8
2014,s,C,6,False,-3,3,0,3,0,1,5,9,6
2014,s,C,6,False,-2,9,1,8,0,6,8,29,21
2014,s,C,6,False,-1,13,3,9,1,17,16,42,34
2014,s,C,6,False,0,4,0,4,0,3,7,17,15
2014,s,C,6,False,1,7,5,2,0,8,15,22,21
2014,s,C,6,False,2,9,7,1,1,14,8,31,31
2014,s,C,6,False,3,4,3,1,0,1,6,15,15
2014,s,C,6,False,4,3,3,0,0,5,5,9,9
2014,s,C,6,False,5,3,3,0,0,9,2,9,9
2014,s,C,6,False,7,1,1,0,0,2,2,3,3
2014,s,C,6,False,8,1,1,0,0,0,1,3,3
2014,s,C,6,False,9,1,1,0,0,1,1,3,3
2014,s,C,6,True,-9,3,0,3,0,7,3,9,9
2014,s,C,6,True,-7,3,0,3,0,4,9,9,9
2014,s,C,6,True,-6,3,0,3,0,3,1,9,9
2014,s,C,6,True,-5,2,0,2,0,3,5,6,6
2014,s,C,6,True,-4,1,0,1,0,0,5,3,3
2014,s,C,6,True,-3,5,0,5,0,1,10,15,15
2014,s,C,6,True,-2,5,1,4,0,12,12,15,16
2014,s,C,6,True,-1,7,3,4,0,12,5,18,21
2014,s,C,6,True,0,8,3,5,0,11,20,25,27
2014,s,C,6,True,1,9,4,4,1,15,17,30,34
2014,s,C,6,True,2,8,5,3,0,4,18,20,25
2014,s,C,6,True,3,4,4,0,0,7,2,8,12
2014,s,C,6,True,4,5,4,1,0,10,19,11,15
2014,s,C,6,True,6,3,3,0,0,6,2,6,9
2014,s,C,6,True,7,2,2,0,0,3,4,4,6
2014,s,C,6,True,8,2,2,0,0,2,1,4,6
2014,s,C,6,True,12,1,1,0,0,2,3,2,3
2014,s,C,7,False,-8,1,0,1,0,3,0,2,1
2014,s,C,7,False,-6,4,0,4,0,0,0,8,4
2014,s,C,7,False,-5,6,0,6,0,10,1,12,6
2014,s,C,7,False,-4,5,0,5,0,3,3,10,5
2014,s,C,7,False,-3,3,0,3,0,0,5,6,3
2014,s,C,7,False,-2,11,1,10,0,9,3,24,14
2014,s,C,7,False,-1,8,2,6,0,10,6,19,15
2014,s,C,7,False,0,7,2,4,1,5,7,19,16
2014,s,C,7,False,1,7,4,2,1,3,10,19,19
2014,s,C,7,False,2,8,8,0,0,14,2,16,16
2014,s,C,7,False,3,5,4,1,0,0,6,13,13
2014,s,C,7,False,5,2,2,0,0,3,2,4,4
2014,s,C,7,False,6,1,1,0,0,3,2,2,2
2014,s,C,7,False,7,2,2,0,0,6,2,4,4
2014,s,C,7,False,8,1,1,0,0,0,1,2,2
2014,s,C,7,False,9,1,1,0,0,1,1,2,2
2014,s,C,7,True,-9,2,0,2,0,2,0,4,4
2014,s,C,7,True,-8,4,0,4,0,4,4,8,8
2014,s,C,7,True,-7,1,0,1,0,0,0,2,2
2014,s,C,7,True,-6,3,0,3,0,2,4,6,6
2014,s,C,7,True,-5,2,0,2,0,0,1,4,4
2014,s,C,7,True,-4,2,0,2,0,0,5,4,4
2014,s,C,7,True,-3,5,0,5,0,1,3,10,10
2014,s,C,7,True,-2,6,1,5,0,12,14,12,13
2014,s,C,7,True,-1,6,0,6,0,2,7,12,12
2014,s,C,7,True,0,5,4,1,0,14,7,8,11
2014,s,C,7,True,1,10,4,5,1,3,17,26,30
2014,s,C,7,True,2,6,5,1,0,2,7,7,12
2014,s,C,7,True,3,4,3,1,0,0,12,5,8
2014,s,C,7,True,4,3,3,0,0,3,3,3,6
2014,s,C,7,True,5,3,3,0,0,3,2,3,6
2014,s,C,7,True,6,3,3,0,0,0,2,3,6
2014,s,C,7,True,7,1,1,0,0,2,0,1,2
2014,s,C,7,True,8,2,2,0,0,1,0,2,4
2014,s,C,7,True,9,1,1,0,0,3,0,1,2
2014,s,C,7,True,10,1,1,0,0,0,1,1,2
2014,s,C,7,True,13,1,1,0,0,0,2,1,2
2014,t,C,6,False,-10,1,0,1,0,0,0,3,2
2014,t,C,6,False,-8,2,0,2,0,1,2,6,4
2014,t,C,6,False,-7,1,0,1,0,0,0,3,2
2014,t,C,6,False,-6,2,0,2,0,2,11,6,4
2014,t,C,6,False,-5,4,0,4,0,2,3,12,8
2014,t,C,6,False,-4,6,1,5,0,19,10,18,13
2014,t,C,6,False,-3,3,0,3,0,3,5,9,6
2014,t,C,6,False,-2,7,3,4,0,13,7,22,18
2014,t,C,6,False,-1,9,2,7,0,16,16,30,23
2014,t,C,6,False,0,12,6,6,0,22,16,36,33
2014,t,C,6,False,1,7,4,3,0,7,9,24,24
2014,t,C,6,False,2,6,6,0,0,6,8,18,18
2014,t,C,6,False,3,3,3,0,0,16,8,9,9
2014,t,C,6,False,4,4,4,0,0,11,5,12,12
2014,t,C,6,False,5,1,1,0,0,3,1,3,3
2014,t,C,6,False,6,1,1,0,0,1,0,3,3
2014,t,C,6,False,7,2,2,0,0,9,4,6,6
2014,t,C,6,False,8,1,1,0,0,0,0,3,3
2014,t,C,6,True,-7,1,0,1,0,0,1,3,3
2014,t,C,6,True,-6,4,0,4,0,5,8,12,12
2014,t,C,6,True,-5,1,0,1,0,0,1,3,3
2014,t,C,6,True,-4,2,0,2,0,2,0,6,6
2014,t,C,6,True,-3,5,0,5,0,3,11,15,15
2014,t,C,6,True,-2,5,0,5,0,1,17,15,15
2014,t,C,6,True,-1,4,1,3,0,2,6,12,12
2014,t,C,6,True,0,14,9,4,1,20,11,47,52
2014,t,C,6,True,1,9,8,1,0,7,7,25,31
2014,t,C,6,True,2,8,5,3,0,4,15,20,25
2014,t,C,6,True,3,3,3,0,0,2,4,6,9
2014,t,C,6,True,4,6,5,1,0,3,10,13,18
2014,t,C,6,True,5,4,4,0,0,4,9,8,12
2014,t,C,6,True,6,3,3,0,0,1,0,6,9
2014,t,C,6,True,7,1,1,0,0,0,1,2,3
2014,t,C,6,True,8,1,1,0,0,7,0,2,3
2014,t,C,6,True,10,1,1,0,0,0,5,2,3
2014,t,C,7,False,-10,3,0,3,0,2,0,6,3
2014,t,C,7,False,-9,1,0,1,0,0,3,2,1
2014,t,C,7,False,-8,2,0,2,0,3,0,4,2
2014,t,C,7,False,-7,2,0,2,0,1,0,4,2
2014,t,C,7,False,-6,2,0,2,0,0,0,4,2
2014,t,C,7,False,-5,3,0,3,0,1,1,6,3
2014,t,C,7,False,-4,3,0,3,0,3,0,6,3
2014,t,C,7,False,-3,2,1,1,0,11,1,4,3
2014,t,C,7,False,-2,9,2,7,0,11,11,19,12
2014,t,C,7,False,-1,7,3,4,0,14,7,17,13
2014,t,C,7,False,0,14,7,7,0,22,16,31,27
2014,t,C,7,False,1,8,5,3,0,8,8,16,16
2014,t,C,7,False,2,5,5,0,0,3,3,10,10
2014,t,C,7,False,3,2,2,0,0,2,0,4,4
2014,t,C,7,False,4,1,1,0,0,2,0,2,2
2014,t,C,7,False,5,2,2,0,0,10,7,4,4
2014,t,C,7,False,6,1,1,0,0,0,0,2,2
2014,t,C,7,False,7,2,2,0,0,0,0,4,4
2014,t,C,7,False,8,2,2,0,0,4,3,4,4
2014,t,C,7,False,10,1,1,0,0,1,1,2,2
2014,t,C,7,True,-8,1,0,1,0,2,6,2,2
2014,t,C,7,True,-7,1,0,1,0,0,1,2,2
2014,t,C,7,True,-6,2,0,2,0,1,0,4,4
2014,t,C,7,True,-5,3,0,3,0,2,7,6,6
2014,t,C,7,True,-4,2,0,2,0,0,0,4,4
2014,t,C,7,True,-3,4,0,4,0,2,1,8,8
2014,t,C,7,True,-2,6,0,6,0,0,16,12,12
2014,t,C,7,True,-1,5,1,4,0,3,7,10,10
2014,t,C,7,True,0,13,8,4,1,13,10,34,37
2014,t,C,7,True,1,8,7,1,0,4,5,13,19
2014,t,C,7,True,2,9,8,1,0,1,6,11,19
2014,t,C,7,True,3,3,2,1,0,4,5,4,6
2014,t,C,7,True,4,5,5,0,0,0,6,5,10
2014,t,C,7,True,5,2,2,0,0,0,5,2,4
2014,t,C,7,True,6,3,3,0,0,0,0,3,6
2014,t,C,7,True,7,3,3,0,0,2,1,3,6
2014,t,C,7,True,8,1,1,0,0,0,3,1,2
2014,t,C,7,True,14,1,1,0,0,1,0,1,2
2015,b,P,6,False,-10,1,0,1,0,1,0,3,2
2015,b,P,6,False,-7,1,0,1,0,0,0,3,2
2015,b,P,6,False,-6,1,0,1,0,2,3,3,2
2015,b,P,6,False,-5,4,0,4,0,7,1,12,8
2015,b,P,6,False,-4,5,0,5,0,8,11,15,10
2015,b,P,6,False,-3,6,0,6,0,12,8,18,12
2015,b,P,6,False,-2,6,1,5,0,8,4,18,13
2015,b,P,6,False,-1,9,0,9,0,3,4,27,18
2015,b,P,6,False,0,10,3,5,2,16,11,40,38
2015,b,P,6,False,1,10,6,4,0,10,11,32,29
2015,b,P,6,False,2,5,3,2,0,1,6,17,17
2015,b,P,6,False,3,4,3,1,0,6,9,12,12
2015,b,P,6,False,4,6,6,0,0,7,6,18,18
2015,b,P,6,False,5,1,1,0,0,2,0,3,3
2015,b,P,6,False,6,1,1,0,0,0,3,3,3
2015,b,P,6,False,7,1,1,0,0,1,0,3,3
2015,b,P,6,False,8,1,1,0,0,2,4,3,3
2015,b,P,6,True,-8,2,0,2,0,0,7,6,6
2015,b,P,6,True,-6,1,0,1,0,0,0,3,3
2015,b,P,6,True,-5,4,0,4,0,4,8,12,12
2015,b,P,6,True,-4,4,0,4,0,1,14,12,12
2015,b,P,6,True,-3,4,1,3,0,15,4,11,12
2015,b,P,6,True,-2,3,0,3,0,1,4,9,9
2015,b,P,6,True,-1,10,3,7,0,12,14,28,30
2015,b,P,6,True,0,6,2,4,0,3,11,19,19
2015,b,P,6,True,1,14,9,5,0,8,17,37,45
2015,b,P,6,True,2,5,2,3,0,2,10,13,15
2015,b,P,6,True,3,6,6,0,0,6,2,12,18
2015,b,P,6,True,4,4,4,0,0,1,2,8,12
2015,b,P,6,True,5,3,3,0,0,1,3,6,9
2015,b,P,6,True,7,3,3,0,0,0,3,6,9
2015,b,P,6,True,9,1,1,0,0,1,1,2,3
2015,b,P,6,True,12,1,1,0,0,2,0,2,3
2015,b,P,7,False,-10,1,0,1,0,1,0,2,1
2015,b,P,7,False,-9,1,0,1,0,2,0,2,1
2015,b,P,7,False,-7,2,0,2,0,3,0,4,2
2015,b,P,7,False,-6,1,0,1,0,1,0,2,1
2015,b,P,7,False,-5,1,0,1,0,0,0,2,1
2015,b,P,7,False,-4,5,0,5,0,3,4,10,5
2015,b,P,7,False,-3,6,0,6,0,6,4,12,6
2015,b,P,7,False,-2,7,0,7,0,5,4,14,7
2015,b,P,7,False,-1,11,1,10,0,4,3,23,13
2015,b,P,7,False,0,8,2,5,1,11,8,23,22
2015,b,P,7,False,1,8,5,3,0,8,8,18,16
2015,b,P,7,False,2,8,6,1,1,6,6,20,20
2015,b,P,7,False,3,3,2,1,0,2,8,6,6
2015,b,P,7,False,4,4,4,0,0,1,3,8,8
2015,b,P,7,False,5,2,2,0,0,1,3,4,4
2015,b,P,7,False,6,1,1,0,0,1,0,2,2
2015,b,P,7,False,7,2,2,0,0,4,3,4,4
2015,b,P,7,False,8,1,1,0,0,0,0,2,2
2015,b,P,7,True,-12,1,0,1,0,0,2,2,2
2015,b,P,7,True,-8,1,0,1,0,0,1,2,2
2015,b,P,7,True,-7,1,0,1,0,0,0,2,2
2015,b,P,7,True,-6,1,0,1,0,0,0,2,2
2015,b,P,7,True,-5,6,0,6,0,4,12,12,12
2015,b,P,7,True,-4,4,0,4,0,2,7,8,8
2015,b,P,7,True,-3,4,1,3,0,12,1,7,8
2015,b,P,7,True,-2,3,0,3,0,0,1,6,6
2015,b,P,7,True,-1,9,1,8,0,3,11,18,18
2015,b,P,7,True,0,7,3,4,0,4,7,17,17
2015,b,P,7,True,1,8,5,3,0,1,10,12,17
2015,b,P,7,True,2,5,4,1,0,1,3,6,10
2015,b,P,7,True,3,6,6,0,0,4,2,6,12
2015,b,P,7,True,4,6,6,0,0,2,3,6,12
2015,b,P,7,True,5,5,5,0,0,1,3,5,10
2015,b,P,7,True,7,2,2,0,0,0,1,2,4
2015,b,P,7,True,9,1,1,0,0,0,0,1,2
2015,b,P,7,True,12,1,1,0,0,2,0,1,2
2015,c,C,6,False,-6,2,0,2,0,1,1,6,4
2015,c,C,6,False,-5,3,0,3,0,6,2,9,6
2015,c,C,6,False,-4,4,0,4,0,2,4,12,8
2015,c,C,6,False,-3,4,0,4,0,3,5,12,8
2015,c,C,6,False,-2,7,1,6,0,4,1,21,15
2015,c,C,6,False,-1,14,3,11,0,11,14,45,35
2015,c,C,6,False,0,11,5,5,1,13,8,44,43
2015,c,C,6,False,1,8,5,3,0,9,14,24,21
2015,c,C,6,False,2,8,7,1,0,10,9,28,28
2015,c,C,6,False,3,2,2,0,0,9,0,6,6
2015,c,C,6,False,4,3,3,0,0,5,3,9,9
2015,c,C,6,False,5,2,2,0,0,2,1,6,6
2015,c,C,6,False,6,4,4,0,0,8,4,12,12
2015,c,C,6,True,-7,2,0,2,0,10,2,6,6
2015,c,C,6,True,-6,2,0,2,0,1,1,6,6
2015,c,C,6,True,-5,3,0,3,0,3,4,9,9
2015,c,C,6,True,-4,3,0,3,0,3,1,9,9
2015,c,C,6,True,-3,1,0,1,0,0,0,3,3
2015,c,C,6,True,-2,3,0,2,1,2,4,12,12
2015,c,C,6,True,-1,7,1,6,0,6,10,22,23
2015,c,C,6,True,0,10,3,6,1,10,15,32,35
2015,c,C,6,True,1,16,13,3,0,9,12,42,53
2015,c,C,6,True,2,12,8,4,0,14,25,30,38
2015,c,C,6,True,3,2,2,0,0,1,2,4,6
2015,c,C,6,True,4,5,5,0,0,3,2,10,15
2015,c,C,6,True,7,3,3,0,0,4,4,6,9
2015,c,C,6,True,8,1,1,0,0,0,0,2,3
2015,c,C,6,True,13,1,1,0,0,0,1,2,3
2015,c,C,7,False,-6,5,0,5,0,4,1,10,5
2015,c,C,7,False,-5,2,0,2,0,0,0,4,2
2015,c,C,7,False,-4,5,0,5,0,2,0,10,5
2015,c,C,7,False,-3,4,0,4,0,3,2,8,4
2015,c,C,7,False,-2,7,1,6,0,5,4,14,8
2015,c,C,7,False,-1,11,1,10,0,3,8,25,16
2015,c,C,7,False,0,12,6,5,1,15,8,35,34
2015,c,C,7,False,1,7,5,2,0,6,6,17,16
2015,c,C,7,False,2,5,5,0,0,6,3,11,11
2015,c,C,7,False,3,1,1,0,0,0,0,2,2
2015,c,C,7,False,4,5,5,0,0,4,3,10,10
2015,c,C,7,False,5,3,3,0,0,6,0,6,6
2015,c,C,7,False,6,4,4,0,0,6,4,8,8
2015,c,C,7,False,7,1,1,0,0,1,1,2,2
2015,c,C,7,True,-8,2,0,2,0,9,1,4,4
2015,c,C,7,True,-7,1,0,1,0,3,0,2,2
2015,c,C,7,True,-6,3,0,3,0,2,1,6,6
2015,c,C,7,True,-5,3,0,3,0,0,1,6,6
2015,c,C,7,True,-4,2,0,2,0,1,1,4,4
2015,c,C,7,True,-3,2,0,2,0,1,0,4,4
2015,c,C,7,True,-2,3,0,2,1,4,2,11,11
2015,c,C,7,True,-1,4,0,4,0,0,3,8,8
2015,c,C,7,True,0,10,4,6,0,8,10,21,23
2015,c,C,7,True,1,20,15,4,1,10,15,32,47
2015,c,C,7,True,2,6,5,1,0,7,8,7,12
2015,c,C,7,True,3,5,3,2,0,1,13,9,12
2015,c,C,7,True,4,5,5,0,0,4,1,5,10
2015,c,C,7,True,6,1,1,0,0,0,0,1,2
2015,c,C,7,True,7,1,1,0,0,0,0,1,2
2015,c,C,7,True,8,1,1,0,0,0,0,1,2
2015,c,C,7,True,9,1,1,0,0,0,1,1,2
2015,c,C,7,True,13,1,1,0,0,0,1,1,2
2015,d,C,6,False,-10,1,0,1,0,0,1,3,2
2015,d,C,6,False,-7,3,0,3,0,5,2,9,6
2015,d,C,6,False,-6,2,0,2,0,9,1,6,4
2015,d,C,6,False,-4,4,0,4,0,4,3,12,8
2015,d,C,6,False,-3,4,0,4,0,2,2,12,8
2015,d,C,6,False,-2,10,0,10,0,5,11,30,20
2015,d,C,6,False,-1,12,2,10,0,10,14,39,29
2015,d,C,6,False,0,14,6,8,0,20,22,49,45
2015,d,C,6,False,1,4,2,2,0,3,7,12,11
2015,d,C,6,False,2,8,6,1,1,10,16,27,27
2015,d,C,6,False,3,2,1,1,0,4,6,7,7
2015,d,C,6,False,4,4,4,0,0,6,1,12,12
2015,d,C,6,False,5,2,2,0,0,3,2,6,6
2015,d,C,6,False,6,1,1,0,0,0,0,3,3
2015,d,C,6,True,-7,1,0,1,0,1,0,3,3
2015,d,C,6,True,-6,1,0,1,0,1,2,3,3
2015,d,C,6,True,-4,3,0,3,0,2,1,9,9
2015,d,C,6,True,-3,2,0,2,0,0,2,6,6
2015,d,C,6,True,-2,5,1,4,0,6,2,18,18
2015,d,C,6,True,-1,9,2,7,0,11,10,25,27
2015,d,C,6,True,0,12,6,5,1,20,14,39,43
2015,d,C,6,True,1,17,10,6,1,20,29,50,57
2015,d,C,6,True,2,10,8,1,1,2,10,27,35
2015,d,C,6,True,3,7,6,1,0,6,16,15,21
2015,d,C,6,True,5,2,2,0,0,4,0,4,6
2015,d,C,6,True,6,2,2,0,0,1,2,4,6
2015,d,C,6,True,8,1,1,0,0,1,4,2,3
2015,d,C,7,False,-10,1,0,1,0,0,1,2,1
2015,d,C,7,False,-8,1,0,1,0,4,0,2,1
2015,d,C,7,False,-7,1,0,1,0,0,0,2,1
2015,d,C,7,False,-6,1,0,1,0,0,1,2,1
2015,d,C,7,False,-5,1,0,1,0,1,2,2,1
2015,d,C,7,False,-4,6,0,6,0,6,2,12,6
2015,d,C,7,False,-3,5,1,4,0,9,3,11,7
2015,d,C,7,False,-2,10,0,10,0,1,5,20,10
2015,d,C,7,False,-1,11,1,10,0,6,9,22,12
2015,d,C,7,False,0,12,6,6,0,9,13,32,28
2015,d,C,7,False,1,4,3,1,0,3,3,9,9
2015,d,C,7,False,2,7,2,4,1,2,16,18,18
2015,d,C,7,False,3,5,5,0,0,5,4,10,10
2015,d,C,7,False,4,3,3,0,0,1,0,6,6
2015,d,C,7,False,5,1,1,0,0,3,0,2,2
2015,d,C,7,False,6,2,2,0,0,2,1,4,4
2015,d,C,7,True,-8,1,0,1,0,1,0,2,2
2015,d,C,7,True,-6,1,0,1,0,0,0,2,2
2015,d,C,7,True,-4,2,0,2,0,0,0,4,4
2015,d,C,7,True,-3,3,1,2,0,5,2,5,6
2015,d,C,7,True,-2,10,0,10,0,6,11,20,20
2015,d,C,7,True,-1,7,2,5,0,4,2,16,17
2015,d,C,7,True,0,9,3,5,1,6,9,24,25
2015,d,C,7,True,1,17,12,3,2,19,18,34,43
2015,d,C,7,True,2,10,8,2,0,10,18,14,22
2015,d,C,7,True,3,6,6,0,0,2,4,6,12
2015,d,C,7,True,5,2,2,0,0,0,0,2,4
2015,d,C,7,True,6,2,2,0,0,1,2,2,4
2015,d,C,7,True,8,1,1,0,0,0,3,1,2
2015,d,C,7,True,9,1,1,0,0,0,0,1,2
2015,db,C,6,False,-11,1,0,1,0,3,0,3,2
2015,db,C,6,False,-8,1,0,1,0,1,1,3,2
2015,db,C,6,False,-7,3,0,3,0,8,6,9,6
2015,db,C,6,False,-4,5,0,5,0,2,2,15,10
2015,db,C,6,False,-3,6,0,6,0,4,4,18,12
2015,db,C,6,False,-2,11,2,9,0,19,7,36,28
2015,db,C,6,False,-1,11,2,9,0,16,19,39,34
2015,db,C,6,False,0,17,8,9,0,18,20,53,47
2015,db,C,6,False,1,7,4,3,0,3,6,24,22
2015,db,C,6,False,2,6,6,0,0,5,3,18,18
2015,db,C,6,False,3,2,2,0,0,4,0,6,6
2015,db,C,6,False,6,1,1,0,0,1,1,3,3
2015,db,C,6,False,7,1,1,0,0,1,0,3,3
2015,db,C,6,True,-8,1,0,1,0,0,0,3,3
2015,db,C,6,True,-5,3,0,3,0,5,5,9,9
2015,db,C,6,True,-4,5,0,5,0,4,15,15,15
2015,db,C,6,True,-3,7,1,6,0,13,16,21,21
2015,db,C,6,True,-2,7,0,7,0,14,12,21,21
2015,db,C,6,True,-1,8,5,3,0,12,5,21,24
2015,db,C,6,True,0,8,3,5,0,7,13,26,28
2015,db,C,6,True,1,16,12,4,0,14,19,45,56
2015,db,C,6,True,2,4,4,0,0,5,5,8,12
2015,db,C,6,True,3,1,1,0,0,1,1,2,3
2015,db,C,6,True,4,5,5,0,0,3,7,10,15
2015,db,C,6,True,5,2,2,0,0,3,5,4,6
2015,db,C,6,True,7,3,3,0,0,2,5,6,9
2015,db,C,7,False,-11,1,0,1,0,3,0,2,1
2015,db,C,7,False,-9,1,0,1,0,1,0,2,1
2015,db,C,7,False,-8,1,0,1,0,0,0,2,1
2015,db,C,7,False,-7,1,0,1,0,0,0,2,1
2015,db,C,7,False,-4,7,0,7,0,7,4,14,7
2015,db,C,7,False,-3,6,0,6,0,5,4,14,9
2015,db,C,7,False,-2,11,1,10,0,8,4,22,13
2015,db,C,7,False,-1,11,3,8,0,13,10,25,18
2015,db,C,7,False,0,13,6,7,0,10,13,29,26
2015,db,C,7,False,1,7,5,2,0,4,4,17,16
2015,db,C,7,False,2,5,5,0,0,4,3,10,10
2015,db,C,7,False,3,4,2,2,0,0,9,11,10
2015,db,C,7,False,4,2,2,0,0,2,0,4,4
2015,db,C,7,False,6,1,1,0,0,1,1,2,2
2015,db,C,7,False,7,1,1,0,0,1,0,2,2
2015,db,C,7,True,-8,1,0,1,0,0,0,2,2
2015,db,C,7,True,-6,4,0,4,0,0,2,8,8
2015,db,C,7,True,-4,4,0,4,0,4,10,8,8
2015,db,C,7,True,-3,12,1,11,0,17,16,24,24
2015,db,C,7,True,-2,5,1,4,0,7,3,10,10
2015,db,C,7,True,-1,4,1,3,0,4,5,7,8
2015,db,C,7,True,0,10,5,5,0,8,11,24,27
2015,db,C,7,True,1,13,11,2,0,3,5,21,31
2015,db,C,7,True,2,5,5,0,0,6,4,5,10
2015,db,C,7,True,3,3,3,0,0,1,3,3,6
2015,db,C,7,True,4,3,3,0,0,0,2,3,6
2015,db,C,7,True,5,1,1,0,0,0,0,1,2
2015,db,C,7,True,6,3,3,0,0,1,3,3,6
2015,db,C,7,True,7,1,1,0,0,0,0,1,2
2015,db,C,7,True,8,1,1,0,0,0,4,1,2
2015,e,P,6,False,-11,1,0,1,0,1,0,3,2
2015,e,P,6,False,-10,2,0,2,0,1,2,6,4
2015,e,P,6,False,-8,1,0,1,0,0,0,3,2
2015,e,P,6,False,-6,1,0,1,0,0,0,3,2
2015,e,P,6,False,-5,5,0,5,0,5,9,15,10
2015,e,P,6,False,-4,3,1,2,0,9,0,11,9
2015,e,P,6,False,-3,3,0,3,0,2,3,9,6
2015,e,P,6,False,-2,11,1,10,0,9,16,34,25
2015,e,P,6,False,-1,10,1,9,0,8,12,32,24
2015,e,P,6,False,0,10,4,6,0,10,13,36,34
2015,e,P,6,False,1,11,9,2,0,16,13,38,37
2015,e,P,6,False,2,4,4,0,0,2,1,12,12
2015,e,P,6,False,3,4,3,1,0,3,13,12,11
2015,e,P,6,False,4,2,2,0,0,1,2,6,6
2015,e,P,6,False,5,2,2,0,0,5,5,6,6
2015,e,P,6,False,6,1,1,0,0,0,0,3,3
2015,e,P,6,False,16,1,1,0,0,0,3,3,3
2015,e,P,6,True,-8,1,0,1,0,0,4,3,3
2015,e,P,6,True,-7,2,0,2,0,0,4,6,6
2015,e,P,6,True,-6,1,0,1,0,1,2,3,3
2015,e,P,6,True,-5,3,0,3,0,5,6,9,9
2015,e,P,6,True,-4,9,0,9,0,8,6,27,27
2015,e,P,6,True,-3,4,0,4,0,3,5,12,12
2015,e,P,6,True,-2,4,1,3,0,4,3,11,12
2015,e,P,6,True,-1,10,4,6,0,16,11,31,33
2015,e,P,6,True,0,15,6,6,3,18,23,60,62
2015,e,P,6,True,1,5,1,4,0,0,10,16,17
2015,e,P,6,True,2,9,8,1,0,4,9,21,29
2015,e,P,6,True,3,2,2,0,0,4,2,4,6
2015,e,P,6,True,4,3,3,0,0,1,4,6,9
2015,e,P,6,True,6,3,3,0,0,1,3,6,9
2015,e,P,7,False,-11,1,0,1,0,0,1,2,1
2015,e,P,7,False,-10,2,0,2,0,1,0,4,2
2015,e,P,7,False,-8,2,0,2,0,2,0,4,2
2015,e,P,7,False,-7,1,0,1,0,0,0,2,1
2015,e,P,7,False,-6,1,0,1,0,0,0,2,1
2015,e,P,7,False,-5,3,0,3,0,1,4,6,3
2015,e,P,7,False,-4,4,1,3,0,9,2,10,7
2015,e,P,7,False,-3,4,0,4,0,2,4,8,4
2015,e,P,7,False,-2,11,1,10,0,6,5,22,12
2015,e,P,7,False,-1,8,1,7,0,6,10,17,11
2015,e,P,7,False,0,10,3,7,0,6,14,31,29
2015,e,P,7,False,1,9,8,1,0,7,2,20,20
2015,e,P,7,False,2,5,5,0,0,2,2,10,10
2015,e,P,7,False,3,6,5,1,0,5,13,12,11
2015,e,P,7,False,5,3,3,0,0,5,5,6,6
2015,e,P,7,False,6,1,1,0,0,0,0,2,2
2015,e,P,7,False,16,1,1,0,0,0,3,2,2
2015,e,P,7,True,-8,3,0,3,0,0,6,6,6
2015,e,P,7,True,-7,1,0,1,0,1,1,2,2
2015,e,P,7,True,-6,1,0,1,0,0,1,2,2
2015,e,P,7,True,-5,2,0,2,0,2,1,4,4
2015,e,P,7,True,-4,10,0,10,0,8,7,20,20
2015,e,P,7,True,-3,3,0,3,0,3,3,6,6
2015,e,P,7,True,-2,5,0,4,1,3,3,13,13
2015,e,P,7,True,-1,11,5,6,0,15,8,23,26
2015,e,P,7,True,0,13,4,7,2,8,19,37,39
2015,e,P,7,True,1,6,3,3,0,2,11,15,16
2015,e,P,7,True,2,8,8,0,0,1,1,8,16
2015,e,P,7,True,3,2,2,0,0,1,1,2,4
2015,e,P,7,True,4,2,2,0,0,0,0,2,4
2015,e,P,7,True,6,2,2,0,0,0,1,2,4
2015,e,P,7,True,7,2,2,0,0,0,3,2,4
2015,f,P,6,False,-9,2,0,2,0,5,2,6,4
2015,f,P,6,False,-8,1,0,1,0,0,2,3,2
2015,f,P,6,False,-7,2,0,2,0,3,0,6,4
2015,f,P,6,False,-6,4,0,4,0,8,4,12,8
2015,f,P,6,False,-4,2,0,2,0,4,1,6,4
2015,f,P,6,False,-3,4,0,4,0,1,4,12,8
2015,f,P,6,False,-2,6,3,3,0,15,3,18,15
2015,f,P,6,False,-1,9,3,6,0,11,10,29,25
2015,f,P,6,False,0,12,6,5,1,23,18,45,42
2015,f,P,6,False,1,10,7,2,1,23,12,33,32
2015,f,P,6,False,2,3,2,1,0,2,4,9,8
2015,f,P,6,False,3,3,3,0,0,1,3,9,9
2015,f,P,6,False,4,4,4,0,0,3,3,12,12
2015,f,P,6,False,5,5,5,0,0,11,4,15,15
2015,f,P,6,False,6,1,1,0,0,0,0,3,3
2015,f,P,6,False,7,1,1,0,0,2,1,3,3
2015,f,P,6,False,8,1,1,0,0,1,0,3,3
2015,f,P,6,False,11,1,1,0,0,1,0,3,3
2015,f,P,6,True,-16,1,0,1,0,3,0,3,3
2015,f,P,6,True,-12,1,0,1,0,1,0,3,3
2015,f,P,6,True,-7,2,0,2,0,4,5,6,6
2015,f,P,6,True,-5,1,0,1,0,1,4,3,3
2015,f,P,6,True,-4,4,0,4,0,3,6,12,12
2015,f,P,6,True,-3,4,0,4,0,4,6,12,12
2015,f,P,6,True,-2,8,1,7,0,9,13,25,25
2015,f,P,6,True,-1,7,2,5,0,10,10,21,21
2015,f,P,6,True,0,7,4,3,0,7,12,19,22
2015,f,P,6,True,1,6,5,1,0,8,11,19,22
2015,f,P,6,True,2,10,9,1,0,10,12,21,30
2015,f,P,6,True,3,9,9,0,0,14,15,19,27
2015,f,P,6,True,4,4,4,0,0,2,5,8,12
2015,f,P,6,True,5,3,3,0,0,0,6,6,9
2015,f,P,6,True,6,1,1,0,0,2,2,2,3
2015,f,P,6,True,7,1,1,0,0,0,0,2,3
2015,f,P,6,True,8,1,1,0,0,0,0,2,3
2015,f,P,6,True,9,1,1,0,0,1,0,2,3
2015,f,P,6,True,11,1,1,0,0,0,1,2,3
2015,f,P,7,False,-10,1,0,1,0,3,0,2,1
2015,f,P,7,False,-9,1,0,1,0,1,0,2,1
2015,f,P,7,False,-8,1,0,1,0,0,2,2,1
2015,f,P,7,False,-7,3,0,3,0,7,0,6,3
2015,f,P,7,False,-6,1,0,1,0,1,1,2,1
2015,f,P,7,False,-5,3,0,3,0,0,1,6,3
2015,f,P,7,False,-4,4,0,4,0,4,2,8,4
2015,f,P,7,False,-3,5,1,4,0,7,2,10,6
2015,f,P,7,False,-2,6,2,4,0,8,0,12,8
2015,f,P,7,False,-1,4,0,4,0,1,1,8,5
2015,f,P,7,False,0,8,3,4,1,10,9,27,26
2015,f,P,7,False,1,9,6,2,1,6,9,21,20
2015,f,P,7,False,2,8,8,0,0,12,2,16,16
2015,f,P,7,False,3,2,2,0,0,0,2,4,4
2015,f,P,7,False,4,6,6,0,0,3,2,12,12
2015,f,P,7,False,5,5,5,0,0,10,3,10,10
2015,f,P,7,False,6,1,1,0,0,0,0,2,2
2015,f,P,7,False,8,1,1,0,0,1,0,2,2
2015,f,P,7,False,9,1,1,0,0,0,1,2,2
2015,f,P,7,False,11,1,1,0,0,1,0,2,2
2015,f,P,7,True,-16,1,0,1,0,3,0,2,2
2015,f,P,7,True,-12,1,0,1,0,1,0,2,2
2015,f,P,7,True,-11,1,0,1,0,0,1,2,2
2015,f,P,7,True,-7,1,0,1,0,0,2,2,2
2015,f,P,7,True,-6,1,0,1,0,3,0,2,2
2015,f,P,7,True,-5,2,0,2,0,1,4,4,4
2015,f,P,7,True,-4,4,0,4,0,1,2,8,8
2015,f,P,7,True,-3,3,0,3,0,3,3,6,6
2015,f,P,7,True,-2,12,2,10,0,10,5,25,25
2015,f,P,7,True,-1,6,2,4,0,4,10,12,12
2015,f,P,7,True,0,7,5,2,0,10,9,11,15
2015,f,P,7,True,1,4,4,0,0,1,1,7,10
2015,f,P,7,True,2,8,8,0,0,6,4,8,16
2015,f,P,7,True,3,5,5,0,0,1,4,8,12
2015,f,P,7,True,4,7,7,0,0,1,11,7,14
2015,f,P,7,True,5,3,3,0,0,1,1,3,6
2015,f,P,7,True,7,2,2,0,0,0,0,2,4
2015,f,P,7,True,8,2,2,0,0,0,2,2,4
2015,f,P,7,True,9,1,1,0,0,1,0,1,2
2015,f,P,7,True,10,1,1,0,0,0,0,1,2
2015,g,C,6,False,-13,1,0,1,0,1,0,3,2
2015,g,C,6,False,-7,1,0,1,0,0,0,3,2
2015,g,C,6,False,-5,4,0,4,0,2,4,12,8
2015,g,C,6,False,-4,1,0,1,0,0,0,3,2
2015,g,C,6,False,-3,5,0,5,0,6,2,15,10
2015,g,C,6,False,-2,8,0,8,0,6,7,24,16
2015,g,C,6,False,-1,19,6,13,0,19,14,65,53
2015,g,C,6,False,0,11,4,6,1,14,15,41,38
2015,g,C,6,False,1,12,9,3,0,16,11,37,35
2015,g,C,6,False,2,3,2,1,0,4,8,9,9
2015,g,C,6,False,3,3,3,0,0,3,3,9,9
2015,g,C,6,False,4,3,3,0,0,3,2,9,9
2015,g,C,6,False,8,1,1,0,0,0,0,3,3
2015,g,C,6,True,-7,1,0,1,0,0,1,3,3
2015,g,C,6,True,-6,1,0,1,0,1,2,3,3
2015,g,C,6,True,-4,2,0,2,0,1,2,6,6
2015,g,C,6,True,-3,2,0,2,0,2,1,6,6
2015,g,C,6,True,-2,5,0,5,0,5,7,15,15
2015,g,C,6,True,-1,6,1,5,0,3,3,17,18
2015,g,C,6,True,0,16,11,5,0,30,22,47,52
2015,g,C,6,True,1,14,12,2,0,9,9,34,45
2015,g,C,6,True,2,10,9,1,0,16,10,21,30
2015,g,C,6,True,3,3,3,0,0,5,1,6,9
2015,g,C,6,True,4,2,2,0,0,0,2,4,6
2015,g,C,6,True,5,2,2,0,0,5,3,4,6
2015,g,C,6,True,6,1,1,0,0,0,2,2,3
2015,g,C,6,True,7,3,3,0,0,2,1,6,9
2015,g,C,6,True,9,2,2,0,0,2,1,4,6
2015,g,C,6,True,11,1,1,0,0,0,3,2,3
2015,g,C,7,False,-13,1,0,1,0,1,0,2,1
2015,g,C,7,False,-9,1,0,1,0,0,0,2,1
2015,g,C,7,False,-7,1,0,1,0,0,0,2,1
2015,g,C,7,False,-5,2,0,2,0,0,0,4,2
2015,g,C,7,False,-4,3,0,3,0,1,1,6,3
2015,g,C,7,False,-3,7,0,7,0,3,3,14,7
2015,g,C,7,False,-2,8,0,8,0,5,2,16,8
2015,g,C,7,False,-1,16,5,11,0,14,3,41,31
2015,g,C,7,False,0,12,4,7,1,13,13,32,29
2015,g,C,7,False,1,9,8,1,0,6,3,18,17
2015,g,C,7,False,2,4,3,1,0,2,4,8,8
2015,g,C,7,False,3,4,4,0,0,4,4,8,8
2015,g,C,7,False,4,2,2,0,0,0,2,4,4
2015,g,C,7,False,6,1,1,0,0,0,0,2,2
2015,g,C,7,False,8,1,1,0,0,0,0,2,2
2015,g,C,7,True,-7,2,0,2,0,1,2,4,4
2015,g,C,7,True,-4,3,0,3,0,1,1,6,6
2015,g,C,7,True,-3,1,0,1,0,0,1,2,2
2015,g,C,7,True,-2,7,1,6,0,6,3,14,14
2015,g,C,7,True,-1,3,0,3,0,0,1,6,6
2015,g,C,7,True,0,12,6,6,0,12,16,29,30
2015,g,C,7,True,1,13,12,1,0,4,3,15,26
2015,g,C,7,True,2,10,9,1,0,5,6,11,20
2015,g,C,7,True,3,4,3,1,0,1,7,6,9
2015,g,C,7,True,4,6,6,0,0,3,6,6,12
2015,g,C,7,True,5,2,2,0,0,3,4,2,4
2015,g,C,7,True,7,2,2,0,0,0,0,2,4
2015,g,C,7,True,8,1,1,0,0,0,0,1,2
2015,g,C,7,True,9,3,3,0,0,0,1,3,6
2015,g,C,7,True,11,2,2,0,0,0,4,2,4
2015,h,P,6,False,-11,1,0,1,0,2,1,3,2
2015,h,P,6,False,-9,1,0,1,0,0,0,3,2
2015,h,P,6,False,-6,1,0,1,0,1,0,3,2
2015,h,P,6,False,-5,2,0,2,0,1,1,6,4
2015,h,P,6,False,-4,2,0,2,0,2,0,6,4
2015,h,P,6,False,-3,6,1,5,0,13,9,18,14
2015,h,P,6,False,-2,5,1,4,0,5,2,15,11
2015,h,P,6,False,-1,10,5,5,0,30,15,33,29
2015,h,P,6,False,0,9,7,1,1,24,4,33,32
2015,h,P,6,False,1,11,10,1,0,10,6,36,36
2015,h,P,6,False,2,8,7,1,0,13,8,24,23
2015,h,P,6,False,3,2,2,0,0,1,2,6,6
2015,h,P,6,False,4,5,5,0,0,7,6,15,15
2015,h,P,6,False,5,2,2,0,0,6,4,6,6
2015,h,P,6,False,6,2,2,0,0,4,2,6,6
2015,h,P,6,False,7,2,2,0,0,5,4,6,6
2015,h,P,6,False,9,1,1,0,0,0,0,3,3
2015,h,P,6,False,12,1,1,0,0,0,1,3,3
2015,h,P,6,True,-6,2,0,2,0,5,2,6,6
2015,h,P,6,True,-5,3,0,3,0,1,7,9,9
2015,h,P,6,True,-4,2,0,2,0,3,4,6,6
2015,h,P,6,True,-3,1,1,0,0,5,1,3,3
2015,h,P,6,True,-2,5,2,3,0,10,1,15,16
2015,h,P,6,True,-1,13,2,10,1,12,14,46,47
2015,h,P,6,True,0,10,5,3,2,13,12,39,41
2015,h,P,6,True,1,8,8,0,0,14,6,20,26
2015,h,P,6,True,2,7,5,2,0,7,9,19,23
2015,h,P,6,True,3,7,7,0,0,4,3,14,21
2015,h,P,6,True,4,6,6,0,0,4,10,12,18
2015,h,P,6,True,5,1,1,0,0,0,0,2,3
2015,h,P,6,True,6,3,3,0,0,4,3,6,9
2015,h,P,6,True,7,1,1,0,0,0,0,2,3
2015,h,P,6,True,8,1,1,0,0,2,0,2,3
2015,h,P,6,True,9,1,1,0,0,1,2,2,3
2015,h,P,6,True,10,1,1,0,0,0,1,2,3
2015,h,P,7,False,-10,1,0,1,0,1,1,2,1
2015,h,P,7,False,-9,1,0,1,0,0,0,2,1
2015,h,P,7,False,-7,1,0,1,0,0,0,2,1
2015,h,P,7,False,-6,2,0,2,0,2,0,4,2
2015,h,P,7,False,-5,2,0,2,0,0,0,4,2
2015,h,P,7,False,-4,2,0,2,0,1,0,4,2
2015,h,P,7,False,-3,3,0,3,0,3,1,6,3
2015,h,P,7,False,-2,3,1,2,0,3,2,6,4
2015,h,P,7,False,-1,8,4,4,0,17,2,19,16
2015,h,P,7,False,0,6,3,2,1,10,6,18,17
2015,h,P,7,False,1,13,11,2,0,11,7,29,27
2015,h,P,7,False,2,9,7,2,0,5,9,18,17
2015,h,P,7,False,3,3,3,0,0,1,1,6,6
2015,h,P,7,False,4,9,9,0,0,9,5,18,18
2015,h,P,7,False,5,1,1,0,0,0,0,2,2
2015,h,P,7,False,6,2,2,0,0,1,3,4,4
2015,h,P,7,False,7,1,1,0,0,1,1,2,2
2015,h,P,7,False,8,1,1,0,0,0,1,2,2
2015,h,P,7,False,9,1,1,0,0,0,0,2,2
2015,h,P,7,False,11,1,1,0,0,1,0,2,2
2015,h,P,7,False,12,1,1,0,0,0,1,2,2
2015,h,P,7,True,-6,1,0,1,0,2,2,2,2
2015,h,P,7,True,-5,4,0,4,0,3,7,8,8
2015,h,P,7,True,-4,2,0,2,0,4,1,4,4
2015,h,P,7,True,-3,3,1,2,0,6,5,6,6
2015,h,P,7,True,-2,3,0,3,0,1,1,6,6
2015,h,P,7,True,-1,10,1,9,0,4,7,22,22
2015,h,P,7,True,0,10,6,1,3,7,1,40,40
2015,h,P,7,True,1,8,7,1,0,7,5,9,16
2015,h,P,7,True,2,7,5,2,0,2,9,12,16
2015,h,P,7,True,3,8,8,0,0,0,3,8,16
2015,h,P,7,True,4,5,5,0,0,4,7,5,10
2015,h,P,7,True,5,3,3,0,0,1,0,3,6
2015,h,P,7,True,6,1,1,0,0,0,0,1,2
2015,h,P,7,True,7,4,4,0,0,1,3,4,8
2015,h,P,7,True,8,1,1,0,0,2,0,1,2
2015,h,P,7,True,9,1,1,0,0,0,2,1,2
2015,h,P,7,True,10,1,1,0,0,0,1,1,2
2015,l,P,6,False,-11,1,0,1,0,1,0,3,2
2015,l,P,6,False,-9,3,0,3,0,3,4,9,6
2015,l,P,6,False,-5,1,0,1,0,0,0,3,2
2015,l,P,6,False,-4,8,0,8,0,8,8,24,16
2015,l,P,6,False,-3,5,0,5,0,2,2,15,10
2015,l,P,6,False,-2,8,0,8,0,4,7,24,16
2015,l,P,6,False,-1,7,1,5,1,4,11,24,19
2015,l,P,6,False,0,6,2,3,1,4,4,22,19
2015,l,P,6,False,1,12,7,4,1,17,18,39,37
2015,l,P,6,False,2,3,3,0,0,2,0,9,9
2015,l,P,6,False,3,7,7,0,0,16,4,21,21
2015,l,P,6,False,4,4,4,0,0,17,2,12,12
2015,l,P,6,False,5,1,1,0,0,3,2,3,3
2015,l,P,6,False,6,2,2,0,0,1,0,6,6
2015,l,P,6,False,8,2,2,0,0,10,0,6,6
2015,l,P,6,True,-9,1,0,1,0,0,0,3,3
2015,l,P,6,True,-8,1,0,1,0,4,2,3,3
2015,l,P,6,True,-6,2,0,2,0,2,0,6,6
2015,l,P,6,True,-5,1,0,1,0,4,3,3,3
2015,l,P,6,True,-4,3,0,3,0,3,1,9,9
2015,l,P,6,True,-3,2,1,1,0,8,1,5,6
2015,l,P,6,True,-2,6,0,6,0,4,9,19,19
2015,l,P,6,True,-1,8,1,7,0,5,15,26,27
2015,l,P,6,True,0,10,5,5,0,13,14,27,31
2015,l,P,6,True,1,13,10,2,1,16,16,32,42
2015,l,P,6,True,2,7,6,1,0,10,7,17,22
2015,l,P,6,True,3,1,1,0,0,3,5,2,3
2015,l,P,6,True,4,4,3,1,0,10,15,11,14
2015,l,P,6,True,5,5,5,0,0,5,3,10,15
2015,l,P,6,True,6,3,3,0,0,1,5,6,9
2015,l,P,6,True,7,2,2,0,0,0,0,4,6
2015,l,P,6,True,9,1,1,0,0,1,2,2,3
2015,l,P,6,True,10,1,1,0,0,2,0,2,3
2015,l,P,6,True,11,1,1,0,0,1,2,2,3
2015,l,P,7,False,-11,2,0,2,0,2,0,4,2
2015,l,P,7,False,-9,1,0,1,0,0,1,2,1
2015,l,P,7,False,-7,1,0,1,0,0,1,2,1
2015,l,P,7,False,-6,1,0,1,0,0,2,2,1
2015,l,P,7,False,-5,2,0,2,0,0,0,4,2
2015,l,P,7,False,-4,8,0,8,0,7,3,16,8
2015,l,P,7,False,-3,4,0,4,0,0,0,8,4
2015,l,P,7,False,-2,6,0,6,0,0,3,12,6
2015,l,P,7,False,-1,9,0,8,1,2,10,21,13
2015,l,P,7,False,0,7,2,3,2,3,4,21,18
2015,l,P,7,False,1,5,3,2,0,9,5,10,10
2015,l,P,7,False,2,7,7,0,0,2,2,14,14
2015,l,P,7,False,3,7,7,0,0,13,4,14,14
2015,l,P,7,False,4,4,4,0,0,9,0,8,8
2015,l,P,7,False,5,1,1,0,0,6,0,2,2
2015,l,P,7,False,6,2,2,0,0,0,0,4,4
2015,l,P,7,False,7,1,1,0,0,0,0,2,2
2015,l,P,7,False,8,1,1,0,0,4,0,2,2
2015,l,P,7,False,12,1,1,0,0,2,0,2,2
2015,l,P,7,True,-9,1,0,1,0,0,0,2,2
2015,l,P,7,True,-7,1,0,1,0,3,2,2,2
2015,l,P,7,True,-6,2,0,2,0,2,0,4,4
2015,l,P,7,True,-4,4,0,4,0,1,2,8,8
2015,l,P,7,True,-3,4,0,4,0,4,3,8,8
2015,l,P,7,True,-2,6,0,6,0,3,11,13,13
2015,l,P,7,True,-1,10,1,9,0,4,7,20,22
2015,l,P,7,True,0,6,4,1,1,10,4,15,17
2015,l,P,7,True,1,10,9,1,0,7,7,13,21
2015,l,P,7,True,2,8,7,1,0,7,5,9,16
2015,l,P,7,True,3,3,3,0,0,5,3,3,6
2015,l,P,7,True,4,4,3,1,0,3,7,7,10
2015,l,P,7,True,5,3,3,0,0,3,0,3,6
2015,l,P,7,True,6,5,5,0,0,1,11,5,10
2015,l,P,7,True,7,2,2,0,0,0,0,2,4
2015,l,P,7,True,9,1,1,0,0,0,1,1,2
2015,l,P,7,True,10,1,1,0,0,1,1,1,2
2015,l,P,7,True,11,1,1,0,0,1,0,1,2
2015,m,P,6,False,-8,2,0,2,0,8,1,7,6
2015,m,P,6,False,-7,3,0,3,0,0,0,9,6
2015,m,P,6,False,-6,3,0,3,0,2,2,9,6
2015,m,P,6,False,-5,2,0,2,0,3,1,6,4
2015,m,P,6,False,-4,3,0,3,0,3,1,9,6
2015,m,P,6,False,-3,7,0,7,0,8,8,21,14
2015,m,P,6,False,-2,8,3,5,0,18,6,26,21
2015,m,P,6,False,-1,7,2,4,1,12,5,24,20
2015,m,P,6,False,0,11,6,5,0,23,13,35,32
2015,m,P,6,False,1,8,7,1,0,7,7,24,23
2015,m,P,6,False,2,4,3,1,0,5,7,12,11
2015,m,P,6,False,3,3,3,0,0,4,4,9,9
2015,m,P,6,False,4,5,5,0,0,1,2,15,15
2015,m,P,6,False,5,3,3,0,0,7,6,9,9
2015,m,P,6,False,6,1,1,0,0,0,2,3,3
2015,m,P,6,False,7,2,2,0,0,5,7,6,6
2015,m,P,6,True,-11,1,0,1,0,0,1,3,3
2015,m,P,6,True,-7,1,0,1,0,1,2,3,3
2015,m,P,6,True,-6,4,0,4,0,0,1,12,12
2015,m,P,6,True,-5,1,0,1,0,3,1,3,3
2015,m,P,6,True,-4,1,0,1,0,2,1,3,3
2015,m,P,6,True,-3,7,0,7,0,5,10,21,21
2015,m,P,6,True,-2,3,2,1,0,6,0,8,9
2015,m,P,6,True,-1,9,1,8,0,5,10,26,27
2015,m,P,6,True,0,12,6,6,0,12,24,35,40
2015,m,P,6,True,1,6,4,2,0,10,8,14,18
2015,m,P,6,True,2,8,8,0,0,5,7,16,24
2015,m,P,6,True,3,7,6,1,0,3,11,15,21
2015,m,P,6,True,4,3,3,0,0,5,1,6,9
2015,m,P,6,True,5,3,3,0,0,6,4,6,9
2015,m,P,6,True,7,1,1,0,0,2,5,2,3
2015,m,P,6,True,8,1,1,0,0,0,0,2,3
2015,m,P,6,True,9,1,1,0,0,0,0,2,3
2015,m,P,6,True,10,1,1,0,0,0,1,2,3
2015,m,P,6,True,11,1,1,0,0,0,1,2,3
2015,m,P,7,False,-8,2,0,2,0,2,0,4,2
2015,m,P,7,False,-7,4,0,4,0,1,0,8,4
2015,m,P,7,False,-6,3,0,3,0,5,0,6,3
2015,m,P,7,False,-5,3,0,3,0,3,1,6,3
2015,m,P,7,False,-4,3,0,3,0,3,1,6,3
2015,m,P,7,False,-3,7,0,7,0,3,1,14,7
2015,m,P,7,False,-2,5,0,5,0,4,4,10,5
2015,m,P,7,False,-1,6,2,4,0,6,0,12,8
2015,m,P,7,False,0,8,3,4,1,9,5,24,23
2015,m,P,7,False,1,8,7,1,0,7,2,16,15
2015,m,P,7,False,2,5,5,0,0,2,2,10,10
2015,m,P,7,False,3,5,5,0,0,4,6,10,10
2015,m,P,7,False,4,7,7,0,0,4,6,14,14
2015,m,P,7,False,5,3,3,0,0,4,2,6,6
2015,m,P,7,False,6,1,1,0,0,0,2,2,2
2015,m,P,7,False,8,2,2,0,0,3,7,4,4
2015,m,P,7,True,-11,1,0,1,0,0,1,2,2
2015,m,P,7,True,-9,1,0,1,0,1,0,2,2
2015,m,P,7,True,-7,1,0,1,0,0,0,2,2
2015,m,P,7,True,-6,3,0,3,0,0,0,6,6
2015,m,P,7,True,-5,1,0,1,0,3,1,2,2
2015,m,P,7,True,-4,2,0,2,0,1,2,4,4
2015,m,P,7,True,-3,4,0,4,0,2,5,8,8
2015,m,P,7,True,-2,10,2,8,0,7,6,19,20
2015,m,P,7,True,-1,8,0,8,0,1,6,16,16
2015,m,P,7,True,0,8,4,4,0,9,16,17,20
2015,m,P,7,True,1,8,8,0,0,8,1,8,16
2015,m,P,7,True,2,9,9,0,0,2,4,9,18
2015,m,P,7,True,3,4,4,0,0,2,3,4,8
2015,m,P,7,True,4,4,4,0,0,5,2,4,8
2015,m,P,7,True,6,2,2,0,0,2,1,2,4
2015,m,P,7,True,8,2,2,0,0,0,2,2,4
2015,m,P,7,True,9,1,1,0,0,0,0,1,2
2015,m,P,7,True,10,1,1,0,0,0,1,1,2
2015,m,P,7,True,11,1,1,0,0,0,1,1,2
2015,s,C,6,False,-8,1,0,1,0,4,1,3,2
2015,s,C,6,False,-7,2,0,2,0,2,2,6,4
2015,s,C,6,False,-6,2,0,2,0,5,2,6,4
2015,s,C,6,False,-5,2,0,2,0,4,2,6,4
2015,s,C,6,False,-4,3,0,3,0,3,5,9,6
2015,s,C,6,False,-3,7,1,6,0,12,7,21,15
2015,s,C,6,False,-2,10,3,6,1,17,4,37,31
2015,s,C,6,False,-1,15,4,11,0,19,5,48,38
2015,s,C,6,False,0,8,3,5,0,14,18,24,19
2015,s,C,6,False,1,6,5,1,0,8,5,20,19
2015,s,C,6,False,2,1,1,0,0,1,0,3,3
2015,s,C,6,False,3,4,4,0,0,11,3,12,12
2015,s,C,6,False,4,3,3,0,0,4,4,9,9
2015,s,C,6,False,5,3,3,0,0,2,3,9,9
2015,s,C,6,False,6,1,1,0,0,0,0,3,3
2015,s,C,6,False,7,2,2,0,0,3,10,6,6
2015,s,C,6,False,8,1,1,0,0,0,0,3,3
2015,s,C,6,True,-6,1,0,1,0,1,4,3,3
2015,s,C,6,True,-5,1,0,1,0,1,3,3,3
2015,s,C,6,True,-4,3,0,3,0,4,6,9,9
2015,s,C,6,True,-3,5,0,5,0,2,7,15,15
2015,s,C,6,True,-2,4,0,4,0,2,1,12,12
2015,s,C,6,True,-1,10,2,7,1,14,19,33,34
2015,s,C,6,True,0,7,4,3,0,6,10,23,24
2015,s,C,6,True,1,12,11,1,0,11,5,28,38
2015,s,C,6,True,2,6,5,1,0,5,11,17,21
2015,s,C,6,True,3,8,8,0,0,9,6,16,24
2015,s,C,6,True,4,8,8,0,0,12,2,16,24
2015,s,C,6,True,5,2,2,0,0,0,2,4,6
2015,s,C,6,True,6,3,3,0,0,1,8,6,9
2015,s,C,6,True,8,1,1,0,0,1,1,2,3
2015,s,C,6,True,10,1,1,0,0,1,0,2,3
2015,s,C,7,False,-9,1,0,1,0,1,0,2,1
2015,s,C,7,False,-8,2,0,2,0,3,0,4,2
2015,s,C,7,False,-6,3,0,3,0,5,2,6,3
2015,s,C,7,False,-5,4,0,4,0,3,5,8,4
2015,s,C,7,False,-4,1,0,1,0,0,0,2,1
2015,s,C,7,False,-3,8,1,7,0,7,0,18,11
2015,s,C,7,False,-2,11,3,8,0,20,4,24,16
2015,s,C,7,False,-1,12,1,10,1,8,2,27,17
2015,s,C,7,False,0,5,2,3,0,6,6,13,11
2015,s,C,7,False,1,3,3,0,0,0,0,6,6
2015,s,C,7,False,2,8,8,0,0,10,4,18,18
2015,s,C,7,False,3,4,4,0,0,11,1,8,8
2015,s,C,7,False,4,2,2,0,0,3,4,4,4
2015,s,C,7,False,5,2,2,0,0,0,0,4,4
2015,s,C,7,False,6,1,1,0,0,0,0,2,2
2015,s,C,7,False,7,3,3,0,0,3,10,6,6
2015,s,C,7,False,8,1,1,0,0,0,0,2,2
2015,s,C,7,True,-6,1,0,1,0,1,4,2,2
2015,s,C,7,True,-5,2,0,2,0,0,5,4,4
2015,s,C,7,True,-4,3,0,3,0,2,1,6,6
2015,s,C,7,True,-3,8,1,7,0,6,8,19,19
2015,s,C,7,True,-2,3,0,3,0,1,1,6,6
2015,s,C,7,True,-1,10,1,8,1,5,9,24,24
2015,s,C,7,True,0,5,4,1,0,5,4,12,13
2015,s,C,7,True,1,10,10,0,0,5,3,13,22
2015,s,C,7,True,2,6,5,1,0,1,5,7,12
2015,s,C,7,True,3,8,8,0,0,13,5,8,16
2015,s,C,7,True,4,8,8,0,0,6,4,8,16
2015,s,C,7,True,5,3,3,0,0,0,0,3,6
2015,s,C,7,True,6,2,2,0,0,0,0,2,4
2015,s,C,7,True,7,1,1,0,0,0,4,1,2
2015,s,C,7,True,8,1,1,0,0,0,0,1,2
2015,s,C,7,True,10,1,1,0,0,1,0,1,2
2015,t,C,6,False,-12,1,0,1,0,0,2,3,2
2015,t,C,6,False,-9,2,0,2,0,1,1,6,4
2015,t,C,6,False,-8,1,0,1,0,0,0,3,2
2015,t,C,6,False,-7,2,0,2,0,0,0,6,4
2015,t,C,6,False,-6,2,0,2,0,3,0,6,4
2015,t,C,6,False,-5,1,0,1,0,0,4,3,2
2015,t,C,6,False,-4,5,0,5,0,5,11,15,10
2015,t,C,6,False,-3,4,0,4,0,4,6,12,8
2015,t,C,6,False,-2,7,0,7,0,7,15,23,17
2015,t,C,6,False,-1,12,2,10,0,9,8,38,31
2015,t,C,6,False,0,10,3,6,1,14,17,35,32
2015,t,C,6,False,1,4,3,1,0,2,2,12,12
2015,t,C,6,False,2,5,5,0,0,5,4,15,15
2015,t,C,6,False,3,9,7,2,0,6,18,27,26
2015,t,C,6,False,4,2,2,0,0,5,4,6,6
2015,t,C,6,False,5,2,2,0,0,4,3,6,6
2015,t,C,6,False,6,1,1,0,0,0,0,3,3
2015,t,C,6,False,7,1,1,0,0,0,1,3,3
2015,t,C,6,True,-8,1,0,1,0,0,0,3,3
2015,t,C,6,True,-7,1,0,1,0,7,3,3,3
2015,t,C,6,True,-6,1,0,1,0,0,0,3,3
2015,t,C,6,True,-5,3,0,3,0,3,4,9,9
2015,t,C,6,True,-4,2,0,2,0,1,2,6,6
2015,t,C,6,True,-3,6,1,5,0,8,15,19,19
2015,t,C,6,True,-2,5,1,4,0,3,4,15,15
2015,t,C,6,True,-1,6,3,3,0,6,3,18,20
2015,t,C,6,True,0,16,9,6,1,24,23,55,60
2015,t,C,6,True,1,8,7,1,0,12,10,18,24
2015,t,C,6,True,2,9,9,0,0,3,2,18,27
2015,t,C,6,True,3,8,8,0,0,4,5,16,24
2015,t,C,6,True,4,1,1,0,0,5,0,2,3
2015,t,C,6,True,5,1,1,0,0,0,2,2,3
2015,t,C,6,True,6,2,2,0,0,3,6,4,6
2015,t,C,6,True,8,1,1,0,0,1,8,4,4
2015,t,C,6,True,9,1,1,0,0,1,3,2,3
2015,t,C,7,False,-12,1,0,1,0,0,2,2,1
2015,t,C,7,False,-9,3,0,3,0,0,0,6,3
2015,t,C,7,False,-8,1,0,1,0,0,0,2,1
2015,t,C,7,False,-7,2,0,2,0,0,0,4,2
2015,t,C,7,False,-6,1,0,1,0,1,0,2,1
2015,t,C,7,False,-4,5,0,5,0,1,9,10,5
2015,t,C,7,False,-3,5,0,5,0,3,10,10,5
2015,t,C,7,False,-2,8,0,8,0,6,14,18,11
2015,t,C,7,False,-1,15,1,13,1,10,11,35,26
2015,t,C,7,False,0,8,4,4,0,10,6,18,17
2015,t,C,7,False,1,7,7,0,0,6,2,14,14
2015,t,C,7,False,2,2,2,0,0,1,2,4,4
2015,t,C,7,False,3,6,5,1,0,2,7,12,12
2015,t,C,7,False,4,1,1,0,0,1,0,2,2
2015,t,C,7,False,5,1,1,0,0,1,0,2,2
2015,t,C,7,False,6,4,4,0,0,1,1,8,8
2015,t,C,7,False,8,1,1,0,0,0,2,2,2
2015,t,C,7,True,-8,1,0,1,0,0,0,2,2
2015,t,C,7,True,-7,1,0,1,0,7,3,2,2
2015,t,C,7,True,-6,3,0,3,0,2,2,6,6
2015,t,C,7,True,-5,2,0,2,0,0,5,4,4
2015,t,C,7,True,-4,5,0,5,0,0,3,10,10
2015,t,C,7,True,-3,3,0,3,0,0,0,6,6
2015,t,C,7,True,-2,6,2,4,0,7,7,13,13
2015,t,C,7,True,-1,7,3,4,0,7,4,14,16
2015,t,C,7,True,0,12,9,2,1,18,6,33,37
2015,t,C,7,True,1,5,3,2,0,2,11,7,10
2015,t,C,7,True,2,11,11,0,0,3,4,12,22
2015,t,C,7,True,3,10,10,0,0,3,3,10,20
2015,t,C,7,True,4,3,3,0,0,0,1,3,6
2015,t,C,7,True,5,1,1,0,0,4,0,1,2
2015,t,C,7,True,6,1,1,0,0,2,1,1,2
2015,t,C,7,True,10,1,1,0,0,0,3,1,2
2016,b,P,6,False,-16,1,0,1,0,1,1,3,2
2016,b,P,6,False,-10,2,0,2,0,0,2,6,4
2016,b,P,6,False,-9,1,0,1,0,1,1,3,2
2016,b,P,6,False,-7,1,0,1,0,0,3,3,2
2016,b,P,6,False,-6,3,0,3,0,3,0,9,6
2016,b,P,6,False,-5,2,0,2,0,6,1,6,4
2016,b,P,6,False,-4,3,0,3,0,1,0,9,6
2016,b,P,6,False,-3,6,0,6,0,1,12,18,12
2016,b,P,6,False,-2,4,1,3,0,4,4,14,11
2016,b,P,6,False,-1,8,3,5,0,13,8,24,21
2016,b,P,6,False,0,7,1,6,0,4,8,24,20
2016,b,P,6,False,1,11,6,4,1,10,15,36,32
2016,b,P,6,False,2,13,8,5,0,13,20,40,38
2016,b,P,6,False,3,1,0,1,0,1,6,6,6
2016,b,P,6,False,4,2,2,0,0,3,6,6,6
2016,b,P,6,False,5,2,2,0,0,4,0,6,6
2016,b,P,6,False,6,1,1,0,0,4,1,3,3
2016,b,P,6,False,7,1,1,0,0,3,0,3,3
2016,b,P,6,False,9,1,1,0,0,0,1,3,3
2016,b,P,6,False,11,1,1,0,0,2,8,3,3
2016,b,P,6,True,-11,1,0,1,0,0,0,3,3
2016,b,P,6,True,-8,1,0,1,0,0,3,3,3
2016,b,P,6,True,-7,1,0,1,0,0,1,3,3
2016,b,P,6,True,-6,3,0,2,1,7,4,12,12
2016,b,P,6,True,-5,4,0,4,0,4,5,12,12
2016,b,P,6,True,-4,6,0,6,0,3,9,18,18
2016,b,P,6,True,-3,2,0,2,0,4,4,6,6
2016,b,P,6,True,-2,8,1,7,0,10,8,23,24
2016,b,P,6,True,-1,10,3,6,1,13,12,35,36
2016,b,P,6,True,0,11,6,5,0,10,15,30,34
2016,b,P,6,True,1,10,6,4,0,7,14,24,30
2016,b,P,6,True,2,8,7,1,0,5,7,19,25
2016,b,P,6,True,4,4,4,0,0,3,7,8,12
2016,b,P,6,True,6,1,1,0,0,0,0,2,3
2016,b,P,6,True,9,2,2,0,0,2,3,4,6
2016,b,P,7,False,-16,1,0,1,0,1,1,2,1
2016,b,P,7,False,-10,3,0,3,0,0,2,6,3
2016,b,P,7,False,-8,1,0,1,0,0,1,2,1
2016,b,P,7,False,-6,1,0,1,0,0,0,2,1
2016,b,P,7,False,-5,4,0,4,0,6,3,8,4
2016,b,P,7,False,-4,5,0,5,0,1,0,10,5
2016,b,P,7,False,-3,5,0,5,0,0,8,10,5
2016,b,P,7,False,-2,6,0,6,0,1,2,12,6
2016,b,P,7,False,-1,6,3,3,0,7,1,14,11
2016,b,P,7,False,0,9,1,8,0,8,13,21,18
2016,b,P,7,False,1,9,6,2,1,7,6,21,20
2016,b,P,7,False,2,11,8,3,0,5,10,23,21
2016,b,P,7,False,3,2,1,1,0,4,6,7,7
2016,b,P,7,False,5,5,5,0,0,8,5,10,10
2016,b,P,7,False,8,1,1,0,0,1,4,2,2
2016,b,P,7,False,9,1,1,0,0,0,1,2,2
2016,b,P,7,False,10,1,1,0,0,0,0,2,2
2016,b,P,7,True,-11,1,0,1,0,0,0,2,2
2016,b,P,7,True,-8,3,0,3,0,0,3,6,6
2016,b,P,7,True,-7,1,0,1,0,1,0,2,2
2016,b,P,7,True,-6,1,0,1,0,2,1,2,2
2016,b,P,7,True,-5,5,0,5,0,6,6,10,10
2016,b,P,7,True,-4,4,0,4,0,0,6,8,8
2016,b,P,7,True,-3,2,0,2,0,1,2,4,4
2016,b,P,7,True,-2,8,0,8,0,3,7,16,16
2016,b,P,7,True,-1,10,2,7,1,8,11,26,26
2016,b,P,7,True,0,9,4,4,1,7,7,18,21
2016,b,P,7,True,1,10,7,3,0,5,11,13,20
2016,b,P,7,True,2,9,8,1,0,2,9,14,20
2016,b,P,7,True,3,2,2,0,0,0,0,2,4
2016,b,P,7,True,4,2,2,0,0,0,2,2,4
2016,b,P,7,True,5,2,2,0,0,0,2,2,4
2016,b,P,7,True,6,1,1,0,0,0,0,1,2
2016,b,P,7,True,9,1,1,0,0,0,2,1,2
2016,b,P,7,True,10,1,1,0,0,1,1,1,2
2016,c,C,6,False,-8,1,0,1,0,2,3,3,2
2016,c,C,6,False,-6,1,0,1,0,4,0,3,2
2016,c,C,6,False,-5,2,0,2,0,3,1,6,4
2016,c,C,6,False,-3,5,1,4,0,7,10,15,11
2016,c,C,6,False,-2,8,1,7,0,7,8,25,18
2016,c,C,6,False,-1,8,4,4,0,13,9,28,25
2016,c,C,6,False,0,15,7,7,1,26,13,57,54
2016,c,C,6,False,1,3,1,2,0,1,5,9,8
2016,c,C,6,False,2,11,8,3,0,22,18,34,32
2016,c,C,6,False,3,3,3,0,0,8,1,9,9
2016,c,C,6,False,4,5,5,0,0,9,6,15,15
2016,c,C,6,False,5,5,4,1,0,5,12,15,14
2016,c,C,6,False,6,1,1,0,0,0,0,3,3
2016,c,C,6,False,8,2,2,0,0,2,2,6,6
2016,c,C,6,False,9,1,1,0,0,0,0,3,3
2016,c,C,6,True,-17,1,0,1,0,1,0,3,3
2016,c,C,6,True,-5,1,0,1,0,0,1,3,3
2016,c,C,6,True,-4,4,0,4,0,6,6,12,12
2016,c,C,6,True,-3,4,1,3,0,8,6,15,15
2016,c,C,6,True,-2,9,5,4,0,21,5,25,28
2016,c,C,6,True,-1,3,0,3,0,1,1,12,12
2016,c,C,6,True,0,11,8,3,0,19,15,34,38
2016,c,C,6,True,1,9,9,0,0,18,5,19,27
2016,c,C,6,True,2,6,5,1,0,8,7,15,19
2016,c,C,6,True,3,5,5,0,0,4,2,10,15
2016,c,C,6,True,4,6,6,0,0,6,3,12,18
2016,c,C,6,True,5,2,2,0,0,0,2,4,6
2016,c,C,6,True,6,2,2,0,0,3,0,4,6
2016,c,C,6,True,7,2,2,0,0,4,1,4,6
2016,c,C,6,True,8,4,4,0,0,3,5,8,12
2016,c,C,6,True,9,2,2,0,0,1,0,4,6
2016,c,C,7,False,-8,3,0,3,0,0,3,6,3
2016,c,C,7,False,-6,1,0,1,0,4,0,2,1
2016,c,C,7,False,-4,2,0,2,0,1,1,4,2
2016,c,C,7,False,-3,3,0,3,0,0,4,6,3
2016,c,C,7,False,-2,11,2,9,0,10,3,23,14
2016,c,C,7,False,-1,9,5,4,0,18,6,23,21
2016,c,C,7,False,0,9,2,6,1,9,6,29,26
2016,c,C,7,False,1,8,5,3,0,4,8,17,16
2016,c,C,7,False,2,6,5,1,0,9,8,12,11
2016,c,C,7,False,3,5,5,0,0,6,1,10,10
2016,c,C,7,False,4,3,3,0,0,3,3,6,6
2016,c,C,7,False,5,4,4,0,0,1,0,8,8
2016,c,C,7,False,6,4,4,0,0,8,0,8,8
2016,c,C,7,False,8,2,2,0,0,2,2,4,4
2016,c,C,7,False,9,1,1,0,0,0,0,2,2
2016,c,C,7,True,-17,1,0,1,0,1,0,2,2
2016,c,C,7,True,-6,2,0,2,0,4,0,4,4
2016,c,C,7,True,-5,2,0,2,0,1,1,4,4
2016,c,C,7,True,-4,4,0,4,0,3,3,8,8
2016,c,C,7,True,-3,1,1,0,0,6,1,5,5
2016,c,C,7,True,-2,6,1,5,0,6,10,11,12
2016,c,C,7,True,-1,5,2,3,0,6,2,13,13
2016,c,C,7,True,0,9,7,2,0,10,5,23,25
2016,c,C,7,True,1,8,7,1,0,7,6,10,16
2016,c,C,7,True,2,7,7,0,0,4,0,7,14
2016,c,C,7,True,3,5,5,0,0,0,0,5,10
2016,c,C,7,True,4,5,5,0,0,5,1,5,10
2016,c,C,7,True,5,3,3,0,0,0,2,3,6
2016,c,C,7,True,6,5,5,0,0,6,0,5,10
2016,c,C,7,True,7,2,2,0,0,1,1,2,4
2016,c,C,7,True,8,4,4,0,0,1,2,4,8
2016,c,C,7,True,9,1,1,0,0,0,0,1,2
2016,c,C,7,True,10,1,1,0,0,0,0,1,2
2016,d,C,6,False,-9,1,0,1,0,0,0,3,2
2016,d,C,6,False,-8,2,0,2,0,1,0,6,4
2016,d,C,6,False,-7,2,0,2,0,2,4,6,4
2016,d,C,6,False,-6,2,0,2,0,3,4,6,4
2016,d,C,6,False,-5,5,0,5,0,3,2,15,10
2016,d,C,6,False,-4,5,0,5,0,9,10,15,10
2016,d,C,6,False,-3,5,1,4,0,8,3,15,11
2016,d,C,6,False,-2,10,1,9,0,11,10,32,24
2016,d,C,6,False,-1,4,2,2,0,5,1,12,10
2016,d,C,6,False,0,10,4,6,0,9,9,39,38
2016,d,C,6,False,1,8,2,6,0,8,21,27,23
2016,d,C,6,False,2,6,4,2,0,13,10,20,20
2016,d,C,6,False,3,3,3,0,0,6,6,9,9
2016,d,C,6,False,4,4,4,0,0,9,3,12,12
2016,d,C,6,False,5,4,4,0,0,4,2,12,12
2016,d,C,6,False,7,1,1,0,0,0,0,3,3
2016,d,C,6,True,-8,1,0,1,0,2,2,3,3
2016,d,C,6,True,-7,1,0,1,0,0,2,3,3
2016,d,C,6,True,-6,1,0,1,0,0,0,3,3
2016,d,C,6,True,-5,2,1,1,0,9,0,5,6
2016,d,C,6,True,-4,3,0,3,0,1,0,9,9
2016,d,C,6,True,-3,7,1,6,0,7,6,21,21
2016,d,C,6,True,-2,5,2,3,0,8,1,13,15
2016,d,C,6,True,-1,8,1,7,0,5,4,23,24
2016,d,C,6,True,0,17,6,8,3,19,30,64,68
2016,d,C,6,True,1,10,7,3,0,5,12,25,31
2016,d,C,6,True,2,8,6,2,0,8,13,20,26
2016,d,C,6,True,3,1,1,0,0,2,0,2,3
2016,d,C,6,True,4,3,3,0,0,5,2,6,9
2016,d,C,6,True,5,1,1,0,0,1,1,2,3
2016,d,C,6,True,6,2,2,0,0,0,4,4,6
2016,d,C,6,True,12,1,1,0,0,2,1,2,3
2016,d,C,7,False,-9,1,0,1,0,0,0,2,1
2016,d,C,7,False,-8,2,0,2,0,0,0,4,2
2016,d,C,7,False,-7,2,0,2,0,5,2,4,2
2016,d,C,7,False,-6,2,0,2,0,0,4,4,2
2016,d,C,7,False,-5,6,0,6,0,3,0,12,6
2016,d,C,7,False,-4,7,0,7,0,4,4,14,7
2016,d,C,7,False,-3,6,1,5,0,7,1,12,7
2016,d,C,7,False,-2,6,1,5,0,7,3,14,10
2016,d,C,7,False,-1,7,1,6,0,4,6,16,11
2016,d,C,7,False,0,9,3,6,0,5,9,27,27
2016,d,C,7,False,1,6,2,4,0,5,12,15,13
2016,d,C,7,False,2,3,3,0,0,4,2,6,6
2016,d,C,7,False,3,4,4,0,0,2,4,8,8
2016,d,C,7,False,4,2,2,0,0,2,2,4,4
2016,d,C,7,False,5,4,4,0,0,3,1,8,8
2016,d,C,7,False,6,3,3,0,0,8,4,6,6
2016,d,C,7,False,7,2,2,0,0,0,0,4,4
2016,d,C,7,True,-9,1,0,1,0,0,0,2,2
2016,d,C,7,True,-8,1,0,1,0,2,2,2,2
2016,d,C,7,True,-6,1,0,1,0,0,0,2,2
2016,d,C,7,True,-5,2,0,2,0,0,0,4,4
2016,d,C,7,True,-4,4,0,4,0,1,2,8,8
2016,d,C,7,True,-3,6,1,5,0,4,0,12,12
2016,d,C,7,True,-2,7,1,6,0,7,5,15,16
2016,d,C,7,True,-1,8,0,8,0,2,4,16,16
2016,d,C,7,True,0,13,5,5,3,10,16,39,42
2016,d,C,7,True,1,10,8,2,0,5,7,15,22
2016,d,C,7,True,2,7,6,1,0,3,5,8,14
2016,d,C,7,True,3,2,2,0,0,1,2,2,4
2016,d,C,7,True,4,2,2,0,0,1,0,2,4
2016,d,C,7,True,5,2,2,0,0,1,1,2,4
2016,d,C,7,True,6,4,4,0,0,1,6,4,8
2016,d,C,7,True,11,1,1,0,0,2,0,1,2
2016,db,C,6,False,-12,1,0,1,0,1,2,3,2
2016,db,C,6,False,-5,4,0,4,0,8,7,12,8
2016,db,C,6,False,-4,1,0,1,0,0,0,3,2
2016,db,C,6,False,-3,9,0,9,0,9,12,27,18
2016,db,C,6,False,-2,4,0,4,0,2,4,12,8
2016,db,C,6,False,-1,10,1,8,1,4,11,33,25
2016,db,C,6,False,0,13,6,6,1,21,17,43,38
2016,db,C,6,False,1,9,6,3,0,10,11,27,25
2016,db,C,6,False,2,5,4,1,0,7,7,15,14
2016,db,C,6,False,3,4,4,0,0,4,2,12,12
2016,db,C,6,False,4,5,5,0,0,10,10,15,15
2016,db,C,6,False,5,4,3,1,0,3,10,12,11
2016,db,C,6,False,10,1,1,0,0,0,2,3,3
2016,db,C,6,False,17,1,1,0,0,0,1,3,3
2016,db,C,6,True,-8,2,0,2,0,6,1,6,6
2016,db,C,6,True,-6,3,0,3,0,0,2,9,9
2016,db,C,6,True,-5,4,0,4,0,3,7,12,12
2016,db,C,6,True,-4,7,0,6,1,10,14,24,24
2016,db,C,6,True,-2,4,0,4,0,7,12,14,14
2016,db,C,6,True,-1,9,5,4,0,16,10,24,27
2016,db,C,6,True,0,10,5,5,0,13,18,36,38
2016,db,C,6,True,1,8,4,4,0,14,16,22,25
2016,db,C,6,True,2,10,10,0,0,6,6,24,33
2016,db,C,6,True,3,6,5,1,0,8,8,13,18
2016,db,C,6,True,4,3,3,0,0,4,6,6,9
2016,db,C,6,True,5,2,2,0,0,1,1,4,6
2016,db,C,6,True,6,1,1,0,0,2,2,2,3
2016,db,C,6,True,7,1,1,0,0,2,4,2,3
2016,db,C,6,True,9,1,1,0,0,1,4,2,3
2016,db,C,6,True,10,1,1,0,0,1,0,2,3
2016,db,C,7,False,-11,1,0,1,0,0,2,2,1
2016,db,C,7,False,-8,1,0,1,0,0,0,2,1
2016,db,C,7,False,-7,1,0,1,0,0,0,2,1
2016,db,C,7,False,-6,2,0,2,0,0,0,4,2
2016,db,C,7,False,-5,1,0,1,0,2,0,2,1
2016,db,C,7,False,-4,4,0,4,0,5,5,8,4
2016,db,C,7,False,-3,6,0,6,0,2,0,12,6
2016,db,C,7,False,-2,6,0,6,0,1,4,12,6
2016,db,C,7,False,-1,11,1,9,1,3,5,25,16
2016,db,C,7,False,0,9,3,5,1,6,10,22,18
2016,db,C,7,False,1,10,8,2,0,12,8,20,19
2016,db,C,7,False,2,5,5,0,0,4,5,10,10
2016,db,C,7,False,3,3,3,0,0,1,0,6,6
2016,db,C,7,False,4,4,4,0,0,5,2,8,8
2016,db,C,7,False,5,3,3,0,0,6,0,6,6
2016,db,C,7,False,6,1,1,0,0,0,4,2,2
2016,db,C,7,False,7,1,1,0,0,2,1,2,2
2016,db,C,7,False,9,1,1,0,0,0,1,2,2
2016,db,C,7,False,17,1,1,0,0,0,1,2,2
2016,db,C,7,True,-8,1,0,1,0,4,1,2,2
2016,db,C,7,True,-7,1,0,1,0,0,0,2,2
2016,db,C,7,True,-6,5,0,5,0,0,6,10,10
2016,db,C,7,True,-5,4,0,4,0,5,4,8,8
2016,db,C,7,True,-4,6,0,5,1,8,6,15,15
2016,db,C,7,True,-3,3,0,3,0,0,2,6,6
2016,db,C,7,True,-2,3,0,3,0,2,6,6,6
2016,db,C,7,True,-1,9,5,4,0,14,7,15,18
2016,db,C,7,True,0,7,4,3,0,10,11,22,23
2016,db,C,7,True,1,6,3,3,0,6,10,15,16
2016,db,C,7,True,2,12,11,1,0,3,6,14,25
2016,db,C,7,True,3,5,5,0,0,3,2,5,10
2016,db,C,7,True,4,3,3,0,0,1,3,3,6
2016,db,C,7,True,5,2,2,0,0,0,0,2,4
2016,db,C,7,True,6,2,2,0,0,2,3,2,4
2016,db,C,7,True,8,1,1,0,0,2,0,1,2
2016,db,C,7,True,10,1,1,0,0,0,4,1,2
2016,db,C,7,True,11,1,1,0,0,0,0,1,2
2016,e,P,6,False,-9,2,0,2,0,3,2,6,4
2016,e,P,6,False,-6,2,0,2,0,0,2,6,4
2016,e,P,6,False,-5,3,0,3,0,2,5,9,6
2016,e,P,6,False,-4,5,0,5,0,3,6,15,10
2016,e,P,6,False,-3,9,0,9,0,11,11,29,21
2016,e,P,6,False,-2,9,1,8,0,12,13,29,21
2016,e,P,6,False,-1,8,2,6,0,11,11,24,19
2016,e,P,6,False,0,9,5,4,0,21,13,30,29
2016,e,P,6,False,1,13,8,3,2,21,21,45,42
2016,e,P,6,False,2,2,2,0,0,4,2,6,6
2016,e,P,6,False,3,3,2,1,0,3,6,12,12
2016,e,P,6,False,4,1,1,0,0,0,2,3,3
2016,e,P,6,False,6,1,1,0,0,4,1,3,3
2016,e,P,6,False,7,2,2,0,0,1,0,6,6
2016,e,P,6,False,8,2,2,0,0,5,2,6,6
2016,e,P,6,True,-13,1,0,1,0,0,0,3,3
2016,e,P,6,True,-10,1,0,1,0,2,1,3,3
2016,e,P,6,True,-9,2,0,2,0,2,3,6,6
2016,e,P,6,True,-8,1,0,1,0,1,6,3,3
2016,e,P,6,True,-6,4,0,4,0,6,6,12,12
2016,e,P,6,True,-4,2,0,2,0,1,6,6,6
2016,e,P,6,True,-3,8,0,8,0,4,16,24,24
2016,e,P,6,True,-2,5,2,2,1,10,7,16,18
2016,e,P,6,True,-1,8,4,4,0,14,12,21,24
2016,e,P,6,True,0,13,6,7,0,20,34,45,47
2016,e,P,6,True,1,7,5,2,0,4,4,16,21
2016,e,P,6,True,2,4,3,1,0,11,4,11,14
2016,e,P,6,True,3,6,6,0,0,6,6,16,21
2016,e,P,6,True,4,3,3,0,0,1,3,6,9
2016,e,P,6,True,5,1,1,0,0,0,3,2,3
2016,e,P,6,True,6,2,2,0,0,0,2,4,6
2016,e,P,6,True,7,2,2,0,0,1,5,4,6
2016,e,P,6,True,9,1,1,0,0,1,1,2,3
2016,e,P,6,True,11,1,1,0,0,2,2,2,3
2016,e,P,7,False,-10,1,0,1,0,1,1,2,1
2016,e,P,7,False,-9,2,0,2,0,3,2,4,2
2016,e,P,7,False,-8,1,0,1,0,0,0,2,1
2016,e,P,7,False,-7,1,0,1,0,0,0,2,1
2016,e,P,7,False,-6,3,0,3,0,0,2,6,3
2016,e,P,7,False,-5,4,0,4,0,2,1,8,4
2016,e,P,7,False,-4,3,0,3,0,3,0,6,3
2016,e,P,7,False,-3,7,0,7,0,8,4,16,11
2016,e,P,7,False,-2,10,1,9,0,5,5,22,13
2016,e,P,7,False,-1,7,1,6,0,6,6,14,8
2016,e,P,7,False,0,9,5,3,1,17,7,22,21
2016,e,P,7,False,1,8,5,2,1,8,8,21,20
2016,e,P,7,False,2,3,3,0,0,2,1,6,6
2016,e,P,7,False,3,3,2,1,0,1,7,9,9
2016,e,P,7,False,4,3,3,0,0,1,1,6,6
2016,e,P,7,False,5,1,1,0,0,0,2,2,2
2016,e,P,7,False,6,1,1,0,0,4,1,2,2
2016,e,P,7,False,7,1,1,0,0,0,0,2,2
2016,e,P,7,False,8,3,3,0,0,5,2,6,6
2016,e,P,7,True,-13,1,0,1,0,0,0,2,2
2016,e,P,7,True,-12,1,0,1,0,1,0,2,2
2016,e,P,7,True,-11,2,0,2,0,2,2,4,4
2016,e,P,7,True,-9,1,0,1,0,1,0,2,2
2016,e,P,7,True,-7,2,0,2,0,1,0,4,4
2016,e,P,7,True,-6,3,0,3,0,2,2,6,6
2016,e,P,7,True,-5,2,0,2,0,0,6,4,4
2016,e,P,7,True,-4,4,0,4,0,2,9,8,8
2016,e,P,7,True,-3,6,0,6,0,3,5,12,12
2016,e,P,7,True,-2,4,1,2,1,5,2,10,11
2016,e,P,7,True,-1,5,2,3,0,4,1,9,10
2016,e,P,7,True,0,13,7,6,0,10,14,35,37
2016,e,P,7,True,1,6,5,1,0,2,2,9,14
2016,e,P,7,True,2,5,4,1,0,6,11,6,10
2016,e,P,7,True,3,4,4,0,0,1,2,4,8
2016,e,P,7,True,4,4,4,0,0,0,4,4,8
2016,e,P,7,True,5,4,4,0,0,2,1,4,8
2016,e,P,7,True,7,2,2,0,0,1,2,2,4
2016,e,P,7,True,8,2,2,0,0,1,3,2,4
2016,e,P,7,True,11,1,1,0,0,2,2,1,2
2016,f,P,6,False,-9,1,0,1,0,0,1,3,2
2016,f,P,6,False,-7,1,0,1,0,2,0,3,2
2016,f,P,6,False,-5,3,0,3,0,5,1,9,6
2016,f,P,6,False,-4,1,0,1,0,1,1,3,2
2016,f,P,6,False,-3,4,0,4,0,4,1,12,8
2016,f,P,6,False,-2,6,1,5,0,6,4,19,15
2016,f,P,6,False,-1,11,1,10,0,6,6,34,24
2016,f,P,6,False,0,8,6,2,0,20,8,28,27
2016,f,P,6,False,1,11,11,0,0,18,4,33,33
2016,f,P,6,False,2,6,5,1,0,8,8,18,17
2016,f,P,6,False,3,4,4,0,0,7,5,12,12
2016,f,P,6,False,4,9,8,1,0,13,9,27,27
2016,f,P,6,False,5,4,4,0,0,1,5,12,12
2016,f,P,6,False,6,2,1,0,1,2,6,9,9
2016,f,P,6,False,10,1,1,0,0,1,2,3,3
2016,f,P,6,True,-7,2,0,2,0,0,3,6,6
2016,f,P,6,True,-6,2,0,2,0,3,7,6,6
2016,f,P,6,True,-5,1,0,1,0,4,3,3,3
2016,f,P,6,True,-4,3,1,2,0,8,1,8,9
2016,f,P,6,True,-3,4,0,4,0,3,0,12,12
2016,f,P,6,True,-2,7,2,5,0,11,4,20,21
2016,f,P,6,True,-1,7,4,3,0,22,12,23,25
2016,f,P,6,True,0,6,5,1,0,12,8,20,22
2016,f,P,6,True,1,9,4,3,2,7,13,32,35
2016,f,P,6,True,2,8,8,0,0,4,3,17,24
2016,f,P,6,True,3,10,9,1,0,5,10,22,31
2016,f,P,6,True,4,3,3,0,0,2,1,6,9
2016,f,P,6,True,5,3,3,0,0,7,2,6,9
2016,f,P,6,True,6,3,3,0,0,8,6,6,9
2016,f,P,6,True,8,1,1,0,0,1,0,2,3
2016,f,P,6,True,10,1,1,0,0,0,0,2,3
2016,f,P,6,True,11,1,1,0,0,2,3,2,3
2016,f,P,7,False,-9,1,0,1,0,0,1,2,1
2016,f,P,7,False,-7,1,0,1,0,2,0,2,1
2016,f,P,7,False,-6,1,0,1,0,0,0,2,1
2016,f,P,7,False,-5,1,0,1,0,1,0,2,1
2016,f,P,7,False,-4,3,0,3,0,4,1,6,3
2016,f,P,7,False,-3,4,0,4,0,4,1,8,4
2016,f,P,7,False,-2,7,1,6,0,7,4,15,10
2016,f,P,7,False,-1,11,1,10,0,4,3,23,13
2016,f,P,7,False,0,7,5,1,1,12,4,21,21
2016,f,P,7,False,1,9,8,1,0,11,6,18,18
2016,f,P,7,False,2,5,5,0,0,6,2,10,10
2016,f,P,7,False,3,7,7,0,0,3,1,14,14
2016,f,P,7,False,4,6,6,0,0,5,2,12,12
2016,f,P,7,False,5,4,4,0,0,2,6,8,8
2016,f,P,7,False,6,2,2,0,0,1,0,4,4
2016,f,P,7,False,7,1,1,0,0,1,0,2,2
2016,f,P,7,False,8,1,1,0,0,0,0,2,2
2016,f,P,7,False,11,1,1,0,0,0,2,2,2
2016,f,P,7,True,-10,1,0,1,0,0,0,2,2
2016,f,P,7,True,-7,2,0,2,0,0,0,4,4
2016,f,P,7,True,-6,1,0,1,0,1,4,2,2
2016,f,P,7,True,-5,1,0,1,0,1,0,2,2
2016,f,P,7,True,-4,1,0,1,0,3,3,2,2
2016,f,P,7,True,-3,6,0,6,0,5,1,12,12
2016,f,P,7,True,-2,5,1,4,0,7,4,9,10
2016,f,P,7,True,-1,7,3,4,0,9,4,20,20
2016,f,P,7,True,0,3,2,1,0,2,1,10,10
2016,f,P,7,True,1,9,5,2,2,5,10,20,24
2016,f,P,7,True,2,9,9,0,0,3,2,10,18
2016,f,P,7,True,3,13,13,0,0,8,9,14,26
2016,f,P,7,True,4,5,4,1,0,0,7,7,11
2016,f,P,7,True,5,1,1,0,0,1,0,1,2
2016,f,P,7,True,6,2,2,0,0,2,0,2,4
2016,f,P,7,True,8,1,1,0,0,0,0,1,2
2016,f,P,7,True,9,2,2,0,0,3,4,2,4
2016,f,P,7,True,10,1,1,0,0,0,0,1,2
2016,f,P,7,True,13,1,1,0,0,0,3,1,2
2016,g,C,6,False,-9,2,0,2,0,4,2,6,4
2016,g,C,6,False,-8,1,0,1,0,2,0,3,2
2016,g,C,6,False,-6,2,0,2,0,6,2,6,4
2016,g,C,6,False,-4,6,0,6,0,1,8,18,12
2016,g,C,6,False,-3,5,0,5,0,1,6,15,10
2016,g,C,6,False,-2,4,1,3,0,8,2,16,14
2016,g,C,6,False,-1,8,2,6,0,11,8,24,18
2016,g,C,6,False,0,13,4,8,1,20,26,46,41
2016,g,C,6,False,1,10,5,5,0,3,16,33,28
2016,g,C,6,False,2,7,6,0,1,10,8,26,26
2016,g,C,6,False,3,3,3,0,0,4,4,9,9
2016,g,C,6,False,4,4,4,0,0,5,4,12,12
2016,g,C,6,False,5,2,2,0,0,0,0,6,6
2016,g,C,6,False,6,1,1,0,0,2,0,3,3
2016,g,C,6,False,7,1,1,0,0,1,0,3,3
2016,g,C,6,False,8,1,1,0,0,1,4,3,3
2016,g,C,6,False,9,1,1,0,0,1,0,3,3
2016,g,C,6,True,-8,1,0,1,0,0,1,3,3
2016,g,C,6,True,-7,2,0,2,0,1,0,6,6
2016,g,C,6,True,-6,1,0,1,0,0,0,3,3
2016,g,C,6,True,-5,2,0,2,0,4,0,6,6
2016,g,C,6,True,-4,2,0,2,0,1,2,6,6
2016,g,C,6,True,-3,5,0,5,0,5,9,15,15
2016,g,C,6,True,-2,7,0,7,0,4,17,21,21
2016,g,C,6,True,-1,6,2,4,0,7,6,17,18
2016,g,C,6,True,0,14,10,4,0,18,18,42,48
2016,g,C,6,True,1,9,7,1,1,8,9,27,33
2016,g,C,6,True,2,6,6,0,0,12,2,12,18
2016,g,C,6,True,3,9,7,2,0,3,16,20,27
2016,g,C,6,True,4,2,2,0,0,2,2,4,6
2016,g,C,6,True,5,3,3,0,0,1,7,6,9
2016,g,C,6,True,7,1,1,0,0,2,0,2,3
2016,g,C,6,True,9,2,2,0,0,1,5,4,6
2016,g,C,7,False,-10,2,0,2,0,4,0,4,2
2016,g,C,7,False,-8,1,0,1,0,2,0,2,1
2016,g,C,7,False,-7,1,0,1,0,0,2,2,1
2016,g,C,7,False,-6,1,0,1,0,2,2,2,1
2016,g,C,7,False,-5,3,0,3,0,3,1,6,3
2016,g,C,7,False,-4,4,0,4,0,1,2,8,4
2016,g,C,7,False,-3,8,0,8,0,3,4,16,8
2016,g,C,7,False,-2,2,0,2,0,0,3,4,2
2016,g,C,7,False,-1,9,2,7,0,7,3,21,15
2016,g,C,7,False,0,13,5,7,1,17,17,36,31
2016,g,C,7,False,1,7,5,2,0,2,5,17,16
2016,g,C,7,False,2,8,7,0,1,7,5,19,19
2016,g,C,7,False,4,4,4,0,0,4,4,8,8
2016,g,C,7,False,5,3,3,0,0,0,0,6,6
2016,g,C,7,False,6,2,2,0,0,2,0,4,4
2016,g,C,7,False,7,1,1,0,0,1,0,2,2
2016,g,C,7,False,8,1,1,0,0,1,4,2,2
2016,g,C,7,False,9,1,1,0,0,1,0,2,2
2016,g,C,7,True,-8,1,0,1,0,0,1,2,2
2016,g,C,7,True,-7,1,0,1,0,0,0,2,2
2016,g,C,7,True,-6,3,0,3,0,2,3,6,6
2016,g,C,7,True,-5,4,0,4,0,0,3,8,8
2016,g,C,7,True,-4,2,0,2,0,0,2,4,4
2016,g,C,7,True,-3,6,0,6,0,3,4,12,12
2016,g,C,7,True,-2,5,0,5,0,4,10,10,10
2016,g,C,7,True,-1,6,1,5,0,3,4,12,12
2016,g,C,7,True,0,10,9,1,0,18,4,20,25
2016,g,C,7,True,1,8,6,1,1,2,7,18,23
2016,g,C,7,True,2,8,7,1,0,3,5,9,16
2016,g,C,7,True,3,8,7,1,0,0,6,9,16
2016,g,C,7,True,4,3,3,0,0,1,5,3,6
2016,g,C,7,True,5,3,3,0,0,1,4,3,6
2016,g,C,7,True,8,2,2,0,0,0,3,2,4
2016,g,C,7,True,9,2,2,0,0,0,0,2,4
2016,h,P,6,False,-4,3,0,3,0,1,1,9,6
2016,h,P,6,False,-3,4,1,3,0,8,1,13,10
2016,h,P,6,False,-2,6,0,6,0,3,7,18,13
2016,h,P,6,False,-1,4,1,2,1,4,4,15,13
2016,h,P,6,False,0,12,4,8,0,18,16,42,39
2016,h,P,6,False,1,8,8,0,0,21,10,24,24
2016,h,P,6,False,2,12,8,3,1,13,17,40,39
2016,h,P,6,False,3,11,10,1,0,12,13,33,33
2016,h,P,6,False,4,3,3,0,0,4,1,9,9
2016,h,P,6,False,5,5,5,0,0,15,8,15,15
2016,h,P,6,False,6,1,1,0,0,0,3,3,3
2016,h,P,6,False,8,1,1,0,0,0,1,3,3
2016,h,P,6,False,13,1,1,0,0,0,0,3,3
2016,h,P,6,True,-9,2,0,2,0,11,5,6,6
2016,h,P,6,True,-5,5,0,5,0,4,2,15,15
2016,h,P,6,True,-4,4,1,3,0,8,7,12,12
2016,h,P,6,True,-3,3,2,1,0,12,5,13,13
2016,h,P,6,True,-2,4,0,4,0,1,4,12,12
2016,h,P,6,True,-1,8,2,5,1,9,7,25,27
2016,h,P,6,True,0,5,2,3,0,7,5,14,16
2016,h,P,6,True,1,12,8,4,0,7,15,29,37
2016,h,P,6,True,2,9,6,1,2,9,14,27,33
2016,h,P,6,True,3,2,2,0,0,0,2,4,6
2016,h,P,6,True,4,8,8,0,0,9,11,16,24
2016,h,P,6,True,5,3,3,0,0,2,8,6,9
2016,h,P,6,True,6,2,2,0,0,3,5,4,6
2016,h,P,6,True,7,1,1,0,0,3,0,2,3
2016,h,P,6,True,10,2,2,0,0,4,1,4,6
2016,h,P,6,True,16,1,1,0,0,1,1,2,3
2016,h,P,7,False,-5,1,0,1,0,1,0,2,1
2016,h,P,7,False,-4,4,1,3,0,5,0,9,6
2016,h,P,7,False,-3,4,0,4,0,3,0,8,4
2016,h,P,7,False,-2,6,0,6,0,5,7,13,9
2016,h,P,7,False,-1,4,1,2,1,3,1,11,9
2016,h,P,7,False,0,11,3,8,0,13,12,28,26
2016,h,P,7,False,1,7,6,1,0,3,5,14,13
2016,h,P,7,False,2,7,5,1,1,9,10,17,17
2016,h,P,7,False,3,14,14,0,0,11,10,28,28
2016,h,P,7,False,4,5,5,0,0,6,1,10,10
2016,h,P,7,False,5,4,4,0,0,9,4,8,8
2016,h,P,7,False,7,1,1,0,0,0,1,2,2
2016,h,P,7,False,8,2,2,0,0,0,1,4,4
2016,h,P,7,False,13,1,1,0,0,0,0,2,2
2016,h,P,7,True,-7,1,0,1,0,4,0,2,2
2016,h,P,7,True,-6,3,0,3,0,4,6,6,6
2016,h,P,7,True,-5,6,1,5,0,10,2,13,13
2016,h,P,7,True,-4,1,0,1,0,0,0,2,2
2016,h,P,7,True,-3,4,1,3,0,6,5,11,11
2016,h,P,7,True,-2,4,0,4,0,1,4,8,8
2016,h,P,7,True,-1,7,3,3,1,10,1,15,17
2016,h,P,7,True,0,8,1,6,1,3,11,19,20
2016,h,P,7,True,1,10,9,1,0,0,3,12,21
2016,h,P,7,True,2,9,7,1,1,9,10,14,21
2016,h,P,7,True,3,2,2,0,0,0,0,2,4
2016,h,P,7,True,4,4,4,0,0,2,4,4,8
2016,h,P,7,True,5,5,5,0,0,1,8,5,10
2016,h,P,7,True,6,1,1,0,0,0,0,1,2
2016,h,P,7,True,7,1,1,0,0,1,4,1,2
2016,h,P,7,True,9,1,1,0,0,0,1,1,2
2016,h,P,7,True,10,3,3,0,0,4,1,3,6
2016,h,P,7,True,16,1,1,0,0,1,1,1,2
2016,l,P,6,False,-11,1,0,1,0,2,2,3,2
2016,l,P,6,False,-6,2,0,2,0,1,0,6,4
2016,l,P,6,False,-5,2,0,2,0,5,0,6,4
2016,l,P,6,False,-4,9,0,9,0,14,4,27,18
2016,l,P,6,False,-3,3,0,3,0,1,1,9,6
2016,l,P,6,False,-2,9,0,8,1,10,7,30,23
2016,l,P,6,False,-1,7,4,3,0,13,3,21,18
2016,l,P,6,False,0,12,4,7,1,9,19,45,40
2016,l,P,6,False,1,8,4,4,0,7,15,26,24
2016,l,P,6,False,2,7,7,0,0,4,1,21,21
2016,l,P,6,False,3,2,2,0,0,2,0,6,6
2016,l,P,6,False,4,4,3,1,0,8,9,12,11
2016,l,P,6,False,5,1,1,0,0,1,2,3,3
2016,l,P,6,False,6,3,3,0,0,8,4,9,9
2016,l,P,6,False,8,1,1,0,0,6,1,3,3
2016,l,P,6,False,11,1,1,0,0,0,0,3,3
2016,l,P,6,True,-8,2,0,2,0,3,2,6,6
2016,l,P,6,True,-6,1,0,1,0,0,0,3,3
2016,l,P,6,True,-5,4,0,4,0,7,6,12,12
2016,l,P,6,True,-4,5,0,5,0,8,8,15,15
2016,l,P,6,True,-3,5,1,4,0,12,6,15,15
2016,l,P,6,True,-2,8,1,7,0,8,7,24,24
2016,l,P,6,True,-1,13,2,10,1,14,31,40,42
2016,l,P,6,True,0,5,2,3,0,7,11,18,18
2016,l,P,6,True,1,2,2,0,0,5,1,4,6
2016,l,P,6,True,2,5,5,0,0,10,6,10,15
2016,l,P,6,True,3,9,9,0,0,8,10,20,28
2016,l,P,6,True,4,5,5,0,0,3,1,10,15
2016,l,P,6,True,5,5,5,0,0,7,2,10,15
2016,l,P,6,True,6,1,1,0,0,0,0,2,3
2016,l,P,6,True,9,1,1,0,0,1,0,2,3
2016,l,P,7,False,-11,1,0,1,0,2,2,2,1
2016,l,P,7,False,-6,1,0,1,0,0,0,2,1
2016,l,P,7,False,-5,2,0,2,0,2,0,4,2
2016,l,P,7,False,-4,8,0,8,0,9,2,16,8
2016,l,P,7,False,-3,9,0,9,0,5,3,18,9
2016,l,P,7,False,-2,5,0,5,0,2,2,10,5
2016,l,P,7,False,-1,11,3,8,0,10,1,22,15
2016,l,P,7,False,0,10,4,4,2,5,9,32,30
2016,l,P,7,False,1,5,3,2,0,1,5,12,12
2016,l,P,7,False,2,9,9,0,0,4,1,18,18
2016,l,P,7,False,3,3,3,0,0,3,1,6,6
2016,l,P,7,False,4,1,1,0,0,6,0,2,2
2016,l,P,7,False,5,1,1,0,0,1,2,2,2
2016,l,P,7,False,6,3,3,0,0,5,4,6,6
2016,l,P,7,False,7,1,1,0,0,0,0,2,2
2016,l,P,7,False,11,2,2,0,0,2,0,4,4
2016,l,P,7,True,-8,3,0,3,0,3,2,6,6
2016,l,P,7,True,-6,1,0,1,0,0,0,2,2
2016,l,P,7,True,-5,3,0,3,0,4,5,6,6
2016,l,P,7,True,-4,6,0,6,0,6,1,12,12
2016,l,P,7,True,-3,5,0,5,0,1,4,10,10
2016,l,P,7,True,-2,9,1,8,0,8,9,18,18
2016,l,P,7,True,-1,9,1,8,0,5,16,19,19
2016,l,P,7,True,0,5,3,1,1,5,4,16,16
2016,l,P,7,True,1,4,3,1,0,3,5,5,8
2016,l,P,7,True,2,4,4,0,0,3,0,4,8
2016,l,P,7,True,3,7,7,0,0,4,3,7,14
2016,l,P,7,True,4,7,7,0,0,1,2,7,14
2016,l,P,7,True,5,1,1,0,0,0,1,1,2
2016,l,P,7,True,6,3,3,0,0,0,0,3,6
2016,l,P,7,True,7,3,3,0,0,0,0,3,6
2016,l,P,7,True,9,1,1,0,0,1,0,1,2
2016,m,P,6,False,-11,1,0,1,0,3,2,3,2
2016,m,P,6,False,-10,2,0,2,0,1,3,6,4
2016,m,P,6,False,-8,1,0,1,0,0,1,3,2
2016,m,P,6,False,-7,1,0,1,0,3,1,3,2
2016,m,P,6,False,-6,2,0,2,0,5,9,6,4
2016,m,P,6,False,-5,2,0,2,0,2,5,6,4
2016,m,P,6,False,-4,3,0,3,0,8,8,9,6
2016,m,P,6,False,-3,5,0,5,0,11,4,19,16
2016,m,P,6,False,-2,9,1,7,1,9,5,30,23
2016,m,P,6,False,-1,9,4,4,1,11,8,32,28
2016,m,P,6,False,0,7,4,3,0,20,9,22,21
2016,m,P,6,False,1,9,6,3,0,19,14,31,31
2016,m,P,6,False,2,3,3,0,0,0,2,9,9
2016,m,P,6,False,3,7,6,1,0,12,9,22,22
2016,m,P,6,False,4,4,4,0,0,5,1,12,12
2016,m,P,6,False,5,1,1,0,0,0,4,3,3
2016,m,P,6,False,6,2,2,0,0,2,1,6,6
2016,m,P,6,False,9,3,3,0,0,8,12,9,9
2016,m,P,6,True,-5,1,0,1,0,0,3,3,3
2016,m,P,6,True,-4,3,0,3,0,1,5,9,9
2016,m,P,6,True,-3,6,0,6,0,0,4,18,18
2016,m,P,6,True,-2,10,3,7,0,13,11,33,33
2016,m,P,6,True,-1,12,2,10,0,13,12,36,38
2016,m,P,6,True,0,8,3,4,1,5,16,30,30
2016,m,P,6,True,1,6,5,1,0,8,6,14,18
2016,m,P,6,True,2,9,8,1,0,5,9,21,29
2016,m,P,6,True,3,9,9,0,0,18,10,21,29
2016,m,P,6,True,4,3,3,0,0,2,5,6,9
2016,m,P,6,True,5,3,3,0,0,0,4,6,9
2016,m,P,6,True,6,1,1,0,0,0,0,2,3
2016,m,P,6,True,8,1,1,0,0,3,2,2,3
2016,m,P,7,False,-13,1,0,1,0,3,0,2,1
2016,m,P,7,False,-11,1,0,1,0,0,0,2,1
2016,m,P,7,False,-10,1,0,1,0,1,2,2,1
2016,m,P,7,False,-9,3,0,3,0,5,3,6,3
2016,m,P,7,False,-8,1,0,1,0,3,0,2,1
2016,m,P,7,False,-7,2,0,2,0,4,1,4,2
2016,m,P,7,False,-6,1,0,1,0,0,0,2,1
2016,m,P,7,False,-4,2,0,2,0,2,1,4,2
2016,m,P,7,False,-3,3,0,3,0,2,3,6,3
2016,m,P,7,False,-2,13,2,10,1,19,6,29,19
2016,m,P,7,False,-1,3,0,2,1,3,3,9,7
2016,m,P,7,False,0,9,6,3,0,8,3,24,24
2016,m,P,7,False,1,9,5,4,0,6,11,23,23
2016,m,P,7,False,2,5,5,0,0,8,1,10,10
2016,m,P,7,False,3,4,4,0,0,3,1,8,8
2016,m,P,7,False,4,4,4,0,0,0,4,8,8
2016,m,P,7,False,5,4,3,1,0,6,6,9,9
2016,m,P,7,False,6,2,2,0,0,5,2,4,4
2016,m,P,7,False,7,2,2,0,0,0,5,4,4
2016,m,P,7,False,12,1,1,0,0,0,1,2,2
2016,m,P,7,True,-7,1,0,1,0,0,1,2,2
2016,m,P,7,True,-5,2,0,2,0,0,3,4,4
2016,m,P,7,True,-4,1,0,1,0,0,1,2,2
2016,m,P,7,True,-3,8,0,8,0,3,4,17,17
2016,m,P,7,True,-2,7,1,6,0,3,6,15,15
2016,m,P,7,True,-1,10,1,9,0,5,4,21,22
2016,m,P,7,True,0,12,6,5,1,11,21,31,31
2016,m,P,7,True,1,3,3,0,0,1,0,3,6
2016,m,P,7,True,2,11,10,1,0,2,6,14,24
2016,m,P,7,True,3,6,6,0,0,8,8,9,14
2016,m,P,7,True,4,5,5,0,0,2,7,5,10
2016,m,P,7,True,5,2,2,0,0,0,3,2,4
2016,m,P,7,True,6,2,2,0,0,0,0,2,4
2016,m,P,7,True,8,1,1,0,0,1,0,1,2
2016,m,P,7,True,9,1,1,0,0,2,1,1,2
2016,s,C,6,False,-9,3,0,3,0,5,1,9,6
2016,s,C,6,False,-8,2,0,2,0,3,3,6,4
2016,s,C,6,False,-7,2,0,2,0,4,4,6,4
2016,s,C,6,False,-6,1,0,1,0,0,1,3,2
2016,s,C,6,False,-5,4,0,4,0,5,3,12,8
2016,s,C,6,False,-4,5,0,5,0,5,3,15,10
2016,s,C,6,False,-3,5,1,4,0,6,4,15,11
2016,s,C,6,False,-2,11,2,9,0,16,11,35,26
2016,s,C,6,False,-1,9,0,9,0,5,11,30,22
2016,s,C,6,False,0,8,3,5,0,18,13,26,22
2016,s,C,6,False,1,3,2,1,0,2,4,9,8
2016,s,C,6,False,2,9,6,3,0,9,16,29,27
2016,s,C,6,False,3,2,2,0,0,0,0,6,6
2016,s,C,6,False,4,5,5,0,0,4,2,15,15
2016,s,C,6,False,5,1,1,0,0,3,4,3,3
2016,s,C,6,False,6,2,2,0,0,0,0,6,6
2016,s,C,6,True,-11,1,0,1,0,8,2,3,3
2016,s,C,6,True,-10,1,0,1,0,2,0,3,3
2016,s,C,6,True,-8,1,0,1,0,0,0,3,3
2016,s,C,6,True,-7,1,0,1,0,0,1,3,3
2016,s,C,6,True,-5,1,0,1,0,2,6,3,3
2016,s,C,6,True,-4,7,0,7,0,10,17,21,21
2016,s,C,6,True,-3,5,0,5,0,9,12,15,15
2016,s,C,6,True,-2,9,4,5,0,17,20,30,31
2016,s,C,6,True,-1,7,4,3,0,12,10,20,23
2016,s,C,6,True,0,8,6,2,0,12,7,19,24
2016,s,C,6,True,1,6,2,3,1,6,14,20,21
2016,s,C,6,True,2,7,7,0,0,5,5,17,23
2016,s,C,6,True,3,7,7,0,0,13,4,14,21
2016,s,C,6,True,4,4,4,0,0,11,5,8,12
2016,s,C,6,True,5,4,4,0,0,6,7,8,12
2016,s,C,6,True,6,2,2,0,0,3,6,4,6
2016,s,C,7,False,-9,3,0,3,0,0,0,6,3
2016,s,C,7,False,-8,2,0,2,0,3,1,4,2
2016,s,C,7,False,-7,1,0,1,0,1,1,2,1
2016,s,C,7,False,-6,3,0,3,0,1,1,6,3
2016,s,C,7,False,-5,5,0,5,0,3,2,10,5
2016,s,C,7,False,-4,5,0,5,0,5,2,10,5
2016,s,C,7,False,-3,6,0,6,0,3,1,12,6
2016,s,C,7,False,-2,10,1,9,0,5,2,20,11
2016,s,C,7,False,-1,5,0,5,0,2,3,13,9
2016,s,C,7,False,0,7,1,6,0,4,12,17,13
2016,s,C,7,False,1,4,3,1,0,3,4,8,7
2016,s,C,7,False,2,8,6,2,0,13,11,18,16
2016,s,C,7,False,3,4,4,0,0,1,3,9,9
2016,s,C,7,False,4,4,4,0,0,3,4,8,8
2016,s,C,7,False,5,2,2,0,0,0,1,4,4
2016,s,C,7,False,6,2,2,0,0,0,0,4,4
2016,s,C,7,False,7,1,1,0,0,0,0,2,2
2016,s,C,7,True,-9,1,0,1,0,1,0,2,2
2016,s,C,7,True,-8,2,0,2,0,4,1,4,4
2016,s,C,7,True,-7,2,0,2,0,1,3,4,4
2016,s,C,7,True,-6,2,0,2,0,0,8,4,4
2016,s,C,7,True,-5,4,0,4,0,4,9,8,8
2016,s,C,7,True,-4,2,0,2,0,1,2,4,4
2016,s,C,7,True,-3,4,0,4,0,4,6,8,8
2016,s,C,7,True,-2,7,1,6,0,9,9,13,14
2016,s,C,7,True,-1,6,3,3,0,8,7,12,13
2016,s,C,7,True,0,8,5,2,1,9,7,19,22
2016,s,C,7,True,1,9,7,2,0,4,8,15,20
2016,s,C,7,True,2,4,4,0,0,2,3,7,10
2016,s,C,7,True,3,6,6,0,0,2,3,6,12
2016,s,C,7,True,4,7,7,0,0,7,4,7,14
2016,s,C,7,True,5,2,2,0,0,0,1,2,4
2016,s,C,7,True,7,4,4,0,0,5,8,4,8
2016,s,C,7,True,8,1,1,0,0,0,0,1,2
2016,t,C,6,False,-7,1,0,1,0,0,0,3,2
2016,t,C,6,False,-6,2,0,2,0,3,1,6,4
2016,t,C,6,False,-5,2,0,2,0,0,1,6,4
2016,t,C,6,False,-4,5,0,5,0,5,8,15,10
2016,t,C,6,False,-3,7,0,7,0,5,7,21,14
2016,t,C,6,False,-2,6,0,6,0,1,12,18,12
2016,t,C,6,False,-1,9,3,5,1,20,11,31,28
2016,t,C,6,False,0,8,3,5,0,12,12,26,24
2016,t,C,6,False,1,5,4,1,0,2,3,17,17
2016,t,C,6,False,2,7,5,2,0,9,11,22,21
2016,t,C,6,False,3,10,9,1,0,15,13,30,30
2016,t,C,6,False,4,4,3,0,1,6,9,15,15
2016,t,C,6,False,6,2,2,0,0,0,0,6,6
2016,t,C,6,False,7,2,2,0,0,2,1,6,6
2016,t,C,6,False,8,2,2,0,0,1,2,6,6
2016,t,C,6,True,-9,2,0,2,0,0,1,6,6
2016,t,C,6,True,-6,1,0,1,0,0,3,3,3
2016,t,C,6,True,-5,4,1,3,0,10,3,11,12
2016,t,C,6,True,-4,4,0,4,0,5,1,12,12
2016,t,C,6,True,-3,4,0,4,0,1,6,12,12
2016,t,C,6,True,-2,12,0,11,1,10,16,39,39
2016,t,C,6,True,-1,7,3,4,0,13,5,19,21
2016,t,C,6,True,0,14,8,6,0,21,21,41,45
2016,t,C,6,True,1,7,5,2,0,2,7,19,24
2016,t,C,6,True,2,6,4,2,0,4,13,15,19
2016,t,C,6,True,3,3,3,0,0,5,4,6,9
2016,t,C,6,True,4,2,2,0,0,1,2,4,6
2016,t,C,6,True,5,2,2,0,0,1,2,4,6
2016,t,C,6,True,7,1,1,0,0,0,1,2,3
2016,t,C,6,True,8,1,1,0,0,0,1,2,3
2016,t,C,6,True,9,1,1,0,0,0,0,2,3
2016,t,C,7,False,-7,4,0,4,0,3,2,8,4
2016,t,C,7,False,-6,5,0,5,0,2,2,10,5
2016,t,C,7,False,-5,1,0,1,0,0,0,2,1
2016,t,C,7,False,-4,3,0,3,0,1,4,6,3
2016,t,C,7,False,-3,2,0,2,0,0,0,4,2
2016,t,C,7,False,-2,10,1,9,0,6,1,21,12
2016,t,C,7,False,-1,10,3,7,0,16,8,22,18
2016,t,C,7,False,0,6,1,4,1,5,8,18,17
2016,t,C,7,False,1,6,5,1,0,4,3,12,12
2016,t,C,7,False,2,7,7,0,0,10,5,14,14
2016,t,C,7,False,3,5,4,1,0,5,4,10,10
2016,t,C,7,False,4,3,2,0,1,1,6,9,9
2016,t,C,7,False,5,4,4,0,0,3,5,8,8
2016,t,C,7,False,6,4,4,0,0,0,0,8,8
2016,t,C,7,False,8,1,1,0,0,1,0,2,2
2016,t,C,7,False,9,1,1,0,0,0,0,2,2
2016,t,C,7,True,-9,2,0,2,0,0,1,4,4
2016,t,C,7,True,-6,2,0,2,0,0,3,4,4
2016,t,C,7,True,-5,4,0,4,0,1,0,8,8
2016,t,C,7,True,-4,4,0,4,0,5,1,8,8
2016,t,C,7,True,-3,3,0,3,0,2,6,6,6
2016,t,C,7,True,-2,12,0,11,1,6,9,27,27
2016,t,C,7,True,-1,6,2,4,0,7,5,11,12
2016,t,C,7,True,0,11,8,3,0,15,8,20,25
2016,t,C,7,True,1,10,6,4,0,6,14,18,23
2016,t,C,7,True,2,7,5,2,0,2,11,10,15
2016,t,C,7,True,3,3,3,0,0,2,2,3,6
2016,t,C,7,True,4,3,3,0,0,2,2,3,6
2016,t,C,7,True,5,1,1,0,0,1,0,1,2
2016,t,C,7,True,6,1,1,0,0,0,0,1,2
2016,t,C,7,True,7,1,1,0,0,0,0,1,2
2016,t,C,7,True,9,1,1,0,0,0,0,1,2
2017,b,P,6,False,-8,1,0,1,0,0,0,3,2
2017,b,P,6,False,-7,1,0,1,0,2,0,3,2
2017,b,P,6,False,-5,4,0,4,0,9,3,15,12
2017,b,P,6,False,-4,8,1,7,0,18,6,24,18
2017,b,P,6,False,-3,2,0,2,0,2,8,6,4
2017,b,P,6,False,-2,11,0,11,0,4,19,33,22
2017,b,P,6,False,-1,12,2,10,0,8,13,36,26
2017,b,P,6,False,0,8,4,3,1,14,7,29,28
2017,b,P,6,False,1,6,6,0,0,19,13,20,20
2017,b,P,6,False,2,7,4,3,0,2,11,25,25
2017,b,P,6,False,3,7,7,0,0,6,6,21,21
2017,b,P,6,False,4,2,2,0,0,0,1,6,6
2017,b,P,6,False,5,2,2,0,0,10,1,6,6
2017,b,P,6,False,6,1,1,0,0,3,0,3,3
2017,b,P,6,True,-9,1,0,1,0,2,0,3,3
2017,b,P,6,True,-8,1,0,1,0,0,0,3,3
2017,b,P,6,True,-6,2,0,2,0,4,7,6,6
2017,b,P,6,True,-5,2,0,2,0,3,3,6,6
2017,b,P,6,True,-4,3,1,2,0,10,2,8,9
2017,b,P,6,True,-3,8,0,8,0,4,16,24,24
2017,b,P,6,True,-2,2,0,2,0,0,7,6,6
2017,b,P,6,True,-1,8,1,7,0,7,16,29,29
2017,b,P,6,True,0,12,7,5,0,9,20,37,40
2017,b,P,6,True,1,11,6,5,0,11,13,29,35
2017,b,P,6,True,2,6,5,1,0,9,6,13,18
2017,b,P,6,True,3,6,6,0,0,3,5,16,21
2017,b,P,6,True,4,1,0,1,0,0,5,3,3
2017,b,P,6,True,5,4,4,0,0,8,9,8,12
2017,b,P,6,True,6,1,1,0,0,2,1,2,3
2017,b,P,6,True,7,2,2,0,0,4,0,4,6
2017,b,P,6,True,8,1,1,0,0,3,1,2,3
2017,b,P,7,False,-8,2,0,2,0,0,1,4,2
2017,b,P,7,False,-7,2,0,2,0,2,0,4,2
2017,b,P,7,False,-6,2,0,2,0,3,0,4,2
2017,b,P,7,False,-5,2,0,2,0,0,0,4,2
2017,b,P,7,False,-4,8,0,8,0,2,2,16,8
2017,b,P,7,False,-3,5,1,4,0,8,2,15,12
2017,b,P,7,False,-2,7,0,7,0,3,4,14,7
2017,b,P,7,False,-1,11,3,8,0,13,8,22,14
2017,b,P,7,False,0,5,1,4,0,3,5,12,11
2017,b,P,7,False,1,7,5,2,0,2,4,18,18
2017,b,P,7,False,2,9,7,1,1,2,5,21,21
2017,b,P,7,False,3,6,6,0,0,5,5,12,12
2017,b,P,7,False,4,1,1,0,0,0,0,2,2
2017,b,P,7,False,5,1,1,0,0,0,0,2,2
2017,b,P,7,False,6,2,2,0,0,4,3,4,4
2017,b,P,7,False,7,1,1,0,0,2,0,2,2
2017,b,P,7,False,10,1,1,0,0,1,1,2,2
2017,b,P,7,True,-9,1,0,1,0,2,0,2,2
2017,b,P,7,True,-8,2,0,2,0,4,0,4,4
2017,b,P,7,True,-7,1,0,1,0,0,4,2,2
2017,b,P,7,True,-6,1,0,1,0,3,0,2,2
2017,b,P,7,True,-5,3,0,3,0,2,9,6,6
2017,b,P,7,True,-4,3,0,3,0,4,2,6,6
2017,b,P,7,True,-3,5,1,4,0,8,5,11,12
2017,b,P,7,True,-2,8,0,8,0,2,13,16,16
2017,b,P,7,True,-1,9,2,7,0,5,15,18,19
2017,b,P,7,True,0,10,6,4,0,7,7,24,26
2017,b,P,7,True,1,7,5,2,0,2,5,11,16
2017,b,P,7,True,2,6,6,0,0,6,0,6,12
2017,b,P,7,True,3,4,4,0,0,1,3,8,11
2017,b,P,7,True,4,2,1,1,0,0,5,3,4
2017,b,P,7,True,5,2,2,0,0,0,3,2,4
2017,b,P,7,True,6,2,2,0,0,0,0,2,4
2017,b,P,7,True,7,2,2,0,0,3,0,2,4
2017,b,P,7,True,8,2,2,0,0,0,1,2,4
2017,b,P,7,True,11,1,1,0,0,0,0,1,2
2017,c,C,6,False,-9,1,0,1,0,0,1,3,2
2017,c,C,6,False,-6,3,1,2,0,11,1,9,7
2017,c,C,6,False,-5,2,0,2,0,1,6,6,4
2017,c,C,6,False,-4,2,0,2,0,0,4,6,4
2017,c,C,6,False,-3,3,0,3,0,10,7,9,6
2017,c,C,6,False,-2,9,4,5,0,17,1,28,23
2017,c,C,6,False,-1,11,4,5,2,20,4,41,39
2017,c,C,6,False,0,11,4,6,1,25,12,37,34
2017,c,C,6,False,1,9,7,2,0,14,13,27,25
2017,c,C,6,False,2,4,2,2,0,3,7,13,13
2017,c,C,6,False,3,4,3,1,0,7,11,14,14
2017,c,C,6,False,4,3,3,0,0,11,4,9,9
2017,c,C,6,False,5,3,3,0,0,2,2,9,9
2017,c,C,6,False,6,3,3,0,0,1,0,9,9
2017,c,C,6,False,7,2,2,0,0,1,4,6,6
2017,c,C,6,False,8,1,1,0,0,1,5,3,3
2017,c,C,6,False,9,1,1,0,0,0,0,3,3
2017,c,C,6,True,-7,1,0,1,0,0,0,3,3
2017,c,C,6,True,-5,1,0,1,0,0,3,3,3
2017,c,C,6,True,-4,3,0,3,0,7,3,9,9
2017,c,C,6,True,-3,6,2,3,1,15,4,21,22
2017,c,C,6,True,-2,3,0,3,0,0,1,9,9
2017,c,C,6,True,-1,9,4,5,0,20,18,31,32
2017,c,C,6,True,0,7,4,3,0,8,8,21,24
2017,c,C,6,True,1,11,11,0,0,15,5,22,33
2017,c,C,6,True,2,6,5,1,0,7,5,13,18
2017,c,C,6,True,3,8,8,0,0,15,7,16,24
2017,c,C,6,True,4,6,6,0,0,11,2,12,18
2017,c,C,6,True,5,4,4,0,0,6,6,12,15
2017,c,C,6,True,7,2,2,0,0,0,0,4,6
2017,c,C,6,True,8,1,1,0,0,0,0,2,3
2017,c,C,6,True,9,1,1,0,0,5,1,2,3
2017,c,C,6,True,10,1,1,0,0,2,1,2,3
2017,c,C,6,True,12,1,1,0,0,0,2,2,3
2017,c,C,7,False,-9,1,0,1,0,0,1,2,1
2017,c,C,7,False,-6,1,0,1,0,0,0,2,1
2017,c,C,7,False,-5,4,1,3,0,9,6,8,5
2017,c,C,7,False,-4,4,0,4,0,6,6,8,4
2017,c,C,7,False,-3,1,0,1,0,2,2,2,1
2017,c,C,7,False,-2,5,0,5,0,1,2,10,5
2017,c,C,7,False,-1,10,1,7,2,12,5,30,25
2017,c,C,7,False,0,11,6,4,1,22,5,27,25
2017,c,C,7,False,1,8,6,2,0,5,5,17,17
2017,c,C,7,False,2,6,5,1,0,8,6,14,14
2017,c,C,7,False,3,5,5,0,0,1,5,10,10
2017,c,C,7,False,4,6,5,1,0,14,10,12,12
2017,c,C,7,False,5,2,2,0,0,0,0,4,4
2017,c,C,7,False,6,4,4,0,0,1,0,8,8
2017,c,C,7,False,8,1,1,0,0,0,3,2,2
2017,c,C,7,False,9,2,2,0,0,0,5,4,4
2017,c,C,7,True,-7,1,0,1,0,0,0,2,2
2017,c,C,7,True,-5,2,0,2,0,0,3,4,4
2017,c,C,7,True,-4,3,1,2,0,9,0,7,7
2017,c,C,7,True,-3,6,0,5,1,6,7,15,15
2017,c,C,7,True,-2,4,1,3,0,4,2,10,10
2017,c,C,7,True,-1,4,3,1,0,7,0,6,8
2017,c,C,7,True,0,9,4,5,0,5,8,20,23
2017,c,C,7,True,1,9,9,0,0,5,2,10,18
2017,c,C,7,True,2,5,5,0,0,0,3,5,10
2017,c,C,7,True,3,8,7,1,0,11,8,14,20
2017,c,C,7,True,4,9,9,0,0,12,2,9,18
2017,c,C,7,True,5,3,3,0,0,1,0,3,6
2017,c,C,7,True,7,3,3,0,0,2,1,3,6
2017,c,C,7,True,8,2,2,0,0,0,0,2,4
2017,c,C,7,True,9,1,1,0,0,5,1,1,2
2017,c,C,7,True,10,1,1,0,0,1,0,1,2
2017,c,C,7,True,12,1,1,0,0,0,2,1,2
2017,d,C,6,False,-10,1,0,1,0,1,2,3,2
2017,d,C,6,False,-9,2,0,2,0,1,1,6,4
2017,d,C,6,False,-8,2,0,2,0,1,0,6,4
2017,d,C,6,False,-7,3,0,3,0,1,0,9,6
2017,d,C,6,False,-6,1,0,1,0,0,2,3,2
2017,d,C,6,False,-5,2,0,2,0,1,6,6,4
2017,d,C,6,False,-4,6,0,6,0,3,3,18,12
2017,d,C,6,False,-3,5,0,5,0,4,6,15,10
2017,d,C,6,False,-2,5,0,5,0,12,14,17,13
2017,d,C,6,False,-1,9,2,7,0,11,14,28,22
2017,d,C,6,False,0,16,6,8,2,14,17,56,51
2017,d,C,6,False,1,8,6,2,0,11,7,25,25
2017,d,C,6,False,2,4,3,1,0,10,8,13,13
2017,d,C,6,False,3,2,1,1,0,1,5,6,5
2017,d,C,6,False,4,3,3,0,0,1,5,9,9
2017,d,C,6,False,6,1,1,0,0,1,0,3,3
2017,d,C,6,False,10,1,0,1,0,0,11,4,4
2017,d,C,6,True,-12,1,0,1,0,5,1,3,3
2017,d,C,6,True,-9,1,0,1,0,0,0,3,3
2017,d,C,6,True,-8,2,0,2,0,1,0,6,6
2017,d,C,6,True,-6,2,0,2,0,0,0,6,6
2017,d,C,6,True,-5,3,0,3,0,8,7,9,9
2017,d,C,6,True,-4,4,0,4,0,3,7,12,12
2017,d,C,6,True,-3,2,0,2,0,3,3,8,8
2017,d,C,6,True,-2,5,1,4,0,5,7,16,16
2017,d,C,6,True,-1,6,3,3,0,10,6,15,18
2017,d,C,6,True,0,14,8,5,1,19,16,49,53
2017,d,C,6,True,1,10,7,1,2,10,8,31,37
2017,d,C,6,True,2,10,6,4,0,6,21,26,32
2017,d,C,6,True,3,4,4,0,0,6,4,8,12
2017,d,C,6,True,4,2,2,0,0,2,3,4,6
2017,d,C,6,True,5,1,1,0,0,0,0,2,3
2017,d,C,6,True,6,2,2,0,0,1,0,4,6
2017,d,C,6,True,7,1,1,0,0,0,2,2,3
2017,d,C,6,True,8,2,2,0,0,0,1,4,6
2017,d,C,7,False,-10,2,0,2,0,1,1,4,2
2017,d,C,7,False,-9,1,0,1,0,0,0,2,1
2017,d,C,7,False,-8,3,0,3,0,1,0,6,3
2017,d,C,7,False,-7,4,0,4,0,2,2,8,4
2017,d,C,7,False,-6,3,0,3,0,1,1,6,3
2017,d,C,7,False,-5,2,0,2,0,0,0,4,2
2017,d,C,7,False,-4,6,0,6,0,3,1,12,6
2017,d,C,7,False,-3,3,0,3,0,0,1,6,3
2017,d,C,7,False,-2,4,1,3,0,7,2,9,7
2017,d,C,7,False,-1,4,0,4,0,0,0,8,4
2017,d,C,7,False,0,17,7,8,2,17,18,44,40
2017,d,C,7,False,1,12,6,6,0,9,16,24,20
2017,d,C,7,False,2,2,2,0,0,1,0,4,4
2017,d,C,7,False,3,2,1,1,0,1,6,6,6
2017,d,C,7,False,4,3,3,0,0,0,4,6,6
2017,d,C,7,False,7,2,2,0,0,1,2,4,4
2017,d,C,7,False,8,1,0,1,0,0,9,3,3
2017,d,C,7,True,-11,1,0,1,0,3,0,2,2
2017,d,C,7,True,-9,1,0,1,0,0,0,2,2
2017,d,C,7,True,-8,3,0,3,0,3,0,6,6
2017,d,C,7,True,-6,2,0,2,0,0,0,4,4
2017,d,C,7,True,-5,3,0,3,0,6,3,6,6
2017,d,C,7,True,-4,5,0,5,0,0,5,10,10
2017,d,C,7,True,-2,8,2,6,0,8,9,18,18
2017,d,C,7,True,-1,6,1,5,0,3,3,14,15
2017,d,C,7,True,0,11,5,4,2,10,8,28,31
2017,d,C,7,True,1,10,8,1,1,5,4,17,24
2017,d,C,7,True,2,7,7,0,0,4,3,11,17
2017,d,C,7,True,3,7,6,1,0,8,11,10,16
2017,d,C,7,True,4,1,1,0,0,0,2,1,2
2017,d,C,7,True,5,1,1,0,0,0,0,1,2
2017,d,C,7,True,6,3,3,0,0,1,1,3,6
2017,d,C,7,True,7,1,1,0,0,0,2,1,2
2017,d,C,7,True,8,2,2,0,0,0,1,2,4
2017,db,C,6,False,-8,1,0,1,0,0,0,3,2
2017,db,C,6,False,-7,2,0,2,0,1,0,6,4
2017,db,C,6,False,-6,3,0,3,0,2,1,9,6
2017,db,C,6,False,-5,1,0,1,0,1,0,3,2
2017,db,C,6,False,-4,3,0,3,0,1,8,9,6
2017,db,C,6,False,-3,1,0,1,0,0,1,3,2
2017,db,C,6,False,-2,8,1,7,0,7,7,24,17
2017,db,C,6,False,-1,10,0,9,1,6,26,36,29
2017,db,C,6,False,0,7,3,4,0,13,16,23,22
2017,db,C,6,False,1,13,8,5,0,23,32,42,39
2017,db,C,6,False,2,6,6,0,0,8,3,18,18
2017,db,C,6,False,3,6,6,0,0,7,4,18,18
2017,db,C,6,False,4,2,2,0,0,3,3,6,6
2017,db,C,6,False,5,4,4,0,0,0,4,12,12
2017,db,C,6,False,6,2,2,0,0,3,3,6,6
2017,db,C,6,False,8,1,1,0,0,0,0,3,3
2017,db,C,6,False,9,1,1,0,0,0,0,3,3
2017,db,C,6,False,12,1,1,0,0,1,5,3,3
2017,db,C,6,True,-10,1,0,1,0,1,0,3,3
2017,db,C,6,True,-8,1,0,1,0,1,3,3,3
2017,db,C,6,True,-6,2,0,2,0,1,3,6,6
2017,db,C,6,True,-5,2,0,2,0,5,4,6,6
2017,db,C,6,True,-4,3,0,3,0,2,4,9,9
2017,db,C,6,True,-3,4,1,3,0,8,4,12,12
2017,db,C,6,True,-2,6,3,3,0,12,7,20,21
2017,db,C,6,True,-1,7,1,6,0,2,9,21,21
2017,db,C,6,True,0,13,5,5,3,16,22,48,52
2017,db,C,6,True,1,11,8,2,1,13,8,31,38
2017,db,C,6,True,2,4,4,0,0,2,1,8,12
2017,db,C,6,True,3,6,6,0,0,14,10,12,18
2017,db,C,6,True,4,4,3,1,0,6,11,10,12
2017,db,C,6,True,5,1,1,0,0,0,0,2,3
2017,db,C,6,True,6,2,2,0,0,0,5,4,6
2017,db,C,6,True,7,1,1,0,0,0,1,2,3
2017,db,C,6,True,8,2,2,0,0,0,1,4,6
2017,db,C,6,True,9,1,1,0,0,1,0,2,3
2017,db,C,7,False,-8,1,0,1,0,0,0,2,1
2017,db,C,7,False,-7,2,0,2,0,1,0,4,2
2017,db,C,7,False,-6,4,0,4,0,3,1,8,4
2017,db,C,7,False,-5,4,0,4,0,1,0,8,4
2017,db,C,7,False,-4,3,0,3,0,0,8,6,3
2017,db,C,7,False,-3,4,1,3,0,5,1,9,6
2017,db,C,7,False,-2,5,0,5,0,1,4,10,5
2017,db,C,7,False,-1,6,1,5,0,3,12,12,7
2017,db,C,7,False,0,9,2,6,1,10,13,28,27
2017,db,C,7,False,1,9,7,2,0,6,9,18,17
2017,db,C,7,False,2,5,5,0,0,1,0,10,10
2017,db,C,7,False,3,7,6,1,0,6,4,14,14
2017,db,C,7,False,4,5,5,0,0,2,2,10,10
2017,db,C,7,False,5,3,3,0,0,0,4,6,6
2017,db,C,7,False,6,1,1,0,0,0,0,2,2
2017,db,C,7,False,7,1,1,0,0,1,0,2,2
2017,db,C,7,False,8,1,1,0,0,0,0,2,2
2017,db,C,7,False,9,1,1,0,0,0,0,2,2
2017,db,C,7,False,11,1,1,0,0,0,3,2,2
2017,db,C,7,True,-11,1,0,1,0,1,0,2,2
2017,db,C,7,True,-9,1,0,1,0,0,0,2,2
2017,db,C,7,True,-7,1,0,1,0,0,0,2,2
2017,db,C,7,True,-5,3,1,2,0,8,6,8,8
2017,db,C,7,True,-4,5,1,4,0,8,6,10,10
2017,db,C,7,True,-3,4,0,4,0,3,0,8,8
2017,db,C,7,True,-2,4,0,4,0,0,4,7,8
2017,db,C,7,True,-1,7,2,5,0,4,6,15,15
2017,db,C,7,True,0,11,4,4,3,9,16,32,34
2017,db,C,7,True,1,12,8,3,1,10,13,23,30
2017,db,C,7,True,2,5,5,0,0,1,1,5,10
2017,db,C,7,True,3,1,1,0,0,0,0,1,2
2017,db,C,7,True,4,7,7,0,0,8,11,8,14
2017,db,C,7,True,5,4,4,0,0,0,3,4,8
2017,db,C,7,True,7,1,1,0,0,0,1,1,2
2017,db,C,7,True,8,3,3,0,0,1,1,3,6
2017,db,C,7,True,9,1,1,0,0,1,0,1,2
2017,e,P,6,False,-8,1,0,1,0,0,0,3,2
2017,e,P,6,False,-7,1,0,1,0,0,0,3,2
2017,e,P,6,False,-5,3,0,3,0,4,6,9,6
2017,e,P,6,False,-4,3,1,2,0,8,7,9,7
2017,e,P,6,False,-3,7,1,6,0,8,13,21,15
2017,e,P,6,False,-2,7,1,6,0,11,3,22,18
2017,e,P,6,False,-1,6,0,6,0,7,15,18,12
2017,e,P,6,False,0,9,3,5,1,11,9,38,38
2017,e,P,6,False,1,10,8,2,0,17,8,35,34
2017,e,P,6,False,2,8,8,0,0,7,3,24,24
2017,e,P,6,False,3,6,5,1,0,10,11,20,20
2017,e,P,6,False,4,3,3,0,0,5,3,9,9
2017,e,P,6,False,5,2,2,0,0,6,1,6,6
2017,e,P,6,False,6,2,2,0,0,6,5,6,6
2017,e,P,6,False,7,2,2,0,0,5,4,6,6
2017,e,P,6,False,8,1,1,0,0,3,2,3,3
2017,e,P,6,True,-9,1,0,1,0,1,3,3,3
2017,e,P,6,True,-8,1,0,1,0,0,0,3,3
2017,e,P,6,True,-6,1,0,1,0,4,0,3,3
2017,e,P,6,True,-5,1,0,1,0,0,0,3,3
2017,e,P,6,True,-4,4,0,3,1,8,9,11,11
2017,e,P,6,True,-3,6,1,5,0,10,8,18,18
2017,e,P,6,True,-2,9,2,7,0,9,6,28,28
2017,e,P,6,True,-1,9,2,7,0,8,11,29,29
2017,e,P,6,True,0,8,5,2,1,13,11,25,29
2017,e,P,6,True,1,8,7,1,0,10,6,17,24
2017,e,P,6,True,2,8,7,1,0,8,13,17,24
2017,e,P,6,True,3,2,2,0,0,1,2,4,6
2017,e,P,6,True,4,4,4,0,0,7,8,8,12
2017,e,P,6,True,5,2,2,0,0,0,0,4,6
2017,e,P,6,True,6,2,2,0,0,0,0,4,6
2017,e,P,6,True,7,1,1,0,0,0,1,2,3
2017,e,P,6,True,8,1,1,0,0,3,7,2,3
2017,e,P,6,True,9,2,2,0,0,0,2,4,6
2017,e,P,6,True,10,1,1,0,0,1,0,2,3
2017,e,P,7,False,-8,1,0,1,0,0,0,2,1
2017,e,P,7,False,-7,2,0,2,0,0,0,4,2
2017,e,P,7,False,-6,1,0,1,0,0,0,2,1
2017,e,P,7,False,-5,3,0,3,0,2,5,6,3
2017,e,P,7,False,-4,5,1,4,0,7,3,10,6
2017,e,P,7,False,-3,4,0,4,0,6,3,8,4
2017,e,P,7,False,-2,5,0,5,0,2,5,10,5
2017,e,P,7,False,-1,6,1,4,1,5,4,16,13
2017,e,P,7,False,0,12,6,6,0,14,9,34,34
2017,e,P,7,False,1,8,7,1,0,13,3,16,15
2017,e,P,7,False,2,10,9,1,0,7,6,23,23
2017,e,P,7,False,3,2,1,1,0,0,4,6,6
2017,e,P,7,False,4,1,1,0,0,2,0,2,2
2017,e,P,7,False,5,4,4,0,0,8,5,8,8
2017,e,P,7,False,6,1,1,0,0,0,2,2,2
2017,e,P,7,False,7,3,3,0,0,8,4,6,6
2017,e,P,7,False,8,3,3,0,0,2,6,6,6
2017,e,P,7,True,-9,1,0,1,0,1,3,2,2
2017,e,P,7,True,-8,1,0,1,0,0,0,2,2
2017,e,P,7,True,-6,1,0,1,0,3,1,2,2
2017,e,P,7,True,-5,1,0,1,0,0,0,2,2
2017,e,P,7,True,-4,6,0,5,1,9,9,11,11
2017,e,P,7,True,-3,3,1,2,0,4,0,6,6
2017,e,P,7,True,-2,12,1,10,1,7,7,27,27
2017,e,P,7,True,-1,7,3,4,0,7,2,16,16
2017,e,P,7,True,0,3,2,1,0,2,2,8,9
2017,e,P,7,True,1,12,9,3,0,3,14,15,24
2017,e,P,7,True,2,8,7,1,0,5,10,9,16
2017,e,P,7,True,3,2,2,0,0,0,1,2,4
2017,e,P,7,True,4,2,2,0,0,3,6,2,4
2017,e,P,7,True,5,4,4,0,0,5,1,4,8
2017,e,P,7,True,6,3,3,0,0,0,0,3,6
2017,e,P,7,True,7,1,1,0,0,0,1,1,2
2017,e,P,7,True,8,1,1,0,0,0,0,1,2
2017,e,P,7,True,9,1,1,0,0,0,1,1,2
2017,e,P,7,True,10,2,2,0,0,1,6,2,4
2017,f,P,6,False,-9,1,0,1,0,1,0,3,2
2017,f,P,6,False,-7,4,0,4,0,3,6,12,8
2017,f,P,6,False,-6,4,0,4,0,1,3,12,8
2017,f,P,6,False,-5,1,0,1,0,2,0,3,2
2017,f,P,6,False,-4,3,0,3,0,1,1,9,6
2017,f,P,6,False,-3,5,0,5,0,4,3,15,10
2017,f,P,6,False,-2,10,1,9,0,10,14,30,21
2017,f,P,6,False,-1,15,3,12,0,16,21,50,39
2017,f,P,6,False,0,11,6,5,0,22,18,42,39
2017,f,P,6,False,1,9,6,3,0,16,10,31,30
2017,f,P,6,False,2,3,3,0,0,1,3,9,9
2017,f,P,6,False,4,4,4,0,0,6,6,12,12
2017,f,P,6,False,9,1,1,0,0,0,2,3,3
2017,f,P,6,True,-5,2,0,2,0,0,2,6,6
2017,f,P,6,True,-4,4,0,4,0,2,4,12,12
2017,f,P,6,True,-3,9,1,8,0,8,3,29,29
2017,f,P,6,True,-2,7,0,7,0,5,13,21,21
2017,f,P,6,True,-1,8,0,8,0,5,20,24,24
2017,f,P,6,True,0,8,4,4,0,8,14,25,27
2017,f,P,6,True,1,8,6,2,0,11,11,21,26
2017,f,P,6,True,2,12,11,1,0,8,8,26,36
2017,f,P,6,True,3,5,5,0,0,5,5,10,15
2017,f,P,6,True,4,2,2,0,0,4,1,4,6
2017,f,P,6,True,5,2,2,0,0,1,4,4,6
2017,f,P,6,True,6,1,1,0,0,3,3,2,3
2017,f,P,6,True,7,2,2,0,0,0,2,4,6
2017,f,P,6,True,11,1,1,0,0,0,0,2,3
2017,f,P,6,True,14,1,1,0,0,0,0,2,3
2017,f,P,7,False,-11,1,0,1,0,0,0,2,1
2017,f,P,7,False,-9,1,0,1,0,1,0,2,1
2017,f,P,7,False,-8,1,0,1,0,1,0,2,1
2017,f,P,7,False,-7,3,0,3,0,0,4,6,3
2017,f,P,7,False,-6,3,0,3,0,0,1,6,3
2017,f,P,7,False,-5,3,0,3,0,3,5,6,3
2017,f,P,7,False,-4,3,0,3,0,0,0,6,3
2017,f,P,7,False,-3,6,0,6,0,1,0,12,6
2017,f,P,7,False,-2,9,0,9,0,5,6,18,9
2017,f,P,7,False,-1,12,2,10,0,6,2,26,16
2017,f,P,7,False,0,7,3,4,0,7,10,20,18
2017,f,P,7,False,1,9,6,3,0,15,11,27,27
2017,f,P,7,False,2,5,5,0,0,3,6,11,11
2017,f,P,7,False,3,2,2,0,0,0,0,4,4
2017,f,P,7,False,4,2,2,0,0,4,2,4,4
2017,f,P,7,False,5,2,2,0,0,1,3,4,4
2017,f,P,7,False,6,1,1,0,0,0,3,2,2
2017,f,P,7,False,9,1,1,0,0,0,2,2,2
2017,f,P,7,True,-6,1,0,1,0,0,1,2,2
2017,f,P,7,True,-5,3,0,3,0,0,0,6,6
2017,f,P,7,True,-4,4,0,4,0,1,3,8,8
2017,f,P,7,True,-3,8,1,7,0,9,5,18,18
2017,f,P,7,True,-2,10,0,10,0,3,13,20,20
2017,f,P,7,True,-1,9,2,7,0,5,11,16,18
2017,f,P,7,True,0,7,4,3,0,5,5,19,19
2017,f,P,7,True,1,2,2,0,0,1,0,2,4
2017,f,P,7,True,2,8,7,1,0,0,6,9,16
2017,f,P,7,True,3,7,7,0,0,1,3,7,14
2017,f,P,7,True,4,5,5,0,0,3,1,5,10
2017,f,P,7,True,5,2,2,0,0,3,2,2,4
2017,f,P,7,True,6,2,2,0,0,0,4,2,4
2017,f,P,7,True,7,2,2,0,0,0,2,2,4
2017,f,P,7,True,11,1,1,0,0,0,0,1,2
2017,f,P,7,True,14,1,1,0,0,0,0,1,2
2017,g,C,6,False,-11,1,0,1,0,0,0,3,2
2017,g,C,6,False,-9,1,0,1,0,1,0,3,2
2017,g,C,6,False,-8,2,0,2,0,1,0,6,4
2017,g,C,6,False,-5,2,0,2,0,0,0,6,4
2017,g,C,6,False,-4,2,0,2,0,4,4,6,5
2017,g,C,6,False,-3,8,0,8,0,7,12,24,17
2017,g,C,6,False,-2,4,0,3,1,2,5,15,12
2017,g,C,6,False,-1,11,2,8,1,11,6,36,28
2017,g,C,6,False,0,16,7,8,1,23,21,55,48
2017,g,C,6,False,1,5,5,0,0,6,0,15,15
2017,g,C,6,False,2,7,7,0,0,9,0,21,20
2017,g,C,6,False,3,4,4,0,0,6,3,12,12
2017,g,C,6,False,4,2,2,0,0,3,1,6,6
2017,g,C,6,False,5,2,2,0,0,3,5,6,6
2017,g,C,6,False,6,1,1,0,0,2,2,3,3
2017,g,C,6,False,7,3,3,0,0,0,2,9,9
2017,g,C,6,False,8,1,1,0,0,0,1,3,3
2017,g,C,6,True,-9,1,0,1,0,0,0,3,3
2017,g,C,6,True,-7,1,0,1,0,0,0,3,3
2017,g,C,6,True,-6,1,0,1,0,0,2,3,3
2017,g,C,6,True,-5,1,0,1,0,2,2,3,3
2017,g,C,6,True,-4,2,0,2,0,2,3,6,6
2017,g,C,6,True,-3,5,0,5,0,3,1,15,15
2017,g,C,6,True,-2,6,1,5,0,9,15,18,18
2017,g,C,6,True,-1,13,2,11,0,20,19,43,43
2017,g,C,6,True,0,8,4,4,0,15,11,21,24
2017,g,C,6,True,1,4,3,1,0,6,7,9,12
2017,g,C,6,True,2,13,12,1,0,22,17,35,45
2017,g,C,6,True,3,4,4,0,0,1,3,8,12
2017,g,C,6,True,4,5,5,0,0,9,1,10,15
2017,g,C,6,True,5,3,3,0,0,1,3,6,9
2017,g,C,6,True,6,3,3,0,0,0,3,6,9
2017,g,C,6,True,7,1,1,0,0,0,1,2,3
2017,g,C,7,False,-11,1,0,1,0,0,0,2,1
2017,g,C,7,False,-8,3,0,3,0,1,0,6,3
2017,g,C,7,False,-6,1,0,1,0,0,0,2,1
2017,g,C,7,False,-5,2,0,2,0,0,0,4,2
2017,g,C,7,False,-4,3,0,3,0,4,5,6,4
2017,g,C,7,False,-3,6,0,6,0,3,9,12,7
2017,g,C,7,False,-2,9,0,8,1,6,2,24,17
2017,g,C,7,False,-1,10,2,7,1,6,0,24,17
2017,g,C,7,False,0,8,4,3,1,12,6,19,16
2017,g,C,7,False,1,6,5,1,0,1,2,12,11
2017,g,C,7,False,2,7,7,0,0,5,0,14,13
2017,g,C,7,False,3,4,4,0,0,3,2,8,8
2017,g,C,7,False,4,4,4,0,0,3,1,8,8
2017,g,C,7,False,5,2,2,0,0,4,6,4,4
2017,g,C,7,False,6,1,1,0,0,1,0,2,2
2017,g,C,7,False,7,4,4,0,0,1,4,8,8
2017,g,C,7,False,8,1,1,0,0,0,1,2,2
2017,g,C,7,True,-9,1,0,1,0,0,0,2,2
2017,g,C,7,True,-7,3,0,3,0,2,2,6,6
2017,g,C,7,True,-4,3,0,3,0,2,4,6,6
2017,g,C,7,True,-3,9,2,7,0,15,6,20,20
2017,g,C,7,True,-2,5,0,5,0,0,4,10,10
2017,g,C,7,True,-1,9,2,7,0,8,4,18,18
2017,g,C,7,True,0,6,2,4,0,7,6,14,15
2017,g,C,7,True,1,6,4,2,0,1,9,8,12
2017,g,C,7,True,2,9,9,0,0,10,6,13,21
2017,g,C,7,True,3,5,4,1,0,1,6,8,12
2017,g,C,7,True,4,3,3,0,0,4,0,3,6
2017,g,C,7,True,5,7,7,0,0,4,3,7,14
2017,g,C,7,True,6,4,4,0,0,0,3,4,8
2017,g,C,7,True,7,1,1,0,0,0,1,1,2
2017,h,P,6,False,-9,1,0,1,0,6,6,3,2
2017,h,P,6,False,-6,1,0,1,0,0,0,3,2
2017,h,P,6,False,-5,2,0,2,0,6,0,6,4
2017,h,P,6,False,-4,3,0,3,0,2,2,9,6
2017,h,P,6,False,-3,3,0,3,0,4,1,12,10
2017,h,P,6,False,-2,9,2,7,0,11,6,27,20
2017,h,P,6,False,-1,7,1,6,0,5,9,22,17
2017,h,P,6,False,0,10,6,4,0,20,10,30,27
2017,h,P,6,False,1,9,9,0,0,14,3,29,29
2017,h,P,6,False,2,10,10,0,0,11,4,30,30
2017,h,P,6,False,3,6,5,1,0,6,11,19,19
2017,h,P,6,False,4,6,5,1,0,10,15,19,18
2017,h,P,6,False,5,2,2,0,0,2,5,6,6
2017,h,P,6,False,8,1,1,0,0,0,0,3,3
2017,h,P,6,False,9,1,1,0,0,3,1,3,3
2017,h,P,6,True,-8,1,0,1,0,2,3,3,3
2017,h,P,6,True,-7,3,0,3,0,8,7,9,9
2017,h,P,6,True,-6,1,0,1,0,0,3,3,3
2017,h,P,6,True,-4,2,0,2,0,1,2,6,6
2017,h,P,6,True,-3,2,0,2,0,0,2,6,6
2017,h,P,6,True,-2,9,2,7,0,12,10,30,30
2017,h,P,6,True,-1,2,1,1,0,3,0,5,6
2017,h,P,6,True,0,8,6,2,0,17,7,28,30
2017,h,P,6,True,1,13,13,0,0,12,5,26,39
2017,h,P,6,True,2,13,13,0,0,22,6,26,39
2017,h,P,6,True,3,4,3,1,0,1,4,9,12
2017,h,P,6,True,4,6,6,0,0,4,8,12,18
2017,h,P,6,True,5,1,1,0,0,1,3,2,3
2017,h,P,6,True,6,2,2,0,0,2,0,4,6
2017,h,P,6,True,7,1,1,0,0,5,2,2,3
2017,h,P,6,True,8,1,1,0,0,1,0,2,3
2017,h,P,6,True,9,1,1,0,0,0,0,2,3
2017,h,P,6,True,10,1,1,0,0,0,0,2,3
2017,h,P,6,True,14,1,1,0,0,1,0,2,3
2017,h,P,7,False,-6,1,0,1,0,0,0,2,1
2017,h,P,7,False,-5,3,0,3,0,5,0,6,3
2017,h,P,7,False,-4,3,0,3,0,0,7,6,3
2017,h,P,7,False,-3,5,0,5,0,6,1,13,9
2017,h,P,7,False,-2,10,2,8,0,9,2,20,12
2017,h,P,7,False,-1,4,0,4,0,2,5,9,6
2017,h,P,7,False,0,5,2,3,0,4,4,10,8
2017,h,P,7,False,1,10,9,1,0,12,4,21,21
2017,h,P,7,False,2,12,12,0,0,7,0,24,24
2017,h,P,7,False,3,8,7,1,0,9,15,18,17
2017,h,P,7,False,4,3,3,0,0,4,2,6,6
2017,h,P,7,False,5,1,1,0,0,0,0,2,2
2017,h,P,7,False,6,4,4,0,0,1,11,9,9
2017,h,P,7,False,8,1,1,0,0,0,0,2,2
2017,h,P,7,False,9,1,1,0,0,3,1,2,2
2017,h,P,7,True,-8,2,0,2,0,2,2,4,4
2017,h,P,7,True,-7,3,0,3,0,4,5,6,6
2017,h,P,7,True,-4,1,0,1,0,0,2,2,2
2017,h,P,7,True,-3,4,0,4,0,2,2,8,8
2017,h,P,7,True,-2,7,0,7,0,6,10,15,15
2017,h,P,7,True,-1,3,2,1,0,5,1,9,9
2017,h,P,7,True,0,7,5,2,0,6,2,18,19
2017,h,P,7,True,1,14,14,0,0,12,2,14,28
2017,h,P,7,True,2,11,11,0,0,6,3,11,22
2017,h,P,7,True,3,6,6,0,0,2,2,6,12
2017,h,P,7,True,4,5,5,0,0,3,1,5,10
2017,h,P,7,True,5,1,1,0,0,2,0,1,2
2017,h,P,7,True,6,1,1,0,0,0,0,1,2
2017,h,P,7,True,7,2,2,0,0,5,2,2,4
2017,h,P,7,True,8,1,1,0,0,0,0,1,2
2017,h,P,7,True,9,2,2,0,0,0,0,2,4
2017,h,P,7,True,10,1,1,0,0,0,0,1,2
2017,h,P,7,True,14,1,1,0,0,1,0,1,2
2017,l,P,6,False,-10,2,0,2,0,0,1,6,4
2017,l,P,6,False,-9,1,0,1,0,0,0,3,2
2017,l,P,6,False,-8,1,0,1,0,0,1,3,2
2017,l,P,6,False,-7,1,0,1,0,2,5,3,2
2017,l,P,6,False,-6,1,0,1,0,3,3,3,2
2017,l,P,6,False,-5,4,0,4,0,6,5,12,8
2017,l,P,6,False,-4,1,0,1,0,3,2,3,2
2017,l,P,6,False,-3,3,0,3,0,1,2,9,6
2017,l,P,6,False,-2,6,1,5,0,5,8,18,13
2017,l,P,6,False,-1,12,4,8,0,16,12,36,28
2017,l,P,6,False,0,7,1,6,0,6,8,22,18
2017,l,P,6,False,1,5,5,0,0,8,1,15,15
2017,l,P,6,False,2,9,8,1,0,14,8,27,27
2017,l,P,6,False,3,7,7,0,0,11,0,21,21
2017,l,P,6,False,4,4,3,0,1,8,7,11,11
2017,l,P,6,False,5,3,3,0,0,2,1,9,9
2017,l,P,6,False,6,4,3,0,1,12,8,15,15
2017,l,P,6,True,-9,1,0,1,0,2,0,3,3
2017,l,P,6,True,-7,1,0,1,0,3,1,3,3
2017,l,P,6,True,-5,3,0,3,0,3,9,9,9
2017,l,P,6,True,-4,2,0,2,0,9,5,7,7
2017,l,P,6,True,-3,5,1,4,0,9,3,16,16
2017,l,P,6,True,-2,8,0,8,0,6,6,26,26
2017,l,P,6,True,-1,6,1,5,0,9,11,22,22
2017,l,P,6,True,0,6,3,2,1,8,4,20,21
2017,l,P,6,True,1,11,10,1,0,18,8,25,34
2017,l,P,6,True,2,5,5,0,0,13,1,10,15
2017,l,P,6,True,3,7,7,0,0,11,2,14,21
2017,l,P,6,True,4,6,6,0,0,9,5,12,18
2017,l,P,6,True,5,4,4,0,0,3,6,8,12
2017,l,P,6,True,6,1,1,0,0,1,0,2,3
2017,l,P,6,True,7,1,1,0,0,2,0,2,3
2017,l,P,6,True,8,2,2,0,0,0,0,4,6
2017,l,P,6,True,9,1,1,0,0,0,1,2,3
2017,l,P,6,True,11,2,2,0,0,1,2,4,6
2017,l,P,7,False,-10,2,0,2,0,0,1,4,2
2017,l,P,7,False,-9,2,0,2,0,0,0,4,2
2017,l,P,7,False,-7,1,0,1,0,2,5,2,1
2017,l,P,7,False,-6,1,0,1,0,0,0,2,1
2017,l,P,7,False,-5,4,0,4,0,2,5,8,4
2017,l,P,7,False,-4,1,0,1,0,0,0,2,1
2017,l,P,7,False,-3,3,0,3,0,0,3,6,3
2017,l,P,7,False,-2,6,0,6,0,2,3,12,6
2017,l,P,7,False,-1,14,4,10,0,15,9,28,18
2017,l,P,7,False,0,2,0,2,0,0,2,5,5
2017,l,P,7,False,1,6,4,2,0,3,5,12,11
2017,l,P,7,False,2,9,9,0,0,12,2,18,18
2017,l,P,7,False,3,4,4,0,0,7,1,8,8
2017,l,P,7,False,4,8,7,0,1,9,8,15,15
2017,l,P,7,False,5,3,3,0,0,1,0,6,6
2017,l,P,7,False,6,4,3,0,1,8,8,11,11
2017,l,P,7,False,7,1,1,0,0,4,0,2,2
2017,l,P,7,True,-9,1,0,1,0,2,0,2,2
2017,l,P,7,True,-8,1,0,1,0,3,0,2,2
2017,l,P,7,True,-7,1,0,1,0,1,2,2,2
2017,l,P,7,True,-6,3,0,3,0,8,4,7,7
2017,l,P,7,True,-4,1,0,1,0,3,2,2,2
2017,l,P,7,True,-3,3,0,3,0,3,2,7,7
2017,l,P,7,True,-2,8,1,7,0,3,1,19,19
2017,l,P,7,True,-1,7,1,6,0,4,8,15,15
2017,l,P,7,True,0,5,2,2,1,7,5,15,15
2017,l,P,7,True,1,6,4,2,0,4,7,10,13
2017,l,P,7,True,2,9,9,0,0,10,1,9,18
2017,l,P,7,True,3,6,6,0,0,1,1,6,12
2017,l,P,7,True,4,6,6,0,0,5,2,6,12
2017,l,P,7,True,5,5,5,0,0,5,4,5,10
2017,l,P,7,True,6,2,2,0,0,1,3,2,4
2017,l,P,7,True,7,3,3,0,0,4,0,3,6
2017,l,P,7,True,8,2,2,0,0,0,0,2,4
2017,l,P,7,True,9,1,1,0,0,0,1,1,2
2017,l,P,7,True,10,1,1,0,0,0,0,1,2
2017,l,P,7,True,11,1,1,0,0,0,0,1,2
2017,m,P,6,False,-14,1,0,1,0,0,0,3,2
2017,m,P,6,False,-11,2,0,2,0,2,1,6,4
2017,m,P,6,False,-9,1,0,1,0,1,0,3,2
2017,m,P,6,False,-8,2,0,2,0,8,6,6,4
2017,m,P,6,False,-5,2,0,2,0,0,1,6,4
2017,m,P,6,False,-4,6,0,6,0,6,14,18,12
2017,m,P,6,False,-3,7,0,7,0,6,5,21,14
2017,m,P,6,False,-2,8,0,8,0,6,14,27,20
2017,m,P,6,False,-1,11,4,7,0,18,14,35,29
2017,m,P,6,False,0,12,5,6,1,17,17,42,37
2017,m,P,6,False,1,6,4,2,0,10,10,19,18
2017,m,P,6,False,2,6,6,0,0,12,6,20,20
2017,m,P,6,False,3,2,1,1,0,0,5,6,6
2017,m,P,6,False,4,3,3,0,0,2,4,9,9
2017,m,P,6,False,6,2,2,0,0,2,5,6,6
2017,m,P,6,False,7,1,1,0,0,2,4,3,3
2017,m,P,6,True,-8,1,0,1,0,6,1,3,3
2017,m,P,6,True,-6,1,0,1,0,2,4,3,3
2017,m,P,6,True,-5,3,0,3,0,2,9,9,9
2017,m,P,6,True,-4,5,0,5,0,3,8,15,15
2017,m,P,6,True,-3,2,0,2,0,2,4,6,6
2017,m,P,6,True,-2,6,0,6,0,4,6,18,18
2017,m,P,6,True,-1,12,2,10,0,7,24,34,36
2017,m,P,6,True,0,12,4,7,1,11,23,40,42
2017,m,P,6,True,1,9,5,4,0,14,21,26,30
2017,m,P,6,True,2,8,6,2,0,5,10,20,25
2017,m,P,6,True,3,4,4,0,0,5,3,8,12
2017,m,P,6,True,4,3,3,0,0,1,4,7,9
2017,m,P,6,True,5,2,2,0,0,0,0,4,6
2017,m,P,6,True,7,1,1,0,0,0,3,2,3
2017,m,P,6,True,9,1,1,0,0,6,6,2,3
2017,m,P,7,False,-14,1,0,1,0,0,0,2,1
2017,m,P,7,False,-11,1,0,1,0,0,0,2,1
2017,m,P,7,False,-10,2,0,2,0,6,0,4,2
2017,m,P,7,False,-9,1,0,1,0,1,0,2,1
2017,m,P,7,False,-7,1,0,1,0,0,3,2,1
2017,m,P,7,False,-6,1,0,1,0,4,0,2,1
2017,m,P,7,False,-5,4,0,4,0,0,4,8,4
2017,m,P,7,False,-4,7,0,7,0,7,11,14,7
2017,m,P,7,False,-3,6,0,6,0,1,2,12,6
2017,m,P,7,False,-2,13,1,12,0,11,12,29,18
2017,m,P,7,False,-1,4,1,3,0,4,1,8,5
2017,m,P,7,False,0,10,5,4,1,8,7,30,28
2017,m,P,7,False,1,4,3,1,0,6,3,8,8
2017,m,P,7,False,2,9,9,0,0,14,4,18,18
2017,m,P,7,False,3,2,1,1,0,1,7,5,5
2017,m,P,7,False,4,4,4,0,0,2,6,8,8
2017,m,P,7,False,5,1,1,0,0,2,0,2,2
2017,m,P,7,False,7,1,1,0,0,0,2,2,2
2017,m,P,7,True,-10,1,0,1,0,1,1,2,2
2017,m,P,7,True,-6,5,0,5,0,8,7,10,10
2017,m,P,7,True,-5,4,0,4,0,5,1,8,8
2017,m,P,7,True,-4,5,0,5,0,2,5,10,10
2017,m,P,7,True,-3,4,0,4,0,4,8,8,8
2017,m,P,7,True,-2,6,0,6,0,2,2,12,12
2017,m,P,7,True,-1,12,2,10,0,7,16,26,27
2017,m,P,7,True,0,5,3,2,0,4,4,13,13
2017,m,P,7,True,1,9,5,3,1,3,11,18,22
2017,m,P,7,True,2,6,5,1,0,1,6,7,12
2017,m,P,7,True,3,5,5,0,0,4,1,5,10
2017,m,P,7,True,4,6,6,0,0,5,0,6,12
2017,m,P,7,True,5,2,2,0,0,0,0,2,4
2017,s,C,6,False,-14,1,0,1,0,0,1,3,2
2017,s,C,6,False,-9,1,0,1,0,1,5,3,2
2017,s,C,6,False,-7,1,0,1,0,2,0,3,2
2017,s,C,6,False,-5,5,0,5,0,2,1,15,10
2017,s,C,6,False,-4,4,0,4,0,3,4,12,8
2017,s,C,6,False,-3,5,0,5,0,2,1,15,10
2017,s,C,6,False,-2,13,2,11,0,12,12,41,30
2017,s,C,6,False,-1,14,0,14,0,5,22,43,30
2017,s,C,6,False,0,9,0,9,0,2,16,33,28
2017,s,C,6,False,1,5,3,2,0,6,5,16,15
2017,s,C,6,False,2,3,1,2,0,3,10,11,11
2017,s,C,6,False,3,2,1,1,0,2,5,7,7
2017,s,C,6,False,4,1,1,0,0,2,1,3,3
2017,s,C,6,False,5,2,2,0,0,7,2,6,6
2017,s,C,6,False,6,1,1,0,0,0,0,3,3
2017,s,C,6,False,7,1,1,0,0,0,0,3,3
2017,s,C,6,False,8,3,3,0,0,4,7,9,9
2017,s,C,6,True,-10,1,1,0,0,11,0,4,4
2017,s,C,6,True,-7,3,0,3,0,2,4,9,9
2017,s,C,6,True,-6,8,0,7,1,12,12,27,27
2017,s,C,6,True,-5,2,0,2,0,1,0,6,6
2017,s,C,6,True,-4,3,0,3,0,5,7,9,9
2017,s,C,6,True,-3,3,0,3,0,1,9,9,9
2017,s,C,6,True,-2,4,0,4,0,3,8,13,13
2017,s,C,6,True,-1,6,0,6,0,11,25,18,18
2017,s,C,6,True,0,15,11,4,0,28,16,42,48
2017,s,C,6,True,1,14,7,6,1,15,23,43,47
2017,s,C,6,True,2,6,5,1,0,1,6,13,18
2017,s,C,6,True,3,1,1,0,0,2,1,2,3
2017,s,C,6,True,4,2,2,0,0,1,0,4,6
2017,s,C,6,True,5,1,1,0,0,5,1,2,3
2017,s,C,6,True,6,2,1,1,0,2,10,5,6
2017,s,C,6,True,9,1,1,0,0,1,1,2,3
2017,s,C,7,False,-14,1,0,1,0,0,1,2,1
2017,s,C,7,False,-9,1,0,1,0,1,5,2,1
2017,s,C,7,False,-8,1,0,1,0,0,0,2,1
2017,s,C,7,False,-7,1,0,1,0,2,0,2,1
2017,s,C,7,False,-5,5,0,5,0,1,1,10,5
2017,s,C,7,False,-4,5,0,5,0,2,2,10,5
2017,s,C,7,False,-3,10,1,9,0,6,4,22,13
2017,s,C,7,False,-2,11,0,11,0,5,4,22,11
2017,s,C,7,False,-1,12,0,12,0,2,8,25,14
2017,s,C,7,False,0,7,1,6,0,2,9,20,18
2017,s,C,7,False,1,4,3,1,0,1,2,9,9
2017,s,C,7,False,2,1,0,1,0,0,3,2,2
2017,s,C,7,False,3,1,1,0,0,1,0,2,2
2017,s,C,7,False,4,2,1,1,0,2,6,5,5
2017,s,C,7,False,5,4,3,1,0,7,8,10,10
2017,s,C,7,False,6,2,2,0,0,1,4,4,4
2017,s,C,7,False,7,1,1,0,0,0,0,2,2
2017,s,C,7,False,8,1,1,0,0,0,0,2,2
2017,s,C,7,False,11,1,1,0,0,0,1,2,2
2017,s,C,7,True,-8,2,1,1,0,10,3,5,5
2017,s,C,7,True,-7,5,0,5,0,3,4,10,10
2017,s,C,7,True,-6,7,0,6,1,9,4,17,17
2017,s,C,7,True,-5,5,0,5,0,5,3,10,10
2017,s,C,7,True,-4,2,0,2,0,2,5,4,4
2017,s,C,7,True,-3,4,0,4,0,2,1,8,8
2017,s,C,7,True,-2,2,0,2,0,1,1,4,4
2017,s,C,7,True,-1,6,0,6,0,4,11,12,12
2017,s,C,7,True,0,14,7,7,0,21,24,30,32
2017,s,C,7,True,1,7,6,0,1,5,2,15,20
2017,s,C,7,True,2,9,8,1,0,3,10,12,19
2017,s,C,7,True,4,2,2,0,0,3,0,2,4
2017,s,C,7,True,5,5,4,1,0,5,8,6,10
2017,s,C,7,True,10,1,1,0,0,0,1,1,2
2017,t,C,6,False,-12,1,0,1,0,2,0,3,2
2017,t,C,6,False,-7,1,0,1,0,1,0,3,2
2017,t,C,6,False,-6,4,0,4,0,5,2,12,8
2017,t,C,6,False,-4,2,0,2,0,0,1,6,4
2017,t,C,6,False,-3,5,0,5,0,1,9,15,10
2017,t,C,6,False,-2,7,1,6,0,7,5,21,15
2017,t,C,6,False,-1,5,1,3,1,3,3,19,16
2017,t,C,6,False,0,13,6,7,0,15,20,41,38
2017,t,C,6,False,1,11,8,3,0,23,17,36,35
2017,t,C,6,False,2,3,3,0,0,8,3,10,10
2017,t,C,6,False,3,8,7,0,1,7,6,27,27
2017,t,C,6,False,4,2,2,0,0,3,2,6,6
2017,t,C,6,False,5,4,4,0,0,9,6,12,12
2017,t,C,6,False,6,2,2,0,0,1,0,6,6
2017,t,C,6,False,7,1,1,0,0,4,1,3,3
2017,t,C,6,False,9,1,1,0,0,0,2,3,3
2017,t,C,6,False,10,1,1,0,0,0,1,3,3
2017,t,C,6,True,-8,1,0,1,0,5,1,3,3
2017,t,C,6,True,-7,1,0,1,0,2,0,3,3
2017,t,C,6,True,-6,1,0,1,0,0,0,3,3
2017,t,C,6,True,-5,4,0,4,0,3,2,12,12
2017,t,C,6,True,-3,2,0,2,0,4,6,6,6
2017,t,C,6,True,-2,5,0,5,0,1,2,15,15
2017,t,C,6,True,-1,10,4,6,0,17,8,29,32
2017,t,C,6,True,0,18,10,8,0,19,30,52,58
2017,t,C,6,True,1,13,12,0,1,24,11,35,45
2017,t,C,6,True,2,6,4,1,1,5,10,17,21
2017,t,C,6,True,3,3,3,0,0,4,3,7,9
2017,t,C,6,True,4,2,2,0,0,2,1,4,6
2017,t,C,6,True,5,3,3,0,0,3,0,6,9
2017,t,C,6,True,6,1,1,0,0,1,0,2,3
2017,t,C,6,True,7,1,1,0,0,0,0,2,3
2017,t,C,6,True,9,1,1,0,0,0,0,2,3
2017,t,C,7,False,-12,1,0,1,0,2,0,2,1
2017,t,C,7,False,-8,1,0,1,0,0,0,2,1
2017,t,C,7,False,-7,1,0,1,0,1,0,2,1
2017,t,C,7,False,-6,3,0,3,0,1,1,6,3
2017,t,C,7,False,-5,2,0,2,0,1,0,4,2
2017,t,C,7,False,-4,2,0,2,0,0,1,4,2
2017,t,C,7,False,-3,4,0,4,0,1,4,8,4
2017,t,C,7,False,-2,6,0,6,0,2,5,12,6
2017,t,C,7,False,-1,9,2,6,1,7,7,22,17
2017,t,C,7,False,0,12,7,5,0,15,9,28,27
2017,t,C,7,False,1,5,5,0,0,8,3,10,10
2017,t,C,7,False,2,4,3,1,0,6,4,10,10
2017,t,C,7,False,3,10,9,0,1,7,8,23,23
2017,t,C,7,False,4,1,1,0,0,1,0,2,2
2017,t,C,7,False,5,2,2,0,0,2,0,4,4
2017,t,C,7,False,6,2,2,0,0,2,0,4,4
2017,t,C,7,False,7,2,2,0,0,0,0,4,4
2017,t,C,7,False,8,2,2,0,0,3,3,4,4
2017,t,C,7,False,9,2,2,0,0,0,2,4,4
2017,t,C,7,True,-9,1,0,1,0,5,0,2,2
2017,t,C,7,True,-7,1,0,1,0,2,0,2,2
2017,t,C,7,True,-6,2,0,2,0,0,1,4,4
2017,t,C,7,True,-5,1,0,1,0,0,0,2,2
2017,t,C,7,True,-4,2,0,2,0,1,0,4,4
2017,t,C,7,True,-3,3,0,3,0,1,5,6,6
2017,t,C,7,True,-2,5,0,5,0,0,0,10,10
2017,t,C,7,True,-1,9,2,7,0,8,4,19,20
2017,t,C,7,True,0,17,11,6,0,14,27,36,41
2017,t,C,7,True,1,8,6,1,1,10,6,13,19
2017,t,C,7,True,2,7,6,0,1,5,5,11,17
2017,t,C,7,True,3,6,6,0,0,3,3,7,12
2017,t,C,7,True,4,2,2,0,0,0,1,2,4
2017,t,C,7,True,5,2,2,0,0,1,0,2,4
2017,t,C,7,True,6,4,4,0,0,2,1,4,8
2017,t,C,7,True,7,1,1,0,0,0,0,1,2
2017,t,C,7,True,9,1,1,0,0,0,0,1,2
2018,b,P,6,False,-11,2,0,2,0,2,3,6,4
2018,b,P,6,False,-8,1,0,1,0,6,1,3,2
2018,b,P,6,False,-7,1,0,1,0,4,1,3,2
2018,b,P,6,False,-5,2,0,2,0,6,1,6,4
2018,b,P,6,False,-4,2,0,2,0,6,6,6,5
2018,b,P,6,False,-3,7,0,7,0,3,1,21,14
2018,b,P,6,False,-2,5,2,3,0,10,14,15,12
2018,b,P,6,False,-1,12,3,8,1,14,8,43,36
2018,b,P,6,False,0,8,3,5,0,14,16,25,21
2018,b,P,6,False,1,9,5,3,1,10,13,31,29
2018,b,P,6,False,2,8,5,2,1,6,11,28,27
2018,b,P,6,False,3,6,6,0,0,2,4,18,18
2018,b,P,6,False,4,4,4,0,0,13,3,12,12
2018,b,P,6,False,5,4,4,0,0,9,2,12,12
2018,b,P,6,True,-7,1,0,1,0,0,0,3,3
2018,b,P,6,True,-6,1,0,1,0,0,2,3,3
2018,b,P,6,True,-5,3,1,2,0,9,0,9,9
2018,b,P,6,True,-4,2,0,2,0,0,5,6,6
2018,b,P,6,True,-3,7,0,7,0,1,14,21,21
2018,b,P,6,True,-2,8,1,7,0,10,20,23,24
2018,b,P,6,True,-1,8,3,4,1,12,6,28,30
2018,b,P,6,True,0,12,6,5,1,14,17,45,48
2018,b,P,6,True,1,7,2,5,0,5,17,22,24
2018,b,P,6,True,2,10,8,2,0,10,12,25,32
2018,b,P,6,True,3,4,3,1,0,1,11,9,12
2018,b,P,6,True,4,2,2,0,0,4,1,4,6
2018,b,P,6,True,5,4,4,0,0,5,3,8,12
2018,b,P,6,True,6,1,1,0,0,1,0,2,3
2018,b,P,6,True,7,1,1,0,0,0,3,2,3
2018,b,P,6,True,10,1,1,0,0,1,0,2,3
2018,b,P,7,False,-12,1,0,1,0,1,0,2,1
2018,b,P,7,False,-11,1,0,1,0,0,1,2,1
2018,b,P,7,False,-8,1,0,1,0,6,1,2,1
2018,b,P,7,False,-7,1,0,1,0,4,1,2,1
2018,b,P,7,False,-5,2,0,2,0,4,4,4,2
2018,b,P,7,False,-4,3,0,3,0,2,3,6,3
2018,b,P,7,False,-3,6,0,6,0,2,1,12,6
2018,b,P,7,False,-2,9,2,7,0,11,13,18,11
2018,b,P,7,False,-1,10,2,7,1,10,4,23,16
2018,b,P,7,False,0,7,2,4,1,9,7,22,21
2018,b,P,7,False,1,10,7,2,1,7,6,24,23
2018,b,P,7,False,2,5,4,1,0,3,3,11,11
2018,b,P,7,False,3,6,6,0,0,0,4,12,12
2018,b,P,7,False,4,3,3,0,0,6,2,6,6
2018,b,P,7,False,5,2,2,0,0,3,0,4,4
2018,b,P,7,False,6,3,3,0,0,4,2,6,6
2018,b,P,7,False,7,1,1,0,0,3,0,2,2
2018,b,P,7,True,-7,1,0,1,0,0,0,2,2
2018,b,P,7,True,-6,4,0,4,0,0,3,8,8
2018,b,P,7,True,-5,4,0,4,0,2,7,8,8
2018,b,P,7,True,-4,1,0,1,0,0,4,2,2
2018,b,P,7,True,-3,7,1,6,0,7,2,14,14
2018,b,P,7,True,-2,7,0,7,0,5,9,14,14
2018,b,P,7,True,-1,8,2,5,1,11,9,17,19
2018,b,P,7,True,0,9,4,4,1,8,11,27,30
2018,b,P,7,True,1,8,6,2,0,3,8,19,22
2018,b,P,7,True,2,8,5,3,0,2,16,14,18
2018,b,P,7,True,3,3,3,0,0,3,2,3,6
2018,b,P,7,True,4,3,3,0,0,0,3,3,6
2018,b,P,7,True,5,4,4,0,0,3,1,4,8
2018,b,P,7,True,6,3,3,0,0,1,2,3,6
2018,b,P,7,True,7,1,1,0,0,0,0,1,2
2018,b,P,7,True,11,1,1,0,0,0,0,1,2
2018,c,C,6,False,-7,2,0,2,0,1,3,6,4
2018,c,C,6,False,-5,2,0,2,0,2,6,6,4
2018,c,C,6,False,-4,4,0,4,0,7,9,12,8
2018,c,C,6,False,-3,4,0,4,0,2,7,12,8
2018,c,C,6,False,-2,6,0,6,0,6,14,18,12
2018,c,C,6,False,-1,8,1,7,0,11,14,27,21
2018,c,C,6,False,0,9,5,4,0,10,14,28,25
2018,c,C,6,False,1,8,5,3,0,13,15,27,25
2018,c,C,6,False,2,6,6,0,0,9,3,18,18
2018,c,C,6,False,3,10,8,2,0,14,25,30,29
2018,c,C,6,False,4,1,1,0,0,0,0,3,3
2018,c,C,6,False,5,1,1,0,0,2,5,3,3
2018,c,C,6,False,6,6,6,0,0,18,6,18,18
2018,c,C,6,False,7,2,2,0,0,2,5,6,6
2018,c,C,6,False,10,1,1,0,0,2,6,3,3
2018,c,C,6,False,11,1,1,0,0,1,3,3,3
2018,c,C,6,True,-10,1,0,1,0,0,0,3,3
2018,c,C,6,True,-8,1,0,1,0,2,4,3,3
2018,c,C,6,True,-7,2,0,2,0,3,2,6,6
2018,c,C,6,True,-6,2,0,2,0,5,2,6,6
2018,c,C,6,True,-4,3,1,2,0,8,3,9,9
2018,c,C,6,True,-3,2,0,2,0,1,7,6,6
2018,c,C,6,True,-2,7,0,7,0,9,18,21,21
2018,c,C,6,True,-1,8,6,2,0,25,8,29,31
2018,c,C,6,True,0,10,7,3,0,17,12,28,33
2018,c,C,6,True,1,9,6,2,1,8,8,28,33
2018,c,C,6,True,2,8,7,0,1,10,9,22,28
2018,c,C,6,True,3,6,6,0,0,3,2,12,18
2018,c,C,6,True,4,7,6,1,0,10,14,15,21
2018,c,C,6,True,5,3,3,0,0,5,4,6,9
2018,c,C,6,True,8,2,2,0,0,3,0,4,6
2018,c,C,6,True,9,1,1,0,0,4,0,2,3
2018,c,C,7,False,-9,1,0,1,0,1,0,2,1
2018,c,C,7,False,-7,3,0,3,0,3,3,6,3
2018,c,C,7,False,-5,2,0,2,0,2,3,4,2
2018,c,C,7,False,-4,6,1,5,0,8,3,13,8
2018,c,C,7,False,-3,7,0,7,0,3,11,16,10
2018,c,C,7,False,-2,4,0,4,0,1,3,8,4
2018,c,C,7,False,-1,6,0,6,0,1,3,12,6
2018,c,C,7,False,0,8,5,3,0,11,7,17,15
2018,c,C,7,False,1,7,6,1,0,12,6,17,17
2018,c,C,7,False,2,6,6,0,0,8,4,12,12
2018,c,C,7,False,3,7,5,2,0,10,15,14,13
2018,c,C,7,False,4,4,4,0,0,1,5,8,8
2018,c,C,7,False,6,6,6,0,0,6,8,12,12
2018,c,C,7,False,7,1,1,0,0,0,1,2,2
2018,c,C,7,False,8,1,1,0,0,1,4,2,2
2018,c,C,7,False,11,1,1,0,0,1,3,2,2
2018,c,C,7,False,12,1,1,0,0,2,0,2,2
2018,c,C,7,True,-10,1,0,1,0,0,0,2,2
2018,c,C,7,True,-8,2,0,2,0,1,4,4,4
2018,c,C,7,True,-7,2,0,2,0,6,1,4,4
2018,c,C,7,True,-4,3,0,3,0,0,2,6,6
2018,c,C,7,True,-3,5,1,4,0,7,7,10,10
2018,c,C,7,True,-2,6,0,6,0,3,9,12,12
2018,c,C,7,True,-1,5,3,2,0,9,4,16,16
2018,c,C,7,True,0,9,6,3,0,9,6,22,24
2018,c,C,7,True,1,8,6,1,1,8,11,16,21
2018,c,C,7,True,2,8,6,1,1,1,7,13,19
2018,c,C,7,True,3,8,8,0,0,3,2,8,16
2018,c,C,7,True,4,6,6,0,0,5,2,6,12
2018,c,C,7,True,5,4,4,0,0,0,4,4,8
2018,c,C,7,True,6,1,1,0,0,0,1,1,2
2018,c,C,7,True,9,2,2,0,0,0,0,2,4
2018,c,C,7,True,10,1,1,0,0,0,0,1,2
2018,c,C,7,True,13,1,1,0,0,0,0,1,2
2018,d,C,6,False,-18,1,0,1,0,2,0,3,2
2018,d,C,6,False,-9,1,0,1,0,0,1,3,2
2018,d,C,6,False,-8,3,0,3,0,5,4,9,6
2018,d,C,6,False,-7,1,0,1,0,1,2,3,2
2018,d,C,6,False,-6,3,0,3,0,8,0,9,6
2018,d,C,6,False,-5,4,0,4,0,4,3,12,8
2018,d,C,6,False,-4,3,1,2,0,9,3,9,7
2018,d,C,6,False,-3,4,0,4,0,0,7,12,8
2018,d,C,6,False,-2,10,1,9,0,7,14,30,21
2018,d,C,6,False,-1,6,1,5,0,5,16,18,13
2018,d,C,6,False,0,10,4,6,0,18,19,35,32
2018,d,C,6,False,1,5,2,3,0,9,16,16,16
2018,d,C,6,False,2,7,5,2,0,13,9,21,19
2018,d,C,6,False,3,3,3,0,0,5,2,9,9
2018,d,C,6,False,4,4,4,0,0,8,8,12,12
2018,d,C,6,False,5,2,1,1,0,3,10,8,8
2018,d,C,6,False,6,1,1,0,0,0,1,3,3
2018,d,C,6,False,7,3,3,0,0,2,3,9,9
2018,d,C,6,False,10,1,1,0,0,0,0,3,3
2018,d,C,6,True,-10,1,0,1,0,7,1,3,3
2018,d,C,6,True,-4,4,0,3,1,7,1,15,15
2018,d,C,6,True,-3,2,0,2,0,0,0,6,6
2018,d,C,6,True,-2,6,0,6,0,2,4,18,18
2018,d,C,6,True,-1,14,4,10,0,14,23,42,43
2018,d,C,6,True,0,8,3,5,0,10,14,21,24
2018,d,C,6,True,1,10,5,5,0,7,21,31,35
2018,d,C,6,True,2,14,12,1,1,22,19,32,44
2018,d,C,6,True,3,2,2,0,0,2,2,4,6
2018,d,C,6,True,4,5,5,0,0,7,6,10,15
2018,d,C,6,True,5,1,1,0,0,0,1,2,3
2018,d,C,6,True,6,1,1,0,0,0,3,2,3
2018,d,C,6,True,8,3,3,0,0,0,6,6,9
2018,d,C,7,False,-18,1,0,1,0,2,0,2,1
2018,d,C,7,False,-9,1,0,1,0,0,1,2,1
2018,d,C,7,False,-8,3,0,3,0,5,4,6,3
2018,d,C,7,False,-7,2,0,2,0,1,2,4,2
2018,d,C,7,False,-6,5,0,5,0,9,3,10,5
2018,d,C,7,False,-5,5,0,5,0,3,0,10,5
2018,d,C,7,False,-4,5,0,5,0,1,1,10,5
2018,d,C,7,False,-3,2,0,2,0,0,3,4,2
2018,d,C,7,False,-2,7,2,5,0,7,4,14,9
2018,d,C,7,False,-1,10,2,8,0,9,10,20,13
2018,d,C,7,False,0,7,2,5,0,10,12,19,17
2018,d,C,7,False,1,5,3,2,0,8,11,11,11
2018,d,C,7,False,2,4,4,0,0,8,2,8,8
2018,d,C,7,False,3,4,4,0,0,4,4,8,8
2018,d,C,7,False,4,1,1,0,0,0,0,2,2
2018,d,C,7,False,5,3,3,0,0,4,0,6,6
2018,d,C,7,False,6,3,2,1,0,2,10,8,8
2018,d,C,7,False,7,3,3,0,0,0,3,6,6
2018,d,C,7,False,10,1,1,0,0,0,0,2,2
2018,d,C,7,True,-10,1,0,1,0,7,1,2,2
2018,d,C,7,True,-4,2,0,2,0,1,0,4,4
2018,d,C,7,True,-3,4,0,4,0,0,0,8,8
2018,d,C,7,True,-2,9,0,8,1,3,13,18,19
2018,d,C,7,True,-1,10,2,8,0,9,10,21,21
2018,d,C,7,True,0,8,3,4,1,5,12,17,19
2018,d,C,7,True,1,10,7,3,0,4,11,19,24
2018,d,C,7,True,2,11,8,3,0,3,15,16,24
2018,d,C,7,True,3,2,2,0,0,0,0,2,4
2018,d,C,7,True,4,6,6,0,0,4,1,6,12
2018,d,C,7,True,5,4,4,0,0,4,4,4,8
2018,d,C,7,True,6,2,2,0,0,0,3,2,4
2018,d,C,7,True,8,2,2,0,0,0,4,2,4
2018,db,C,6,False,-8,2,0,2,0,3,0,6,4
2018,db,C,6,False,-7,3,0,3,0,4,2,9,6
2018,db,C,6,False,-6,1,0,1,0,0,2,3,2
2018,db,C,6,False,-5,3,0,3,0,6,6,9,6
2018,db,C,6,False,-4,3,0,3,0,0,1,9,6
2018,db,C,6,False,-3,4,0,4,0,4,4,13,10
2018,db,C,6,False,-2,9,0,9,0,5,12,27,18
2018,db,C,6,False,-1,12,7,4,1,24,7,45,42
2018,db,C,6,False,0,9,3,6,0,12,17,29,25
2018,db,C,6,False,1,7,6,1,0,15,8,21,20
2018,db,C,6,False,2,7,7,0,0,11,12,21,21
2018,db,C,6,False,3,5,5,0,0,11,5,15,15
2018,db,C,6,False,4,4,4,0,0,11,3,12,12
2018,db,C,6,False,5,1,1,0,0,5,0,3,3
2018,db,C,6,False,6,1,1,0,0,0,1,3,3
2018,db,C,6,True,-7,2,0,2,0,1,9,6,6
2018,db,C,6,True,-6,5,0,5,0,8,11,15,15
2018,db,C,6,True,-5,2,0,2,0,5,3,6,6
2018,db,C,6,True,-4,5,0,5,0,10,9,15,15
2018,db,C,6,True,-3,9,2,7,0,14,13,26,27
2018,db,C,6,True,-2,6,2,4,0,10,12,16,18
2018,db,C,6,True,-1,8,0,8,0,4,16,25,25
2018,db,C,6,True,0,8,4,3,1,11,9,27,30
2018,db,C,6,True,1,7,5,2,0,9,14,21,24
2018,db,C,6,True,2,7,7,0,0,10,2,14,21
2018,db,C,6,True,3,2,2,0,0,3,1,4,6
2018,db,C,6,True,4,5,5,0,0,5,3,9,13
2018,db,C,6,True,6,2,2,0,0,4,4,4,6
2018,db,C,6,True,7,2,2,0,0,2,5,4,6
2018,db,C,6,True,8,1,1,0,0,0,0,2,3
2018,db,C,7,False,-9,1,0,1,0,0,0,2,1
2018,db,C,7,False,-8,2,0,2,0,1,1,4,2
2018,db,C,7,False,-7,1,0,1,0,1,0,2,1
2018,db,C,7,False,-6,4,0,4,0,2,2,8,4
2018,db,C,7,False,-5,4,0,4,0,5,1,8,4
2018,db,C,7,False,-4,4,0,4,0,0,0,8,4
2018,db,C,7,False,-3,5,0,5,0,2,4,10,5
2018,db,C,7,False,-2,10,1,9,0,10,4,21,12
2018,db,C,7,False,-1,8,4,3,1,13,2,22,20
2018,db,C,7,False,0,9,6,3,0,13,3,23,23
2018,db,C,7,False,1,5,5,0,0,8,1,10,10
2018,db,C,7,False,2,5,5,0,0,4,2,10,10
2018,db,C,7,False,3,8,8,0,0,7,5,16,16
2018,db,C,7,False,4,1,1,0,0,5,0,2,2
2018,db,C,7,False,5,4,4,0,0,9,1,8,8
2018,db,C,7,True,-12,1,0,1,0,0,2,2,2
2018,db,C,7,True,-8,1,0,1,0,5,1,2,2
2018,db,C,7,True,-7,1,0,1,0,0,9,2,2
2018,db,C,7,True,-6,4,0,4,0,7,1,8,8
2018,db,C,7,True,-5,5,0,5,0,0,6,10,10
2018,db,C,7,True,-4,1,0,1,0,2,2,2,2
2018,db,C,7,True,-3,9,2,7,0,12,11,17,18
2018,db,C,7,True,-2,5,0,5,0,3,12,10,10
2018,db,C,7,True,-1,8,0,8,0,2,9,17,17
2018,db,C,7,True,0,6,2,3,1,5,5,19,19
2018,db,C,7,True,1,10,8,2,0,7,9,12,20
2018,db,C,7,True,2,6,6,0,0,7,2,6,12
2018,db,C,7,True,3,4,4,0,0,4,5,7,10
2018,db,C,7,True,4,2,2,0,0,0,1,2,4
2018,db,C,7,True,5,2,2,0,0,0,1,2,4
2018,db,C,7,True,6,2,2,0,0,0,1,2,4
2018,db,C,7,True,7,1,1,0,0,2,2,1,2
2018,db,C,7,True,8,1,1,0,0,0,0,1,2
2018,db,C,7,True,9,1,1,0,0,0,2,1,2
2018,e,P,6,False,-9,1,0,1,0,2,5,3,2
2018,e,P,6,False,-7,1,0,1,0,5,3,3,2
2018,e,P,6,False,-6,1,0,1,0,0,0,3,2
2018,e,P,6,False,-5,3,0,3,0,3,1,9,6
2018,e,P,6,False,-4,4,0,4,0,1,3,12,8
2018,e,P,6,False,-3,2,1,1,0,6,0,6,5
2018,e,P,6,False,-2,8,1,7,0,15,16,24,18
2018,e,P,6,False,-1,15,7,7,1,33,14,55,49
2018,e,P,6,False,0,8,3,4,1,15,15,28,26
2018,e,P,6,False,1,10,7,2,1,12,10,33,31
2018,e,P,6,False,2,7,7,0,0,13,3,21,21
2018,e,P,6,False,3,3,2,1,0,3,5,9,8
2018,e,P,6,False,4,2,2,0,0,4,0,6,6
2018,e,P,6,False,5,2,2,0,0,6,1,6,6
2018,e,P,6,False,6,2,2,0,0,4,3,6,6
2018,e,P,6,False,7,2,2,0,0,11,1,6,6
2018,e,P,6,True,-10,1,0,1,0,0,0,3,3
2018,e,P,6,True,-9,1,0,1,0,0,2,3,3
2018,e,P,6,True,-5,5,0,5,0,3,18,15,15
2018,e,P,6,True,-4,4,0,4,0,0,13,12,12
2018,e,P,6,True,-3,5,0,5,0,3,6,15,15
2018,e,P,6,True,-2,9,1,8,0,7,12,26,27
2018,e,P,6,True,-1,14,2,12,0,20,21,48,48
2018,e,P,6,True,0,14,3,11,0,12,27,50,51
2018,e,P,6,True,1,6,6,0,0,9,2,12,18
2018,e,P,6,True,2,5,3,2,0,9,11,12,15
2018,e,P,6,True,3,2,2,0,0,1,0,4,6
2018,e,P,6,True,5,3,2,1,0,2,8,7,9
2018,e,P,6,True,8,2,2,0,0,0,1,4,6
2018,e,P,6,True,10,1,1,0,0,1,5,2,3
2018,e,P,7,False,-14,1,0,1,0,2,0,2,1
2018,e,P,7,False,-7,2,0,2,0,7,2,4,2
2018,e,P,7,False,-6,1,0,1,0,0,0,2,1
2018,e,P,7,False,-5,2,0,2,0,1,1,4,2
2018,e,P,7,False,-4,6,0,6,0,6,4,12,7
2018,e,P,7,False,-3,4,0,4,0,0,0,8,4
2018,e,P,7,False,-2,9,3,6,0,17,8,18,12
2018,e,P,7,False,-1,10,3,7,0,9,2,26,20
2018,e,P,7,False,0,6,3,1,2,10,5,20,20
2018,e,P,7,False,1,10,8,1,1,13,7,23,22
2018,e,P,7,False,2,5,5,0,0,4,2,10,10
2018,e,P,7,False,3,5,4,1,0,5,7,10,10
2018,e,P,7,False,4,2,2,0,0,5,0,4,4
2018,e,P,7,False,5,3,3,0,0,6,0,6,6
2018,e,P,7,False,6,3,3,0,0,10,3,6,6
2018,e,P,7,False,7,1,1,0,0,3,0,2,2
2018,e,P,7,False,9,1,1,0,0,0,1,2,2
2018,e,P,7,True,-10,1,0,1,0,0,0,2,2
2018,e,P,7,True,-9,1,0,1,0,0,2,2,2
2018,e,P,7,True,-7,2,0,2,0,0,9,4,4
2018,e,P,7,True,-6,2,0,2,0,0,4,4,4
2018,e,P,7,True,-5,2,0,2,0,0,3,4,4
2018,e,P,7,True,-4,5,0,5,0,1,8,10,10
2018,e,P,7,True,-3,5,0,5,0,2,2,10,10
2018,e,P,7,True,-2,7,0,7,0,2,9,14,14
2018,e,P,7,True,-1,11,3,8,0,15,14,24,25
2018,e,P,7,True,0,16,4,12,0,8,19,39,41
2018,e,P,7,True,1,5,4,1,0,5,3,6,10
2018,e,P,7,True,2,4,2,2,0,1,10,6,8
2018,e,P,7,True,3,3,2,1,0,2,4,7,9
2018,e,P,7,True,4,1,1,0,0,0,0,1,2
2018,e,P,7,True,5,2,2,0,0,0,0,2,4
2018,e,P,7,True,6,2,1,1,0,2,9,3,4
2018,e,P,7,True,7,2,2,0,0,0,0,2,4
2018,e,P,7,True,8,1,1,0,0,0,0,1,2
2018,f,P,6,False,-10,1,0,1,0,0,1,3,2
2018,f,P,6,False,-9,1,0,1,0,2,1,3,2
2018,f,P,6,False,-8,3,0,3,0,3,0,9,6
2018,f,P,6,False,-6,3,0,3,0,7,3,9,6
2018,f,P,6,False,-5,4,0,4,0,1,2,12,8
2018,f,P,6,False,-4,1,0,1,0,0,1,3,2
2018,f,P,6,False,-3,5,1,4,0,9,1,16,12
2018,f,P,6,False,-2,3,1,2,0,4,1,9,7
2018,f,P,6,False,-1,7,2,5,0,6,3,22,17
2018,f,P,6,False,0,9,6,3,0,15,8,33,31
2018,f,P,6,False,1,11,6,4,1,19,24,41,41
2018,f,P,6,False,2,13,8,5,0,10,24,42,37
2018,f,P,6,False,3,4,4,0,0,14,1,12,12
2018,f,P,6,False,4,3,3,0,0,4,5,9,9
2018,f,P,6,False,5,1,1,0,0,0,0,3,3
2018,f,P,6,False,6,2,2,0,0,4,3,6,6
2018,f,P,6,True,-8,1,0,1,0,0,2,3,3
2018,f,P,6,True,-7,1,0,1,0,0,3,3,3
2018,f,P,6,True,-6,3,0,3,0,7,8,9,9
2018,f,P,6,True,-5,3,0,3,0,5,0,9,9
2018,f,P,6,True,-4,4,1,3,0,9,10,12,12
2018,f,P,6,True,-3,4,0,4,0,4,3,12,12
2018,f,P,6,True,-2,4,0,4,0,2,12,12,12
2018,f,P,6,True,-1,5,2,3,0,8,4,14,15
2018,f,P,6,True,0,11,5,5,1,17,19,33,38
2018,f,P,6,True,1,9,7,1,1,11,6,23,30
2018,f,P,6,True,2,8,7,1,0,5,11,17,24
2018,f,P,6,True,3,8,8,0,0,3,6,16,24
2018,f,P,6,True,4,3,3,0,0,8,3,6,9
2018,f,P,6,True,5,2,2,0,0,1,4,4,6
2018,f,P,6,True,6,1,1,0,0,0,0,2,3
2018,f,P,6,True,7,1,1,0,0,2,0,2,3
2018,f,P,6,True,8,1,1,0,0,4,1,2,3
2018,f,P,6,True,11,1,1,0,0,2,2,2,3
2018,f,P,6,True,13,1,1,0,0,1,1,2,3
2018,f,P,7,False,-11,1,0,1,0,0,0,2,1
2018,f,P,7,False,-9,1,0,1,0,2,1,2,1
2018,f,P,7,False,-8,2,0,2,0,2,0,4,2
2018,f,P,7,False,-7,1,0,1,0,0,0,2,1
2018,f,P,7,False,-6,1,0,1,0,0,2,2,1
2018,f,P,7,False,-5,5,0,5,0,3,2,10,5
2018,f,P,7,False,-4,2,0,2,0,1,1,4,2
2018,f,P,7,False,-3,5,1,4,0,7,1,13,9
2018,f,P,7,False,-2,4,1,3,0,5,1,9,6
2018,f,P,7,False,-1,9,2,7,0,5,2,18,11
2018,f,P,7,False,0,7,4,3,0,6,3,20,19
2018,f,P,7,False,1,9,5,3,1,8,12,24,23
2018,f,P,7,False,2,12,10,2,0,7,11,27,25
2018,f,P,7,False,3,2,2,0,0,2,1,4,4
2018,f,P,7,False,4,4,4,0,0,2,5,8,8
2018,f,P,7,False,5,4,3,1,0,8,10,8,8
2018,f,P,7,False,6,2,2,0,0,6,0,4,4
2018,f,P,7,True,-8,1,0,1,0,0,2,2,2
2018,f,P,7,True,-7,2,0,2,0,0,6,4,4
2018,f,P,7,True,-6,3,0,3,0,5,6,6,6
2018,f,P,7,True,-5,4,1,3,0,10,1,8,8
2018,f,P,7,True,-4,3,0,3,0,1,1,6,6
2018,f,P,7,True,-3,5,0,5,0,5,7,10,10
2018,f,P,7,True,-2,4,0,4,0,1,3,8,8
2018,f,P,7,True,-1,3,1,2,0,3,1,6,6
2018,f,P,7,True,0,7,1,4,2,3,17,21,22
2018,f,P,7,True,1,10,9,1,0,9,3,11,20
2018,f,P,7,True,2,9,8,1,0,3,8,10,18
2018,f,P,7,True,3,7,7,0,0,0,6,7,14
2018,f,P,7,True,4,3,3,0,0,1,0,3,6
2018,f,P,7,True,5,3,3,0,0,1,2,3,6
2018,f,P,7,True,6,2,2,0,0,0,0,2,4
2018,f,P,7,True,8,2,2,0,0,7,4,2,4
2018,f,P,7,True,9,1,1,0,0,0,0,1,2
2018,f,P,7,True,12,1,1,0,0,0,1,1,2
2018,f,P,7,True,13,1,1,0,0,1,1,1,2
2018,g,C,6,False,-8,1,0,1,0,0,1,3,2
2018,g,C,6,False,-7,4,0,4,0,9,2,12,8
2018,g,C,6,False,-5,1,0,1,0,0,1,3,2
2018,g,C,6,False,-4,6,0,6,0,12,13,18,13
2018,g,C,6,False,-3,2,0,2,0,1,2,6,4
2018,g,C,6,False,-2,9,0,8,1,12,8,31,26
2018,g,C,6,False,-1,4,0,4,0,0,3,12,8
2018,g,C,6,False,0,10,4,4,2,16,9,39,36
2018,g,C,6,False,1,12,9,3,0,16,12,36,35
2018,g,C,6,False,2,4,4,0,0,9,3,12,12
2018,g,C,6,False,3,5,5,0,0,6,3,15,15
2018,g,C,6,False,4,3,2,0,1,2,8,12,12
2018,g,C,6,False,5,4,4,0,0,4,2,12,12
2018,g,C,6,False,6,2,2,0,0,3,1,6,6
2018,g,C,6,False,7,3,3,0,0,4,7,9,9
2018,g,C,6,False,10,1,1,0,0,1,7,3,3
2018,g,C,6,True,-7,3,0,3,0,4,4,9,9
2018,g,C,6,True,-6,2,0,2,0,1,0,6,6
2018,g,C,6,True,-5,1,0,1,0,4,0,3,3
2018,g,C,6,True,-4,3,0,3,0,4,6,9,9
2018,g,C,6,True,-3,3,0,3,0,5,5,9,9
2018,g,C,6,True,-2,10,1,9,0,14,16,29,30
2018,g,C,6,True,-1,10,2,8,0,18,25,29,30
2018,g,C,6,True,0,9,5,4,0,16,14,26,28
2018,g,C,6,True,1,8,3,4,1,10,14,26,29
2018,g,C,6,True,2,7,7,0,0,7,1,14,21
2018,g,C,6,True,3,4,4,0,0,3,3,8,12
2018,g,C,6,True,4,3,3,0,0,3,5,6,9
2018,g,C,6,True,5,3,2,1,0,4,6,7,9
2018,g,C,6,True,7,2,2,0,0,2,2,4,6
2018,g,C,6,True,8,1,1,0,0,0,4,2,3
2018,g,C,6,True,9,1,1,0,0,1,0,2,3
2018,g,C,6,True,10,1,1,0,0,0,0,2,3
2018,g,C,6,True,18,1,1,0,0,0,2,2,3
2018,g,C,7,False,-9,1,0,1,0,0,0,2,1
2018,g,C,7,False,-7,2,0,2,0,1,1,4,2
2018,g,C,7,False,-6,4,0,4,0,5,4,8,4
2018,g,C,7,False,-5,1,0,1,0,1,0,2,1
2018,g,C,7,False,-4,2,0,2,0,5,4,4,3
2018,g,C,7,False,-3,5,0,5,0,2,2,10,5
2018,g,C,7,False,-2,8,0,7,1,5,2,19,13
2018,g,C,7,False,-1,5,0,5,0,2,3,13,10
2018,g,C,7,False,0,9,2,4,3,5,6,28,25
2018,g,C,7,False,1,8,6,2,0,7,9,16,16
2018,g,C,7,False,2,7,7,0,0,11,0,14,14
2018,g,C,7,False,3,6,6,0,0,8,3,12,12
2018,g,C,7,False,4,2,2,0,0,0,1,4,4
2018,g,C,7,False,5,4,4,0,0,3,3,8,8
2018,g,C,7,False,6,2,2,0,0,0,2,4,4
2018,g,C,7,False,7,2,2,0,0,0,4,4,4
2018,g,C,7,False,8,1,1,0,0,1,0,2,2
2018,g,C,7,False,10,1,1,0,0,1,7,2,2
2018,g,C,7,False,11,1,1,0,0,0,3,2,2
2018,g,C,7,True,-8,1,0,1,0,4,1,2,2
2018,g,C,7,True,-7,2,0,2,0,0,2,4,4
2018,g,C,7,True,-6,1,0,1,0,0,0,2,2
2018,g,C,7,True,-5,4,0,4,0,5,5,8,8
2018,g,C,7,True,-4,1,0,1,0,0,0,2,2
2018,g,C,7,True,-3,7,0,7,0,7,2,14,14
2018,g,C,7,True,-2,6,0,6,0,4,11,12,12
2018,g,C,7,True,-1,8,1,7,0,6,14,16,16
2018,g,C,7,True,0,8,3,5,0,4,8,17,17
2018,g,C,7,True,1,7,3,3,1,5,10,16,19
2018,g,C,7,True,2,9,9,0,0,10,4,9,18
2018,g,C,7,True,3,4,4,0,0,3,3,4,8
2018,g,C,7,True,4,3,3,0,0,2,6,3,6
2018,g,C,7,True,5,3,2,1,0,3,6,4,6
2018,g,C,7,True,6,3,3,0,0,3,1,3,6
2018,g,C,7,True,8,1,1,0,0,0,4,1,2
2018,g,C,7,True,9,2,2,0,0,1,1,2,4
2018,g,C,7,True,10,1,1,0,0,0,0,1,2
2018,g,C,7,True,18,1,1,0,0,0,2,1,2
2018,h,P,6,False,-9,1,0,1,0,3,0,3,2
2018,h,P,6,False,-8,1,0,1,0,0,0,3,2
2018,h,P,6,False,-7,2,0,2,0,4,2,6,4
2018,h,P,6,False,-6,3,0,3,0,4,4,9,6
2018,h,P,6,False,-5,3,0,3,0,3,3,9,6
2018,h,P,6,False,-4,3,0,3,0,5,2,9,6
2018,h,P,6,False,-3,3,0,3,0,4,4,9,6
2018,h,P,6,False,-2,10,4,6,0,21,1,31,25
2018,h,P,6,False,-1,5,2,3,0,7,4,15,12
2018,h,P,6,False,0,12,10,2,0,30,8,41,41
2018,h,P,6,False,1,7,4,3,0,11,15,22,21
2018,h,P,6,False,2,4,4,0,0,6,2,12,12
2018,h,P,6,False,3,2,2,0,0,6,0,6,6
2018,h,P,6,False,4,4,4,0,0,11,1,12,12
2018,h,P,6,False,5,7,7,0,0,10,5,21,21
2018,h,P,6,False,6,2,2,0,0,4,3,6,6
2018,h,P,6,False,8,2,2,0,0,2,3,6,6
2018,h,P,6,False,12,1,1,0,0,0,4,3,3
2018,h,P,6,True,-11,1,0,1,0,3,1,3,3
2018,h,P,6,True,-8,1,0,1,0,2,0,3,3
2018,h,P,6,True,-7,1,0,1,0,1,0,3,3
2018,h,P,6,True,-6,2,0,2,0,4,8,6,6
2018,h,P,6,True,-5,1,0,1,0,1,2,3,3
2018,h,P,6,True,-4,2,1,1,0,7,1,7,7
2018,h,P,6,True,-3,3,0,3,0,2,12,9,9
2018,h,P,6,True,-2,10,2,7,1,19,20,33,33
2018,h,P,6,True,-1,7,2,5,0,8,10,19,21
2018,h,P,6,True,0,7,1,6,0,3,13,22,23
2018,h,P,6,True,1,9,8,1,0,9,5,22,30
2018,h,P,6,True,2,5,4,1,0,9,6,11,15
2018,h,P,6,True,3,6,6,0,0,5,4,12,18
2018,h,P,6,True,4,5,5,0,0,8,6,14,18
2018,h,P,6,True,5,4,4,0,0,3,9,8,12
2018,h,P,6,True,6,2,2,0,0,2,3,4,6
2018,h,P,6,True,7,1,1,0,0,1,0,2,3
2018,h,P,6,True,8,1,1,0,0,0,2,2,3
2018,h,P,6,True,9,1,1,0,0,0,1,2,3
2018,h,P,6,True,10,1,1,0,0,3,1,2,3
2018,h,P,6,True,11,1,1,0,0,1,0,2,3
2018,h,P,7,False,-9,2,0,2,0,3,0,4,2
2018,h,P,7,False,-8,2,0,2,0,0,0,4,2
2018,h,P,7,False,-7,1,0,1,0,4,0,2,1
2018,h,P,7,False,-6,3,0,3,0,3,5,6,3
2018,h,P,7,False,-5,3,0,3,0,2,0,6,3
2018,h,P,7,False,-4,2,0,2,0,2,1,4,2
2018,h,P,7,False,-3,1,0,1,0,2,0,2,1
2018,h,P,7,False,-2,8,2,6,0,13,1,17,11
2018,h,P,7,False,-1,8,1,7,0,6,5,17,12
2018,h,P,7,False,0,11,11,0,0,29,3,26,26
2018,h,P,7,False,1,7,4,3,0,10,15,15,14
2018,h,P,7,False,2,5,5,0,0,5,2,10,10
2018,h,P,7,False,3,3,3,0,0,0,0,6,6
2018,h,P,7,False,4,3,3,0,0,5,1,6,6
2018,h,P,7,False,5,5,5,0,0,4,2,10,10
2018,h,P,7,False,6,3,3,0,0,2,1,6,6
2018,h,P,7,False,7,2,2,0,0,9,0,4,4
2018,h,P,7,False,8,2,2,0,0,2,3,4,4
2018,h,P,7,False,12,1,1,0,0,0,4,2,2
2018,h,P,7,True,-11,1,0,1,0,3,1,2,2
2018,h,P,7,True,-8,1,0,1,0,2,0,2,2
2018,h,P,7,True,-7,1,0,1,0,1,0,2,2
2018,h,P,7,True,-6,4,0,4,0,6,11,8,8
2018,h,P,7,True,-5,1,0,1,0,0,4,2,2
2018,h,P,7,True,-4,3,1,2,0,7,4,7,7
2018,h,P,7,True,-3,5,1,4,0,8,5,10,10
2018,h,P,7,True,-2,8,1,7,0,5,11,16,16
2018,h,P,7,True,-1,4,0,4,0,0,1,8,8
2018,h,P,7,True,0,7,2,4,1,12,11,24,25
2018,h,P,7,True,1,4,4,0,0,1,0,4,8
2018,h,P,7,True,2,12,11,1,0,14,9,13,24
2018,h,P,7,True,3,6,6,0,0,3,2,6,12
2018,h,P,7,True,4,5,5,0,0,2,1,5,10
2018,h,P,7,True,5,3,3,0,0,2,5,3,6
2018,h,P,7,True,6,1,1,0,0,2,0,1,2
2018,h,P,7,True,7,1,1,0,0,1,0,1,2
2018,h,P,7,True,8,1,1,0,0,0,2,1,2
2018,h,P,7,True,9,1,1,0,0,0,1,1,2
2018,h,P,7,True,11,1,1,0,0,1,0,1,2
2018,h,P,7,True,13,1,1,0,0,0,1,1,2
2018,l,P,6,False,-10,2,0,2,0,6,4,6,4
2018,l,P,6,False,-6,1,0,1,0,0,1,3,2
2018,l,P,6,False,-5,1,0,1,0,3,0,3,2
2018,l,P,6,False,-4,4,0,4,0,8,8,15,12
2018,l,P,6,False,-3,6,0,6,0,5,7,18,12
2018,l,P,6,False,-2,4,1,3,0,4,2,12,9
2018,l,P,6,False,-1,5,2,3,0,10,5,15,12
2018,l,P,6,False,0,6,1,5,0,3,8,21,18
2018,l,P,6,False,1,12,10,2,0,23,21,40,39
2018,l,P,6,False,2,5,5,0,0,15,4,15,15
2018,l,P,6,False,3,8,8,0,0,16,7,24,24
2018,l,P,6,False,4,5,5,0,0,10,6,15,15
2018,l,P,6,False,5,5,4,1,0,0,15,15,15
2018,l,P,6,False,6,3,3,0,0,9,6,9,9
2018,l,P,6,False,7,1,1,0,0,0,0,3,3
2018,l,P,6,False,8,1,1,0,0,0,2,3,3
2018,l,P,6,False,9,1,1,0,0,2,0,3,3
2018,l,P,6,False,10,1,1,0,0,0,0,3,3
2018,l,P,6,True,-12,1,0,1,0,4,0,3,3
2018,l,P,6,True,-8,1,0,1,0,0,1,3,3
2018,l,P,6,True,-7,2,0,2,0,2,10,6,6
2018,l,P,6,True,-6,3,0,3,0,4,8,9,9
2018,l,P,6,True,-4,2,0,2,0,4,4,6,6
2018,l,P,6,True,-3,2,1,1,0,5,3,5,6
2018,l,P,6,True,-2,9,4,4,1,20,5,28,31
2018,l,P,6,True,-1,10,6,3,1,28,15,32,35
2018,l,P,6,True,0,5,3,2,0,17,16,13,15
2018,l,P,6,True,1,5,2,3,0,8,13,16,17
2018,l,P,6,True,2,7,6,1,0,13,13,16,21
2018,l,P,6,True,3,4,3,1,0,4,5,10,13
2018,l,P,6,True,4,4,4,0,0,5,2,8,12
2018,l,P,6,True,5,4,4,0,0,3,7,8,12
2018,l,P,6,True,6,5,5,0,0,5,8,10,15
2018,l,P,6,True,7,3,3,0,0,3,11,6,9
2018,l,P,6,True,8,1,1,0,0,1,6,2,3
2018,l,P,6,True,9,3,3,0,0,6,7,6,9
2018,l,P,7,False,-13,1,0,1,0,1,0,2,1
2018,l,P,7,False,-6,2,0,2,0,1,2,4,2
2018,l,P,7,False,-5,1,0,1,0,3,0,2,1
2018,l,P,7,False,-4,5,0,5,0,4,1,10,5
2018,l,P,7,False,-3,3,0,3,0,1,2,6,3
2018,l,P,7,False,-2,9,1,8,0,8,11,18,10
2018,l,P,7,False,-1,5,1,4,0,6,4,11,8
2018,l,P,7,False,0,8,5,3,0,11,12,25,25
2018,l,P,7,False,1,5,5,0,0,4,2,10,10
2018,l,P,7,False,2,2,2,0,0,0,1,4,4
2018,l,P,7,False,3,7,6,1,0,8,9,14,14
2018,l,P,7,False,4,7,7,0,0,6,2,14,14
2018,l,P,7,False,5,7,7,0,0,5,8,14,14
2018,l,P,7,False,6,4,4,0,0,8,3,8,8
2018,l,P,7,False,7,2,2,0,0,1,3,4,4
2018,l,P,7,False,8,1,1,0,0,0,2,2,2
2018,l,P,7,False,9,1,1,0,0,2,0,2,2
2018,l,P,7,False,10,1,1,0,0,0,0,2,2
2018,l,P,7,True,-12,1,0,1,0,4,0,2,2
2018,l,P,7,True,-9,1,0,1,0,1,0,2,2
2018,l,P,7,True,-8,2,0,2,0,1,3,4,4
2018,l,P,7,True,-6,3,0,3,0,2,11,6,6
2018,l,P,7,True,-5,2,1,1,0,10,4,4,4
2018,l,P,7,True,-4,2,0,2,0,4,2,4,4
2018,l,P,7,True,-3,3,1,2,0,4,2,6,6
2018,l,P,7,True,-2,4,2,2,0,6,0,8,9
2018,l,P,7,True,-1,10,4,5,1,14,7,24,26
2018,l,P,7,True,0,5,2,2,1,8,13,13,14
2018,l,P,7,True,1,4,4,0,0,5,0,4,8
2018,l,P,7,True,2,6,3,3,0,2,12,10,13
2018,l,P,7,True,3,3,3,0,0,0,0,3,6
2018,l,P,7,True,4,6,6,0,0,4,8,7,12
2018,l,P,7,True,5,3,3,0,0,1,7,3,6
2018,l,P,7,True,6,7,7,0,0,3,4,7,14
2018,l,P,7,True,7,5,5,0,0,2,13,5,10
2018,l,P,7,True,8,2,2,0,0,1,6,2,4
2018,l,P,7,True,9,1,1,0,0,1,2,1,2
2018,l,P,7,True,14,1,1,0,0,0,2,1,2
2018,m,P,6,False,-13,1,0,1,0,1,1,3,2
2018,m,P,6,False,-9,2,0,2,0,4,0,6,4
2018,m,P,6,False,-6,2,0,2,0,2,0,6,4
2018,m,P,6,False,-5,2,1,1,0,8,4,6,5
2018,m,P,6,False,-4,3,0,3,0,0,4,9,6
2018,m,P,6,False,-3,3,0,3,0,3,2,9,6
2018,m,P,6,False,-2,11,0,11,0,10,17,37,28
2018,m,P,6,False,-1,5,1,4,0,5,8,15,11
2018,m,P,6,False,0,13,7,5,1,22,20,46,41
2018,m,P,6,False,1,7,5,2,0,9,9,22,21
2018,m,P,6,False,2,10,7,2,1,27,20,33,33
2018,m,P,6,False,3,6,6,0,0,3,2,18,18
2018,m,P,6,False,4,4,2,2,0,3,14,13,13
2018,m,P,6,False,6,1,1,0,0,4,1,3,3
2018,m,P,6,False,8,1,1,0,0,1,0,3,3
2018,m,P,6,True,-8,1,0,1,0,3,0,3,3
2018,m,P,6,True,-5,7,0,7,0,1,5,21,21
2018,m,P,6,True,-4,6,0,6,0,3,9,18,18
2018,m,P,6,True,-3,6,0,6,0,6,6,18,18
2018,m,P,6,True,-2,6,1,5,0,6,5,20,21
2018,m,P,6,True,-1,6,2,3,1,7,9,20,21
2018,m,P,6,True,0,9,3,6,0,11,14,27,29
2018,m,P,6,True,1,14,8,6,0,8,24,39,47
2018,m,P,6,True,2,6,3,3,0,1,11,15,18
2018,m,P,6,True,3,1,1,0,0,0,1,2,3
2018,m,P,6,True,4,4,4,0,0,2,6,9,12
2018,m,P,6,True,5,2,2,0,0,3,2,4,6
2018,m,P,6,True,6,1,1,0,0,0,2,2,3
2018,m,P,6,True,8,2,2,0,0,0,0,4,6
2018,m,P,7,False,-13,1,0,1,0,1,1,2,1
2018,m,P,7,False,-9,1,0,1,0,1,0,2,1
2018,m,P,7,False,-7,1,0,1,0,0,0,2,1
2018,m,P,7,False,-6,6,1,5,0,10,1,12,7
2018,m,P,7,False,-5,3,0,3,0,2,3,6,3
2018,m,P,7,False,-4,3,0,3,0,0,1,6,3
2018,m,P,7,False,-3,4,0,4,0,3,2,8,4
2018,m,P,7,False,-2,6,0,6,0,4,3,16,12
2018,m,P,7,False,-1,4,0,4,0,0,5,8,4
2018,m,P,7,False,0,12,6,4,2,21,14,34,30
2018,m,P,7,False,1,6,4,2,0,4,7,13,12
2018,m,P,7,False,2,8,7,1,0,16,6,16,16
2018,m,P,7,False,3,9,8,1,0,5,6,18,18
2018,m,P,7,False,4,4,3,1,0,2,8,9,9
2018,m,P,7,False,5,1,0,1,0,1,7,2,2
2018,m,P,7,False,8,2,2,0,0,3,1,4,4
2018,m,P,7,True,-8,1,0,1,0,3,0,2,2
2018,m,P,7,True,-6,1,0,1,0,0,0,2,2
2018,m,P,7,True,-5,8,0,8,0,1,6,16,16
2018,m,P,7,True,-4,5,0,5,0,3,6,10,10
2018,m,P,7,True,-3,6,0,6,0,3,3,12,12
2018,m,P,7,True,-2,8,1,7,0,6,5,18,19
2018,m,P,7,True,-1,6,1,4,1,4,8,15,15
2018,m,P,7,True,0,10,2,8,0,5,20,24,24
2018,m,P,7,True,1,10,7,3,0,2,8,16,23
2018,m,P,7,True,2,5,5,0,0,2,1,5,10
2018,m,P,7,True,3,2,2,0,0,1,0,2,4
2018,m,P,7,True,4,4,4,0,0,1,3,4,8
2018,m,P,7,True,5,2,2,0,0,0,1,2,4
2018,m,P,7,True,6,1,1,0,0,2,1,1,2
2018,m,P,7,True,8,2,2,0,0,0,0,2,4
2018,s,C,6,False,-10,1,0,1,0,0,0,3,2
2018,s,C,6,False,-8,2,0,2,0,3,2,6,4
2018,s,C,6,False,-7,1,0,1,0,1,0,3,2
2018,s,C,6,False,-6,1,0,1,0,2,1,3,2
2018,s,C,6,False,-5,1,0,1,0,3,1,3,2
2018,s,C,6,False,-4,6,0,6,0,5,7,16,11
2018,s,C,6,False,-3,6,0,6,0,2,6,18,12
2018,s,C,6,False,-2,6,2,3,1,13,4,20,16
2018,s,C,6,False,-1,11,5,5,1,21,8,38,33
2018,s,C,6,False,0,15,9,6,0,26,25,50,45
2018,s,C,6,False,1,8,6,2,0,15,9,28,27
2018,s,C,6,False,2,8,7,1,0,11,13,24,23
2018,s,C,6,False,3,2,2,0,0,4,2,6,6
2018,s,C,6,False,4,4,3,1,0,5,8,12,12
2018,s,C,6,True,-12,1,0,1,0,6,2,3,3
2018,s,C,6,True,-10,1,0,1,0,6,2,3,3
2018,s,C,6,True,-7,1,0,1,0,3,4,3,3
2018,s,C,6,True,-6,1,0,1,0,0,3,3,3
2018,s,C,6,True,-5,2,1,1,0,10,3,8,8
2018,s,C,6,True,-4,3,0,3,0,2,6,9,9
2018,s,C,6,True,-3,6,0,6,0,5,6,18,18
2018,s,C,6,True,-2,4,0,4,0,4,10,12,12
2018,s,C,6,True,-1,7,2,5,0,13,14,23,23
2018,s,C,6,True,0,10,8,2,0,28,22,27,32
2018,s,C,6,True,1,9,5,4,0,9,14,24,29
2018,s,C,6,True,2,5,4,1,0,5,8,11,15
2018,s,C,6,True,3,5,5,0,0,12,0,10,15
2018,s,C,6,True,4,3,3,0,0,9,9,7,9
2018,s,C,6,True,5,4,4,0,0,3,8,8,12
2018,s,C,6,True,6,3,3,0,0,2,4,6,9
2018,s,C,6,True,7,5,5,0,0,5,11,10,15
2018,s,C,6,True,9,1,1,0,0,0,3,2,3
2018,s,C,7,False,-10,2,0,2,0,0,0,4,2
2018,s,C,7,False,-8,1,0,1,0,3,0,2,1
2018,s,C,7,False,-7,1,0,1,0,2,0,2,1
2018,s,C,7,False,-6,2,0,2,0,1,0,4,2
2018,s,C,7,False,-5,3,0,3,0,3,1,6,3
2018,s,C,7,False,-4,5,0,5,0,6,3,10,5
2018,s,C,7,False,-3,4,0,4,0,0,0,8,4
2018,s,C,7,False,-2,9,3,6,0,14,2,19,13
2018,s,C,7,False,-1,10,4,5,1,19,14,28,24
2018,s,C,7,False,0,10,6,4,0,10,8,22,18
2018,s,C,7,False,1,6,5,1,0,7,5,16,16
2018,s,C,7,False,2,11,10,0,1,13,4,23,22
2018,s,C,7,False,3,4,3,1,0,3,7,8,8
2018,s,C,7,False,4,3,3,0,0,4,2,6,6
2018,s,C,7,True,-11,1,0,1,0,3,0,2,2
2018,s,C,7,True,-10,1,0,1,0,4,2,2,2
2018,s,C,7,True,-7,2,0,2,0,2,0,4,4
2018,s,C,7,True,-6,2,1,1,0,9,3,6,6
2018,s,C,7,True,-5,1,0,1,0,2,0,2,2
2018,s,C,7,True,-4,5,0,5,0,2,6,10,10
2018,s,C,7,True,-3,8,0,8,0,6,8,16,16
2018,s,C,7,True,-2,4,0,4,0,2,3,8,8
2018,s,C,7,True,-1,3,1,2,0,4,4,8,8
2018,s,C,7,True,0,5,4,1,0,10,10,9,11
2018,s,C,7,True,1,8,6,2,0,7,8,14,18
2018,s,C,7,True,2,6,5,1,0,5,8,7,12
2018,s,C,7,True,3,7,7,0,0,10,0,7,14
2018,s,C,7,True,4,4,3,1,0,3,10,7,9
2018,s,C,7,True,5,4,4,0,0,1,8,4,8
2018,s,C,7,True,6,4,4,0,0,3,4,4,8
2018,s,C,7,True,7,5,5,0,0,6,9,5,10
2018,s,C,7,True,9,1,1,0,0,0,3,1,2
2018,t,C,6,False,-9,1,0,1,0,0,4,3,2
2018,t,C,6,False,-8,1,0,1,0,0,0,3,2
2018,t,C,6,False,-7,2,0,2,0,4,2,6,4
2018,t,C,6,False,-6,3,0,3,0,8,3,9,6
2018,t,C,6,False,-5,5,1,4,0,14,2,15,11
2018,t,C,6,False,-4,4,0,4,0,4,9,12,8
2018,t,C,6,False,-3,2,0,2,0,1,3,6,4
2018,t,C,6,False,-2,6,0,6,0,1,3,18,12
2018,t,C,6,False,-1,11,3,8,0,8,8,38,31
2018,t,C,6,False,0,6,3,3,0,14,10,19,17
2018,t,C,6,False,1,11,8,3,0,15,13,36,35
2018,t,C,6,False,2,5,5,0,0,9,2,15,15
2018,t,C,6,False,3,3,3,0,0,3,4,9,9
2018,t,C,6,False,4,4,4,0,0,1,4,12,12
2018,t,C,6,False,6,3,3,0,0,6,10,9,9
2018,t,C,6,False,7,3,3,0,0,13,0,9,9
2018,t,C,6,False,8,1,1,0,0,4,2,3,3
2018,t,C,6,False,12,1,1,0,0,2,6,3,3
2018,t,C,6,True,-7,1,0,1,0,2,0,3,3
2018,t,C,6,True,-6,4,0,4,0,6,10,12,12
2018,t,C,6,True,-5,3,0,3,0,2,8,9,9
2018,t,C,6,True,-4,4,0,4,0,6,5,12,12
2018,t,C,6,True,-3,8,0,8,0,14,12,24,24
2018,t,C,6,True,-2,5,0,5,0,3,5,15,15
2018,t,C,6,True,-1,10,0,10,0,8,16,31,31
2018,t,C,6,True,0,12,5,6,1,13,18,39,43
2018,t,C,6,True,1,8,6,1,1,5,6,21,27
2018,t,C,6,True,2,5,5,0,0,5,5,15,18
2018,t,C,6,True,3,4,4,0,0,7,5,10,13
2018,t,C,6,True,4,2,2,0,0,5,2,4,6
2018,t,C,6,True,5,1,1,0,0,1,1,2,3
2018,t,C,6,True,6,2,2,0,0,0,7,4,6
2018,t,C,6,True,7,2,2,0,0,2,1,4,6
2018,t,C,7,False,-13,1,0,1,0,0,0,2,1
2018,t,C,7,False,-9,1,0,1,0,2,0,2,1
2018,t,C,7,False,-8,2,0,2,0,3,3,4,2
2018,t,C,7,False,-7,2,0,2,0,4,2,4,2
2018,t,C,7,False,-6,3,0,3,0,3,0,6,3
2018,t,C,7,False,-5,5,1,4,0,10,0,10,6
2018,t,C,7,False,-4,2,0,2,0,1,1,4,2
2018,t,C,7,False,-3,5,0,5,0,3,3,10,5
2018,t,C,7,False,-2,6,0,6,0,2,0,12,6
2018,t,C,7,False,-1,8,1,7,0,2,7,18,11
2018,t,C,7,False,0,8,5,3,0,13,6,20,20
2018,t,C,7,False,1,5,4,1,0,1,2,13,13
2018,t,C,7,False,2,6,6,0,0,15,4,12,12
2018,t,C,7,False,3,8,8,0,0,4,4,16,16
2018,t,C,7,False,4,2,2,0,0,0,0,4,4
2018,t,C,7,False,5,1,1,0,0,0,0,2,2
2018,t,C,7,False,6,1,1,0,0,3,4,2,2
2018,t,C,7,False,7,2,2,0,0,11,0,4,4
2018,t,C,7,False,8,3,3,0,0,5,6,6,6
2018,t,C,7,False,10,1,1,0,0,2,4,2,2
2018,t,C,7,True,-8,1,0,1,0,0,1,2,2
2018,t,C,7,True,-7,1,0,1,0,2,0,2,2
2018,t,C,7,True,-6,3,0,3,0,4,2,6,6
2018,t,C,7,True,-5,3,0,3,0,1,7,6,6
2018,t,C,7,True,-4,5,0,5,0,5,1,10,10
2018,t,C,7,True,-3,5,0,5,0,4,7,10,10
2018,t,C,7,True,-2,8,0,8,0,1,9,16,16
2018,t,C,7,True,-1,7,0,7,0,6,8,15,15
2018,t,C,7,True,0,12,4,7,1,9,16,27,30
2018,t,C,7,True,1,9,6,2,1,5,11,18,23
2018,t,C,7,True,2,5,5,0,0,2,5,10,13
2018,t,C,7,True,3,2,2,0,0,0,1,2,4
2018,t,C,7,True,4,2,2,0,0,1,1,2,4
2018,t,C,7,True,5,2,2,0,0,0,0,2,4
2018,t,C,7,True,6,3,3,0,0,3,8,3,6
2018,t,C,7,True,7,2,2,0,0,0,3,2,4
2018,t,C,7,True,8,1,1,0,0,1,0,1,2
2019,b,P,6,False,-9,1,0,1,0,2,0,3,2
2019,b,P,6,False,-6,1,0,1,0,0,1,3,2
2019,b,P,6,False,-5,6,0,6,0,6,9,18,12
2019,b,P,6,False,-4,6,0,6,0,5,6,18,12
2019,b,P,6,False,-3,3,0,3,0,5,3,12,10
2019,b,P,6,False,-2,10,1,9,0,14,17,30,21
2019,b,P,6,False,-1,8,3,5,0,9,9,25,21
2019,b,P,6,False,0,9,2,5,2,12,14,35,32
2019,b,P,6,False,1,11,9,2,0,19,11,34,32
2019,b,P,6,False,2,8,6,2,0,5,13,26,26
2019,b,P,6,False,3,1,1,0,0,3,2,3,3
2019,b,P,6,False,4,5,4,1,0,6,7,17,17
2019,b,P,6,False,5,2,2,0,0,1,5,6,6
2019,b,P,6,False,10,1,1,0,0,4,2,3,3
2019,b,P,6,True,-6,2,0,2,0,0,2,6,6
2019,b,P,6,True,-5,1,0,1,0,2,0,3,3
2019,b,P,6,True,-4,4,0,4,0,7,7,12,12
2019,b,P,6,True,-3,6,0,6,0,5,7,18,18
2019,b,P,6,True,-2,8,1,7,0,11,15,24,25
2019,b,P,6,True,-1,7,2,5,0,6,25,21,21
2019,b,P,6,True,0,12,3,8,1,14,28,37,39
2019,b,P,6,True,1,8,6,0,2,11,10,26,31
2019,b,P,6,True,2,9,8,1,0,6,10,21,28
2019,b,P,6,True,3,7,7,0,0,3,9,14,21
2019,b,P,6,True,4,3,2,0,1,1,5,10,12
2019,b,P,6,True,5,2,1,0,1,2,9,8,9
2019,b,P,6,True,6,1,1,0,0,0,0,2,3
2019,b,P,6,True,8,1,1,0,0,1,0,2,3
2019,b,P,7,False,-9,1,0,1,0,2,0,2,1
2019,b,P,7,False,-8,1,0,1,0,0,0,2,1
2019,b,P,7,False,-6,3,0,3,0,3,3,6,3
2019,b,P,7,False,-5,5,0,5,0,3,2,10,5
2019,b,P,7,False,-4,4,0,4,0,3,7,8,4
2019,b,P,7,False,-3,10,0,10,0,6,10,23,14
2019,b,P,7,False,-2,3,0,3,0,2,1,6,3
2019,b,P,7,False,-1,8,3,5,0,12,3,17,13
2019,b,P,7,False,0,15,8,5,2,21,15,39,36
2019,b,P,7,False,1,6,5,1,0,5,2,12,11
2019,b,P,7,False,2,6,4,2,0,2,9,14,14
2019,b,P,7,False,3,2,1,1,0,3,6,6,6
2019,b,P,7,False,4,2,2,0,0,2,1,4,4
2019,b,P,7,False,5,4,4,0,0,5,5,8,8
2019,b,P,7,False,6,1,1,0,0,1,0,2,2
2019,b,P,7,False,10,1,1,0,0,3,1,2,2
2019,b,P,7,True,-8,1,0,1,0,0,0,2,2
2019,b,P,7,True,-6,1,0,1,0,0,0,2,2
2019,b,P,7,True,-5,2,0,2,0,1,4,4,4
2019,b,P,7,True,-4,4,0,4,0,4,8,8,8
2019,b,P,7,True,-3,7,0,7,0,3,4,14,14
2019,b,P,7,True,-2,6,2,4,0,10,10,10,12
2019,b,P,7,True,-1,11,3,8,0,8,18,23,23
2019,b,P,7,True,0,10,3,5,2,6,14,27,28
2019,b,P,7,True,1,8,6,1,1,9,9,13,19
2019,b,P,7,True,2,8,6,1,1,4,8,13,19
2019,b,P,7,True,3,7,6,0,1,2,11,11,17
2019,b,P,7,True,4,4,4,0,0,1,3,4,8
2019,b,P,7,True,6,1,1,0,0,0,0,1,2
2019,b,P,7,True,8,1,1,0,0,1,0,1,2
2019,c,C,6,False,-10,1,0,1,0,2,0,3,2
2019,c,C,6,False,-9,1,0,1,0,0,0,3,2
2019,c,C,6,False,-7,1,0,1,0,0,0,3,2
2019,c,C,6,False,-6,1,0,1,0,4,1,3,2
2019,c,C,6,False,-5,2,0,2,0,3,4,6,4
2019,c,C,6,False,-4,7,0,7,0,4,14,21,14
2019,c,C,6,False,-3,8,0,8,0,11,7,24,16
2019,c,C,6,False,-2,5,0,5,0,4,7,15,11
2019,c,C,6,False,-1,8,4,3,1,26,9,28,25
2019,c,C,6,False,0,12,4,7,1,24,16,45,41
2019,c,C,6,False,1,8,7,1,0,14,6,25,24
2019,c,C,6,False,2,6,5,1,0,2,6,19,19
2019,c,C,6,False,3,4,3,1,0,2,8,12,11
2019,c,C,6,False,4,4,4,0,0,15,4,12,12
2019,c,C,6,False,5,3,3,0,0,1,5,9,9
2019,c,C,6,False,10,1,1,0,0,3,0,3,3
2019,c,C,6,True,-8,1,0,1,0,0,1,3,3
2019,c,C,6,True,-7,1,0,1,0,6,0,3,3
2019,c,C,6,True,-5,1,0,1,0,1,0,3,3
2019,c,C,6,True,-4,8,1,7,0,11,8,23,23
2019,c,C,6,True,-3,4,0,4,0,3,6,12,12
2019,c,C,6,True,-2,6,2,4,0,14,5,18,19
2019,c,C,6,True,-1,5,1,4,0,3,6,16,16
2019,c,C,6,True,0,13,7,6,0,16,37,41,44
2019,c,C,6,True,1,11,7,3,1,15,19,40,43
2019,c,C,6,True,2,3,3,0,0,3,2,6,9
2019,c,C,6,True,3,7,7,0,0,13,8,14,21
2019,c,C,6,True,4,4,4,0,0,2,4,8,12
2019,c,C,6,True,5,1,1,0,0,1,3,2,3
2019,c,C,6,True,6,2,2,0,0,3,7,5,6
2019,c,C,6,True,7,2,2,0,0,0,0,4,6
2019,c,C,6,True,8,2,2,0,0,0,4,4,6
2019,c,C,7,False,-9,3,0,3,0,1,1,6,3
2019,c,C,7,False,-7,2,0,2,0,3,1,4,2
2019,c,C,7,False,-6,5,0,5,0,7,3,10,5
2019,c,C,7,False,-4,5,0,5,0,1,2,10,5
2019,c,C,7,False,-3,6,0,6,0,5,1,12,6
2019,c,C,7,False,-2,4,0,4,0,1,0,8,4
2019,c,C,7,False,-1,6,2,4,0,15,1,13,9
2019,c,C,7,False,0,11,3,7,1,11,20,32,29
2019,c,C,7,False,1,9,7,1,1,9,5,21,20
2019,c,C,7,False,2,8,7,1,0,5,7,17,17
2019,c,C,7,False,3,5,4,1,0,13,6,10,9
2019,c,C,7,False,4,3,3,0,0,6,1,6,6
2019,c,C,7,False,5,3,3,0,0,1,5,6,6
2019,c,C,7,False,8,1,1,0,0,2,3,2,2
2019,c,C,7,False,11,1,1,0,0,2,0,2,2
2019,c,C,7,True,-8,1,0,1,0,0,1,2,2
2019,c,C,7,True,-6,1,0,1,0,0,3,2,2
2019,c,C,7,True,-5,3,1,2,0,10,0,7,7
2019,c,C,7,True,-4,5,1,4,0,8,2,11,11
2019,c,C,7,True,-3,4,0,4,0,2,3,8,8
2019,c,C,7,True,-2,6,0,6,0,3,7,12,12
2019,c,C,7,True,-1,8,2,6,0,6,7,16,17
2019,c,C,7,True,0,14,9,5,0,20,32,32,36
2019,c,C,7,True,1,6,4,1,1,6,5,17,19
2019,c,C,7,True,2,6,6,0,0,6,9,8,12
2019,c,C,7,True,3,3,3,0,0,0,2,3,6
2019,c,C,7,True,4,4,4,0,0,2,2,4,8
2019,c,C,7,True,5,2,2,0,0,0,0,2,4
2019,c,C,7,True,6,3,3,0,0,2,5,3,6
2019,c,C,7,True,7,2,2,0,0,0,0,2,4
2019,c,C,7,True,8,2,2,0,0,0,2,2,4
2019,d,C,6,False,-6,2,0,2,0,4,2,6,4
2019,d,C,6,False,-5,2,0,2,0,1,0,6,4
2019,d,C,6,False,-4,7,0,7,0,7,8,21,14
2019,d,C,6,False,-3,6,0,6,0,8,5,18,12
2019,d,C,6,False,-2,6,0,6,0,7,4,21,16
2019,d,C,6,False,-1,8,0,8,0,8,14,24,19
2019,d,C,6,False,0,16,8,8,0,27,28,50,47
2019,d,C,6,False,1,4,3,1,0,5,4,12,12
2019,d,C,6,False,2,5,5,0,0,7,4,15,15
2019,d,C,6,False,3,6,6,0,0,6,5,18,18
2019,d,C,6,False,4,5,4,1,0,9,12,16,16
2019,d,C,6,False,5,2,1,1,0,5,11,6,6
2019,d,C,6,False,7,1,1,0,0,1,0,3,3
2019,d,C,6,False,8,1,1,0,0,4,0,3,3
2019,d,C,6,True,-12,1,0,1,0,3,0,3,3
2019,d,C,6,True,-6,2,0,2,0,0,9,6,6
2019,d,C,6,True,-5,4,0,4,0,4,3,12,12
2019,d,C,6,True,-4,2,0,2,0,1,0,6,6
2019,d,C,6,True,-3,3,0,3,0,1,4,9,9
2019,d,C,6,True,-2,7,0,6,1,8,9,25,25
2019,d,C,6,True,-1,8,2,6,0,5,3,22,24
2019,d,C,6,True,0,11,6,4,1,11,8,37,41
2019,d,C,6,True,1,4,2,2,0,2,9,11,13
2019,d,C,6,True,2,9,8,1,0,6,11,19,27
2019,d,C,6,True,3,9,9,0,0,7,4,18,27
2019,d,C,6,True,4,4,4,0,0,6,5,8,12
2019,d,C,6,True,5,1,1,0,0,1,0,2,3
2019,d,C,6,True,6,6,6,0,0,9,4,12,18
2019,d,C,6,True,9,1,1,0,0,3,2,2,3
2019,d,C,7,False,-8,1,0,1,0,1,0,2,1
2019,d,C,7,False,-7,1,0,1,0,3,0,2,1
2019,d,C,7,False,-6,2,0,2,0,3,0,4,2
2019,d,C,7,False,-5,4,0,4,0,1,1,8,4
2019,d,C,7,False,-4,1,0,1,0,0,2,2,1
2019,d,C,7,False,-3,7,0,7,0,6,1,14,7
2019,d,C,7,False,-2,10,1,9,0,9,9,20,11
2019,d,C,7,False,-1,7,0,7,0,7,10,17,14
2019,d,C,7,False,0,11,5,6,0,14,11,24,23
2019,d,C,7,False,1,7,6,1,0,3,3,14,13
2019,d,C,7,False,2,7,6,1,0,10,3,14,14
2019,d,C,7,False,3,6,6,0,0,5,3,12,12
2019,d,C,7,False,4,3,1,2,0,6,12,7,7
2019,d,C,7,False,5,2,2,0,0,0,4,4,4
2019,d,C,7,False,8,2,2,0,0,4,0,4,4
2019,d,C,7,True,-14,1,0,1,0,0,0,2,2
2019,d,C,7,True,-9,1,0,1,0,0,0,2,2
2019,d,C,7,True,-6,3,0,3,0,0,1,6,6
2019,d,C,7,True,-5,4,0,4,0,4,3,8,8
2019,d,C,7,True,-4,2,0,2,0,1,0,4,4
2019,d,C,7,True,-3,2,0,2,0,0,0,4,4
2019,d,C,7,True,-2,7,0,6,1,6,3,18,18
2019,d,C,7,True,-1,9,1,8,0,3,4,17,18
2019,d,C,7,True,0,10,6,3,1,10,7,24,28
2019,d,C,7,True,1,4,3,1,0,1,7,6,9
2019,d,C,7,True,2,8,8,0,0,6,2,8,16
2019,d,C,7,True,3,10,10,0,0,5,4,10,20
2019,d,C,7,True,4,2,2,0,0,3,0,2,4
2019,d,C,7,True,5,4,4,0,0,1,2,4,8
2019,d,C,7,True,6,3,3,0,0,2,1,3,6
2019,d,C,7,True,11,1,1,0,0,1,2,1,2
2019,d,C,7,True,12,1,1,0,0,0,0,1,2
2019,db,C,6,False,-14,1,0,1,0,2,1,3,2
2019,db,C,6,False,-7,1,0,1,0,0,0,3,2
2019,db,C,6,False,-6,5,0,5,0,6,6,15,10
2019,db,C,6,False,-5,3,0,3,0,4,4,9,6
2019,db,C,6,False,-4,9,0,9,0,16,5,27,18
2019,db,C,6,False,-3,5,0,5,0,6,9,17,13
2019,db,C,6,False,-2,9,0,8,1,7,7,30,22
2019,db,C,6,False,-1,2,1,1,0,5,4,6,5
2019,db,C,6,False,0,8,4,4,0,16,15,27,25
2019,db,C,6,False,1,7,4,2,1,4,6,25,25
2019,db,C,6,False,2,3,3,0,0,6,1,9,9
2019,db,C,6,False,3,9,8,1,0,9,13,27,27
2019,db,C,6,False,4,4,3,1,0,1,10,12,11
2019,db,C,6,False,5,3,3,0,0,2,1,9,9
2019,db,C,6,False,6,1,1,0,0,1,0,3,3
2019,db,C,6,False,12,1,1,0,0,0,3,3,3
2019,db,C,6,True,-7,2,0,2,0,1,3,6,6
2019,db,C,6,True,-6,2,0,2,0,3,3,6,6
2019,db,C,6,True,-5,1,0,1,0,0,0,3,3
2019,db,C,6,True,-4,5,0,5,0,6,9,15,15
2019,db,C,6,True,-3,3,0,3,0,6,8,9,9
2019,db,C,6,True,-2,2,0,2,0,0,0,6,6
2019,db,C,6,True,-1,6,3,3,0,11,8,18,19
2019,db,C,6,True,0,16,10,6,0,26,15,50,55
2019,db,C,6,True,1,6,4,1,1,10,9,17,21
2019,db,C,6,True,2,12,10,2,0,13,14,31,39
2019,db,C,6,True,3,5,5,0,0,4,7,10,15
2019,db,C,6,True,4,4,3,1,0,8,7,9,12
2019,db,C,6,True,5,3,3,0,0,5,4,6,9
2019,db,C,6,True,6,4,4,0,0,2,12,8,12
2019,db,C,6,True,7,1,1,0,0,0,0,2,3
2019,db,C,7,False,-15,1,0,1,0,2,0,2,1
2019,db,C,7,False,-7,3,0,3,0,2,1,6,3
2019,db,C,7,False,-6,4,0,4,0,7,4,8,4
2019,db,C,7,False,-5,3,0,3,0,2,1,6,3
2019,db,C,7,False,-4,7,0,7,0,7,2,14,7
2019,db,C,7,False,-3,6,0,6,0,8,9,14,9
2019,db,C,7,False,-2,8,0,8,0,1,1,16,8
2019,db,C,7,False,-1,4,1,3,0,5,8,8,5
2019,db,C,7,False,0,6,3,3,0,10,10,15,15
2019,db,C,7,False,1,7,4,1,2,2,5,21,21
2019,db,C,7,False,2,6,5,1,0,5,7,12,11
2019,db,C,7,False,3,6,5,1,0,2,5,12,12
2019,db,C,7,False,4,3,3,0,0,1,0,6,6
2019,db,C,7,False,5,4,4,0,0,2,1,8,8
2019,db,C,7,False,6,2,2,0,0,1,0,4,4
2019,db,C,7,False,9,1,1,0,0,0,0,2,2
2019,db,C,7,True,-8,1,0,1,0,0,0,2,2
2019,db,C,7,True,-7,1,0,1,0,0,0,2,2
2019,db,C,7,True,-6,1,0,1,0,0,2,2,2
2019,db,C,7,True,-5,4,0,4,0,3,2,8,8
2019,db,C,7,True,-4,2,0,2,0,1,3,4,4
2019,db,C,7,True,-3,5,0,5,0,4,7,10,10
2019,db,C,7,True,-2,4,1,3,0,3,2,8,8
2019,db,C,7,True,-1,11,3,7,1,12,9,28,29
2019,db,C,7,True,0,5,4,1,0,7,2,14,14
2019,db,C,7,True,1,7,5,2,0,3,6,11,15
2019,db,C,7,True,2,10,9,1,0,12,8,14,22
2019,db,C,7,True,3,8,8,0,0,4,9,8,16
2019,db,C,7,True,4,5,5,0,0,2,2,5,10
2019,db,C,7,True,5,1,1,0,0,1,0,1,2
2019,db,C,7,True,6,3,3,0,0,1,5,3,6
2019,db,C,7,True,7,3,3,0,0,1,6,3,6
2019,db,C,7,True,9,1,1,0,0,1,0,1,2
2019,e,P,6,False,-9,1,0,1,0,2,3,3,2
2019,e,P,6,False,-5,2,0,2,0,2,11,6,4
2019,e,P,6,False,-4,5,0,4,1,10,4,18,14
2019,e,P,6,False,-3,7,1,6,0,16,4,22,18
2019,e,P,6,False,-2,10,1,8,1,12,11,36,29
2019,e,P,6,False,-1,7,1,6,0,8,9,21,15
2019,e,P,6,False,0,17,10,7,0,38,20,58,55
2019,e,P,6,False,1,6,5,1,0,10,9,18,17
2019,e,P,6,False,2,6,6,0,0,15,6,20,20
2019,e,P,6,False,3,4,4,0,0,5,3,12,12
2019,e,P,6,False,4,1,1,0,0,0,1,3,3
2019,e,P,6,False,5,4,4,0,0,12,3,12,12
2019,e,P,6,False,6,1,1,0,0,5,1,3,3
2019,e,P,6,False,9,1,1,0,0,1,0,3,3
2019,e,P,6,True,-8,2,0,2,0,2,4,6,6
2019,e,P,6,True,-6,1,0,1,0,1,2,3,3
2019,e,P,6,True,-5,1,0,1,0,0,0,3,3
2019,e,P,6,True,-4,2,2,0,0,10,0,8,8
2019,e,P,6,True,-3,2,0,2,0,2,4,6,6
2019,e,P,6,True,-2,9,0,9,0,7,19,27,27
2019,e,P,6,True,-1,10,3,7,0,16,8,29,31
2019,e,P,6,True,0,15,6,8,1,16,13,51,54
2019,e,P,6,True,1,10,8,2,0,9,19,24,31
2019,e,P,6,True,2,3,3,0,0,1,1,6,9
2019,e,P,6,True,3,5,4,1,0,4,10,11,15
2019,e,P,6,True,4,4,4,0,0,2,5,8,12
2019,e,P,6,True,5,4,4,0,0,4,2,8,12
2019,e,P,6,True,9,2,2,0,0,0,0,4,6
2019,e,P,7,False,-11,1,0,1,0,2,1,2,1
2019,e,P,7,False,-9,1,0,1,0,0,0,2,1
2019,e,P,7,False,-6,1,0,1,0,1,0,2,1
2019,e,P,7,False,-5,1,0,1,0,0,0,2,1
2019,e,P,7,False,-4,4,0,4,0,3,7,8,4
2019,e,P,7,False,-3,8,1,6,1,16,2,20,15
2019,e,P,7,False,-2,9,1,8,0,12,8,24,18
2019,e,P,7,False,-1,9,0,9,0,8,15,18,9
2019,e,P,7,False,0,11,7,3,1,23,6,29,29
2019,e,P,7,False,1,10,9,1,0,11,4,22,22
2019,e,P,7,False,2,5,5,0,0,8,0,10,10
2019,e,P,7,False,3,4,4,0,0,4,3,8,8
2019,e,P,7,False,4,1,1,0,0,0,0,2,2
2019,e,P,7,False,5,2,2,0,0,7,3,4,4
2019,e,P,7,False,6,2,2,0,0,5,1,4,4
2019,e,P,7,False,7,1,1,0,0,0,3,2,2
2019,e,P,7,False,9,2,2,0,0,1,0,4,4
2019,e,P,7,True,-8,2,0,2,0,2,4,4,4
2019,e,P,7,True,-6,1,0,1,0,1,2,2,2
2019,e,P,7,True,-5,1,0,1,0,0,0,2,2
2019,e,P,7,True,-4,3,2,1,0,12,0,8,8
2019,e,P,7,True,-3,3,0,3,0,2,13,6,6
2019,e,P,7,True,-2,7,0,7,0,1,3,14,14
2019,e,P,7,True,-1,9,3,6,0,10,4,19,20
2019,e,P,7,True,0,16,5,10,1,12,16,37,40
2019,e,P,7,True,1,8,7,1,0,7,14,11,17
2019,e,P,7,True,2,3,2,1,0,1,5,4,6
2019,e,P,7,True,3,6,6,0,0,3,3,6,12
2019,e,P,7,True,4,3,3,0,0,1,3,3,6
2019,e,P,7,True,5,5,5,0,0,2,6,5,10
2019,e,P,7,True,6,1,1,0,0,1,1,1,2
2019,e,P,7,True,9,2,2,0,0,0,0,2,4
2019,f,P,6,False,-9,1,0,1,0,0,0,3,2
2019,f,P,6,False,-8,1,0,1,0,0,1,3,2
2019,f,P,6,False,-6,1,0,1,0,1,0,3,2
2019,f,P,6,False,-5,4,0,4,0,2,0,12,8
2019,f,P,6,False,-4,4,0,4,0,4,3,13,10
2019,f,P,6,False,-3,6,0,6,0,10,9,18,12
2019,f,P,6,False,-2,9,1,8,0,10,6,27,20
2019,f,P,6,False,-1,9,0,7,2,9,11,31,23
2019,f,P,6,False,0,7,6,1,0,10,2,23,22
2019,f,P,6,False,1,7,4,3,0,12,11,21,19
2019,f,P,6,False,2,8,7,1,0,24,12,24,24
2019,f,P,6,False,3,3,3,0,0,5,4,9,9
2019,f,P,6,False,4,7,6,1,0,7,11,23,23
2019,f,P,6,False,5,2,2,0,0,0,2,6,6
2019,f,P,6,False,7,1,1,0,0,2,2,3,3
2019,f,P,6,True,-10,1,0,1,0,0,3,3,3
2019,f,P,6,True,-8,1,0,1,0,5,0,3,3
2019,f,P,6,True,-6,4,0,4,0,6,10,12,12
2019,f,P,6,True,-5,2,0,2,0,0,1,6,6
2019,f,P,6,True,-4,6,0,6,0,6,5,18,18
2019,f,P,6,True,-3,2,0,2,0,3,6,6,6
2019,f,P,6,True,-2,7,1,6,0,11,6,22,22
2019,f,P,6,True,-1,10,4,6,0,13,13,26,30
2019,f,P,6,True,0,7,3,2,2,16,17,28,30
2019,f,P,6,True,1,8,5,3,0,2,10,19,24
2019,f,P,6,True,2,7,5,1,1,2,6,19,24
2019,f,P,6,True,3,5,5,0,0,2,6,10,15
2019,f,P,6,True,4,5,5,0,0,2,7,10,15
2019,f,P,6,True,5,3,3,0,0,12,4,6,9
2019,f,P,6,True,6,1,1,0,0,0,1,1,2
2019,f,P,6,True,8,2,2,0,0,0,0,4,6
2019,f,P,6,True,9,1,1,0,0,0,1,2,3
2019,f,P,7,False,-9,1,0,1,0,0,0,2,1
2019,f,P,7,False,-8,1,0,1,0,0,1,2,1
2019,f,P,7,False,-6,1,0,1,0,1,0,2,1
2019,f,P,7,False,-5,4,0,4,0,0,0,8,4
2019,f,P,7,False,-4,6,0,6,0,8,3,13,8
2019,f,P,7,False,-3,4,0,4,0,2,0,8,4
2019,f,P,7,False,-2,9,0,9,0,3,7,18,9
2019,f,P,7,False,-1,9,0,8,1,8,10,21,14
2019,f,P,7,False,0,6,4,1,1,5,2,15,14
2019,f,P,7,False,1,10,8,2,0,15,5,20,19
2019,f,P,7,False,2,4,4,0,0,7,1,8,8
2019,f,P,7,False,3,5,5,0,0,11,2,10,10
2019,f,P,7,False,4,6,5,1,0,3,10,14,14
2019,f,P,7,False,5,2,2,0,0,0,0,4,4
2019,f,P,7,False,8,1,1,0,0,1,2,2,2
2019,f,P,7,False,9,1,1,0,0,1,5,2,2
2019,f,P,7,True,-10,1,0,1,0,0,3,2,2
2019,f,P,7,True,-8,1,0,1,0,2,0,2,2
2019,f,P,7,True,-7,2,0,2,0,6,0,4,4
2019,f,P,7,True,-6,3,0,3,0,3,8,6,6
2019,f,P,7,True,-5,3,0,3,0,4,2,6,6
2019,f,P,7,True,-4,6,0,6,0,3,5,12,12
2019,f,P,7,True,-3,1,0,1,0,0,0,2,2
2019,f,P,7,True,-2,6,1,5,0,6,1,13,13
2019,f,P,7,True,-1,7,1,6,0,4,8,11,13
2019,f,P,7,True,0,8,2,3,3,7,14,25,26
2019,f,P,7,True,1,9,7,2,0,2,4,11,18
2019,f,P,7,True,2,9,8,1,0,3,9,14,21
2019,f,P,7,True,3,5,5,0,0,1,3,5,10
2019,f,P,7,True,4,4,4,0,0,7,4,4,8
2019,f,P,7,True,5,1,1,0,0,0,0,1,2
2019,f,P,7,True,6,2,2,0,0,0,3,1,3
2019,f,P,7,True,8,3,3,0,0,0,0,3,6
2019,f,P,7,True,9,1,1,0,0,0,0,1,2
2019,g,C,6,False,-8,1,0,1,0,2,3,3,2
2019,g,C,6,False,-5,2,0,2,0,0,4,4,3
2019,g,C,6,False,-4,5,1,4,0,8,1,15,11
2019,g,C,6,False,-3,2,0,2,0,3,6,6,4
2019,g,C,6,False,-2,8,1,7,0,8,7,25,18
2019,g,C,6,False,-1,10,2,7,1,15,12,38,33
2019,g,C,6,False,0,11,6,5,0,16,10,35,32
2019,g,C,6,False,1,13,10,3,0,22,17,42,40
2019,g,C,6,False,2,7,5,1,1,11,10,24,23
2019,g,C,6,False,3,6,6,0,0,14,6,18,18
2019,g,C,6,False,4,1,1,0,0,0,0,3,3
2019,g,C,6,False,5,1,1,0,0,0,1,3,3
2019,g,C,6,False,6,2,2,0,0,8,6,6,6
2019,g,C,6,False,7,2,2,0,0,2,3,6,6
2019,g,C,6,False,8,1,1,0,0,0,5,3,3
2019,g,C,6,True,-6,1,0,1,0,4,3,3,3
2019,g,C,6,True,-5,4,0,4,0,5,4,12,12
2019,g,C,6,True,-4,2,0,2,0,3,4,6,6
2019,g,C,6,True,-3,7,1,6,0,9,5,22,22
2019,g,C,6,True,-2,6,0,6,0,4,5,18,18
2019,g,C,6,True,-1,5,1,4,0,5,9,15,16
2019,g,C,6,True,0,4,1,3,0,5,12,11,12
2019,g,C,6,True,1,10,4,6,0,12,29,30,32
2019,g,C,6,True,2,5,5,0,0,4,3,10,15
2019,g,C,6,True,3,4,4,0,0,9,10,11,14
2019,g,C,6,True,4,13,13,0,0,25,21,27,39
2019,g,C,6,True,5,2,2,0,0,0,1,4,6
2019,g,C,6,True,6,5,5,0,0,2,8,10,15
2019,g,C,6,True,8,1,1,0,0,1,0,2,3
2019,g,C,6,True,10,1,1,0,0,0,2,2,3
2019,g,C,6,True,12,1,1,0,0,1,1,2,3
2019,g,C,7,False,-11,1,0,1,0,2,0,2,1
2019,g,C,7,False,-6,1,0,1,0,0,1,2,1
2019,g,C,7,False,-5,1,0,1,0,0,0,2,1
2019,g,C,7,False,-4,3,0,3,0,0,2,6,3
2019,g,C,7,False,-3,3,0,3,0,0,3,6,3
2019,g,C,7,False,-2,5,0,5,0,3,1,10,5
2019,g,C,7,False,-1,14,4,9,1,18,12,36,28
2019,g,C,7,False,0,9,3,6,0,5,11,21,18
2019,g,C,7,False,1,10,8,2,0,14,11,23,22
2019,g,C,7,False,2,8,7,0,1,9,4,19,19
2019,g,C,7,False,3,6,6,0,0,16,3,12,12
2019,g,C,7,False,4,2,2,0,0,0,1,4,4
2019,g,C,7,False,5,2,2,0,0,1,3,4,4
2019,g,C,7,False,6,3,3,0,0,2,2,6,6
2019,g,C,7,False,7,3,3,0,0,0,7,6,6
2019,g,C,7,True,-6,1,0,1,0,0,0,2,2
2019,g,C,7,True,-5,5,0,5,0,6,3,10,10
2019,g,C,7,True,-4,4,0,4,0,3,7,8,8
2019,g,C,7,True,-3,5,1,4,0,8,3,11,11
2019,g,C,7,True,-2,9,0,9,0,1,9,18,18
2019,g,C,7,True,-1,3,1,2,0,2,0,5,6
2019,g,C,7,True,0,6,2,4,0,6,7,13,15
2019,g,C,7,True,1,5,3,2,0,4,9,9,10
2019,g,C,7,True,2,6,5,1,0,2,6,7,12
2019,g,C,7,True,3,4,4,0,0,4,9,8,10
2019,g,C,7,True,4,8,8,0,0,7,8,8,16
2019,g,C,7,True,5,2,2,0,0,0,1,2,4
2019,g,C,7,True,6,8,8,0,0,1,10,8,16
2019,g,C,7,True,7,1,1,0,0,0,2,1,2
2019,g,C,7,True,8,1,1,0,0,1,0,1,2
2019,g,C,7,True,9,1,1,0,0,0,1,1,2
2019,g,C,7,True,11,1,1,0,0,1,0,1,2
2019,g,C,7,True,12,1,1,0,0,1,1,1,2
2019,h,P,6,False,-7,1,0,1,0,1,0,3,2
2019,h,P,6,False,-6,2,0,2,0,1,0,5,3
2019,h,P,6,False,-5,2,0,2,0,4,0,6,4
2019,h,P,6,False,-4,2,0,2,0,2,2,6,4
2019,h,P,6,False,-3,8,0,8,0,13,12,24,16
2019,h,P,6,False,-2,3,1,2,0,4,3,9,7
2019,h,P,6,False,-1,10,2,7,1,9,9,33,26
2019,h,P,6,False,0,12,5,6,1,11,16,44,40
2019,h,P,6,False,1,6,3,3,0,5,8,18,16
2019,h,P,6,False,2,11,10,1,0,10,14,33,32
2019,h,P,6,False,3,5,5,0,0,11,5,16,16
2019,h,P,6,False,4,5,4,1,0,6,12,15,15
2019,h,P,6,False,5,1,1,0,0,0,0,3,3
2019,h,P,6,False,6,1,1,0,0,2,0,3,3
2019,h,P,6,False,7,1,1,0,0,5,1,3,3
2019,h,P,6,False,8,1,1,0,0,1,0,3,3
2019,h,P,6,True,-13,1,0,1,0,8,0,3,3
2019,h,P,6,True,-9,1,0,1,0,1,0,3,3
2019,h,P,6,True,-7,1,0,1,0,4,2,3,3
2019,h,P,6,True,-5,4,0,4,0,6,5,12,12
2019,h,P,6,True,-4,5,0,5,0,3,2,15,15
2019,h,P,6,True,-3,3,0,3,0,3,6,9,9
2019,h,P,6,True,-2,3,1,2,0,5,5,8,9
2019,h,P,6,True,-1,7,2,3,2,11,14,25,27
2019,h,P,6,True,0,11,7,4,0,18,9,31,37
2019,h,P,6,True,1,14,10,3,1,7,8,32,43
2019,h,P,6,True,2,7,7,0,0,7,7,18,24
2019,h,P,6,True,3,3,3,0,0,1,4,6,9
2019,h,P,6,True,4,7,7,0,0,12,20,21,26
2019,h,P,6,True,5,3,3,0,0,5,4,6,9
2019,h,P,6,True,9,1,1,0,0,0,2,2,3
2019,h,P,7,False,-6,4,0,4,0,2,0,7,3
2019,h,P,7,False,-5,1,0,1,0,1,0,2,1
2019,h,P,7,False,-4,6,0,6,0,6,4,12,6
2019,h,P,7,False,-3,7,0,7,0,8,2,14,7
2019,h,P,7,False,-2,2,0,2,0,0,1,4,2
2019,h,P,7,False,-1,10,3,7,0,7,4,22,16
2019,h,P,7,False,0,8,3,3,2,5,7,23,20
2019,h,P,7,False,1,11,8,3,0,9,9,25,24
2019,h,P,7,False,2,6,5,1,0,2,5,12,11
2019,h,P,7,False,3,4,4,0,0,3,3,8,8
2019,h,P,7,False,4,6,5,1,0,5,11,12,12
2019,h,P,7,False,5,3,3,0,0,3,4,6,6
2019,h,P,7,False,7,1,1,0,0,4,0,2,2
2019,h,P,7,False,8,2,2,0,0,1,0,4,4
2019,h,P,7,True,-13,1,0,1,0,8,0,2,2
2019,h,P,7,True,-9,1,0,1,0,0,0,2,2
2019,h,P,7,True,-8,1,0,1,0,0,0,2,2
2019,h,P,7,True,-6,1,0,1,0,3,2,2,2
2019,h,P,7,True,-5,5,0,5,0,8,6,10,10
2019,h,P,7,True,-4,7,0,7,0,0,2,14,14
2019,h,P,7,True,-3,1,0,1,0,2,0,2,2
2019,h,P,7,True,-2,3,0,3,0,1,6,6,6
2019,h,P,7,True,-1,3,0,1,2,2,0,12,12
2019,h,P,7,True,0,9,4,4,1,8,8,19,23
2019,h,P,7,True,1,15,13,2,0,14,9,21,33
2019,h,P,7,True,2,9,9,0,0,7,7,13,21
2019,h,P,7,True,3,7,7,0,0,5,6,7,14
2019,h,P,7,True,4,4,4,0,0,1,6,7,10
2019,h,P,7,True,5,3,3,0,0,5,2,3,6
2019,h,P,7,True,9,1,1,0,0,0,2,1,2
2019,l,P,6,False,-9,1,0,1,0,1,0,3,2
2019,l,P,6,False,-8,2,0,2,0,1,0,6,4
2019,l,P,6,False,-5,1,0,1,0,1,2,3,2
2019,l,P,6,False,-4,4,0,4,0,12,4,17,15
2019,l,P,6,False,-3,6,0,6,0,8,11,18,12
2019,l,P,6,False,-2,6,3,2,1,18,2,21,19
2019,l,P,6,False,-1,10,2,8,0,7,4,31,24
2019,l,P,6,False,0,10,4,6,0,13,22,32,27
2019,l,P,6,False,1,12,9,3,0,27,14,35,31
2019,l,P,6,False,2,4,4,0,0,9,6,13,13
2019,l,P,6,False,3,3,3,0,0,7,3,9,9
2019,l,P,6,False,4,4,4,0,0,3,4,12,12
2019,l,P,6,False,5,3,3,0,0,5,3,9,9
2019,l,P,6,False,6,3,3,0,0,10,3,9,9
2019,l,P,6,False,10,1,1,0,0,3,0,3,3
2019,l,P,6,False,13,1,1,0,0,0,8,3,3
2019,l,P,6,True,-10,1,0,1,0,2,4,3,3
2019,l,P,6,True,-9,1,0,1,0,0,1,3,3
2019,l,P,6,True,-7,2,0,2,0,3,7,6,6
2019,l,P,6,True,-6,2,0,2,0,2,7,6,6
2019,l,P,6,True,-5,4,0,4,0,4,9,12,12
2019,l,P,6,True,-4,3,1,2,0,5,4,11,11
2019,l,P,6,True,-3,3,0,3,0,8,4,9,9
2019,l,P,6,True,-2,5,0,5,0,7,11,17,17
2019,l,P,6,True,-1,4,1,3,0,3,11,11,12
2019,l,P,6,True,0,12,8,4,0,21,21,41,45
2019,l,P,6,True,1,4,3,1,0,10,2,9,12
2019,l,P,6,True,2,8,7,1,0,15,8,19,25
2019,l,P,6,True,3,7,7,0,0,14,18,17,22
2019,l,P,6,True,4,5,5,0,0,3,5,12,16
2019,l,P,6,True,5,5,5,0,0,7,6,10,15
2019,l,P,6,True,6,3,3,0,0,1,5,6,9
2019,l,P,6,True,7,1,1,0,0,0,0,2,3
2019,l,P,6,True,8,1,1,0,0,0,4,2,3
2019,l,P,6,True,10,1,1,0,0,0,0,2,3
2019,l,P,7,False,-8,2,0,2,0,0,0,4,2
2019,l,P,7,False,-7,2,0,2,0,1,0,4,2
2019,l,P,7,False,-6,1,0,1,0,1,1,2,1
2019,l,P,7,False,-5,1,0,1,0,3,0,2,1
2019,l,P,7,False,-4,4,0,4,0,6,1,10,7
2019,l,P,7,False,-3,5,0,4,1,7,6,13,9
2019,l,P,7,False,-2,5,2,3,0,9,0,10,7
2019,l,P,7,False,-1,11,1,10,0,4,7,25,16
2019,l,P,7,False,0,9,5,4,0,12,8,21,19
2019,l,P,7,False,1,8,6,2,0,4,12,16,13
2019,l,P,7,False,2,3,3,0,0,5,1,6,6
2019,l,P,7,False,3,5,5,0,0,3,0,10,10
2019,l,P,7,False,4,4,4,0,0,7,1,8,8
2019,l,P,7,False,5,5,5,0,0,3,4,10,10
2019,l,P,7,False,6,1,1,0,0,2,1,2,2
2019,l,P,7,False,8,1,1,0,0,0,2,2,2
2019,l,P,7,False,9,1,1,0,0,0,1,2,2
2019,l,P,7,False,10,1,1,0,0,3,0,2,2
2019,l,P,7,False,13,1,1,0,0,0,8,2,2
2019,l,P,7,False,14,1,1,0,0,0,0,2,2
2019,l,P,7,True,-10,1,0,1,0,1,3,2,2
2019,l,P,7,True,-9,1,0,1,0,0,1,2,2
2019,l,P,7,True,-8,1,0,1,0,2,1,2,2
2019,l,P,7,True,-7,3,0,3,0,4,4,6,6
2019,l,P,7,True,-6,2,0,2,0,0,6,4,4
2019,l,P,7,True,-5,4,0,4,0,3,7,8,8
2019,l,P,7,True,-4,1,0,1,0,0,2,2,2
2019,l,P,7,True,-3,5,1,4,0,11,11,12,12
2019,l,P,7,True,-2,4,1,3,0,5,2,10,10
2019,l,P,7,True,-1,7,2,5,0,5,8,15,16
2019,l,P,7,True,0,8,4,4,0,11,12,22,23
2019,l,P,7,True,1,2,2,0,0,1,0,2,4
2019,l,P,7,True,2,6,6,0,0,2,2,8,13
2019,l,P,7,True,3,5,5,0,0,5,6,7,11
2019,l,P,7,True,4,11,11,0,0,9,14,13,23
2019,l,P,7,True,5,2,2,0,0,0,1,2,4
2019,l,P,7,True,6,5,5,0,0,3,3,5,10
2019,l,P,7,True,7,1,1,0,0,0,0,1,2
2019,l,P,7,True,8,2,2,0,0,0,4,2,4
2019,l,P,7,True,10,1,1,0,0,0,0,1,2
2019,m,P,6,False,-8,1,0,1,0,0,0,3,2
2019,m,P,6,False,-6,4,0,4,0,11,1,12,9
2019,m,P,6,False,-5,4,0,4,0,6,8,12,8
2019,m,P,6,False,-4,5,0,5,0,9,10,15,10
2019,m,P,6,False,-3,6,1,5,0,9,1,18,13
2019,m,P,6,False,-2,8,0,8,0,9,6,26,20
2019,m,P,6,False,-1,9,5,4,0,20,7,30,27
2019,m,P,6,False,0,10,5,4,1,19,15,40,38
2019,m,P,6,False,1,3,1,2,0,2,6,9,8
2019,m,P,6,False,2,5,4,1,0,4,6,15,14
2019,m,P,6,False,3,1,1,0,0,2,2,3,3
2019,m,P,6,False,4,2,2,0,0,1,2,6,6
2019,m,P,6,False,5,3,3,0,0,3,2,9,9
2019,m,P,6,False,6,6,6,0,0,12,6,18,18
2019,m,P,6,False,7,2,2,0,0,4,4,6,6
2019,m,P,6,False,8,1,1,0,0,3,2,3,3
2019,m,P,6,False,9,1,1,0,0,0,1,3,3
2019,m,P,6,True,-6,1,0,1,0,1,2,3,3
2019,m,P,6,True,-5,4,1,3,0,9,7,12,12
2019,m,P,6,True,-4,2,0,2,0,1,1,6,6
2019,m,P,6,True,-3,4,0,4,0,6,6,13,13
2019,m,P,6,True,-2,4,1,3,0,3,3,13,13
2019,m,P,6,True,-1,13,4,9,0,18,17,37,40
2019,m,P,6,True,0,9,3,5,1,14,20,33,34
2019,m,P,6,True,1,8,7,1,0,10,10,19,25
2019,m,P,6,True,2,11,7,3,1,11,26,29,36
2019,m,P,6,True,3,6,5,1,0,8,14,17,21
2019,m,P,6,True,4,2,2,0,0,3,0,4,6
2019,m,P,6,True,5,3,3,0,0,0,1,6,9
2019,m,P,6,True,6,2,2,0,0,0,1,4,6
2019,m,P,6,True,7,1,1,0,0,0,1,2,3
2019,m,P,6,True,8,1,1,0,0,0,1,2,3
2019,m,P,7,False,-8,1,0,1,0,0,0,2,1
2019,m,P,7,False,-6,3,0,3,0,1,0,6,3
2019,m,P,7,False,-5,2,0,2,0,1,5,4,2
2019,m,P,7,False,-4,5,0,5,0,5,5,10,5
2019,m,P,7,False,-3,7,0,7,0,8,5,14,7
2019,m,P,7,False,-2,10,1,9,0,11,6,21,14
2019,m,P,7,False,-1,4,1,3,0,4,3,8,5
2019,m,P,7,False,0,13,7,5,1,22,12,37,34
2019,m,P,7,False,1,5,3,2,0,2,5,11,11
2019,m,P,7,False,2,5,4,1,0,5,5,12,12
2019,m,P,7,False,4,3,3,0,0,2,0,6,6
2019,m,P,7,False,5,3,3,0,0,1,4,6,6
2019,m,P,7,False,6,6,6,0,0,12,6,12,12
2019,m,P,7,False,7,1,1,0,0,0,2,2,2
2019,m,P,7,False,8,3,3,0,0,4,2,6,6
2019,m,P,7,True,-9,1,0,1,0,1,0,2,2
2019,m,P,7,True,-6,2,0,2,0,1,2,4,4
2019,m,P,7,True,-5,2,0,2,0,0,0,4,4
2019,m,P,7,True,-4,1,1,0,0,7,2,2,2
2019,m,P,7,True,-3,4,0,4,0,1,3,8,8
2019,m,P,7,True,-2,4,1,3,0,3,5,9,9
2019,m,P,7,True,-1,12,2,10,0,9,16,26,27
2019,m,P,7,True,0,11,3,7,1,8,16,26,27
2019,m,P,7,True,1,9,8,1,0,11,11,13,20
2019,m,P,7,True,2,5,4,1,0,0,5,6,10
2019,m,P,7,True,3,9,7,1,1,5,20,18,24
2019,m,P,7,True,4,2,2,0,0,3,0,2,4
2019,m,P,7,True,5,4,4,0,0,0,1,4,8
2019,m,P,7,True,6,3,3,0,0,0,1,3,6
2019,m,P,7,True,7,2,2,0,0,0,1,2,4
2019,s,C,6,False,-10,1,0,1,0,0,0,3,2
2019,s,C,6,False,-8,1,0,1,0,4,0,3,2
2019,s,C,6,False,-7,1,0,1,0,0,0,3,2
2019,s,C,6,False,-6,5,0,5,0,5,6,15,10
2019,s,C,6,False,-5,2,0,2,0,1,0,6,4
2019,s,C,6,False,-4,3,0,3,0,7,11,9,7
2019,s,C,6,False,-3,2,0,2,0,0,6,6,4
2019,s,C,6,False,-2,8,0,8,0,5,8,24,17
2019,s,C,6,False,-1,7,2,5,0,23,11,21,17
2019,s,C,6,False,0,12,4,8,0,19,13,45,40
2019,s,C,6,False,1,6,3,3,0,4,8,19,18
2019,s,C,6,False,2,5,4,1,0,6,9,16,16
2019,s,C,6,False,3,5,4,1,0,8,11,16,16
2019,s,C,6,False,4,5,5,0,0,1,4,13,13
2019,s,C,6,False,5,6,6,0,0,8,3,18,18
2019,s,C,6,False,7,1,1,0,0,0,6,3,3
2019,s,C,6,False,8,2,2,0,0,5,2,6,6
2019,s,C,6,True,-10,2,0,2,0,3,4,6,6
2019,s,C,6,True,-8,1,0,1,0,0,4,3,3
2019,s,C,6,True,-7,2,0,2,0,2,2,6,6
2019,s,C,6,True,-5,3,0,3,0,2,3,9,9
2019,s,C,6,True,-4,3,0,3,0,4,15,9,9
2019,s,C,6,True,-3,9,1,7,1,18,18,30,30
2019,s,C,6,True,-2,9,0,8,1,8,17,30,30
2019,s,C,6,True,-1,9,0,9,0,4,13,27,27
2019,s,C,6,True,0,9,5,4,0,16,16,25,28
2019,s,C,6,True,1,8,6,2,0,13,12,20,26
2019,s,C,6,True,2,7,7,0,0,7,8,19,24
2019,s,C,6,True,3,1,1,0,0,1,1,2,3
2019,s,C,6,True,4,2,2,0,0,2,3,4,6
2019,s,C,6,True,5,4,4,0,0,8,3,7,10
2019,s,C,6,True,8,1,1,0,0,3,2,2,3
2019,s,C,6,True,14,1,1,0,0,1,2,2,3
2019,s,C,7,False,-12,1,0,1,0,0,0,2,1
2019,s,C,7,False,-11,1,0,1,0,0,1,2,1
2019,s,C,7,False,-10,1,0,1,0,0,0,2,1
2019,s,C,7,False,-8,1,0,1,0,4,0,2,1
2019,s,C,7,False,-7,1,0,1,0,0,0,2,1
2019,s,C,7,False,-6,2,0,2,0,0,0,4,2
2019,s,C,7,False,-5,2,0,2,0,2,0,4,2
2019,s,C,7,False,-4,4,0,4,0,1,1,8,4
2019,s,C,7,False,-3,4,0,4,0,6,5,8,5
2019,s,C,7,False,-2,11,0,11,0,9,11,22,13
2019,s,C,7,False,-1,6,1,5,0,9,3,12,7
2019,s,C,7,False,0,8,4,4,0,17,4,23,22
2019,s,C,7,False,1,5,3,2,0,4,6,13,13
2019,s,C,7,False,2,6,6,0,0,6,2,12,12
2019,s,C,7,False,3,5,4,1,0,6,13,11,11
2019,s,C,7,False,4,3,3,0,0,0,1,6,6
2019,s,C,7,False,5,6,5,1,0,4,10,13,13
2019,s,C,7,False,6,2,2,0,0,4,0,4,4
2019,s,C,7,False,7,1,1,0,0,1,0,2,2
2019,s,C,7,False,8,1,1,0,0,1,0,2,2
2019,s,C,7,True,-11,1,0,1,0,0,2,2,2
2019,s,C,7,True,-10,1,0,1,0,2,0,2,2
2019,s,C,7,True,-8,3,0,3,0,3,7,6,6
2019,s,C,7,True,-7,1,0,1,0,2,0,2,2
2019,s,C,7,True,-6,1,0,1,0,2,0,2,2
2019,s,C,7,True,-5,5,0,5,0,3,3,10,10
2019,s,C,7,True,-4,2,0,2,0,0,4,4,4
2019,s,C,7,True,-3,8,1,6,1,12,18,19,19
2019,s,C,7,True,-2,7,0,6,1,2,8,17,17
2019,s,C,7,True,-1,12,1,11,0,4,11,23,24
2019,s,C,7,True,0,4,3,1,0,9,4,9,9
2019,s,C,7,True,1,10,7,3,0,12,15,19,25
2019,s,C,7,True,2,7,7,0,0,4,4,7,14
2019,s,C,7,True,3,3,3,0,0,4,1,3,6
2019,s,C,7,True,5,1,1,0,0,0,0,1,2
2019,s,C,7,True,6,2,2,0,0,4,3,2,4
2019,s,C,7,True,11,1,1,0,0,0,2,1,2
2019,s,C,7,True,15,1,1,0,0,0,2,1,2
2019,t,C,6,False,-12,1,0,1,0,1,1,3,2
2019,t,C,6,False,-8,3,0,3,0,4,1,9,6
2019,t,C,6,False,-7,1,0,1,0,0,0,3,2
2019,t,C,6,False,-6,3,0,3,0,6,0,9,6
2019,t,C,6,False,-5,3,0,2,1,8,6,12,10
2019,t,C,6,False,-4,1,0,1,0,3,2,3,2
2019,t,C,6,False,-3,7,0,7,0,5,8,21,14
2019,t,C,6,False,-2,5,1,4,0,5,2,17,13
2019,t,C,6,False,-1,8,3,5,0,10,7,28,24
2019,t,C,6,False,0,11,4,6,1,10,14,38,34
2019,t,C,6,False,1,12,8,3,1,16,11,41,40
2019,t,C,6,False,2,4,3,0,1,8,3,15,15
2019,t,C,6,False,3,3,2,0,1,4,7,12,12
2019,t,C,6,False,4,3,3,0,0,11,0,9,9
2019,t,C,6,False,5,2,2,0,0,1,1,6,6
2019,t,C,6,False,6,3,3,0,0,6,7,9,9
2019,t,C,6,False,10,1,1,0,0,1,3,3,3
2019,t,C,6,True,-8,1,0,1,0,2,4,3,3
2019,t,C,6,True,-6,2,0,2,0,6,6,6,6
2019,t,C,6,True,-5,3,0,3,0,4,6,9,9
2019,t,C,6,True,-4,4,1,3,0,10,5,11,12
2019,t,C,6,True,-3,4,1,3,0,5,2,11,12
2019,t,C,6,True,-2,6,2,4,0,12,12,18,18
2019,t,C,6,True,-1,11,4,7,0,16,13,35,36
2019,t,C,6,True,0,16,8,8,0,12,19,48,53
2019,t,C,6,True,1,5,4,1,0,5,12,12,15
2019,t,C,6,True,2,6,5,0,1,5,7,16,21
2019,t,C,6,True,3,7,7,0,0,15,3,14,21
2019,t,C,6,True,4,5,5,0,0,4,5,10,15
2019,t,C,6,True,5,2,2,0,0,3,1,4,6
2019,t,C,7,False,-12,1,0,1,0,1,1,2,1
2019,t,C,7,False,-8,2,0,2,0,1,1,4,2
2019,t,C,7,False,-7,1,0,1,0,0,0,2,1
2019,t,C,7,False,-6,6,0,6,0,12,4,12,6
2019,t,C,7,False,-5,2,0,2,0,0,0,4,2
2019,t,C,7,False,-4,1,0,1,0,2,0,2,1
2019,t,C,7,False,-3,8,0,8,0,2,4,16,8
2019,t,C,7,False,-2,5,1,3,1,6,2,15,12
2019,t,C,7,False,-1,5,1,4,0,4,1,12,9
2019,t,C,7,False,0,6,1,4,1,1,6,19,17
2019,t,C,7,False,1,15,11,3,1,19,10,35,34
2019,t,C,7,False,2,6,4,1,1,0,6,15,14
2019,t,C,7,False,3,3,2,0,1,4,7,9,9
2019,t,C,7,False,4,3,3,0,0,7,1,6,6
2019,t,C,7,False,5,4,4,0,0,3,1,8,8
2019,t,C,7,False,6,1,1,0,0,3,0,2,2
2019,t,C,7,False,7,1,1,0,0,0,0,2,2
2019,t,C,7,False,10,1,1,0,0,0,2,2,2
2019,t,C,7,True,-9,1,0,1,0,5,1,2,2
2019,t,C,7,True,-7,1,0,1,0,0,1,2,2
2019,t,C,7,True,-6,1,0,1,0,0,4,2,2
2019,t,C,7,True,-5,2,0,2,0,2,0,4,4
2019,t,C,7,True,-4,2,0,2,0,0,4,4,4
2019,t,C,7,True,-3,6,1,5,0,6,8,11,12
2019,t,C,7,True,-2,7,2,5,0,9,8,13,14
2019,t,C,7,True,-1,11,2,8,1,12,12,28,28
2019,t,C,7,True,0,12,6,6,0,8,14,28,29
2019,t,C,7,True,1,10,9,1,0,7,12,12,20
2019,t,C,7,True,2,4,4,0,0,0,1,4,8
2019,t,C,7,True,3,8,8,0,0,10,0,8,16
2019,t,C,7,True,4,3,3,0,0,0,0,3,6
2019,t,C,7,True,5,1,1,0,0,0,0,1,2
2019,t,C,7,True,6,2,2,0,0,2,6,2,4
2019,t,C,7,True,7,1,1,0,0,1,0,1,2
2020,b,P,6,False,-6,2,0,2,0,2,0,6,4
2020,b,P,6,False,-5,6,1,5,0,12,5,18,13
2020,b,P,6,False,-3,5,0,5,0,6,4,15,10
2020,b,P,6,False,-2,15,1,13,1,13,11,46,33
2020,b,P,6,False,-1,6,1,4,1,7,8,19,15
2020,b,P,6,False,0,9,1,6,2,6,15,31,28
2020,b,P,6,False,1,5,4,1,0,3,4,15,15
2020,b,P,6,False,2,6,5,1,0,21,15,17,15
2020,b,P,6,False,3,2,2,0,0,1,1,6,6
2020,b,P,6,False,5,1,1,0,0,2,1,3,3
2020,b,P,6,False,6,2,2,0,0,1,2,6,6
2020,b,P,6,False,9,1,1,0,0,0,1,3,3
2020,b,P,6,True,-10,1,0,1,0,0,1,3,3
2020,b,P,6,True,-7,2,0,2,0,3,4,6,6
2020,b,P,6,True,-6,1,0,1,0,3,3,3,3
2020,b,P,6,True,-5,2,0,2,0,2,5,6,6
2020,b,P,6,True,-4,2,0,1,1,5,4,7,7
2020,b,P,6,True,-3,4,1,3,0,9,3,12,12
2020,b,P,6,True,-2,2,0,2,0,2,1,6,6
2020,b,P,6,True,-1,9,2,6,1,13,15,26,28
2020,b,P,6,True,0,13,3,9,1,14,34,38,41
2020,b,P,6,True,1,3,3,0,0,1,0,6,9
2020,b,P,6,True,2,6,2,4,0,4,16,17,19
2020,b,P,6,True,3,6,6,0,0,9,5,12,18
2020,b,P,6,True,4,5,5,0,0,5,5,10,15
2020,b,P,6,True,5,2,2,0,0,1,1,4,6
2020,b,P,6,True,6,1,1,0,0,0,0,2,3
2020,b,P,6,True,7,1,1,0,0,1,1,2,3
2020,b,P,7,False,-6,2,0,2,0,2,0,4,2
2020,b,P,7,False,-5,5,1,4,0,10,4,10,6
2020,b,P,7,False,-4,3,0,3,0,0,5,6,3
2020,b,P,7,False,-3,5,0,5,0,3,2,10,5
2020,b,P,7,False,-2,14,1,12,1,10,9,29,17
2020,b,P,7,False,-1,5,0,4,1,1,0,11,7
2020,b,P,7,False,0,9,1,6,2,4,9,22,20
2020,b,P,7,False,1,3,3,0,0,1,1,6,6
2020,b,P,7,False,2,5,5,0,0,10,6,10,10
2020,b,P,7,False,3,2,1,1,0,0,4,4,3
2020,b,P,7,False,4,1,1,0,0,1,0,2,2
2020,b,P,7,False,5,2,2,0,0,1,3,4,4
2020,b,P,7,False,6,2,2,0,0,1,0,3,2
2020,b,P,7,False,7,1,1,0,0,0,1,2,2
2020,b,P,7,False,9,1,1,0,0,0,1,2,2
2020,b,P,7,True,-11,1,0,1,0,0,0,2,2
2020,b,P,7,True,-7,2,0,2,0,2,3,4,4
2020,b,P,7,True,-6,2,0,2,0,4,5,4,4
2020,b,P,7,True,-5,1,0,1,0,0,3,2,2
2020,b,P,7,True,-4,2,0,2,0,0,1,4,4
2020,b,P,7,True,-3,6,1,5,0,11,6,12,12
2020,b,P,7,True,-2,4,0,3,1,3,1,9,9
2020,b,P,7,True,-1,7,0,5,2,2,7,16,16
2020,b,P,7,True,0,11,4,7,0,12,25,19,23
2020,b,P,7,True,1,3,2,1,0,1,3,4,6
2020,b,P,7,True,2,7,5,2,0,4,9,10,15
2020,b,P,7,True,3,2,2,0,0,4,0,2,4
2020,b,P,7,True,4,4,4,0,0,2,0,4,8
2020,b,P,7,True,5,5,5,0,0,2,7,5,10
2020,b,P,7,True,6,2,2,0,0,1,1,2,4
2020,b,P,7,True,7,1,1,0,0,0,0,1,2
2020,c,C,6,False,-10,1,0,1,0,2,0,3,2
2020,c,C,6,False,-7,2,0,2,0,2,4,6,4
2020,c,C,6,False,-6,4,1,3,0,15,3,12,9
2020,c,C,6,False,-5,2,0,2,0,5,4,6,4
2020,c,C,6,False,-4,2,0,2,0,0,1,6,4
2020,c,C,6,False,-3,4,1,3,0,7,3,12,9
2020,c,C,6,False,-2,6,1,5,0,12,6,18,14
2020,c,C,6,False,-1,11,3,6,2,31,10,36,31
2020,c,C,6,False,0,5,2,1,2,16,5,17,16
2020,c,C,6,False,1,10,6,4,0,18,16,31,31
2020,c,C,6,False,2,2,2,0,0,2,2,6,6
2020,c,C,6,False,3,3,3,0,0,1,4,9,9
2020,c,C,6,False,4,2,2,0,0,3,3,6,6
2020,c,C,6,False,5,2,2,0,0,3,2,6,6
2020,c,C,6,False,6,1,1,0,0,0,0,3,3
2020,c,C,6,False,7,3,3,0,0,12,7,9,9
2020,c,C,6,True,-10,1,0,1,0,1,2,3,3
2020,c,C,6,True,-9,1,0,1,0,1,0,3,3
2020,c,C,6,True,-8,1,0,1,0,0,1,3,3
2020,c,C,6,True,-6,3,0,3,0,6,3,9,9
2020,c,C,6,True,-5,1,0,1,0,0,0,3,3
2020,c,C,6,True,-4,3,0,3,0,4,1,9,9
2020,c,C,6,True,-3,6,0,4,2,13,18,20,20
2020,c,C,6,True,-2,6,0,4,2,6,7,20,20
2020,c,C,6,True,-1,7,0,7,0,8,17,21,21
2020,c,C,6,True,0,7,4,1,2,9,7,22,25
2020,c,C,6,True,1,3,2,1,0,8,7,7,9
2020,c,C,6,True,2,6,5,0,1,5,5,15,19
2020,c,C,6,True,3,4,4,0,0,6,3,8,12
2020,c,C,6,True,4,5,5,0,0,5,4,10,15
2020,c,C,6,True,5,1,1,0,0,1,4,2,3
2020,c,C,6,True,6,1,1,0,0,0,3,2,3
2020,c,C,6,True,7,3,2,0,1,0,9,8,10
2020,c,C,6,True,8,1,1,0,0,0,2,2,3
2020,c,C,7,False,-9,2,0,2,0,1,0,4,2
2020,c,C,7,False,-7,2,0,2,0,6,1,4,2
2020,c,C,7,False,-6,4,1,3,0,12,2,8,5
2020,c,C,7,False,-5,2,0,2,0,0,0,4,2
2020,c,C,7,False,-4,2,0,2,0,0,1,4,2
2020,c,C,7,False,-3,3,0,3,0,1,2,6,3
2020,c,C,7,False,-2,3,0,3,0,0,3,6,3
2020,c,C,7,False,-1,10,3,6,1,20,6,22,17
2020,c,C,7,False,0,7,2,3,2,6,8,16,15
2020,c,C,7,False,1,8,4,3,1,12,11,18,18
2020,c,C,7,False,2,3,3,0,0,3,2,6,6
2020,c,C,7,False,3,4,4,0,0,11,2,8,8
2020,c,C,7,False,4,3,3,0,0,1,2,6,6
2020,c,C,7,False,5,1,1,0,0,0,1,2,2
2020,c,C,7,False,6,2,2,0,0,7,2,4,4
2020,c,C,7,False,7,1,1,0,0,0,3,2,2
2020,c,C,7,False,8,1,1,0,0,0,1,2,2
2020,c,C,7,False,10,2,2,0,0,6,4,4,4
2020,c,C,7,True,-11,1,0,1,0,1,1,2,2
2020,c,C,7,True,-9,1,0,1,0,1,0,2,2
2020,c,C,7,True,-8,1,0,1,0,0,1,2,2
2020,c,C,7,True,-6,1,0,1,0,2,1,2,2
2020,c,C,7,True,-5,3,0,3,0,0,4,6,6
2020,c,C,7,True,-4,4,0,4,0,2,5,8,8
2020,c,C,7,True,-3,3,0,3,0,0,6,6,6
2020,c,C,7,True,-2,5,1,3,1,5,1,12,12
2020,c,C,7,True,-1,9,1,7,1,14,17,18,19
2020,c,C,7,True,0,5,1,1,3,1,2,13,14
2020,c,C,7,True,1,7,4,2,1,3,8,12,15
2020,c,C,7,True,2,4,3,0,1,1,4,6,9
2020,c,C,7,True,3,4,3,0,1,5,5,6,9
2020,c,C,7,True,4,6,6,0,0,2,5,6,12
2020,c,C,7,True,5,4,4,0,0,4,4,4,8
2020,c,C,7,True,7,1,1,0,0,0,0,1,2
2020,c,C,7,True,8,1,1,0,0,0,2,1,2
2020,d,C,6,False,-7,2,0,2,0,5,4,6,4
2020,d,C,6,False,-6,1,0,1,0,1,0,3,2
2020,d,C,6,False,-5,4,0,4,0,4,7,12,8
2020,d,C,6,False,-4,9,0,9,0,7,24,27,18
2020,d,C,6,False,-3,10,1,9,0,9,9,31,22
2020,d,C,6,False,-2,6,0,5,1,2,9,19,14
2020,d,C,6,False,-1,5,1,4,0,4,5,15,11
2020,d,C,6,False,0,3,2,1,0,5,3,9,8
2020,d,C,6,False,1,6,6,0,0,10,8,19,19
2020,d,C,6,False,2,5,5,0,0,6,7,15,15
2020,d,C,6,False,3,5,5,0,0,8,1,15,15
2020,d,C,6,False,4,1,1,0,0,0,1,3,3
2020,d,C,6,False,5,1,1,0,0,4,0,3,3
2020,d,C,6,False,7,1,1,0,0,0,5,3,3
2020,d,C,6,False,8,1,1,0,0,1,0,3,3
2020,d,C,6,True,-7,2,0,2,0,4,12,6,6
2020,d,C,6,True,-6,1,0,1,0,1,1,3,3
2020,d,C,6,True,-4,1,0,1,0,0,0,3,3
2020,d,C,6,True,-3,2,0,2,0,1,0,6,6
2020,d,C,6,True,-2,1,0,1,0,0,2,3,3
2020,d,C,6,True,-1,10,3,7,0,15,18,31,33
2020,d,C,6,True,0,8,4,2,2,7,7,22,26
2020,d,C,6,True,1,12,7,4,1,9,36,30,37
2020,d,C,6,True,2,10,9,0,1,22,5,23,31
2020,d,C,6,True,3,5,5,0,0,8,3,10,15
2020,d,C,6,True,4,6,6,0,0,7,5,12,18
2020,d,C,6,True,5,1,1,0,0,0,0,2,3
2020,d,C,6,True,6,1,1,0,0,0,0,2,3
2020,d,C,7,False,-11,1,0,1,0,2,0,2,1
2020,d,C,7,False,-8,1,0,1,0,1,1,2,1
2020,d,C,7,False,-7,1,0,1,0,2,3,2,1
2020,d,C,7,False,-6,4,0,4,0,7,7,8,4
2020,d,C,7,False,-5,4,0,4,0,2,2,8,4
2020,d,C,7,False,-4,8,0,8,0,1,9,16,8
2020,d,C,7,False,-3,7,0,7,0,1,5,14,7
2020,d,C,7,False,-2,5,0,5,0,0,5,10,5
2020,d,C,7,False,-1,5,2,3,0,6,2,10,7
2020,d,C,7,False,0,5,3,1,1,6,3,12,11
2020,d,C,7,False,1,5,5,0,0,8,6,11,11
2020,d,C,7,False,2,5,5,0,0,5,5,10,10
2020,d,C,7,False,3,4,4,0,0,6,0,8,8
2020,d,C,7,False,4,2,2,0,0,1,2,4,4
2020,d,C,7,False,5,1,1,0,0,0,3,2,2
2020,d,C,7,False,7,1,1,0,0,2,0,2,2
2020,d,C,7,False,8,1,1,0,0,1,0,2,2
2020,d,C,7,True,-10,2,0,2,0,4,6,4,4
2020,d,C,7,True,-6,1,0,1,0,1,1,2,2
2020,d,C,7,True,-4,3,0,3,0,0,1,6,6
2020,d,C,7,True,-3,5,0,5,0,1,11,10,10
2020,d,C,7,True,-2,1,0,1,0,2,1,3,3
2020,d,C,7,True,-1,6,1,5,0,6,9,14,14
2020,d,C,7,True,0,7,3,1,3,5,5,14,17
2020,d,C,7,True,1,9,6,2,1,4,17,13,19
2020,d,C,7,True,2,10,10,0,0,17,5,11,20
2020,d,C,7,True,3,4,4,0,0,2,0,4,8
2020,d,C,7,True,4,5,5,0,0,1,3,5,10
2020,d,C,7,True,5,4,4,0,0,3,0,4,8
2020,d,C,7,True,6,3,3,0,0,0,0,3,6
2020,db,C,6,False,-12,1,0,1,0,3,0,3,2
2020,db,C,6,False,-7,1,0,1,0,5,0,3,2
2020,db,C,6,False,-5,3,0,3,0,0,5,9,6
2020,db,C,6,False,-4,2,0,2,0,6,2,6,4
2020,db,C,6,False,-3,3,0,3,0,1,1,9,6
2020,db,C,6,False,-2,8,2,5,1,15,13,25,20
2020,db,C,6,False,-1,12,1,11,0,10,15,36,26
2020,db,C,6,False,0,6,0,5,1,0,9,19,14
2020,db,C,6,False,1,8,6,2,0,9,5,24,22
2020,db,C,6,False,2,6,6,0,0,12,3,18,18
2020,db,C,6,False,3,4,3,0,1,12,9,13,13
2020,db,C,6,False,4,3,3,0,0,4,4,9,9
2020,db,C,6,False,8,2,2,0,0,1,5,6,6
2020,db,C,6,True,-10,1,0,1,0,2,0,3,3
2020,db,C,6,True,-7,1,0,1,0,5,0,3,3
2020,db,C,6,True,-6,1,0,1,0,0,3,3,3
2020,db,C,6,True,-5,1,1,0,0,10,1,2,3
2020,db,C,6,True,-4,4,0,4,0,7,3,12,12
2020,db,C,6,True,-3,1,0,1,0,1,0,3,3
2020,db,C,6,True,-2,5,0,4,1,4,6,16,16
2020,db,C,6,True,-1,7,3,4,0,14,10,21,21
2020,db,C,6,True,0,5,1,2,2,2,5,16,17
2020,db,C,6,True,1,9,6,3,0,14,10,21,27
2020,db,C,6,True,2,7,6,1,0,15,18,17,21
2020,db,C,6,True,3,8,8,0,0,14,1,16,24
2020,db,C,6,True,4,4,4,0,0,7,3,8,12
2020,db,C,6,True,5,2,2,0,0,7,3,4,6
2020,db,C,6,True,6,3,2,1,0,0,10,7,9
2020,db,C,7,False,-10,1,0,1,0,1,0,2,1
2020,db,C,7,False,-9,1,0,1,0,0,0,2,1
2020,db,C,7,False,-7,1,0,1,0,5,0,2,1
2020,db,C,7,False,-5,3,0,3,0,0,4,6,3
2020,db,C,7,False,-4,2,0,2,0,2,0,4,2
2020,db,C,7,False,-3,4,0,4,0,4,4,8,4
2020,db,C,7,False,-2,5,1,4,0,7,2,10,6
2020,db,C,7,False,-1,12,1,11,0,7,10,24,14
2020,db,C,7,False,0,7,0,5,2,0,9,16,11
2020,db,C,7,False,1,8,6,1,1,9,9,17,16
2020,db,C,7,False,2,4,4,0,0,5,0,8,8
2020,db,C,7,False,3,3,3,0,0,0,3,6,6
2020,db,C,7,False,4,4,4,0,0,5,2,8,8
2020,db,C,7,False,5,1,1,0,0,4,0,2,2
2020,db,C,7,False,7,1,1,0,0,0,0,2,2
2020,db,C,7,False,8,2,2,0,0,1,5,4,4
2020,db,C,7,True,-10,1,0,1,0,2,0,2,2
2020,db,C,7,True,-9,1,0,1,0,0,0,2,2
2020,db,C,7,True,-5,2,0,2,0,3,0,4,4
2020,db,C,7,True,-4,2,0,2,0,4,0,4,4
2020,db,C,7,True,-3,3,0,3,0,3,6,6,6
2020,db,C,7,True,-2,5,0,4,1,4,0,11,11
2020,db,C,7,True,-1,7,3,4,0,11,7,14,14
2020,db,C,7,True,0,7,3,2,2,4,5,15,16
2020,db,C,7,True,1,9,6,3,0,14,15,12,18
2020,db,C,7,True,2,2,2,0,0,2,0,2,4
2020,db,C,7,True,3,6,6,0,0,7,0,6,12
2020,db,C,7,True,4,3,3,0,0,0,1,3,6
2020,db,C,7,True,5,2,2,0,0,0,2,2,4
2020,db,C,7,True,6,8,7,1,0,6,14,9,16
2020,db,C,7,True,7,1,1,0,0,3,2,1,2
2020,e,P,6,False,-8,1,0,1,0,3,0,3,2
2020,e,P,6,False,-6,1,0,1,0,0,4,3,2
2020,e,P,6,False,-5,3,0,3,0,3,4,9,6
2020,e,P,6,False,-4,7,0,7,0,4,4,21,14
2020,e,P,6,False,-3,6,1,4,1,12,1,19,15
2020,e,P,6,False,-2,3,0,2,1,3,10,10,8
2020,e,P,6,False,-1,4,0,3,1,1,1,13,10
2020,e,P,6,False,0,15,7,8,0,25,32,47,40
2020,e,P,6,False,1,6,4,1,1,7,11,19,18
2020,e,P,6,False,2,5,3,2,0,6,10,15,15
2020,e,P,6,False,3,4,4,0,0,10,5,12,12
2020,e,P,6,False,4,1,1,0,0,1,1,3,3
2020,e,P,6,False,6,1,1,0,0,0,0,3,3
2020,e,P,6,False,8,2,2,0,0,0,0,6,6
2020,e,P,6,False,9,1,1,0,0,2,1,3,3
2020,e,P,6,True,-8,1,0,1,0,1,0,3,3
2020,e,P,6,True,-5,2,0,2,0,4,1,6,6
2020,e,P,6,True,-4,2,0,2,0,4,1,6,6
2020,e,P,6,True,-3,2,0,2,0,0,5,6,6
2020,e,P,6,True,-2,8,2,6,0,15,14,20,23
2020,e,P,6,True,-1,7,1,6,0,7,15,20,21
2020,e,P,6,True,0,2,2,0,0,3,0,4,6
2020,e,P,6,True,1,11,4,5,2,11,23,33,36
2020,e,P,6,True,2,6,4,0,2,2,4,15,18
2020,e,P,6,True,3,5,5,0,0,1,6,10,15
2020,e,P,6,True,4,4,4,0,0,7,3,8,12
2020,e,P,6,True,5,3,2,1,0,7,9,7,9
2020,e,P,6,True,6,2,2,0,0,9,4,4,6
2020,e,P,6,True,7,3,3,0,0,16,2,6,9
2020,e,P,6,True,8,1,1,0,0,0,2,2,3
2020,e,P,6,True,12,1,1,0,0,0,1,2,3
2020,e,P,7,False,-8,2,0,2,0,3,3,4,2
2020,e,P,7,False,-7,1,0,1,0,0,3,2,1
2020,e,P,7,False,-5,3,0,3,0,2,0,6,3
2020,e,P,7,False,-4,7,0,7,0,0,1,14,7
2020,e,P,7,False,-3,9,1,6,2,16,9,20,14
2020,e,P,7,False,-2,3,0,3,0,0,5,6,3
2020,e,P,7,False,-1,4,0,4,0,0,3,8,4
2020,e,P,7,False,0,10,5,3,2,17,10,24,22
2020,e,P,7,False,1,7,5,2,0,6,6,14,13
2020,e,P,7,False,2,2,1,1,0,3,5,4,4
2020,e,P,7,False,3,6,6,0,0,2,3,12,12
2020,e,P,7,False,4,1,1,0,0,0,0,2,2
2020,e,P,7,False,5,1,1,0,0,5,2,2,2
2020,e,P,7,False,6,1,1,0,0,0,0,2,2
2020,e,P,7,False,8,2,2,0,0,0,0,4,4
2020,e,P,7,False,10,1,1,0,0,1,1,2,2
2020,e,P,7,True,-8,1,0,1,0,1,0,2,2
2020,e,P,7,True,-6,1,0,1,0,0,1,0,1
2020,e,P,7,True,-5,2,0,2,0,3,0,4,4
2020,e,P,7,True,-4,3,0,3,0,2,4,6,6
2020,e,P,7,True,-3,2,0,2,0,1,1,4,4
2020,e,P,7,True,-2,7,1,6,0,7,6,13,14
2020,e,P,7,True,-1,6,0,6,0,1,15,12,12
2020,e,P,7,True,0,3,1,1,1,1,3,6,7
2020,e,P,7,True,1,8,4,2,2,5,9,16,19
2020,e,P,7,True,2,5,4,0,1,2,2,7,11
2020,e,P,7,True,3,5,5,0,0,1,6,5,10
2020,e,P,7,True,4,4,4,0,0,4,1,4,8
2020,e,P,7,True,5,2,1,1,0,1,9,3,4
2020,e,P,7,True,6,1,1,0,0,0,0,1,2
2020,e,P,7,True,7,2,2,0,0,1,2,2,4
2020,e,P,7,True,8,2,2,0,0,0,2,2,4
2020,e,P,7,True,9,2,2,0,0,11,0,2,4
2020,e,P,7,True,11,1,1,0,0,0,0,1,2
2020,e,P,7,True,12,1,1,0,0,0,1,1,2
2020,e,P,7,True,13,1,1,0,0,0,4,1,2
2020,f,P,6,False,-8,1,0,1,0,0,0,3,2
2020,f,P,6,False,-7,2,0,2,0,1,8,6,4
2020,f,P,6,False,-6,4,0,4,0,4,11,12,8
2020,f,P,6,False,-4,6,0,6,0,2,5,18,12
2020,f,P,6,False,-3,7,1,6,0,8,6,21,15
2020,f,P,6,False,-2,6,1,5,0,10,5,19,15
2020,f,P,6,False,-1,9,2,6,1,7,4,29,24
2020,f,P,6,False,0,5,1,4,0,4,9,15,11
2020,f,P,6,False,1,7,6,0,1,5,3,22,22
2020,f,P,6,False,2,3,2,1,0,2,4,9,8
2020,f,P,6,False,3,3,2,1,0,17,9,9,9
2020,f,P,6,False,4,4,4,0,0,5,3,12,12
2020,f,P,6,False,5,2,2,0,0,6,3,6,6
2020,f,P,6,False,6,1,1,0,0,3,3,3,3
2020,f,P,6,True,-9,1,0,1,0,1,2,3,3
2020,f,P,6,True,-7,1,0,1,0,2,4,3,3
2020,f,P,6,True,-6,1,0,1,0,3,2,3,3
2020,f,P,6,True,-5,1,0,1,0,0,2,3,3
2020,f,P,6,True,-4,2,1,1,0,7,0,5,6
2020,f,P,6,True,-3,5,0,5,0,3,4,15,15
2020,f,P,6,True,-2,4,0,4,0,2,4,12,12
2020,f,P,6,True,-1,8,1,7,0,7,18,24,24
2020,f,P,6,True,0,7,4,2,1,15,7,20,23
2020,f,P,6,True,1,7,4,2,1,9,9,19,23
2020,f,P,6,True,2,8,7,0,1,16,9,18,25
2020,f,P,6,True,3,5,4,1,0,2,8,11,15
2020,f,P,6,True,4,3,3,0,0,1,0,6,9
2020,f,P,6,True,5,1,1,0,0,0,0,2,3
2020,f,P,6,True,6,3,3,0,0,1,2,6,9
2020,f,P,6,True,7,2,2,0,0,2,4,4,6
2020,f,P,6,True,8,1,1,0,0,0,3,2,3
2020,f,P,7,False,-13,1,0,1,0,4,0,2,1
2020,f,P,7,False,-9,1,0,1,0,0,5,2,1
2020,f,P,7,False,-8,2,0,2,0,0,0,4,2
2020,f,P,7,False,-7,2,0,2,0,0,0,4,2
2020,f,P,7,False,-6,3,0,3,0,1,2,6,3
2020,f,P,7,False,-5,2,0,2,0,2,1,4,2
2020,f,P,7,False,-4,3,0,3,0,0,0,6,3
2020,f,P,7,False,-3,6,0,6,0,2,1,12,6
2020,f,P,7,False,-2,5,1,4,0,9,5,11,8
2020,f,P,7,False,-1,11,1,9,1,5,4,24,16
2020,f,P,7,False,0,3,1,2,0,3,5,6,4
2020,f,P,7,False,1,5,4,0,1,2,1,11,11
2020,f,P,7,False,2,6,6,0,0,1,2,12,12
2020,f,P,7,False,3,3,2,1,0,6,5,6,6
2020,f,P,7,False,4,5,5,0,0,13,5,10,10
2020,f,P,7,False,6,1,1,0,0,3,3,2,2
2020,f,P,7,False,9,1,1,0,0,1,0,2,2
2020,f,P,7,True,-10,1,0,1,0,1,1,2,2
2020,f,P,7,True,-9,1,0,1,0,2,2,2,2
2020,f,P,7,True,-6,1,0,1,0,3,2,2,2
2020,f,P,7,True,-5,2,0,2,0,0,2,4,4
2020,f,P,7,True,-4,4,0,4,0,2,4,8,8
2020,f,P,7,True,-3,6,0,6,0,3,3,12,12
2020,f,P,7,True,-2,6,0,6,0,6,5,12,12
2020,f,P,7,True,-1,3,1,2,0,2,0,6,6
2020,f,P,7,True,0,6,3,1,2,8,2,13,15
2020,f,P,7,True,1,3,2,1,0,0,3,5,7
2020,f,P,7,True,2,7,7,0,0,9,4,7,14
2020,f,P,7,True,3,6,4,1,1,1,12,9,13
2020,f,P,7,True,4,5,5,0,0,1,0,5,10
2020,f,P,7,True,5,2,2,0,0,0,2,2,4
2020,f,P,7,True,6,3,3,0,0,1,2,3,6
2020,f,P,7,True,7,1,1,0,0,0,2,1,2
2020,f,P,7,True,8,2,2,0,0,3,3,2,4
2020,f,P,7,True,9,1,1,0,0,0,2,1,2
2020,g,C,6,False,-8,1,0,1,0,2,0,3,2
2020,g,C,6,False,-6,1,0,1,0,0,0,3,2
2020,g,C,6,False,-5,3,0,3,0,10,1,9,6
2020,g,C,6,False,-4,5,1,4,0,6,10,15,11
2020,g,C,6,False,-3,6,0,5,1,8,10,19,15
2020,g,C,6,False,-2,3,0,2,1,2,9,10,8
2020,g,C,6,False,-1,6,1,4,1,7,8,19,15
2020,g,C,6,False,0,7,3,4,0,17,11,22,19
2020,g,C,6,False,1,6,3,2,1,13,9,19,18
2020,g,C,6,False,2,2,1,0,1,5,2,7,7
2020,g,C,6,False,3,4,4,0,0,5,5,12,12
2020,g,C,6,False,4,7,7,0,0,4,4,21,21
2020,g,C,6,False,5,2,1,1,0,3,14,6,5
2020,g,C,6,False,6,2,2,0,0,1,2,6,6
2020,g,C,6,False,7,1,1,0,0,0,2,3,3
2020,g,C,6,False,9,1,1,0,0,3,0,3,3
2020,g,C,6,False,10,1,1,0,0,2,1,3,3
2020,g,C,6,False,11,1,1,0,0,0,2,3,3
2020,g,C,6,True,-6,1,0,1,0,0,5,3,3
2020,g,C,6,True,-5,1,0,1,0,1,3,3,3
2020,g,C,6,True,-4,2,0,2,0,2,0,6,6
2020,g,C,6,True,-3,2,0,2,0,2,0,6,6
2020,g,C,6,True,-2,5,0,5,0,8,12,15,15
2020,g,C,6,True,-1,3,1,2,0,2,0,8,9
2020,g,C,6,True,0,6,3,2,1,3,3,17,19
2020,g,C,6,True,1,14,11,1,2,17,12,35,44
2020,g,C,6,True,2,7,5,2,0,9,9,16,21
2020,g,C,6,True,3,6,6,0,0,9,2,12,18
2020,g,C,6,True,4,3,3,0,0,3,6,6,9
2020,g,C,6,True,5,1,1,0,0,1,2,2,3
2020,g,C,6,True,6,3,3,0,0,1,1,6,9
2020,g,C,6,True,7,4,4,0,0,5,14,8,12
2020,g,C,6,True,10,1,1,0,0,0,2,2,3
2020,g,C,6,True,12,1,1,0,0,0,3,2,3
2020,g,C,7,False,-8,1,0,1,0,2,0,2,1
2020,g,C,7,False,-6,3,0,3,0,0,0,6,3
2020,g,C,7,False,-5,3,0,3,0,6,1,6,3
2020,g,C,7,False,-4,4,0,4,0,2,8,8,4
2020,g,C,7,False,-3,5,1,4,0,8,7,10,6
2020,g,C,7,False,-2,5,0,5,0,3,8,10,6
2020,g,C,7,False,-1,5,1,3,1,6,5,11,8
2020,g,C,7,False,0,5,1,2,2,6,3,12,10
2020,g,C,7,False,1,5,3,1,1,6,4,11,11
2020,g,C,7,False,2,5,3,1,1,5,6,12,12
2020,g,C,7,False,3,2,2,0,0,2,0,4,4
2020,g,C,7,False,4,6,6,0,0,3,3,12,12
2020,g,C,7,False,5,4,4,0,0,3,6,8,8
2020,g,C,7,False,6,2,2,0,0,1,1,4,4
2020,g,C,7,False,7,1,1,0,0,0,2,2,2
2020,g,C,7,False,9,1,1,0,0,3,0,2,2
2020,g,C,7,False,10,1,1,0,0,0,1,2,2
2020,g,C,7,False,11,1,1,0,0,1,1,2,2
2020,g,C,7,True,-8,1,0,1,0,1,0,2,2
2020,g,C,7,True,-7,1,0,1,0,0,4,2,2
2020,g,C,7,True,-4,3,0,3,0,4,3,6,6
2020,g,C,7,True,-3,2,0,2,0,2,0,4,4
2020,g,C,7,True,-2,4,0,4,0,4,6,8,8
2020,g,C,7,True,-1,5,0,4,1,2,2,11,11
2020,g,C,7,True,0,4,2,1,1,2,1,8,9
2020,g,C,7,True,1,15,13,1,1,10,8,20,31
2020,g,C,7,True,2,6,5,1,0,4,4,7,12
2020,g,C,7,True,3,3,3,0,0,3,2,3,6
2020,g,C,7,True,4,2,2,0,0,0,3,2,4
2020,g,C,7,True,5,2,2,0,0,0,1,2,4
2020,g,C,7,True,6,4,4,0,0,1,3,4,8
2020,g,C,7,True,7,3,3,0,0,1,12,3,6
2020,g,C,7,True,8,1,1,0,0,0,0,1,2
2020,g,C,7,True,9,1,1,0,0,0,1,1,2
2020,g,C,7,True,10,2,2,0,0,0,1,2,4
2020,g,C,7,True,11,1,1,0,0,0,2,1,2
2020,h,P,6,False,-7,1,0,1,0,2,1,3,2
2020,h,P,6,False,-5,2,0,2,0,0,4,6,4
2020,h,P,6,False,-4,2,0,2,0,3,2,6,4
2020,h,P,6,False,-3,2,0,2,0,2,3,6,4
2020,h,P,6,False,-2,8,1,7,0,12,11,24,17
2020,h,P,6,False,-1,4,2,2,0,8,6,12,10
2020,h,P,6,False,0,7,3,1,3,11,6,24,24
2020,h,P,6,False,1,11,8,3,0,30,12,33,31
2020,h,P,6,False,2,8,5,3,0,5,14,25,23
2020,h,P,6,False,3,6,5,0,1,6,11,19,19
2020,h,P,6,False,4,2,2,0,0,4,3,6,6
2020,h,P,6,False,5,3,3,0,0,5,3,9,9
2020,h,P,6,False,6,1,1,0,0,2,3,3,3
2020,h,P,6,False,7,2,2,0,0,7,3,6,6
2020,h,P,6,False,8,1,1,0,0,0,1,3,3
2020,h,P,6,True,-8,1,0,1,0,0,0,3,3
2020,h,P,6,True,-6,2,0,2,0,2,1,6,6
2020,h,P,6,True,-5,1,0,1,0,1,2,3,3
2020,h,P,6,True,-4,2,0,2,0,1,1,6,6
2020,h,P,6,True,-2,3,1,2,0,3,0,8,9
2020,h,P,6,True,-1,5,2,3,0,5,1,15,15
2020,h,P,6,True,0,9,5,3,1,19,7,27,30
2020,h,P,6,True,1,8,5,3,0,5,9,19,24
2020,h,P,6,True,2,6,5,1,0,3,6,13,18
2020,h,P,6,True,3,10,9,1,0,9,9,21,30
2020,h,P,6,True,4,6,6,0,0,5,1,12,18
2020,h,P,6,True,5,5,5,0,0,5,6,10,15
2020,h,P,6,True,6,1,1,0,0,0,1,2,3
2020,h,P,6,True,8,1,1,0,0,0,0,2,3
2020,h,P,7,False,-8,1,0,1,0,0,0,2,1
2020,h,P,7,False,-7,1,0,1,0,2,1,2,1
2020,h,P,7,False,-5,2,0,2,0,3,1,4,2
2020,h,P,7,False,-4,3,0,3,0,1,1,6,3
2020,h,P,7,False,-3,2,0,2,0,2,2,4,2
2020,h,P,7,False,-2,5,0,5,0,3,4,10,5
2020,h,P,7,False,-1,3,0,3,0,1,4,6,3
2020,h,P,7,False,0,8,2,3,3,5,6,20,19
2020,h,P,7,False,1,10,8,2,0,15,6,20,19
2020,h,P,7,False,2,6,4,1,1,0,6,13,12
2020,h,P,7,False,3,5,5,0,0,6,7,10,10
2020,h,P,7,False,4,7,7,0,0,5,4,14,14
2020,h,P,7,False,5,2,2,0,0,3,1,4,4
2020,h,P,7,False,6,2,2,0,0,4,4,4,4
2020,h,P,7,False,7,1,1,0,0,2,0,2,2
2020,h,P,7,False,8,1,1,0,0,0,1,2,2
2020,h,P,7,False,9,1,1,0,0,2,2,2,2
2020,h,P,7,True,-8,1,0,1,0,0,0,2,2
2020,h,P,7,True,-7,1,0,1,0,1,0,2,2
2020,h,P,7,True,-6,1,0,1,0,0,0,2,2
2020,h,P,7,True,-4,2,0,2,0,0,1,4,4
2020,h,P,7,True,-3,1,0,1,0,0,1,2,2
2020,h,P,7,True,-2,4,0,4,0,1,0,8,8
2020,h,P,7,True,-1,8,1,7,0,4,3,16,16
2020,h,P,7,True,0,7,5,1,1,15,3,15,17
2020,h,P,7,True,1,8,7,1,0,6,4,9,16
2020,h,P,7,True,2,5,5,0,0,2,1,5,10
2020,h,P,7,True,3,8,8,0,0,7,4,8,16
2020,h,P,7,True,4,7,7,0,0,6,0,7,14
2020,h,P,7,True,5,6,6,0,0,0,2,6,12
2020,h,P,7,True,8,1,1,0,0,0,0,1,2
2020,l,P,6,False,-8,1,0,1,0,2,0,3,2
2020,l,P,6,False,-7,1,0,1,0,2,0,3,2
2020,l,P,6,False,-6,3,0,3,0,1,1,9,6
2020,l,P,6,False,-5,3,0,3,0,1,8,9,6
2020,l,P,6,False,-4,9,0,9,0,10,13,27,18
2020,l,P,6,False,-3,8,0,8,0,8,5,24,16
2020,l,P,6,False,-2,5,3,1,1,13,2,16,15
2020,l,P,6,False,-1,6,2,4,0,7,2,18,14
2020,l,P,6,False,0,6,3,3,0,7,11,19,16
2020,l,P,6,False,1,6,5,1,0,8,5,18,17
2020,l,P,6,False,2,3,2,1,0,1,6,9,8
2020,l,P,6,False,3,4,4,0,0,8,2,12,12
2020,l,P,6,False,4,2,1,1,0,0,6,6,5
2020,l,P,6,False,5,1,1,0,0,2,0,3,3
2020,l,P,6,False,6,1,1,0,0,0,0,3,3
2020,l,P,6,False,9,1,1,0,0,0,1,3,3
2020,l,P,6,True,-9,1,0,1,0,1,0,3,3
2020,l,P,6,True,-7,1,0,1,0,1,3,3,3
2020,l,P,6,True,-6,2,0,2,0,1,2,6,6
2020,l,P,6,True,-5,1,0,1,0,0,5,3,3
2020,l,P,6,True,-4,1,0,1,0,0,0,3,3
2020,l,P,6,True,-3,8,1,6,1,19,22,24,25
2020,l,P,6,True,-2,5,1,4,0,9,8,14,15
2020,l,P,6,True,-1,5,1,4,0,4,5,14,15
2020,l,P,6,True,0,8,6,1,1,10,6,22,25
2020,l,P,6,True,1,6,6,0,0,3,2,13,18
2020,l,P,6,True,2,10,9,1,0,11,12,22,30
2020,l,P,6,True,3,5,4,0,1,1,7,12,16
2020,l,P,6,True,4,2,2,0,0,2,1,4,6
2020,l,P,6,True,5,3,3,0,0,7,1,6,9
2020,l,P,6,True,6,2,2,0,0,5,0,4,6
2020,l,P,7,False,-11,1,0,1,0,0,0,2,1
2020,l,P,7,False,-8,1,0,1,0,2,0,2,1
2020,l,P,7,False,-7,1,0,1,0,2,0,2,1
2020,l,P,7,False,-6,2,0,2,0,0,1,4,2
2020,l,P,7,False,-5,5,0,5,0,4,2,10,5
2020,l,P,7,False,-4,8,0,8,0,2,9,16,8
2020,l,P,7,False,-3,7,0,7,0,6,0,14,7
2020,l,P,7,False,-2,4,2,2,0,6,1,8,6
2020,l,P,7,False,-1,9,3,6,0,10,5,18,12
2020,l,P,7,False,0,7,3,3,1,7,10,16,13
2020,l,P,7,False,1,4,4,0,0,4,1,8,8
2020,l,P,7,False,2,3,3,0,0,2,1,6,6
2020,l,P,7,False,3,2,2,0,0,2,0,4,4
2020,l,P,7,False,4,3,3,0,0,4,1,6,6
2020,l,P,7,False,5,1,1,0,0,2,0,2,2
2020,l,P,7,False,6,1,1,0,0,0,0,2,2
2020,l,P,7,False,9,1,1,0,0,0,1,2,2
2020,l,P,7,True,-9,2,0,2,0,1,1,4,4
2020,l,P,7,True,-7,1,0,1,0,0,2,2,2
2020,l,P,7,True,-6,2,0,2,0,1,2,4,4
2020,l,P,7,True,-5,2,0,2,0,5,6,4,4
2020,l,P,7,True,-4,3,0,3,0,2,8,6,6
2020,l,P,7,True,-3,3,0,3,0,5,2,6,6
2020,l,P,7,True,-2,4,1,3,0,4,2,7,8
2020,l,P,7,True,-1,6,1,5,0,4,7,11,12
2020,l,P,7,True,0,6,4,0,2,4,0,13,14
2020,l,P,7,True,1,10,10,0,0,3,2,11,20
2020,l,P,7,True,2,9,8,1,0,5,7,11,18
2020,l,P,7,True,3,5,4,0,1,2,5,7,11
2020,l,P,7,True,4,2,2,0,0,1,0,2,4
2020,l,P,7,True,5,2,2,0,0,4,1,2,4
2020,l,P,7,True,7,2,2,0,0,3,0,2,4
2020,l,P,7,True,8,1,1,0,0,0,0,1,2
2020,m,P,6,False,-12,1,0,1,0,1,0,3,2
2020,m,P,6,False,-7,2,0,2,0,2,10,6,4
2020,m,P,6,False,-5,3,0,3,0,1,1,9,6
2020,m,P,6,False,-4,2,0,2,0,0,3,6,4
2020,m,P,6,False,-3,7,0,7,0,4,3,21,14
2020,m,P,6,False,-2,8,1,7,0,5,5,22,16
2020,m,P,6,False,-1,8,3,5,0,13,11,25,21
2020,m,P,6,False,0,7,2,5,0,9,10,22,20
2020,m,P,6,False,1,5,4,1,0,8,4,15,15
2020,m,P,6,False,2,6,6,0,0,1,1,18,18
2020,m,P,6,False,3,4,3,1,0,3,9,12,11
2020,m,P,6,False,4,3,2,0,1,1,6,10,10
2020,m,P,6,False,6,1,1,0,0,2,1,3,3
2020,m,P,6,False,7,2,2,0,0,4,3,6,6
2020,m,P,6,False,10,1,1,0,0,1,0,3,3
2020,m,P,6,True,-9,1,0,1,0,1,0,3,3
2020,m,P,6,True,-8,1,0,1,0,0,0,3,3
2020,m,P,6,True,-6,1,0,1,0,0,0,3,3
2020,m,P,6,True,-4,3,0,3,0,2,5,9,9
2020,m,P,6,True,-3,4,0,4,0,6,11,12,12
2020,m,P,6,True,-2,9,4,5,0,19,9,27,28
2020,m,P,6,True,-1,6,0,5,1,3,7,19,19
2020,m,P,6,True,0,10,7,2,1,22,8,28,33
2020,m,P,6,True,1,2,2,0,0,3,0,4,6
2020,m,P,6,True,2,9,8,1,0,8,9,19,27
2020,m,P,6,True,3,4,4,0,0,0,5,8,12
2020,m,P,6,True,4,6,6,0,0,7,9,12,18
2020,m,P,6,True,5,3,3,0,0,2,0,6,9
2020,m,P,6,True,6,1,1,0,0,1,0,2,3
2020,m,P,7,False,-12,1,0,1,0,1,0,2,1
2020,m,P,7,False,-9,2,0,2,0,2,6,4,2
2020,m,P,7,False,-7,1,0,1,0,0,0,2,1
2020,m,P,7,False,-5,4,0,4,0,3,1,8,4
2020,m,P,7,False,-4,3,0,3,0,0,4,6,3
2020,m,P,7,False,-3,5,0,5,0,3,2,10,5
2020,m,P,7,False,-2,9,0,9,0,1,2,18,9
2020,m,P,7,False,-1,3,1,2,0,4,1,7,6
2020,m,P,7,False,0,5,1,4,0,3,7,11,10
2020,m,P,7,False,1,8,6,1,1,11,4,17,17
2020,m,P,7,False,2,7,6,1,0,0,5,14,13
2020,m,P,7,False,3,4,4,0,0,3,5,8,8
2020,m,P,7,False,4,2,2,0,0,0,0,4,4
2020,m,P,7,False,5,1,1,0,0,0,2,2,2
2020,m,P,7,False,6,1,1,0,0,2,1,2,2
2020,m,P,7,False,7,2,2,0,0,3,2,4,4
2020,m,P,7,False,11,1,1,0,0,0,0,2,2
2020,m,P,7,True,-9,1,0,1,0,1,0,2,2
2020,m,P,7,True,-8,1,0,1,0,0,0,2,2
2020,m,P,7,True,-6,1,0,1,0,0,0,2,2
2020,m,P,7,True,-4,5,0,5,0,4,5,10,10
2020,m,P,7,True,-3,4,1,3,0,4,6,7,8
2020,m,P,7,True,-2,4,1,3,0,4,2,8,8
2020,m,P,7,True,-1,7,2,5,0,6,7,13,14
2020,m,P,7,True,0,9,4,3,2,7,6,22,23
2020,m,P,7,True,1,3,3,0,0,2,0,3,6
2020,m,P,7,True,2,7,6,1,0,4,6,8,14
2020,m,P,7,True,3,8,8,0,0,1,5,8,16
2020,m,P,7,True,4,5,5,0,0,6,2,5,10
2020,m,P,7,True,5,4,4,0,0,2,3,4,8
2020,m,P,7,True,6,1,1,0,0,1,0,1,2
2020,s,C,6,False,-7,2,0,1,1,7,0,7,6
2020,s,C,6,False,-6,3,0,3,0,3,1,9,6
2020,s,C,6,False,-4,5,0,5,0,3,7,15,10
2020,s,C,6,False,-3,7,0,7,0,3,8,21,14
2020,s,C,6,False,-2,7,1,6,0,8,5,21,15
2020,s,C,6,False,-1,8,1,6,1,9,9,26,22
2020,s,C,6,False,0,12,1,7,4,7,12,40,34
2020,s,C,6,False,1,4,4,0,0,7,6,14,14
2020,s,C,6,False,2,5,4,0,1,7,7,17,17
2020,s,C,6,False,3,2,1,0,1,0,4,7,7
2020,s,C,6,False,4,2,2,0,0,2,5,6,6
2020,s,C,6,False,6,3,3,0,0,6,5,9,9
2020,s,C,6,True,-16,1,0,1,0,2,1,3,3
2020,s,C,6,True,-9,1,0,1,0,0,3,3,3
2020,s,C,6,True,-8,1,0,1,0,5,0,3,3
2020,s,C,6,True,-7,3,0,3,0,10,0,9,9
2020,s,C,6,True,-5,1,0,1,0,0,4,3,3
2020,s,C,6,True,-4,5,0,5,0,3,6,15,15
2020,s,C,6,True,-3,5,0,5,0,4,6,15,15
2020,s,C,6,True,-2,6,0,6,0,4,16,18,18
2020,s,C,6,True,-1,8,2,5,1,10,10,25,26
2020,s,C,6,True,0,4,2,2,0,9,20,11,12
2020,s,C,6,True,1,7,6,1,0,11,3,16,22
2020,s,C,6,True,2,4,4,0,0,6,5,8,12
2020,s,C,6,True,3,4,1,2,1,1,17,14,14
2020,s,C,6,True,4,2,1,1,0,5,7,5,6
2020,s,C,6,True,5,5,5,0,0,5,3,10,15
2020,s,C,6,True,6,1,1,0,0,1,5,2,3
2020,s,C,6,True,7,2,2,0,0,3,4,4,6
2020,s,C,7,False,-7,1,0,1,0,0,0,2,1
2020,s,C,7,False,-6,4,0,4,0,0,1,8,4
2020,s,C,7,False,-5,2,0,2,0,2,0,4,2
2020,s,C,7,False,-4,5,0,5,0,3,2,10,5
2020,s,C,7,False,-3,6,0,5,1,4,3,13,8
2020,s,C,7,False,-2,8,1,7,0,6,4,16,9
2020,s,C,7,False,-1,8,0,6,2,3,2,18,13
2020,s,C,7,False,0,12,2,5,5,5,8,31,28
2020,s,C,7,False,1,4,4,0,0,8,4,9,9
2020,s,C,7,False,2,3,3,0,0,1,2,7,7
2020,s,C,7,False,3,2,2,0,0,1,2,4,4
2020,s,C,7,False,4,3,3,0,0,5,5,6,6
2020,s,C,7,False,6,1,1,0,0,1,2,2,2
2020,s,C,7,False,9,1,1,0,0,0,0,2,2
2020,s,C,7,True,-15,1,0,1,0,1,1,2,2
2020,s,C,7,True,-9,1,0,1,0,0,3,2,2
2020,s,C,7,True,-8,1,0,1,0,5,0,2,2
2020,s,C,7,True,-7,4,0,4,0,5,2,8,8
2020,s,C,7,True,-6,4,0,4,0,7,8,8,8
2020,s,C,7,True,-5,1,0,1,0,2,1,2,2
2020,s,C,7,True,-4,5,0,5,0,5,5,10,10
2020,s,C,7,True,-3,4,0,4,0,2,2,8,8
2020,s,C,7,True,-2,6,0,6,0,2,12,12,12
2020,s,C,7,True,-1,4,0,3,1,2,2,10,10
2020,s,C,7,True,0,5,2,2,1,7,6,12,12
2020,s,C,7,True,1,6,5,1,0,1,2,8,13
2020,s,C,7,True,2,4,4,0,0,3,3,5,8
2020,s,C,7,True,3,4,3,1,0,3,7,5,8
2020,s,C,7,True,4,2,2,0,0,2,0,2,4
2020,s,C,7,True,5,4,4,0,0,1,3,4,8
2020,s,C,7,True,6,1,1,0,0,3,2,1,2
2020,s,C,7,True,7,1,1,0,0,0,5,1,2
2020,s,C,7,True,9,2,2,0,0,0,0,2,4
2020,t,C,6,False,-7,2,0,2,0,8,0,6,4
2020,t,C,6,False,-6,1,0,1,0,0,0,3,2
2020,t,C,6,False,-5,1,0,1,0,0,0,3,2
2020,t,C,6,False,-4,2,0,2,0,4,0,6,4
2020,t,C,6,False,-3,4,0,4,0,1,13,12,8
2020,t,C,6,False,-2,11,0,11,0,10,22,33,25
2020,t,C,6,False,-1,12,4,8,0,16,18,36,28
2020,t,C,6,False,0,8,2,4,2,7,10,27,24
2020,t,C,6,False,1,5,4,1,0,11,5,15,14
2020,t,C,6,False,2,5,4,0,1,12,3,16,16
2020,t,C,6,False,3,1,1,0,0,1,1,3,3
2020,t,C,6,False,4,2,2,0,0,0,3,6,6
2020,t,C,6,False,5,1,1,0,0,0,0,3,3
2020,t,C,6,False,6,1,1,0,0,5,0,3,3
2020,t,C,6,False,7,1,1,0,0,0,5,3,3
2020,t,C,6,False,9,1,1,0,0,0,1,3,3
2020,t,C,6,False,10,1,1,0,0,0,2,3,3
2020,t,C,6,False,16,1,1,0,0,1,2,3,3
2020,t,C,6,True,-11,1,0,1,0,2,0,3,3
2020,t,C,6,True,-8,1,0,1,0,0,1,3,3
2020,t,C,6,True,-6,1,0,1,0,0,0,3,3
2020,t,C,6,True,-5,2,0,2,0,5,2,6,6
2020,t,C,6,True,-4,2,0,2,0,4,3,6,6
2020,t,C,6,True,-3,3,0,3,0,3,3,9,9
2020,t,C,6,True,-2,2,0,2,0,2,1,7,7
2020,t,C,6,True,-1,4,0,4,0,0,13,12,12
2020,t,C,6,True,0,11,8,1,2,20,10,27,35
2020,t,C,6,True,1,9,7,1,1,6,9,24,29
2020,t,C,6,True,2,7,5,1,1,7,7,17,22
2020,t,C,6,True,3,7,7,0,0,6,3,14,21
2020,t,C,6,True,4,5,5,0,0,17,1,10,15
2020,t,C,6,True,5,3,3,0,0,3,7,6,9
2020,t,C,6,True,6,1,1,0,0,2,0,2,3
2020,t,C,7,False,-10,1,0,1,0,0,0,2,1
2020,t,C,7,False,-8,1,0,1,0,0,0,2,1
2020,t,C,7,False,-7,1,0,1,0,6,0,2,1
2020,t,C,7,False,-6,2,0,2,0,0,2,4,2
2020,t,C,7,False,-5,4,0,4,0,0,1,8,4
2020,t,C,7,False,-4,4,0,4,0,5,2,8,4
2020,t,C,7,False,-3,3,0,3,0,0,2,6,3
2020,t,C,7,False,-2,6,0,5,1,6,5,13,9
2020,t,C,7,False,-1,13,2,11,0,11,10,26,16
2020,t,C,7,False,0,4,1,2,1,3,4,10,10
2020,t,C,7,False,1,4,4,0,0,4,1,8,8
2020,t,C,7,False,2,4,3,0,1,1,3,9,9
2020,t,C,7,False,3,2,2,0,0,5,1,4,4
2020,t,C,7,False,4,4,4,0,0,2,3,8,8
2020,t,C,7,False,5,1,1,0,0,0,0,2,2
2020,t,C,7,False,6,2,2,0,0,1,5,4,4
2020,t,C,7,False,7,1,1,0,0,4,0,2,2
2020,t,C,7,False,9,1,1,0,0,0,1,2,2
2020,t,C,7,False,10,1,1,0,0,0,2,2,2
2020,t,C,7,False,15,1,1,0,0,1,1,2,2
2020,t,C,7,True,-10,1,0,1,0,1,0,2,2
2020,t,C,7,True,-8,1,0,1,0,0,1,2,2
2020,t,C,7,True,-6,1,0,1,0,0,0,2,2
2020,t,C,7,True,-5,2,0,2,0,5,2,4,4
2020,t,C,7,True,-4,5,0,5,0,2,3,10,10
2020,t,C,7,True,-2,3,0,3,0,1,0,6,6
2020,t,C,7,True,-1,3,0,3,0,0,10,6,6
2020,t,C,7,True,0,12,7,2,3,16,7,23,29
2020,t,C,7,True,1,7,6,0,1,3,3,10,15
2020,t,C,7,True,2,6,5,1,0,0,6,7,12
2020,t,C,7,True,3,7,7,0,0,3,4,7,14
2020,t,C,7,True,4,7,7,0,0,17,1,7,14
2020,t,C,7,True,5,2,2,0,0,0,0,2,4
2020,t,C,7,True,6,1,1,0,0,2,0,1,2
2020,t,C,7,True,8,1,1,0,0,1,1,1,2
2021,b,P,6,False,-8,1,0,1,0,1,4,3,2
2021,b,P,6,False,-7,4,0,4,0,4,2,12,8
2021,b,P,6,False,-6,1,0,1,0,2,4,3,2
2021,b,P,6,False,-5,1,0,1,0,0,2,3,2
2021,b,P,6,False,-4,1,0,1,0,1,1,3,2
2021,b,P,6,False,-3,9,0,8,1,16,9,27,19
2021,b,P,6,False,-2,10,0,8,2,11,16,30,22
2021,b,P,6,False,-1,10,1,8,1,6,8,30,22
2021,b,P,6,False,0,5,3,0,2,9,0,15,15
2021,b,P,6,False,1,9,8,1,0,14,10,27,26
2021,b,P,6,False,2,3,3,0,0,4,2,9,9
2021,b,P,6,False,3,5,5,0,0,4,5,15,15
2021,b,P,6,False,4,4,4,0,0,0,1,12,12
2021,b,P,6,False,5,4,4,0,0,12,1,12,12
2021,b,P,6,False,6,2,2,0,0,3,1,6,6
2021,b,P,6,False,8,1,1,0,0,0,0,3,3
2021,b,P,6,False,9,1,1,0,0,2,2,3,3
2021,b,P,6,True,-9,1,0,1,0,0,4,3,3
2021,b,P,6,True,-6,4,0,4,0,8,5,12,12
2021,b,P,6,True,-3,5,1,4,0,9,0,14,15
2021,b,P,6,True,-2,8,2,2,4,17,6,24,24
2021,b,P,6,True,-1,2,0,2,0,0,1,6,6
2021,b,P,6,True,0,15,6,5,4,20,21,41,45
2021,b,P,6,True,1,14,9,3,2,16,21,33,42
2021,b,P,6,True,2,8,6,0,2,11,9,18,24
2021,b,P,6,True,3,4,3,1,0,3,9,9,12
2021,b,P,6,True,4,3,3,0,0,2,4,7,9
2021,b,P,6,True,5,2,2,0,0,5,4,4,6
2021,b,P,6,True,6,2,2,0,0,0,0,4,6
2021,b,P,6,True,7,3,3,0,0,2,2,6,9
2021,b,P,6,True,9,1,1,0,0,0,4,2,3
2021,b,P,7,False,-10,2,0,2,0,3,2,4,2
2021,b,P,7,False,-7,5,0,5,0,4,2,10,5
2021,b,P,7,False,-6,2,0,2,0,1,1,4,2
2021,b,P,7,False,-5,1,0,1,0,1,0,2,1
2021,b,P,7,False,-4,3,0,3,0,1,0,6,3
2021,b,P,7,False,-3,6,0,5,1,8,3,12,7
2021,b,P,7,False,-2,10,0,8,2,8,3,20,12
2021,b,P,7,False,-1,8,1,6,1,5,3,16,10
2021,b,P,7,False,0,6,3,1,2,9,3,12,11
2021,b,P,7,False,1,10,10,0,0,17,7,20,20
2021,b,P,7,False,2,1,1,0,0,2,0,2,2
2021,b,P,7,False,3,5,5,0,0,0,1,10,10
2021,b,P,7,False,4,4,4,0,0,0,1,8,8
2021,b,P,7,False,5,3,3,0,0,2,1,6,6
2021,b,P,7,False,6,1,1,0,0,2,0,2,2
2021,b,P,7,False,8,3,3,0,0,5,0,6,6
2021,b,P,7,False,11,1,1,0,0,0,2,2,2
2021,b,P,7,True,-9,1,0,1,0,0,4,2,2
2021,b,P,7,True,-6,3,0,3,0,4,4,6,6
2021,b,P,7,True,-3,6,0,6,0,5,1,12,12
2021,b,P,7,True,-2,9,3,4,2,15,4,17,18
2021,b,P,7,True,-1,2,0,1,1,3,2,4,4
2021,b,P,7,True,0,10,2,3,5,6,15,20,20
2021,b,P,7,True,1,15,10,3,2,8,11,20,30
2021,b,P,7,True,2,9,8,0,1,9,5,10,18
2021,b,P,7,True,3,5,4,0,1,2,6,6,10
2021,b,P,7,True,4,5,4,1,0,3,11,7,10
2021,b,P,7,True,6,4,4,0,0,0,2,4,8
2021,b,P,7,True,7,2,2,0,0,2,0,2,4
2021,b,P,7,True,10,1,1,0,0,0,0,1,2
2021,c,C,6,False,-6,3,0,3,0,4,0,9,6
2021,c,C,6,False,-5,4,0,4,0,3,6,12,8
2021,c,C,6,False,-4,6,0,6,0,7,5,18,13
2021,c,C,6,False,-3,5,1,4,0,10,2,15,11
2021,c,C,6,False,-2,4,1,3,0,5,4,12,9
2021,c,C,6,False,-1,10,1,8,1,6,13,30,23
2021,c,C,6,False,0,9,4,4,1,14,17,27,24
2021,c,C,6,False,1,7,5,1,1,10,6,21,20
2021,c,C,6,False,2,8,6,1,1,15,5,24,23
2021,c,C,6,False,3,5,5,0,0,5,7,15,15
2021,c,C,6,False,4,5,5,0,0,19,14,15,15
2021,c,C,6,False,5,2,2,0,0,1,3,6,6
2021,c,C,6,False,6,1,1,0,0,1,6,3,3
2021,c,C,6,False,8,2,2,0,0,0,7,6,6
2021,c,C,6,True,-7,2,0,2,0,0,8,6,6
2021,c,C,6,True,-6,4,0,4,0,9,2,12,12
2021,c,C,6,True,-5,2,0,2,0,0,0,6,6
2021,c,C,6,True,-4,1,0,1,0,2,0,3,3
2021,c,C,6,True,-3,3,0,3,0,1,13,8,9
2021,c,C,6,True,-2,8,1,6,1,9,18,24,24
2021,c,C,6,True,-1,7,0,6,1,7,16,21,21
2021,c,C,6,True,0,13,1,8,4,3,17,38,39
2021,c,C,6,True,1,9,8,0,1,9,4,19,27
2021,c,C,6,True,2,6,4,1,1,2,9,14,18
2021,c,C,6,True,3,8,8,0,0,9,4,16,24
2021,c,C,6,True,4,3,2,1,0,2,7,7,9
2021,c,C,6,True,5,1,1,0,0,2,1,2,3
2021,c,C,6,True,6,2,2,0,0,2,2,4,6
2021,c,C,6,True,7,3,3,0,0,2,1,6,9
2021,c,C,7,False,-6,6,0,6,0,5,0,12,6
2021,c,C,7,False,-5,2,0,2,0,2,5,4,2
2021,c,C,7,False,-4,6,0,6,0,6,2,12,7
2021,c,C,7,False,-3,6,0,6,0,2,4,12,6
2021,c,C,7,False,-2,5,0,5,0,1,2,10,5
2021,c,C,7,False,-1,8,2,6,0,9,6,16,11
2021,c,C,7,False,0,6,2,2,2,2,3,12,11
2021,c,C,7,False,1,8,6,1,1,9,5,16,15
2021,c,C,7,False,2,7,6,0,1,9,2,14,14
2021,c,C,7,False,3,6,6,0,0,2,6,12,12
2021,c,C,7,False,4,2,2,0,0,1,0,4,4
2021,c,C,7,False,5,6,6,0,0,13,16,12,12
2021,c,C,7,False,6,2,2,0,0,4,6,4,4
2021,c,C,7,False,8,1,1,0,0,0,0,2,2
2021,c,C,7,True,-7,5,0,5,0,4,13,9,10
2021,c,C,7,True,-6,1,0,1,0,0,0,2,2
2021,c,C,7,True,-5,2,0,2,0,0,0,4,4
2021,c,C,7,True,-4,2,0,2,0,1,0,4,4
2021,c,C,7,True,-3,3,0,3,0,3,4,6,6
2021,c,C,7,True,-2,9,0,9,0,0,17,18,18
2021,c,C,7,True,-1,7,1,4,2,7,3,14,14
2021,c,C,7,True,0,14,2,6,6,5,18,26,28
2021,c,C,7,True,1,5,5,0,0,3,0,5,10
2021,c,C,7,True,2,7,6,1,0,1,4,8,14
2021,c,C,7,True,3,5,5,0,0,1,4,5,10
2021,c,C,7,True,4,3,2,1,0,2,7,4,6
2021,c,C,7,True,5,2,2,0,0,0,0,2,4
2021,c,C,7,True,6,3,3,0,0,1,0,3,6
2021,c,C,7,True,7,4,4,0,0,2,1,4,8
2021,d,C,6,False,-16,1,0,1,0,0,0,3,2
2021,d,C,6,False,-10,1,0,1,0,1,0,3,2
2021,d,C,6,False,-8,1,0,1,0,0,0,3,2
2021,d,C,6,False,-7,1,0,1,0,1,0,3,2
2021,d,C,6,False,-6,3,0,3,0,2,2,9,6
2021,d,C,6,False,-5,2,0,2,0,2,0,6,4
2021,d,C,6,False,-4,8,1,7,0,11,6,24,17
2021,d,C,6,False,-3,7,0,7,0,0,6,21,14
2021,d,C,6,False,-2,4,1,3,0,7,1,12,9
2021,d,C,6,False,-1,12,2,9,1,9,9,36,27
2021,d,C,6,False,0,15,5,6,4,15,8,45,42
2021,d,C,6,False,1,4,2,1,1,1,3,12,11
2021,d,C,6,False,2,3,2,1,0,7,7,9,9
2021,d,C,6,False,3,6,6,0,0,5,9,18,18
2021,d,C,6,False,5,3,3,0,0,6,2,9,9
2021,d,C,6,True,-6,1,0,1,0,0,0,3,3
2021,d,C,6,True,-4,2,0,2,0,0,2,6,6
2021,d,C,6,True,-3,5,0,5,0,6,7,15,15
2021,d,C,6,True,-2,9,0,9,0,2,11,27,27
2021,d,C,6,True,-1,8,1,3,4,12,4,23,24
2021,d,C,6,True,0,15,5,5,5,14,15,40,45
2021,d,C,6,True,1,10,9,1,0,13,8,22,30
2021,d,C,6,True,2,11,9,1,1,8,12,24,33
2021,d,C,6,True,3,5,5,0,0,2,1,10,15
2021,d,C,6,True,4,3,2,0,1,1,4,7,9
2021,d,C,6,True,5,2,2,0,0,5,0,4,6
2021,d,C,7,False,-16,1,0,1,0,0,0,2,1
2021,d,C,7,False,-9,1,0,1,0,0,0,2,1
2021,d,C,7,False,-8,1,0,1,0,0,0,2,1
2021,d,C,7,False,-7,1,0,1,0,0,0,2,1
2021,d,C,7,False,-6,4,0,4,0,1,0,8,4
2021,d,C,7,False,-5,4,0,4,0,2,0,8,4
2021,d,C,7,False,-4,5,1,4,0,7,4,10,6
2021,d,C,7,False,-3,8,0,8,0,1,1,16,8
2021,d,C,7,False,-2,7,2,5,0,10,0,14,9
2021,d,C,7,False,-1,9,1,7,1,3,1,18,11
2021,d,C,7,False,0,13,3,5,5,8,6,26,24
2021,d,C,7,False,1,7,5,2,0,6,8,14,13
2021,d,C,7,False,2,2,2,0,0,2,0,4,4
2021,d,C,7,False,3,4,4,0,0,2,2,8,8
2021,d,C,7,False,4,2,2,0,0,3,1,4,4
2021,d,C,7,False,5,2,2,0,0,4,1,4,4
2021,d,C,7,True,-6,1,0,1,0,0,0,2,2
2021,d,C,7,True,-5,2,0,2,0,0,1,4,4
2021,d,C,7,True,-4,4,0,4,0,1,1,8,8
2021,d,C,7,True,-3,3,0,3,0,4,1,6,6
2021,d,C,7,True,-2,10,0,9,1,3,8,20,20
2021,d,C,7,True,-1,6,0,5,1,1,3,12,12
2021,d,C,7,True,0,14,5,2,7,12,7,24,28
2021,d,C,7,True,1,9,8,1,0,5,5,10,18
2021,d,C,7,True,2,9,8,0,1,8,7,10,18
2021,d,C,7,True,3,6,6,0,0,3,1,6,12
2021,d,C,7,True,4,4,3,0,1,0,4,5,8
2021,d,C,7,True,5,3,3,0,0,5,0,3,6
2021,db,C,6,False,-12,1,0,1,0,0,0,3,2
2021,db,C,6,False,-7,3,0,3,0,2,3,9,6
2021,db,C,6,False,-6,2,0,2,0,4,2,6,4
2021,db,C,6,False,-5,2,0,2,0,1,0,6,4
2021,db,C,6,False,-4,4,0,3,1,9,6,12,9
2021,db,C,6,False,-3,10,0,10,0,10,16,30,21
2021,db,C,6,False,-2,3,1,1,1,8,3,9,8
2021,db,C,6,False,-1,9,1,7,1,8,9,27,20
2021,db,C,6,False,0,13,8,5,0,26,14,39,34
2021,db,C,6,False,1,6,2,2,2,8,13,18,18
2021,db,C,6,False,2,7,4,0,3,6,9,21,21
2021,db,C,6,False,3,5,4,0,1,8,4,15,14
2021,db,C,6,False,4,3,3,0,0,4,4,9,9
2021,db,C,6,False,5,1,1,0,0,1,1,3,3
2021,db,C,6,False,6,3,3,0,0,2,0,9,9
2021,db,C,6,True,-9,2,0,2,0,4,2,6,6
2021,db,C,6,True,-6,2,0,2,0,1,1,6,6
2021,db,C,6,True,-5,3,0,3,0,4,2,9,9
2021,db,C,6,True,-4,5,0,5,0,11,11,15,15
2021,db,C,6,True,-3,6,0,6,0,3,2,18,18
2021,db,C,6,True,-2,9,2,6,1,10,8,25,27
2021,db,C,6,True,-1,7,1,5,1,6,14,20,21
2021,db,C,6,True,0,10,2,6,2,8,16,29,30
2021,db,C,6,True,1,4,1,1,2,4,9,11,12
2021,db,C,6,True,2,3,3,0,0,8,4,7,9
2021,db,C,6,True,3,7,6,1,0,11,13,15,21
2021,db,C,6,True,4,5,4,0,1,6,7,11,15
2021,db,C,6,True,6,4,4,0,0,0,8,8,12
2021,db,C,6,True,7,2,2,0,0,2,3,4,6
2021,db,C,6,True,8,1,1,0,0,0,0,2,3
2021,db,C,7,False,-12,1,0,1,0,0,0,2,1
2021,db,C,7,False,-9,1,0,1,0,4,0,2,1
2021,db,C,7,False,-8,1,0,1,0,3,0,2,1
2021,db,C,7,False,-7,2,0,2,0,0,2,4,2
2021,db,C,7,False,-6,2,0,2,0,1,2,4,2
2021,db,C,7,False,-5,5,0,5,0,2,3,10,5
2021,db,C,7,False,-4,6,0,5,1,4,0,12,7
2021,db,C,7,False,-3,2,0,2,0,2,0,4,2
2021,db,C,7,False,-2,4,0,4,0,0,2,8,4
2021,db,C,7,False,-1,9,0,9,0,2,5,18,10
2021,db,C,7,False,0,10,4,2,4,11,7,20,18
2021,db,C,7,False,1,8,3,1,4,6,10,16,16
2021,db,C,7,False,2,7,7,0,0,6,4,14,14
2021,db,C,7,False,3,6,5,1,0,5,6,12,12
2021,db,C,7,False,4,2,2,0,0,0,0,4,4
2021,db,C,7,False,5,2,2,0,0,2,2,4,4
2021,db,C,7,False,6,3,3,0,0,2,0,6,6
2021,db,C,7,False,7,1,1,0,0,4,0,2,1
2021,db,C,7,True,-11,1,0,1,0,2,0,2,2
2021,db,C,7,True,-7,1,0,1,0,0,0,2,2
2021,db,C,7,True,-6,1,0,1,0,0,1,2,2
2021,db,C,7,True,-5,7,0,7,0,14,11,14,14
2021,db,C,7,True,-4,4,0,4,0,0,2,8,8
2021,db,C,7,True,-3,4,0,4,0,1,0,8,8
2021,db,C,7,True,-2,7,1,6,0,5,4,13,14
2021,db,C,7,True,-1,9,1,6,2,6,11,17,18
2021,db,C,7,True,0,8,2,3,3,2,4,15,16
2021,db,C,7,True,1,7,3,2,2,4,13,11,14
2021,db,C,7,True,2,3,2,1,0,1,7,5,6
2021,db,C,7,True,3,5,4,1,0,1,7,6,10
2021,db,C,7,True,4,1,1,0,0,1,0,1,2
2021,db,C,7,True,5,2,2,0,0,1,0,2,4
2021,db,C,7,True,6,6,6,0,0,0,9,6,12
2021,db,C,7,True,7,2,2,0,0,2,2,2,4
2021,db,C,7,True,8,2,2,0,0,0,0,2,4
2021,e,P,6,False,-12,1,0,1,0,1,0,3,2
2021,e,P,6,False,-9,2,0,2,0,5,0,6,4
2021,e,P,6,False,-8,1,0,1,0,0,0,3,2
2021,e,P,6,False,-6,1,0,1,0,0,1,3,2
2021,e,P,6,False,-5,1,0,1,0,0,0,3,2
2021,e,P,6,False,-4,1,0,1,0,0,3,3,2
2021,e,P,6,False,-3,7,1,6,0,9,3,21,15
2021,e,P,6,False,-2,10,1,8,1,14,7,30,23
2021,e,P,6,False,-1,6,2,3,1,11,7,18,15
2021,e,P,6,False,0,10,4,2,4,14,7,30,29
2021,e,P,6,False,1,12,9,2,1,17,11,36,35
2021,e,P,6,False,2,7,6,1,0,13,8,21,20
2021,e,P,6,False,3,4,4,0,0,7,2,12,12
2021,e,P,6,False,4,5,5,0,0,1,5,15,15
2021,e,P,6,False,5,1,1,0,0,0,0,3,3
2021,e,P,6,False,6,1,1,0,0,2,4,3,3
2021,e,P,6,False,9,1,1,0,0,2,0,3,3
2021,e,P,6,True,-6,1,0,1,0,5,0,3,3
2021,e,P,6,True,-5,3,0,3,0,2,0,9,9
2021,e,P,6,True,-4,1,0,1,0,0,0,3,3
2021,e,P,6,True,-3,4,0,4,0,0,1,12,12
2021,e,P,6,True,-2,7,0,7,0,6,17,21,21
2021,e,P,6,True,-1,13,0,12,1,11,26,39,39
2021,e,P,6,True,0,16,6,5,5,20,14,43,48
2021,e,P,6,True,1,8,6,0,2,2,2,18,24
2021,e,P,6,True,2,1,1,0,0,0,1,2,3
2021,e,P,6,True,3,7,7,0,0,4,5,14,21
2021,e,P,6,True,4,4,4,0,0,6,0,8,12
2021,e,P,6,True,5,3,3,0,0,2,3,6,9
2021,e,P,6,True,6,2,2,0,0,0,3,4,6
2021,e,P,6,True,7,1,1,0,0,0,0,2,3
2021,e,P,6,True,8,1,1,0,0,0,2,2,3
2021,e,P,7,False,-12,1,0,1,0,1,0,2,1
2021,e,P,7,False,-9,1,0,1,0,1,0,2,1
2021,e,P,7,False,-8,1,0,1,0,0,0,2,1
2021,e,P,7,False,-7,1,0,1,0,0,0,2,1
2021,e,P,7,False,-6,2,0,2,0,1,1,4,2
2021,e,P,7,False,-5,2,0,2,0,0,0,4,2
2021,e,P,7,False,-4,2,1,1,0,7,1,4,3
2021,e,P,7,False,-3,6,0,6,0,0,0,12,6
2021,e,P,7,False,-2,7,0,6,1,5,4,14,8
2021,e,P,7,False,-1,4,0,3,1,2,1,8,5
2021,e,P,7,False,0,11,4,4,3,12,6,22,21
2021,e,P,7,False,1,11,8,1,2,6,5,22,21
2021,e,P,7,False,2,6,6,0,0,12,2,12,12
2021,e,P,7,False,3,9,9,0,0,7,6,18,18
2021,e,P,7,False,4,2,2,0,0,0,0,4,4
2021,e,P,7,False,5,4,4,0,0,4,3,8,8
2021,e,P,7,False,9,1,1,0,0,2,0,2,2
2021,e,P,7,True,-5,3,0,3,0,2,0,6,6
2021,e,P,7,True,-4,2,0,2,0,1,1,4,4
2021,e,P,7,True,-3,5,0,5,0,2,1,10,10
2021,e,P,7,True,-2,7,0,7,0,5,16,14,14
2021,e,P,7,True,-1,12,1,10,1,9,19,24,24
2021,e,P,7,True,0,13,2,5,6,2,9,24,26
2021,e,P,7,True,1,8,7,0,1,0,1,9,16
2021,e,P,7,True,2,3,3,0,0,2,0,3,6
2021,e,P,7,True,3,7,6,1,0,5,5,8,14
2021,e,P,7,True,4,5,5,0,0,5,0,5,10
2021,e,P,7,True,5,2,2,0,0,0,2,2,4
2021,e,P,7,True,6,2,2,0,0,0,3,2,4
2021,e,P,7,True,7,2,2,0,0,0,0,2,4
2021,e,P,7,True,8,1,1,0,0,0,2,1,2
2021,f,P,6,False,-8,1,0,1,0,2,0,3,2
2021,f,P,6,False,-7,1,0,1,0,0,2,3,2
2021,f,P,6,False,-6,1,0,1,0,3,0,3,2
2021,f,P,6,False,-5,1,0,1,0,0,1,3,2
2021,f,P,6,False,-4,4,0,3,1,5,6,12,9
2021,f,P,6,False,-3,1,0,1,0,0,0,3,2
2021,f,P,6,False,-2,9,0,9,0,4,8,27,18
2021,f,P,6,False,-1,11,1,9,1,12,13,33,25
2021,f,P,6,False,0,14,5,3,6,17,15,42,39
2021,f,P,6,False,1,10,8,1,1,18,8,30,29
2021,f,P,6,False,2,5,5,0,0,0,1,15,15
2021,f,P,6,False,3,5,3,1,1,7,10,15,14
2021,f,P,6,False,4,2,2,0,0,2,4,6,6
2021,f,P,6,False,5,6,5,1,0,6,9,18,18
2021,f,P,6,False,6,1,1,0,0,0,2,3,3
2021,f,P,6,True,-11,1,0,1,0,4,5,3,3
2021,f,P,6,True,-8,1,0,1,0,0,0,3,3
2021,f,P,6,True,-6,3,0,3,0,5,4,9,9
2021,f,P,6,True,-5,4,0,4,0,2,3,12,12
2021,f,P,6,True,-4,7,0,7,0,5,8,21,21
2021,f,P,6,True,-3,5,0,4,1,4,7,15,15
2021,f,P,6,True,-2,8,1,7,0,4,10,24,24
2021,f,P,6,True,-1,4,1,2,1,7,5,12,12
2021,f,P,6,True,0,7,2,3,2,3,8,20,21
2021,f,P,6,True,1,14,8,4,2,12,23,35,42
2021,f,P,6,True,2,5,3,0,2,8,6,12,15
2021,f,P,6,True,3,7,5,0,2,1,10,16,21
2021,f,P,6,True,5,1,1,0,0,0,0,2,3
2021,f,P,6,True,6,1,1,0,0,3,0,2,3
2021,f,P,6,True,8,1,1,0,0,4,1,2,3
2021,f,P,6,True,10,1,1,0,0,0,1,2,3
2021,f,P,6,True,14,1,1,0,0,0,2,2,3
2021,f,P,7,False,-8,1,0,1,0,2,0,2,1
2021,f,P,7,False,-7,1,0,1,0,0,2,2,1
2021,f,P,7,False,-6,1,0,1,0,3,0,2,1
2021,f,P,7,False,-5,3,0,3,0,0,2,6,3
2021,f,P,7,False,-4,2,0,2,0,0,4,4,2
2021,f,P,7,False,-3,2,0,2,0,1,1,4,2
2021,f,P,7,False,-2,11,0,10,1,5,3,22,12
2021,f,P,7,False,-1,9,1,8,0,3,5,18,11
2021,f,P,7,False,0,11,2,2,7,8,7,22,20
2021,f,P,7,False,1,10,7,1,2,16,11,20,19
2021,f,P,7,False,2,8,7,1,0,3,5,16,16
2021,f,P,7,False,3,4,4,0,0,2,4,8,8
2021,f,P,7,False,4,2,2,0,0,0,2,4,4
2021,f,P,7,False,5,5,5,0,0,2,1,10,10
2021,f,P,7,False,6,1,1,0,0,4,3,2,2
2021,f,P,7,False,7,1,1,0,0,0,0,2,2
2021,f,P,7,True,-12,1,0,1,0,4,4,2,2
2021,f,P,7,True,-8,1,0,1,0,0,0,2,2
2021,f,P,7,True,-7,1,0,1,0,0,0,2,2
2021,f,P,7,True,-6,1,0,1,0,1,1,2,2
2021,f,P,7,True,-5,6,0,6,0,3,7,12,12
2021,f,P,7,True,-4,6,0,6,0,5,6,12,12
2021,f,P,7,True,-3,5,0,5,0,0,1,10,10
2021,f,P,7,True,-2,7,0,7,0,0,9,14,14
2021,f,P,7,True,-1,7,2,4,1,8,9,14,14
2021,f,P,7,True,0,7,1,3,3,3,8,14,14
2021,f,P,7,True,1,10,7,1,2,1,6,14,20
2021,f,P,7,True,2,6,4,0,2,1,6,8,12
2021,f,P,7,True,3,6,4,0,2,1,8,8,12
2021,f,P,7,True,4,1,1,0,0,0,0,1,2
2021,f,P,7,True,5,1,1,0,0,0,0,1,2
2021,f,P,7,True,8,1,1,0,0,1,0,1,2
2021,f,P,7,True,9,2,2,0,0,0,1,2,4
2021,f,P,7,True,10,1,1,0,0,2,1,1,2
2021,f,P,7,True,12,1,1,0,0,0,0,1,2
2021,g,C,6,False,-9,1,0,1,0,1,2,3,2
2021,g,C,6,False,-6,5,0,5,0,0,0,15,10
2021,g,C,6,False,-5,3,0,3,0,5,2,9,6
2021,g,C,6,False,-4,3,0,3,0,0,1,7,5
2021,g,C,6,False,-3,4,0,4,0,1,0,10,6
2021,g,C,6,False,-2,8,0,8,0,1,3,24,16
2021,g,C,6,False,-1,7,1,4,2,9,7,21,17
2021,g,C,6,False,0,12,7,2,3,22,11,36,35
2021,g,C,6,False,1,7,4,1,2,9,7,21,21
2021,g,C,6,False,2,7,3,1,3,3,13,21,20
2021,g,C,6,False,3,3,3,0,0,2,4,9,9
2021,g,C,6,False,4,1,1,0,0,0,0,3,3
2021,g,C,6,False,5,2,2,0,0,2,1,6,6
2021,g,C,6,False,6,4,4,0,0,3,1,12,12
2021,g,C,6,False,7,3,3,0,0,9,1,9,9
2021,g,C,6,False,8,1,1,0,0,1,2,3,3
2021,g,C,6,True,-8,2,0,2,0,7,0,6,6
2021,g,C,6,True,-7,1,0,1,0,3,4,3,3
2021,g,C,6,True,-6,1,0,1,0,6,1,3,3
2021,g,C,6,True,-5,1,0,1,0,0,4,3,3
2021,g,C,6,True,-4,2,0,2,0,4,9,6,6
2021,g,C,6,True,-3,6,0,5,1,12,6,18,18
2021,g,C,6,True,-2,7,0,4,3,7,7,21,21
2021,g,C,6,True,-1,10,3,6,1,12,6,28,30
2021,g,C,6,True,0,10,3,5,2,7,16,27,30
2021,g,C,6,True,1,11,8,2,1,15,11,25,33
2021,g,C,6,True,2,7,6,1,0,9,9,16,21
2021,g,C,6,True,3,5,4,0,1,4,8,12,15
2021,g,C,6,True,4,5,4,0,1,9,13,11,15
2021,g,C,6,True,5,2,2,0,0,0,1,4,6
2021,g,C,6,True,6,2,2,0,0,4,0,4,6
2021,g,C,7,False,-9,1,0,1,0,1,2,2,1
2021,g,C,7,False,-7,1,0,1,0,1,0,2,1
2021,g,C,7,False,-6,5,0,5,0,0,0,10,5
2021,g,C,7,False,-5,2,0,2,0,0,0,4,2
2021,g,C,7,False,-4,1,0,1,0,0,0,2,1
2021,g,C,7,False,-3,5,0,5,0,1,1,10,5
2021,g,C,7,False,-2,9,0,9,0,2,1,18,9
2021,g,C,7,False,-1,6,0,4,2,6,6,12,8
2021,g,C,7,False,0,10,4,1,5,14,5,20,20
2021,g,C,7,False,1,10,7,1,2,6,7,20,20
2021,g,C,7,False,2,5,4,0,1,5,3,10,10
2021,g,C,7,False,3,2,2,0,0,0,3,4,4
2021,g,C,7,False,4,2,2,0,0,0,0,4,4
2021,g,C,7,False,5,2,2,0,0,0,0,4,4
2021,g,C,7,False,6,3,3,0,0,2,0,6,6
2021,g,C,7,False,7,4,4,0,0,8,0,8,8
2021,g,C,7,False,9,1,1,0,0,0,2,2,2
2021,g,C,7,True,-8,1,0,1,0,0,0,2,2
2021,g,C,7,True,-7,2,0,2,0,6,4,4,4
2021,g,C,7,True,-6,2,0,2,0,6,4,4,4
2021,g,C,7,True,-5,2,0,2,0,1,5,4,4
2021,g,C,7,True,-4,2,0,2,0,3,2,4,4
2021,g,C,7,True,-3,3,0,3,0,5,4,6,6
2021,g,C,7,True,-2,6,1,4,1,7,3,12,12
2021,g,C,7,True,-1,15,3,10,2,14,10,28,30
2021,g,C,7,True,0,7,1,2,4,3,5,13,14
2021,g,C,7,True,1,10,8,1,1,2,5,13,20
2021,g,C,7,True,2,8,6,1,1,1,7,10,16
2021,g,C,7,True,3,2,1,0,1,0,3,3,4
2021,g,C,7,True,4,4,4,0,0,3,0,4,8
2021,g,C,7,True,5,5,5,0,0,1,4,5,10
2021,g,C,7,True,6,1,1,0,0,0,0,1,2
2021,g,C,7,True,9,1,1,0,0,0,4,1,2
2021,g,C,7,True,10,1,1,0,0,0,0,1,2
2021,h,P,6,False,-14,1,0,1,0,2,0,3,2
2021,h,P,6,False,-11,1,0,1,0,3,0,3,2
2021,h,P,6,False,-8,1,0,1,0,5,0,3,2
2021,h,P,6,False,-7,2,0,2,0,2,0,6,4
2021,h,P,6,False,-6,1,0,1,0,0,0,3,2
2021,h,P,6,False,-5,2,0,2,0,5,1,6,4
2021,h,P,6,False,-4,1,0,1,0,0,3,3,2
2021,h,P,6,False,-3,6,0,6,0,3,2,18,12
2021,h,P,6,False,-2,6,0,5,1,7,9,18,13
2021,h,P,6,False,-1,10,3,5,2,16,6,30,25
2021,h,P,6,False,0,12,1,5,6,9,17,36,33
2021,h,P,6,False,1,4,4,0,0,13,0,12,12
2021,h,P,6,False,2,7,4,3,0,7,15,21,19
2021,h,P,6,False,3,5,4,0,1,7,6,15,15
2021,h,P,6,False,4,6,6,0,0,9,3,18,18
2021,h,P,6,False,5,3,3,0,0,5,4,9,9
2021,h,P,6,False,6,1,1,0,0,1,1,3,3
2021,h,P,6,False,9,3,3,0,0,7,4,9,9
2021,h,P,6,True,-5,3,0,3,0,3,3,9,9
2021,h,P,6,True,-4,5,0,5,0,8,3,15,15
2021,h,P,6,True,-3,3,0,2,1,5,2,9,9
2021,h,P,6,True,-2,4,0,4,0,1,3,12,12
2021,h,P,6,True,-1,12,2,8,2,16,18,35,36
2021,h,P,6,True,0,11,4,4,3,14,12,30,33
2021,h,P,6,True,1,10,4,2,4,6,13,26,30
2021,h,P,6,True,2,5,5,0,0,1,0,10,15
2021,h,P,6,True,3,4,4,0,0,5,3,8,12
2021,h,P,6,True,4,3,2,0,1,6,6,7,9
2021,h,P,6,True,5,4,3,1,0,1,11,9,12
2021,h,P,6,True,6,2,2,0,0,4,2,4,6
2021,h,P,6,True,7,2,2,0,0,0,2,4,6
2021,h,P,6,True,8,2,2,0,0,1,0,4,6
2021,h,P,6,True,9,1,1,0,0,0,1,2,3
2021,h,P,7,False,-12,1,0,1,0,0,0,2,1
2021,h,P,7,False,-9,1,0,1,0,1,0,2,1
2021,h,P,7,False,-7,2,0,2,0,0,0,4,2
2021,h,P,7,False,-6,3,0,3,0,4,0,6,3
2021,h,P,7,False,-5,2,0,2,0,1,1,4,2
2021,h,P,7,False,-4,2,0,2,0,1,0,4,2
2021,h,P,7,False,-3,7,1,6,0,8,1,14,8
2021,h,P,7,False,-2,5,0,4,1,4,1,10,6
2021,h,P,7,False,-1,11,2,7,2,10,7,22,15
2021,h,P,7,False,0,9,1,1,7,2,3,18,18
2021,h,P,7,False,1,4,3,1,0,8,2,8,8
2021,h,P,7,False,2,6,3,3,0,3,10,12,10
2021,h,P,7,False,3,4,4,0,0,6,0,8,8
2021,h,P,7,False,4,2,2,0,0,0,1,4,4
2021,h,P,7,False,5,9,9,0,0,10,8,18,18
2021,h,P,7,False,6,1,1,0,0,1,1,2,2
2021,h,P,7,False,9,3,3,0,0,6,3,6,6
2021,h,P,7,True,-8,1,0,1,0,0,0,2,2
2021,h,P,7,True,-6,1,0,1,0,3,0,2,2
2021,h,P,7,True,-5,2,0,2,0,1,0,4,4
2021,h,P,7,True,-4,2,0,2,0,1,0,4,4
2021,h,P,7,True,-3,6,0,6,0,4,3,12,12
2021,h,P,7,True,-2,3,0,3,0,0,0,6,6
2021,h,P,7,True,-1,14,2,9,3,15,15,28,28
2021,h,P,7,True,0,12,2,4,6,8,11,22,24
2021,h,P,7,True,1,3,3,0,0,2,0,3,6
2021,h,P,7,True,2,10,7,1,2,1,8,13,20
2021,h,P,7,True,3,4,4,0,0,0,0,4,8
2021,h,P,7,True,4,3,3,0,0,2,1,3,6
2021,h,P,7,True,5,2,2,0,0,2,1,2,4
2021,h,P,7,True,6,2,2,0,0,0,1,2,4
2021,h,P,7,True,7,2,2,0,0,0,2,2,4
2021,h,P,7,True,8,3,3,0,0,1,0,3,6
2021,h,P,7,True,10,1,1,0,0,0,2,1,2
2021,l,P,6,False,-9,1,0,1,0,1,0,3,2
2021,l,P,6,False,-8,1,0,1,0,0,1,3,2
2021,l,P,6,False,-6,1,0,1,0,0,0,3,2
2021,l,P,6,False,-5,5,0,5,0,6,5,15,10
2021,l,P,6,False,-4,2,0,1,1,4,0,6,5
2021,l,P,6,False,-3,4,1,2,1,10,0,12,10
2021,l,P,6,False,-2,9,1,7,1,10,15,27,20
2021,l,P,6,False,-1,12,3,7,2,14,8,36,30
2021,l,P,6,False,0,11,2,7,2,7,17,33,29
2021,l,P,6,False,1,7,4,2,1,10,11,21,20
2021,l,P,6,False,2,7,4,1,2,3,7,21,21
2021,l,P,6,False,3,2,1,0,1,0,4,6,6
2021,l,P,6,False,4,4,4,0,0,6,5,12,12
2021,l,P,6,False,5,2,2,0,0,1,1,6,6
2021,l,P,6,False,6,2,2,0,0,2,6,6,6
2021,l,P,6,False,7,1,1,0,0,2,2,3,3
2021,l,P,6,True,-9,2,0,2,0,0,2,6,6
2021,l,P,6,True,-6,2,0,2,0,1,3,6,6
2021,l,P,6,True,-5,2,0,2,0,3,6,6,6
2021,l,P,6,True,-4,3,0,3,0,1,4,9,9
2021,l,P,6,True,-3,8,0,7,1,14,14,24,24
2021,l,P,6,True,-2,10,1,8,1,13,6,29,30
2021,l,P,6,True,-1,8,1,6,1,5,12,24,24
2021,l,P,6,True,0,6,1,3,2,9,13,17,18
2021,l,P,6,True,1,7,5,1,1,6,6,16,21
2021,l,P,6,True,2,12,11,0,1,13,10,26,36
2021,l,P,6,True,3,2,2,0,0,0,2,4,6
2021,l,P,6,True,4,3,3,0,0,7,1,6,9
2021,l,P,6,True,5,3,3,0,0,2,2,6,9
2021,l,P,6,True,6,1,1,0,0,0,1,2,3
2021,l,P,6,True,7,1,1,0,0,0,0,2,3
2021,l,P,6,True,9,1,1,0,0,0,1,2,3
2021,l,P,7,False,-10,1,0,1,0,0,0,2,1
2021,l,P,7,False,-9,1,0,1,0,1,0,2,1
2021,l,P,7,False,-8,2,0,2,0,0,1,4,2
2021,l,P,7,False,-6,1,0,1,0,0,0,2,1
2021,l,P,7,False,-5,1,0,1,0,2,0,2,1
2021,l,P,7,False,-4,3,0,3,0,0,0,6,3
2021,l,P,7,False,-3,7,1,5,1,10,4,14,9
2021,l,P,7,False,-2,8,1,5,2,8,6,16,11
2021,l,P,7,False,-1,12,2,9,1,9,5,24,16
2021,l,P,7,False,0,11,2,4,5,9,9,22,21
2021,l,P,7,False,1,8,5,3,0,10,12,16,15
2021,l,P,7,False,2,6,4,0,2,3,4,12,12
2021,l,P,7,False,3,2,2,0,0,0,3,4,4
2021,l,P,7,False,4,3,3,0,0,4,2,6,6
2021,l,P,7,False,5,2,2,0,0,1,1,4,4
2021,l,P,7,False,6,2,2,0,0,2,4,4,4
2021,l,P,7,False,9,1,1,0,0,0,2,2,2
2021,l,P,7,True,-9,2,0,2,0,0,2,4,4
2021,l,P,7,True,-6,2,0,2,0,3,6,4,4
2021,l,P,7,True,-5,5,0,5,0,2,6,10,10
2021,l,P,7,True,-4,2,0,2,0,0,0,4,4
2021,l,P,7,True,-3,7,0,7,0,5,7,14,14
2021,l,P,7,True,-2,7,1,6,0,7,4,13,14
2021,l,P,7,True,-1,8,0,7,1,2,5,16,16
2021,l,P,7,True,0,8,4,2,2,4,2,14,16
2021,l,P,7,True,1,7,5,0,2,6,5,9,14
2021,l,P,7,True,2,10,7,1,2,0,10,13,20
2021,l,P,7,True,3,2,2,0,0,2,0,2,4
2021,l,P,7,True,4,3,3,0,0,4,0,3,6
2021,l,P,7,True,5,5,5,0,0,1,2,5,10
2021,l,P,7,True,7,2,2,0,0,0,0,2,4
2021,l,P,7,True,9,1,1,0,0,0,1,1,2
2021,m,P,6,False,-6,2,0,2,0,4,3,6,4
2021,m,P,6,False,-5,2,1,1,0,9,2,6,5
2021,m,P,6,False,-4,5,0,5,0,1,10,15,10
2021,m,P,6,False,-3,3,0,2,1,5,0,9,7
2021,m,P,6,False,-2,6,1,3,2,10,1,18,16
2021,m,P,6,False,-1,11,2,6,3,17,14,33,27
2021,m,P,6,False,0,13,7,4,2,18,11,39,36
2021,m,P,6,False,1,6,4,1,1,5,4,18,18
2021,m,P,6,False,2,12,9,1,2,18,15,36,36
2021,m,P,6,False,3,5,4,0,1,3,6,15,15
2021,m,P,6,False,4,2,2,0,0,4,3,6,6
2021,m,P,6,False,5,1,1,0,0,0,1,3,3
2021,m,P,6,False,6,2,2,0,0,2,3,6,6
2021,m,P,6,False,11,1,1,0,0,5,4,3,3
2021,m,P,6,True,-9,1,0,1,0,4,3,3,3
2021,m,P,6,True,-8,1,0,1,0,2,1,3,3
2021,m,P,6,True,-7,1,0,1,0,2,2,3,3
2021,m,P,6,True,-5,5,1,4,0,6,9,15,15
2021,m,P,6,True,-4,6,0,6,0,5,5,18,18
2021,m,P,6,True,-3,3,0,2,1,7,3,9,9
2021,m,P,6,True,-2,7,0,6,1,9,12,21,21
2021,m,P,6,True,-1,6,2,4,0,6,7,16,18
2021,m,P,6,True,0,13,5,4,4,13,13,36,39
2021,m,P,6,True,1,4,2,2,0,6,9,11,12
2021,m,P,6,True,2,13,12,0,1,19,12,27,39
2021,m,P,6,True,3,4,3,1,0,1,8,9,12
2021,m,P,6,True,4,1,1,0,0,3,0,2,3
2021,m,P,6,True,5,2,2,0,0,0,5,4,6
2021,m,P,6,True,6,2,2,0,0,1,0,4,6
2021,m,P,6,True,8,1,1,0,0,0,5,2,3
2021,m,P,6,True,11,1,1,0,0,0,3,2,3
2021,m,P,6,True,12,1,1,0,0,0,1,2,3
2021,m,P,7,False,-8,1,0,1,0,0,1,2,1
2021,m,P,7,False,-6,1,0,1,0,4,0,2,1
2021,m,P,7,False,-5,1,0,1,0,1,2,2,1
2021,m,P,7,False,-4,5,0,5,0,0,8,10,5
2021,m,P,7,False,-3,5,0,3,2,8,2,10,7
2021,m,P,7,False,-2,6,0,3,3,8,1,12,10
2021,m,P,7,False,-1,8,2,4,2,8,1,16,12
2021,m,P,7,False,0,13,7,4,2,15,7,26,22
2021,m,P,7,False,1,8,4,2,2,3,8,16,16
2021,m,P,7,False,2,10,8,1,1,12,10,20,20
2021,m,P,7,False,3,5,5,0,0,3,1,10,10
2021,m,P,7,False,4,3,3,0,0,2,4,6,6
2021,m,P,7,False,5,2,2,0,0,1,3,4,4
2021,m,P,7,False,6,2,2,0,0,2,3,4,4
2021,m,P,7,False,12,1,1,0,0,4,4,2,2
2021,m,P,7,True,-9,3,0,3,0,7,2,6,6
2021,m,P,7,True,-8,1,0,1,0,0,5,2,2
2021,m,P,7,True,-5,8,0,8,0,7,3,16,16
2021,m,P,7,True,-4,3,0,3,0,2,0,6,6
2021,m,P,7,True,-3,1,0,1,0,0,0,2,2
2021,m,P,7,True,-2,5,1,2,2,7,5,10,10
2021,m,P,7,True,-1,10,2,8,0,8,11,18,20
2021,m,P,7,True,0,12,5,3,4,11,9,21,24
2021,m,P,7,True,1,6,4,2,0,6,7,9,12
2021,m,P,7,True,2,6,5,0,1,2,5,7,12
2021,m,P,7,True,3,7,6,1,0,2,10,8,14
2021,m,P,7,True,4,3,3,0,0,0,2,3,6
2021,m,P,7,True,6,4,4,0,0,2,3,4,8
2021,m,P,7,True,7,1,1,0,0,0,0,1,2
2021,m,P,7,True,9,1,1,0,0,0,1,1,2
2021,m,P,7,True,12,1,1,0,0,0,1,1,2
2021,s,C,6,False,-9,1,0,1,0,0,2,3,2
2021,s,C,6,False,-7,2,0,2,0,6,2,6,4
2021,s,C,6,False,-6,1,0,1,0,0,4,3,2
2021,s,C,6,False,-4,2,0,1,1,8,2,6,5
2021,s,C,6,False,-3,4,1,3,0,7,2,12,9
2021,s,C,6,False,-2,7,1,6,0,10,11,21,16
2021,s,C,6,False,-1,6,2,4,0,13,5,18,14
2021,s,C,6,False,0,11,3,3,5,7,5,33,30
2021,s,C,6,False,1,10,5,2,3,14,17,30,28
2021,s,C,6,False,2,11,9,0,2,11,6,33,33
2021,s,C,6,False,3,4,4,0,0,7,4,12,12
2021,s,C,6,False,4,3,3,0,0,3,3,9,9
2021,s,C,6,False,5,3,3,0,0,5,3,9,9
2021,s,C,6,False,6,5,5,0,0,14,8,15,15
2021,s,C,6,False,7,1,1,0,0,4,3,3,3
2021,s,C,6,True,-7,1,0,1,0,1,1,3,3
2021,s,C,6,True,-5,2,0,2,0,2,3,6,6
2021,s,C,6,True,-4,4,0,4,0,5,3,12,12
2021,s,C,6,True,-3,4,0,4,0,4,6,12,12
2021,s,C,6,True,-2,4,1,2,1,7,4,11,12
2021,s,C,6,True,-1,9,1,7,1,8,9,26,27
2021,s,C,6,True,0,14,8,4,2,22,27,37,42
2021,s,C,6,True,1,13,9,2,2,9,10,30,39
2021,s,C,6,True,2,5,3,2,0,3,10,12,15
2021,s,C,6,True,3,9,7,1,1,8,13,20,27
2021,s,C,6,True,4,1,1,0,0,0,0,2,3
2021,s,C,6,True,5,2,2,0,0,1,3,4,6
2021,s,C,6,True,6,1,1,0,0,2,3,2,3
2021,s,C,6,True,9,1,1,0,0,2,1,2,3
2021,s,C,6,True,16,1,1,0,0,0,0,2,3
2021,s,C,7,False,-11,1,0,1,0,0,0,2,1
2021,s,C,7,False,-10,1,0,1,0,0,0,2,1
2021,s,C,7,False,-8,1,0,1,0,0,0,2,1
2021,s,C,7,False,-7,1,0,1,0,0,0,2,1
2021,s,C,7,False,-5,2,0,2,0,5,0,4,2
2021,s,C,7,False,-4,1,0,1,0,1,0,2,1
2021,s,C,7,False,-3,3,1,2,0,5,0,6,4
2021,s,C,7,False,-2,6,2,4,0,9,2,12,8
2021,s,C,7,False,-1,4,0,4,0,0,0,8,4
2021,s,C,7,False,0,17,5,4,8,16,9,34,30
2021,s,C,7,False,1,6,5,0,1,6,1,12,12
2021,s,C,7,False,2,11,7,2,2,6,12,22,21
2021,s,C,7,False,3,5,5,0,0,5,3,10,10
2021,s,C,7,False,4,3,3,0,0,1,1,6,6
2021,s,C,7,False,5,2,2,0,0,0,0,4,4
2021,s,C,7,False,6,2,2,0,0,5,0,4,4
2021,s,C,7,False,7,4,4,0,0,10,10,8,8
2021,s,C,7,False,10,1,1,0,0,0,0,2,2
2021,s,C,7,True,-6,2,0,2,0,0,1,4,4
2021,s,C,7,True,-4,4,0,4,0,3,4,8,8
2021,s,C,7,True,-3,8,0,8,0,6,8,16,16
2021,s,C,7,True,-2,4,0,3,1,2,4,8,8
2021,s,C,7,True,-1,9,1,7,1,7,11,17,18
2021,s,C,7,True,0,9,3,3,3,10,11,17,18
2021,s,C,7,True,1,13,10,2,1,6,11,17,26
2021,s,C,7,True,2,7,6,0,1,2,5,8,14
2021,s,C,7,True,3,6,6,0,0,1,1,6,12
2021,s,C,7,True,4,3,3,0,0,0,0,3,6
2021,s,C,7,True,5,3,3,0,0,3,4,3,6
2021,s,C,7,True,8,1,1,0,0,0,3,1,2
2021,s,C,7,True,9,1,1,0,0,2,1,1,2
2021,s,C,7,True,16,1,1,0,0,0,0,1,2
2021,t,C,6,False,-7,1,0,1,0,1,0,3,2
2021,t,C,6,False,-5,1,0,1,0,0,1,3,2
2021,t,C,6,False,-4,1,0,1,0,0,3,3,2
2021,t,C,6,False,-3,7,0,6,1,9,12,21,15
2021,t,C,6,False,-2,5,0,5,0,4,5,15,10
2021,t,C,6,False,-1,10,1,7,2,8,6,30,23
2021,t,C,6,False,0,13,8,3,2,28,14,39,36
2021,t,C,6,False,1,13,11,1,1,17,9,39,38
2021,t,C,6,False,2,9,9,0,0,17,7,27,27
2021,t,C,6,False,3,6,6,0,0,8,6,18,18
2021,t,C,6,False,4,3,3,0,0,5,3,9,9
2021,t,C,6,False,6,2,2,0,0,1,3,6,6
2021,t,C,6,False,9,1,1,0,0,0,2,3,3
2021,t,C,6,True,-6,6,0,6,0,0,15,18,18
2021,t,C,6,True,-5,3,0,3,0,4,9,9,9
2021,t,C,6,True,-4,2,0,2,0,4,8,6,6
2021,t,C,6,True,-3,3,0,3,0,2,2,9,9
2021,t,C,6,True,-2,5,1,3,1,10,2,14,15
2021,t,C,6,True,-1,9,3,5,1,9,18,26,27
2021,t,C,6,True,0,8,1,5,2,3,14,24,24
2021,t,C,6,True,1,10,8,2,0,7,13,22,30
2021,t,C,6,True,2,5,3,2,0,1,9,12,15
2021,t,C,6,True,3,5,5,0,0,4,4,8,13
2021,t,C,6,True,4,7,7,0,0,4,4,13,19
2021,t,C,6,True,5,2,2,0,0,2,1,4,6
2021,t,C,6,True,6,2,2,0,0,0,0,4,6
2021,t,C,6,True,7,2,2,0,0,3,8,4,6
2021,t,C,6,True,9,1,1,0,0,2,0,2,3
2021,t,C,6,True,12,1,1,0,0,0,0,2,3
2021,t,C,7,False,-7,1,0,1,0,0,0,2,1
2021,t,C,7,False,-6,1,0,1,0,0,0,2,1
2021,t,C,7,False,-5,3,0,3,0,0,2,6,3
2021,t,C,7,False,-4,2,0,2,0,0,1,4,2
2021,t,C,7,False,-3,3,0,3,0,2,2,6,3
2021,t,C,7,False,-2,8,1,6,1,11,5,16,10
2021,t,C,7,False,-1,10,2,7,1,10,3,20,13
2021,t,C,7,False,0,8,4,1,3,8,4,16,15
2021,t,C,7,False,1,16,14,1,1,17,6,32,31
2021,t,C,7,False,2,8,8,0,0,13,1,16,16
2021,t,C,7,False,3,5,5,0,0,8,5,10,10
2021,t,C,7,False,4,4,4,0,0,5,5,8,8
2021,t,C,7,False,5,1,1,0,0,1,0,2,2
2021,t,C,7,False,7,2,2,0,0,0,0,4,4
2021,t,C,7,True,-10,1,0,1,0,0,0,2,2
2021,t,C,7,True,-7,3,0,3,0,0,5,6,6
2021,t,C,7,True,-6,3,0,3,0,0,7,6,6
2021,t,C,7,True,-5,3,0,3,0,6,7,6,6
2021,t,C,7,True,-3,6,1,5,0,5,10,12,12
2021,t,C,7,True,-2,3,0,3,0,2,2,6,6
2021,t,C,7,True,-1,7,1,6,0,2,11,14,14
2021,t,C,7,True,0,11,2,5,4,3,15,21,22
2021,t,C,7,True,1,5,4,1,0,0,3,6,10
2021,t,C,7,True,2,8,7,1,0,2,7,9,16
2021,t,C,7,True,3,5,5,0,0,1,3,5,10
2021,t,C,7,True,4,3,3,0,0,0,2,3,6
2021,t,C,7,True,5,3,3,0,0,2,3,3,6
2021,t,C,7,True,6,6,6,0,0,1,2,6,12
2021,t,C,7,True,11,1,1,0,0,0,0,1,2
2021,t,C,7,True,12,1,1,0,0,0,0,1,2
2022,b,P,6,False,-6,3,0,3,0,5,0,9,6
2022,b,P,6,False,-4,7,0,7,0,8,7,21,14
2022,b,P,6,False,-3,6,1,5,0,8,7,21,17
2022,b,P,6,False,-2,7,1,6,0,8,9,22,16
2022,b,P,6,False,-1,4,2,2,0,6,2,12,10
2022,b,P,6,False,0,10,3,6,1,5,11,30,26
2022,b,P,6,False,1,13,11,2,0,22,9,40,38
2022,b,P,6,False,2,8,8,0,0,11,8,24,24
2022,b,P,6,False,3,7,6,0,1,4,3,24,24
2022,b,P,6,False,4,4,4,0,0,8,4,12,12
2022,b,P,6,False,5,2,2,0,0,0,1,6,6
2022,b,P,6,False,9,1,1,0,0,0,1,3,3
2022,b,P,6,True,-8,1,0,1,0,4,4,3,3
2022,b,P,6,True,-6,2,0,2,0,2,0,6,6
2022,b,P,6,True,-5,2,0,2,0,3,0,6,6
2022,b,P,6,True,-4,3,0,3,0,2,6,9,9
2022,b,P,6,True,-3,4,0,4,0,0,7,10,10
2022,b,P,6,True,-2,7,1,6,0,7,14,23,23
2022,b,P,6,True,-1,5,1,4,0,4,8,16,16
2022,b,P,6,True,0,12,6,6,0,15,14,41,44
2022,b,P,6,True,1,10,5,5,0,8,17,31,35
2022,b,P,6,True,2,10,9,1,0,6,6,23,32
2022,b,P,6,True,3,5,5,0,0,6,2,10,15
2022,b,P,6,True,4,4,4,0,0,8,1,8,12
2022,b,P,6,True,5,3,3,0,0,0,2,6,9
2022,b,P,6,True,6,3,3,0,0,2,1,6,9
2022,b,P,7,False,-8,1,0,1,0,2,0,2,1
2022,b,P,7,False,-7,2,0,2,0,4,0,4,2
2022,b,P,7,False,-6,2,0,2,0,2,0,4,2
2022,b,P,7,False,-5,3,0,3,0,2,0,6,3
2022,b,P,7,False,-4,4,0,4,0,0,1,8,4
2022,b,P,7,False,-3,4,1,3,0,8,1,11,9
2022,b,P,7,False,-2,6,1,5,0,3,4,13,8
2022,b,P,7,False,-1,7,2,5,0,4,2,14,9
2022,b,P,7,False,0,8,3,4,1,6,6,21,19
2022,b,P,7,False,1,13,11,2,0,11,6,27,25
2022,b,P,7,False,2,8,8,0,0,12,2,16,16
2022,b,P,7,False,3,5,5,0,0,2,0,10,10
2022,b,P,7,False,4,4,4,0,0,3,0,8,8
2022,b,P,7,False,5,2,2,0,0,0,1,4,4
2022,b,P,7,False,6,1,1,0,0,3,1,2,2
2022,b,P,7,False,9,1,1,0,0,0,1,2,2
2022,b,P,7,True,-7,1,0,1,0,0,0,2,2
2022,b,P,7,True,-6,4,0,4,0,4,6,8,8
2022,b,P,7,True,-5,2,0,2,0,0,0,4,4
2022,b,P,7,True,-4,4,0,4,0,3,4,8,8
2022,b,P,7,True,-3,2,0,2,0,0,3,4,4
2022,b,P,7,True,-2,5,1,4,0,7,5,12,12
2022,b,P,7,True,-1,6,1,5,0,5,7,15,15
2022,b,P,7,True,0,14,6,8,0,11,17,36,38
2022,b,P,7,True,1,5,3,2,0,1,4,8,11
2022,b,P,7,True,2,9,8,1,0,1,5,12,20
2022,b,P,7,True,3,6,6,0,0,0,2,6,12
2022,b,P,7,True,4,2,2,0,0,2,0,2,4
2022,b,P,7,True,5,6,6,0,0,4,0,6,12
2022,b,P,7,True,6,2,2,0,0,0,2,2,4
2022,b,P,7,True,7,1,1,0,0,0,0,1,2
2022,b,P,7,True,8,1,1,0,0,0,0,1,2
2022,c,C,6,False,-10,1,0,1,0,0,1,3,2
2022,c,C,6,False,-8,2,0,2,0,0,2,6,4
2022,c,C,6,False,-6,2,0,2,0,0,2,6,4
2022,c,C,6,False,-5,1,0,1,0,1,1,3,2
2022,c,C,6,False,-4,5,0,5,0,6,3,15,10
2022,c,C,6,False,-3,8,0,8,0,11,7,26,19
2022,c,C,6,False,-2,7,1,6,0,12,8,21,15
2022,c,C,6,False,-1,8,2,6,0,5,2,24,18
2022,c,C,6,False,0,10,3,6,1,14,11,41,37
2022,c,C,6,False,1,10,8,2,0,10,8,34,32
2022,c,C,6,False,2,6,5,1,0,2,4,18,18
2022,c,C,6,False,3,2,2,0,0,5,0,6,6
2022,c,C,6,False,4,1,1,0,0,1,2,3,3
2022,c,C,6,False,5,1,1,0,0,2,0,3,3
2022,c,C,6,False,6,1,1,0,0,1,0,3,3
2022,c,C,6,False,7,2,2,0,0,3,4,6,6
2022,c,C,6,False,8,2,2,0,0,0,0,6,6
2022,c,C,6,False,11,2,2,0,0,1,4,6,6
2022,c,C,6,True,-6,3,0,3,0,1,5,9,9
2022,c,C,6,True,-5,2,0,2,0,2,2,6,6
2022,c,C,6,True,-4,2,1,1,0,5,0,6,6
2022,c,C,6,True,-3,6,0,6,0,1,8,18,18
2022,c,C,6,True,-2,3,1,2,0,6,8,8,9
2022,c,C,6,True,-1,8,2,6,0,8,10,25,25
2022,c,C,6,True,0,13,4,7,2,13,20,52,53
2022,c,C,6,True,1,10,6,4,0,4,14,29,34
2022,c,C,6,True,2,10,8,2,0,21,16,22,30
2022,c,C,6,True,3,3,3,0,0,1,0,6,9
2022,c,C,6,True,4,3,3,0,0,0,3,6,9
2022,c,C,6,True,5,3,3,0,0,1,3,6,9
2022,c,C,6,True,6,2,2,0,0,0,1,4,6
2022,c,C,6,True,10,1,1,0,0,0,1,2,3
2022,c,C,6,True,11,1,1,0,0,0,2,2,3
2022,c,C,6,True,14,1,1,0,0,1,1,2,3
2022,c,C,7,False,-10,2,0,2,0,0,1,4,2
2022,c,C,7,False,-8,1,0,1,0,0,0,2,1
2022,c,C,7,False,-6,3,0,3,0,2,2,6,3
2022,c,C,7,False,-4,5,0,5,0,2,3,10,5
2022,c,C,7,False,-3,4,0,4,0,1,1,8,4
2022,c,C,7,False,-2,6,1,5,0,8,7,12,7
2022,c,C,7,False,-1,12,1,11,0,3,2,24,13
2022,c,C,7,False,0,11,4,6,1,15,11,36,33
2022,c,C,7,False,1,9,7,2,0,5,7,21,19
2022,c,C,7,False,2,6,5,1,0,4,3,12,12
2022,c,C,7,False,3,2,2,0,0,4,0,4,4
2022,c,C,7,False,4,2,2,0,0,1,2,4,4
2022,c,C,7,False,5,1,1,0,0,3,0,2,2
2022,c,C,7,False,6,2,2,0,0,2,0,4,4
2022,c,C,7,False,7,2,2,0,0,0,2,4,4
2022,c,C,7,False,8,2,2,0,0,0,0,4,4
2022,c,C,7,False,12,1,1,0,0,0,0,2,2
2022,c,C,7,True,-6,3,0,3,0,1,5,6,6
2022,c,C,7,True,-5,1,0,1,0,1,0,2,2
2022,c,C,7,True,-4,2,0,2,0,0,2,4,4
2022,c,C,7,True,-3,7,1,6,0,4,6,14,14
2022,c,C,7,True,-2,6,0,6,0,3,14,12,12
2022,c,C,7,True,-1,6,1,5,0,2,2,12,12
2022,c,C,7,True,0,12,6,5,1,10,12,39,40
2022,c,C,7,True,1,10,5,4,1,3,11,18,23
2022,c,C,7,True,2,7,6,1,0,6,11,8,14
2022,c,C,7,True,3,4,4,0,0,0,1,4,8
2022,c,C,7,True,4,3,3,0,0,0,2,3,6
2022,c,C,7,True,5,3,3,0,0,3,2,3,6
2022,c,C,7,True,6,3,3,0,0,1,1,3,6
2022,c,C,7,True,7,1,1,0,0,0,0,1,2
2022,c,C,7,True,10,1,1,0,0,0,1,1,2
2022,c,C,7,True,11,1,1,0,0,0,2,1,2
2022,c,C,7,True,15,1,1,0,0,0,1,1,2
2022,d,C,6,False,-10,2,0,2,0,1,0,6,4
2022,d,C,6,False,-6,3,0,3,0,1,9,9,6
2022,d,C,6,False,-5,6,0,6,0,3,1,18,12
2022,d,C,6,False,-4,5,0,5,0,2,9,15,10
2022,d,C,6,False,-3,2,1,1,0,7,5,7,6
2022,d,C,6,False,-2,8,0,8,0,3,5,24,16
2022,d,C,6,False,-1,12,1,11,0,4,8,40,30
2022,d,C,6,False,0,8,4,3,1,7,12,30,28
2022,d,C,6,False,1,11,9,2,0,21,11,38,37
2022,d,C,6,False,2,4,4,0,0,7,2,12,12
2022,d,C,6,False,3,6,5,1,0,7,10,18,17
2022,d,C,6,False,4,2,2,0,0,4,1,6,6
2022,d,C,6,False,5,1,1,0,0,2,1,3,3
2022,d,C,6,False,6,2,2,0,0,4,1,6,6
2022,d,C,6,True,-7,2,0,2,0,2,6,6,6
2022,d,C,6,True,-6,2,0,2,0,0,1,6,6
2022,d,C,6,True,-5,2,0,2,0,5,1,6,6
2022,d,C,6,True,-4,3,0,3,0,6,4,9,9
2022,d,C,6,True,-3,4,0,4,0,4,4,12,12
2022,d,C,6,True,-2,10,1,9,0,6,12,29,30
2022,d,C,6,True,-1,9,4,5,0,9,7,25,28
2022,d,C,6,True,0,12,6,5,1,11,9,43,44
2022,d,C,6,True,1,11,11,0,0,9,1,22,33
2022,d,C,6,True,2,7,6,1,0,8,8,15,21
2022,d,C,6,True,3,4,4,0,0,2,3,8,12
2022,d,C,6,True,4,1,1,0,0,0,1,2,3
2022,d,C,6,True,5,1,1,0,0,0,2,2,3
2022,d,C,6,True,6,2,2,0,0,1,0,4,6
2022,d,C,6,True,7,1,1,0,0,1,0,2,3
2022,d,C,7,False,-10,2,0,2,0,1,0,4,2
2022,d,C,7,False,-9,1,0,1,0,0,1,2,1
2022,d,C,7,False,-8,1,0,1,0,0,0,2,1
2022,d,C,7,False,-6,4,0,4,0,1,4,8,4
2022,d,C,7,False,-5,6,0,6,0,0,1,12,6
2022,d,C,7,False,-4,3,1,2,0,6,2,7,5
2022,d,C,7,False,-3,3,0,3,0,2,2,6,3
2022,d,C,7,False,-2,9,0,9,0,3,2,18,9
2022,d,C,7,False,-1,10,1,9,0,3,6,20,11
2022,d,C,7,False,0,10,6,3,1,9,7,30,29
2022,d,C,7,False,1,8,7,1,0,15,7,19,18
2022,d,C,7,False,2,5,4,1,0,7,5,12,12
2022,d,C,7,False,3,4,4,0,0,3,1,8,8
2022,d,C,7,False,4,3,3,0,0,6,1,6,6
2022,d,C,7,False,5,1,1,0,0,0,1,2,2
2022,d,C,7,False,6,2,2,0,0,4,1,4,4
2022,d,C,7,True,-8,1,0,1,0,0,2,2,2
2022,d,C,7,True,-6,3,0,3,0,1,1,6,6
2022,d,C,7,True,-5,4,0,4,0,7,4,8,8
2022,d,C,7,True,-4,2,0,2,0,0,1,4,4
2022,d,C,7,True,-3,4,0,4,0,4,3,8,8
2022,d,C,7,True,-2,9,0,9,0,1,7,18,18
2022,d,C,7,True,-1,9,3,6,0,6,7,17,19
2022,d,C,7,True,0,11,6,4,1,10,7,29,30
2022,d,C,7,True,1,13,13,0,0,6,1,13,26
2022,d,C,7,True,2,5,5,0,0,8,2,5,10
2022,d,C,7,True,3,4,4,0,0,1,0,4,8
2022,d,C,7,True,4,2,2,0,0,0,2,2,4
2022,d,C,7,True,5,1,1,0,0,0,2,1,2
2022,d,C,7,True,6,2,2,0,0,1,0,2,4
2022,d,C,7,True,8,1,1,0,0,0,0,1,2
2022,db,C,6,False,-15,1,0,1,0,2,2,3,2
2022,db,C,6,False,-14,1,0,1,0,1,1,3,2
2022,db,C,6,False,-8,1,0,1,0,3,0,3,2
2022,db,C,6,False,-7,2,0,2,0,2,1,6,4
2022,db,C,6,False,-6,3,0,3,0,2,2,9,6
2022,db,C,6,False,-5,1,0,1,0,0,1,3,2
2022,db,C,6,False,-4,3,0,3,0,2,1,9,6
2022,db,C,6,False,-3,6,0,6,0,3,3,18,12
2022,db,C,6,False,-2,5,0,5,0,4,7,15,10
2022,db,C,6,False,-1,10,1,9,0,7,7,34,26
2022,db,C,6,False,0,18,13,5,0,25,8,63,62
2022,db,C,6,False,1,10,8,1,1,15,11,34,34
2022,db,C,6,False,2,4,4,0,0,5,1,12,12
2022,db,C,6,False,3,3,3,0,0,2,1,9,9
2022,db,C,6,False,4,1,1,0,0,2,4,3,3
2022,db,C,6,False,5,1,1,0,0,0,4,3,3
2022,db,C,6,False,7,1,1,0,0,0,5,3,3
2022,db,C,6,True,-7,4,0,4,0,4,3,12,12
2022,db,C,6,True,-6,4,0,4,0,3,10,12,12
2022,db,C,6,True,-5,1,0,1,0,0,2,3,3
2022,db,C,6,True,-3,4,0,4,0,3,5,12,12
2022,db,C,6,True,-2,3,0,3,0,1,6,9,9
2022,db,C,6,True,-1,9,0,9,0,4,14,30,30
2022,db,C,6,True,0,12,8,3,1,22,5,35,40
2022,db,C,6,True,1,8,7,1,0,6,6,18,24
2022,db,C,6,True,2,9,8,1,0,6,3,19,27
2022,db,C,6,True,3,4,4,0,0,5,4,11,14
2022,db,C,6,True,4,5,5,0,0,6,4,10,15
2022,db,C,6,True,5,3,3,0,0,3,0,6,9
2022,db,C,6,True,6,4,4,0,0,5,1,8,12
2022,db,C,6,True,8,1,1,0,0,0,0,2,3
2022,db,C,7,False,-17,1,0,1,0,2,0,2,1
2022,db,C,7,False,-15,1,0,1,0,1,0,2,1
2022,db,C,7,False,-8,3,0,3,0,5,0,6,3
2022,db,C,7,False,-7,2,0,2,0,1,0,4,2
2022,db,C,7,False,-6,3,0,3,0,1,0,6,3
2022,db,C,7,False,-5,2,0,2,0,2,0,4,2
2022,db,C,7,False,-4,3,0,3,0,2,0,6,3
2022,db,C,7,False,-3,3,0,3,0,0,0,6,3
2022,db,C,7,False,-2,6,0,6,0,3,4,12,6
2022,db,C,7,False,-1,10,1,9,0,7,3,24,16
2022,db,C,7,False,0,14,10,4,0,19,5,37,37
2022,db,C,7,False,1,10,8,1,1,8,8,24,24
2022,db,C,7,False,2,7,7,0,0,8,4,14,14
2022,db,C,7,False,3,3,3,0,0,3,2,6,6
2022,db,C,7,False,4,1,1,0,0,0,0,2,2
2022,db,C,7,False,5,1,1,0,0,0,4,2,2
2022,db,C,7,False,7,1,1,0,0,0,5,2,2
2022,db,C,7,True,-10,1,0,1,0,0,2,2,2
2022,db,C,7,True,-7,3,0,3,0,2,0,6,6
2022,db,C,7,True,-6,4,0,4,0,2,4,8,8
2022,db,C,7,True,-5,1,0,1,0,0,3,2,2
2022,db,C,7,True,-4,1,0,1,0,0,0,2,2
2022,db,C,7,True,-3,2,0,2,0,0,4,4,4
2022,db,C,7,True,-2,4,0,4,0,1,5,8,8
2022,db,C,7,True,-1,10,0,10,0,2,12,23,23
2022,db,C,7,True,0,12,9,2,1,18,5,26,30
2022,db,C,7,True,1,6,5,1,0,3,3,7,12
2022,db,C,7,True,2,9,8,1,0,5,3,10,18
2022,db,C,7,True,3,4,4,0,0,0,0,4,8
2022,db,C,7,True,4,4,4,0,0,3,0,4,8
2022,db,C,7,True,5,2,2,0,0,2,0,2,4
2022,db,C,7,True,6,6,6,0,0,5,1,6,12
2022,db,C,7,True,7,1,1,0,0,0,0,1,2
2022,db,C,7,True,8,1,1,0,0,0,0,1,2
2022,e,P,6,False,-7,1,0,1,0,1,1,3,2
2022,e,P,6,False,-6,2,0,2,0,1,1,6,4
2022,e,P,6,False,-4,3,0,3,0,2,6,9,6
2022,e,P,6,False,-3,8,0,8,0,5,12,24,16
2022,e,P,6,False,-2,4,0,3,1,4,1,16,14
2022,e,P,6,False,-1,10,3,7,0,11,12,32,26
2022,e,P,6,False,0,9,5,4,0,8,12,29,26
2022,e,P,6,False,1,9,8,1,0,11,12,30,29
2022,e,P,6,False,2,12,10,1,1,24,17,39,38
2022,e,P,6,False,3,6,5,1,0,7,5,18,17
2022,e,P,6,False,4,2,2,0,0,2,1,6,6
2022,e,P,6,False,5,2,2,0,0,2,0,6,6
2022,e,P,6,False,6,1,1,0,0,2,0,3,3
2022,e,P,6,False,7,1,1,0,0,4,1,3,3
2022,e,P,6,False,10,1,1,0,0,4,1,3,3
2022,e,P,6,False,16,1,1,0,0,0,2,3,3
2022,e,P,6,True,-12,1,0,1,0,5,2,3,3
2022,e,P,6,True,-6,1,0,1,0,3,1,3,3
2022,e,P,6,True,-5,4,0,4,0,3,5,12,12
2022,e,P,6,True,-4,7,0,7,0,3,12,21,21
2022,e,P,6,True,-3,9,3,5,1,23,4,30,32
2022,e,P,6,True,-2,7,1,6,0,6,2,22,23
2022,e,P,6,True,-1,13,1,12,0,4,12,41,41
2022,e,P,6,True,0,4,1,3,0,1,9,13,13
2022,e,P,6,True,1,5,4,1,0,7,4,12,15
2022,e,P,6,True,2,8,8,0,0,21,8,19,26
2022,e,P,6,True,3,5,5,0,0,8,1,10,15
2022,e,P,6,True,4,3,3,0,0,6,6,6,9
2022,e,P,6,True,6,1,1,0,0,0,3,2,3
2022,e,P,6,True,8,1,1,0,0,0,1,2,3
2022,e,P,6,True,9,1,1,0,0,0,0,2,3
2022,e,P,7,False,-8,1,0,1,0,1,0,2,1
2022,e,P,7,False,-6,3,0,3,0,0,4,6,3
2022,e,P,7,False,-5,3,0,3,0,0,0,6,3
2022,e,P,7,False,-4,3,0,3,0,0,1,6,3
2022,e,P,7,False,-3,5,0,5,0,3,4,10,5
2022,e,P,7,False,-2,4,0,4,0,1,3,8,4
2022,e,P,7,False,-1,12,3,8,1,8,8,29,22
2022,e,P,7,False,0,10,5,4,1,6,7,26,24
2022,e,P,7,False,1,7,7,0,0,4,2,17,17
2022,e,P,7,False,2,6,6,0,0,9,5,12,12
2022,e,P,7,False,3,5,5,0,0,4,1,10,10
2022,e,P,7,False,4,1,1,0,0,2,0,2,2
2022,e,P,7,False,5,7,7,0,0,3,3,14,14
2022,e,P,7,False,6,1,1,0,0,0,0,2,2
2022,e,P,7,False,7,1,1,0,0,1,0,2,2
2022,e,P,7,False,10,1,1,0,0,3,0,2,2
2022,e,P,7,False,11,1,1,0,0,0,1,2,2
2022,e,P,7,False,16,1,1,0,0,0,2,2,2
2022,e,P,7,True,-7,2,0,2,0,0,2,4,4
2022,e,P,7,True,-6,1,0,1,0,1,3,2,2
2022,e,P,7,True,-5,6,0,6,0,7,7,12,12
2022,e,P,7,True,-4,6,0,6,0,1,3,12,12
2022,e,P,7,True,-3,5,1,4,0,7,2,12,12
2022,e,P,7,True,-2,7,1,6,0,3,1,13,14
2022,e,P,7,True,-1,10,0,10,0,0,4,20,20
2022,e,P,7,True,0,8,3,4,1,4,12,23,24
2022,e,P,7,True,1,3,2,1,0,3,3,5,6
2022,e,P,7,True,2,5,5,0,0,10,6,8,12
2022,e,P,7,True,3,5,5,0,0,2,1,5,10
2022,e,P,7,True,4,1,1,0,0,0,2,1,2
2022,e,P,7,True,5,5,5,0,0,0,5,5,10
2022,e,P,7,True,6,2,2,0,0,2,0,2,4
2022,e,P,7,True,7,3,3,0,0,0,4,3,6
2022,e,P,7,True,9,1,1,0,0,0,0,1,2
2022,f,P,6,False,-7,1,0,1,0,0,0,3,2
2022,f,P,6,False,-6,1,0,1,0,1,1,3,2
2022,f,P,6,False,-4,7,0,7,0,6,6,21,14
2022,f,P,6,False,-3,8,0,8,0,0,5,24,16
2022,f,P,6,False,-2,11,1,10,0,9,13,34,24
2022,f,P,6,False,-1,9,1,8,0,6,22,28,22
2022,f,P,6,False,0,7,3,4,0,6,9,26,23
2022,f,P,6,False,1,9,5,4,0,10,14,33,32
2022,f,P,6,False,2,9,8,1,0,12,6,27,26
2022,f,P,6,False,3,3,1,2,0,5,16,9,8
2022,f,P,6,False,4,2,2,0,0,6,1,6,6
2022,f,P,6,False,5,2,2,0,0,3,5,6,6
2022,f,P,6,False,6,2,2,0,0,3,1,6,6
2022,f,P,6,True,-7,1,0,1,0,2,2,3,3
2022,f,P,6,True,-6,1,0,1,0,0,4,3,3
2022,f,P,6,True,-4,3,0,3,0,1,3,9,9
2022,f,P,6,True,-3,6,0,6,0,3,12,18,18
2022,f,P,6,True,-2,12,0,12,0,5,14,36,36
2022,f,P,6,True,-1,9,2,6,1,13,13,29,30
2022,f,P,6,True,0,9,3,4,2,6,12,25,28
2022,f,P,6,True,1,5,5,0,0,3,3,15,18
2022,f,P,6,True,2,9,8,1,0,7,12,24,29
2022,f,P,6,True,3,8,8,0,0,8,6,16,24
2022,f,P,6,True,4,3,2,1,0,0,7,7,9
2022,f,P,6,True,5,1,1,0,0,0,0,2,3
2022,f,P,6,True,6,2,2,0,0,4,2,4,6
2022,f,P,6,True,8,1,1,0,0,0,0,2,3
2022,f,P,6,True,9,1,1,0,0,0,2,2,3
2022,f,P,6,True,11,1,1,0,0,3,0,2,3
2022,f,P,7,False,-7,2,0,2,0,0,0,4,2
2022,f,P,7,False,-6,2,0,2,0,0,1,4,2
2022,f,P,7,False,-4,6,0,6,0,4,3,12,6
2022,f,P,7,False,-3,10,0,10,0,0,5,20,10
2022,f,P,7,False,-2,12,1,11,0,10,17,25,14
2022,f,P,7,False,-1,7,1,6,0,4,10,15,11
2022,f,P,7,False,0,9,3,6,0,11,13,26,24
2022,f,P,7,False,1,5,3,2,0,2,8,13,12
2022,f,P,7,False,2,10,9,1,0,8,5,20,19
2022,f,P,7,False,3,1,1,0,0,3,1,2,2
2022,f,P,7,False,4,1,1,0,0,0,2,2,2
2022,f,P,7,False,5,2,2,0,0,6,2,4,4
2022,f,P,7,False,6,2,2,0,0,0,0,4,4
2022,f,P,7,False,7,1,1,0,0,0,0,2,2
2022,f,P,7,False,8,1,1,0,0,0,1,2,2
2022,f,P,7,True,-7,2,0,2,0,2,3,4,4
2022,f,P,7,True,-6,3,0,3,0,0,4,6,6
2022,f,P,7,True,-5,1,0,1,0,2,0,2,2
2022,f,P,7,True,-4,2,0,2,0,0,2,4,4
2022,f,P,7,True,-3,5,0,5,0,1,3,10,10
2022,f,P,7,True,-2,9,0,9,0,3,5,18,18
2022,f,P,7,True,-1,7,1,6,0,5,12,14,14
2022,f,P,7,True,0,12,5,5,2,6,11,33,34
2022,f,P,7,True,1,5,5,0,0,0,0,5,10
2022,f,P,7,True,2,8,7,1,0,3,9,11,17
2022,f,P,7,True,3,5,5,0,0,5,4,5,10
2022,f,P,7,True,4,5,4,1,0,0,7,6,10
2022,f,P,7,True,5,2,2,0,0,0,0,2,4
2022,f,P,7,True,6,1,1,0,0,0,2,1,2
2022,f,P,7,True,8,2,2,0,0,0,1,2,4
2022,f,P,7,True,9,1,1,0,0,1,0,1,2
2022,f,P,7,True,14,1,1,0,0,0,0,1,2
2022,g,C,6,False,-11,1,0,1,0,2,0,3,2
2022,g,C,6,False,-9,1,0,1,0,4,5,3,2
2022,g,C,6,False,-8,2,0,2,0,1,5,6,4
2022,g,C,6,False,-6,1,0,1,0,0,0,3,2
2022,g,C,6,False,-5,2,0,2,0,3,0,6,4
2022,g,C,6,False,-4,1,0,1,0,0,0,3,2
2022,g,C,6,False,-3,1,0,1,0,0,0,3,2
2022,g,C,6,False,-2,15,1,14,0,8,21,45,31
2022,g,C,6,False,-1,9,1,8,0,2,7,27,19
2022,g,C,6,False,0,13,6,6,1,17,15,42,38
2022,g,C,6,False,1,4,4,0,0,8,1,12,12
2022,g,C,6,False,2,7,7,0,0,18,11,24,24
2022,g,C,6,False,3,4,4,0,0,4,7,12,12
2022,g,C,6,False,4,4,4,0,0,3,6,12,12
2022,g,C,6,False,5,1,1,0,0,1,1,3,3
2022,g,C,6,False,6,3,3,0,0,3,2,9,9
2022,g,C,6,False,7,1,1,0,0,0,0,3,3
2022,g,C,6,False,8,1,1,0,0,7,1,3,3
2022,g,C,6,True,-11,1,0,1,0,4,0,3,3
2022,g,C,6,True,-6,1,0,1,0,1,1,3,3
2022,g,C,6,True,-5,3,0,3,0,2,11,9,9
2022,g,C,6,True,-4,4,0,4,0,2,2,12,12
2022,g,C,6,True,-3,3,1,2,0,7,2,8,9
2022,g,C,6,True,-2,3,1,2,0,6,3,9,9
2022,g,C,6,True,-1,13,3,9,1,16,26,42,45
2022,g,C,6,True,0,14,5,9,0,10,28,45,49
2022,g,C,6,True,1,6,3,2,1,4,7,18,21
2022,g,C,6,True,2,9,8,1,0,4,13,21,28
2022,g,C,6,True,3,7,6,1,0,5,13,16,22
2022,g,C,6,True,4,4,4,0,0,2,3,8,12
2022,g,C,6,True,5,2,2,0,0,7,3,4,6
2022,g,C,6,True,7,1,1,0,0,0,1,2,3
2022,g,C,6,True,15,1,1,0,0,2,2,2,3
2022,g,C,7,False,-12,1,0,1,0,3,1,2,1
2022,g,C,7,False,-11,1,0,1,0,2,0,2,1
2022,g,C,7,False,-9,1,0,1,0,0,4,2,1
2022,g,C,7,False,-7,1,0,1,0,0,0,2,1
2022,g,C,7,False,-6,3,0,3,0,0,2,6,3
2022,g,C,7,False,-5,2,0,2,0,0,1,4,2
2022,g,C,7,False,-4,2,0,2,0,2,0,4,2
2022,g,C,7,False,-3,4,0,4,0,0,2,8,4
2022,g,C,7,False,-2,10,0,10,0,3,5,20,10
2022,g,C,7,False,-1,7,1,6,0,2,2,14,8
2022,g,C,7,False,0,11,4,6,1,10,12,25,21
2022,g,C,7,False,1,6,6,0,0,9,0,12,12
2022,g,C,7,False,2,5,5,0,0,5,3,13,13
2022,g,C,7,False,3,7,7,0,0,6,12,14,14
2022,g,C,7,False,4,2,2,0,0,1,0,4,4
2022,g,C,7,False,6,5,5,0,0,3,3,10,10
2022,g,C,7,False,7,2,2,0,0,1,4,4,4
2022,g,C,7,False,11,1,1,0,0,4,1,2,2
2022,g,C,7,True,-7,2,0,2,0,0,1,4,4
2022,g,C,7,True,-6,2,0,2,0,1,6,4,4
2022,g,C,7,True,-5,1,0,1,0,0,2,2,2
2022,g,C,7,True,-4,2,0,2,0,0,0,4,4
2022,g,C,7,True,-3,4,0,4,0,1,5,8,8
2022,g,C,7,True,-2,5,1,4,0,6,6,10,10
2022,g,C,7,True,-1,13,2,10,1,13,25,28,30
2022,g,C,7,True,0,12,4,7,1,7,16,33,36
2022,g,C,7,True,1,9,7,2,0,2,4,11,18
2022,g,C,7,True,2,7,7,0,0,1,6,9,15
2022,g,C,7,True,3,4,4,0,0,0,3,4,8
2022,g,C,7,True,4,5,4,1,0,0,9,7,11
2022,g,C,7,True,5,1,1,0,0,5,3,1,2
2022,g,C,7,True,6,2,2,0,0,1,0,2,4
2022,g,C,7,True,7,2,2,0,0,0,4,2,4
2022,g,C,7,True,17,1,1,0,0,0,2,1,2
2022,h,P,6,False,-9,1,0,1,0,2,0,3,2
2022,h,P,6,False,-8,1,0,1,0,0,0,3,2
2022,h,P,6,False,-6,1,0,1,0,0,0,3,2
2022,h,P,6,False,-5,1,0,1,0,0,0,3,2
2022,h,P,6,False,-4,3,0,3,0,2,0,9,6
2022,h,P,6,False,-3,5,0,5,0,4,5,15,10
2022,h,P,6,False,-2,11,1,10,0,7,6,35,25
2022,h,P,6,False,-1,9,4,5,0,14,5,30,26
2022,h,P,6,False,0,7,4,1,2,11,5,27,26
2022,h,P,6,False,1,8,6,2,0,10,6,26,25
2022,h,P,6,False,2,8,7,1,0,7,8,28,28
2022,h,P,6,False,3,3,2,1,0,1,5,11,11
2022,h,P,6,False,4,6,6,0,0,5,1,18,18
2022,h,P,6,False,6,4,4,0,0,15,3,12,12
2022,h,P,6,False,7,1,1,0,0,2,2,3,3
2022,h,P,6,False,12,1,1,0,0,2,5,3,3
2022,h,P,6,True,-16,1,0,1,0,2,0,3,3
2022,h,P,6,True,-9,1,0,1,0,1,0,3,3
2022,h,P,6,True,-7,1,0,1,0,1,4,3,3
2022,h,P,6,True,-6,1,0,1,0,0,0,3,3
2022,h,P,6,True,-5,1,0,1,0,1,2,3,3
2022,h,P,6,True,-4,2,0,2,0,1,7,6,6
2022,h,P,6,True,-3,4,0,4,0,0,4,12,12
2022,h,P,6,True,-2,9,0,9,0,7,11,27,27
2022,h,P,6,True,-1,6,1,5,0,8,13,20,21
2022,h,P,6,True,0,8,2,6,0,4,15,22,24
2022,h,P,6,True,1,4,3,1,0,4,3,12,14
2022,h,P,6,True,2,12,12,0,0,21,5,24,36
2022,h,P,6,True,3,6,6,0,0,11,4,13,18
2022,h,P,6,True,4,10,10,0,0,9,8,20,30
2022,h,P,6,True,6,3,3,0,0,2,1,6,9
2022,h,P,6,True,8,3,3,0,0,4,0,6,9
2022,h,P,7,False,-8,2,0,2,0,1,0,4,2
2022,h,P,7,False,-6,1,0,1,0,0,0,2,1
2022,h,P,7,False,-5,3,0,3,0,2,0,6,3
2022,h,P,7,False,-4,2,0,2,0,1,0,4,2
2022,h,P,7,False,-3,7,0,7,0,4,2,14,7
2022,h,P,7,False,-2,10,1,9,0,6,2,22,13
2022,h,P,7,False,-1,5,1,4,0,4,3,13,10
2022,h,P,7,False,0,9,6,1,2,13,3,26,25
2022,h,P,7,False,1,8,7,1,0,7,3,18,18
2022,h,P,7,False,2,6,5,1,0,2,6,14,14
2022,h,P,7,False,3,4,3,1,0,1,5,10,10
2022,h,P,7,False,4,6,6,0,0,5,0,12,12
2022,h,P,7,False,5,1,1,0,0,1,2,2,2
2022,h,P,7,False,6,4,4,0,0,14,0,8,8
2022,h,P,7,False,7,2,2,0,0,4,2,4,4
2022,h,P,7,True,-16,1,0,1,0,2,0,2,2
2022,h,P,7,True,-11,1,0,1,0,1,0,2,2
2022,h,P,7,True,-9,1,0,1,0,1,0,2,2
2022,h,P,7,True,-6,2,0,2,0,1,1,4,4
2022,h,P,7,True,-5,1,0,1,0,1,1,2,2
2022,h,P,7,True,-4,2,0,2,0,1,7,4,4
2022,h,P,7,True,-3,6,0,6,0,1,6,12,12
2022,h,P,7,True,-2,7,0,7,0,2,5,14,14
2022,h,P,7,True,-1,5,1,4,0,6,5,11,12
2022,h,P,7,True,0,6,1,5,0,2,11,11,12
2022,h,P,7,True,1,6,4,2,0,2,7,12,15
2022,h,P,7,True,2,9,9,0,0,7,0,9,18
2022,h,P,7,True,3,5,5,0,0,2,3,6,10
2022,h,P,7,True,4,10,10,0,0,6,3,10,20
2022,h,P,7,True,5,1,1,0,0,0,0,1,2
2022,h,P,7,True,6,5,5,0,0,4,0,5,10
2022,h,P,7,True,8,2,2,0,0,0,2,2,4
2022,h,P,7,True,10,2,2,0,0,0,0,2,4
2022,l,P,6,False,-6,2,0,2,0,1,2,6,4
2022,l,P,6,False,-5,1,0,1,0,2,0,3,2
2022,l,P,6,False,-4,2,0,2,0,1,1,6,4
2022,l,P,6,False,-3,8,0,8,0,8,17,24,16
2022,l,P,6,False,-2,9,0,9,0,3,16,27,18
2022,l,P,6,False,-1,11,2,9,0,11,9,39,32
2022,l,P,6,False,0,9,7,2,0,20,7,29,28
2022,l,P,6,False,1,8,4,3,1,3,12,27,25
2022,l,P,6,False,2,9,7,2,0,3,10,27,27
2022,l,P,6,False,3,8,7,1,0,13,9,24,23
2022,l,P,6,False,4,2,2,0,0,0,1,6,6
2022,l,P,6,False,5,1,1,0,0,2,1,3,3
2022,l,P,6,False,6,1,1,0,0,0,0,3,3
2022,l,P,6,True,-6,1,0,1,0,0,0,3,3
2022,l,P,6,True,-5,1,0,1,0,0,2,3,3
2022,l,P,6,True,-4,1,0,1,0,0,3,3,3
2022,l,P,6,True,-3,5,1,4,0,6,2,14,15
2022,l,P,6,True,-2,8,0,7,1,6,9,27,27
2022,l,P,6,True,-1,10,3,7,0,10,15,31,33
2022,l,P,6,True,0,11,3,7,1,8,14,36,37
2022,l,P,6,True,1,13,12,1,0,20,3,30,41
2022,l,P,6,True,2,7,7,0,0,3,2,14,21
2022,l,P,6,True,3,4,4,0,0,2,2,8,12
2022,l,P,6,True,4,7,7,0,0,5,4,14,21
2022,l,P,6,True,6,2,2,0,0,2,2,4,6
2022,l,P,6,True,8,1,1,0,0,0,3,2,3
2022,l,P,6,True,10,1,1,0,0,1,0,2,3
2022,l,P,7,False,-8,2,0,2,0,2,0,4,2
2022,l,P,7,False,-6,2,0,2,0,2,0,4,2
2022,l,P,7,False,-5,3,0,3,0,3,0,6,3
2022,l,P,7,False,-4,8,0,8,0,2,7,16,8
2022,l,P,7,False,-3,4,0,4,0,1,0,8,4
2022,l,P,7,False,-2,6,0,6,0,1,2,12,6
2022,l,P,7,False,-1,7,0,7,0,2,2,15,9
2022,l,P,7,False,0,10,5,4,1,11,5,28,26
2022,l,P,7,False,1,10,8,2,0,11,9,22,22
2022,l,P,7,False,2,8,7,1,0,1,5,16,16
2022,l,P,7,False,3,4,4,0,0,3,0,8,8
2022,l,P,7,False,4,3,3,0,0,2,1,6,6
2022,l,P,7,False,5,2,2,0,0,0,3,4,4
2022,l,P,7,False,6,2,2,0,0,1,1,4,4
2022,l,P,7,True,-6,1,0,1,0,0,0,2,2
2022,l,P,7,True,-5,1,0,1,0,0,2,2,2
2022,l,P,7,True,-4,1,0,1,0,0,3,2,2
2022,l,P,7,True,-3,6,0,6,0,4,0,12,12
2022,l,P,7,True,-2,8,0,8,0,0,14,16,16
2022,l,P,7,True,-1,11,3,8,0,8,4,23,25
2022,l,P,7,True,0,6,2,3,1,5,9,16,16
2022,l,P,7,True,1,14,12,1,1,12,4,22,33
2022,l,P,7,True,2,7,7,0,0,4,1,7,14
2022,l,P,7,True,3,7,7,0,0,5,2,7,14
2022,l,P,7,True,4,6,6,0,0,5,2,6,12
2022,l,P,7,True,6,1,1,0,0,0,0,1,2
2022,l,P,7,True,7,1,1,0,0,0,1,1,2
2022,l,P,7,True,8,1,1,0,0,0,3,1,2
2022,l,P,7,True,10,1,1,0,0,1,0,1,2
2022,m,P,6,False,-11,1,0,1,0,0,3,3,2
2022,m,P,6,False,-9,1,0,1,0,0,0,3,2
2022,m,P,6,False,-8,1,0,1,0,0,2,3,2
2022,m,P,6,False,-6,2,0,2,0,2,2,6,4
2022,m,P,6,False,-5,2,0,2,0,5,5,6,4
2022,m,P,6,False,-4,6,1,5,0,8,8,18,13
2022,m,P,6,False,-3,1,0,1,0,0,0,3,2
2022,m,P,6,False,-2,8,0,8,0,13,14,26,21
2022,m,P,6,False,-1,10,1,9,0,5,7,30,22
2022,m,P,6,False,0,7,4,3,0,11,7,23,21
2022,m,P,6,False,1,10,8,2,0,17,8,32,31
2022,m,P,6,False,2,7,5,2,0,2,10,21,19
2022,m,P,6,False,3,11,11,0,0,16,4,31,31
2022,m,P,6,False,4,2,2,0,0,7,1,6,6
2022,m,P,6,False,6,2,2,0,0,0,1,6,6
2022,m,P,6,False,8,1,1,0,0,4,4,3,3
2022,m,P,6,True,-10,1,0,1,0,1,4,3,3
2022,m,P,6,True,-6,4,0,4,0,1,15,12,12
2022,m,P,6,True,-4,5,0,5,0,6,8,15,15
2022,m,P,6,True,-3,4,0,4,0,0,3,12,12
2022,m,P,6,True,-2,9,3,6,0,19,11,26,27
2022,m,P,6,True,-1,8,3,5,0,12,5,25,27
2022,m,P,6,True,0,11,5,6,0,12,9,36,39
2022,m,P,6,True,1,14,11,3,0,19,17,35,44
2022,m,P,6,True,2,4,2,1,1,3,8,15,17
2022,m,P,6,True,3,6,5,1,0,8,10,16,21
2022,m,P,6,True,4,1,1,0,0,1,2,2,3
2022,m,P,6,True,6,2,2,0,0,2,1,4,6
2022,m,P,6,True,7,2,2,0,0,1,1,4,6
2022,m,P,7,False,-14,1,0,1,0,0,0,2,1
2022,m,P,7,False,-10,1,0,1,0,0,0,2,1
2022,m,P,7,False,-9,1,0,1,0,0,0,2,1
2022,m,P,7,False,-7,1,0,1,0,1,0,2,1
2022,m,P,7,False,-6,1,0,1,0,0,0,2,1
2022,m,P,7,False,-5,2,0,2,0,3,9,4,2
2022,m,P,7,False,-4,4,1,3,0,7,3,8,5
2022,m,P,7,False,-3,3,0,3,0,0,0,6,3
2022,m,P,7,False,-2,7,0,7,0,10,14,16,11
2022,m,P,7,False,-1,12,2,10,0,6,4,25,15
2022,m,P,7,False,0,7,3,4,0,11,7,16,15
2022,m,P,7,False,1,9,7,2,0,11,9,19,18
2022,m,P,7,False,2,6,5,1,0,2,3,12,11
2022,m,P,7,False,3,10,10,0,0,10,5,20,20
2022,m,P,7,False,4,2,2,0,0,7,1,4,4
2022,m,P,7,False,6,3,3,0,0,3,2,6,6
2022,m,P,7,False,7,1,1,0,0,1,0,2,2
2022,m,P,7,True,-10,1,0,1,0,0,3,2,2
2022,m,P,7,True,-8,1,0,1,0,1,0,2,2
2022,m,P,7,True,-7,1,0,1,0,0,1,2,2
2022,m,P,7,True,-6,3,0,3,0,0,10,6,6
2022,m,P,7,True,-5,2,0,2,0,0,3,4,4
2022,m,P,7,True,-4,3,0,3,0,2,2,6,6
2022,m,P,7,True,-3,4,0,4,0,1,5,8,8
2022,m,P,7,True,-2,5,1,4,0,6,2,10,10
2022,m,P,7,True,-1,10,1,9,0,5,7,22,22
2022,m,P,7,True,0,11,5,5,1,7,7,30,32
2022,m,P,7,True,1,9,8,1,0,7,6,14,20
2022,m,P,7,True,2,9,8,1,0,16,9,12,20
2022,m,P,7,True,3,6,5,1,0,0,7,10,15
2022,m,P,7,True,4,1,1,0,0,0,0,1,2
2022,m,P,7,True,6,1,1,0,0,0,0,1,2
2022,m,P,7,True,7,1,1,0,0,0,0,1,2
2022,m,P,7,True,8,3,3,0,0,0,3,3,6
2022,s,C,6,False,-8,1,0,1,0,0,0,3,2
2022,s,C,6,False,-7,1,0,1,0,0,1,3,2
2022,s,C,6,False,-6,3,1,2,0,8,2,9,7
2022,s,C,6,False,-5,3,0,3,0,1,1,9,6
2022,s,C,6,False,-4,3,0,3,0,2,2,9,6
2022,s,C,6,False,-3,1,0,1,0,0,0,3,2
2022,s,C,6,False,-2,10,5,5,0,27,8,33,29
2022,s,C,6,False,-1,6,1,3,2,9,8,24,21
2022,s,C,6,False,0,11,5,4,2,13,7,43,43
2022,s,C,6,False,1,9,8,1,0,8,5,32,32
2022,s,C,6,False,2,7,6,1,0,21,8,21,20
2022,s,C,6,False,3,5,5,0,0,1,1,15,15
2022,s,C,6,False,4,3,3,0,0,6,1,9,9
2022,s,C,6,False,5,5,5,0,0,13,3,15,15
2022,s,C,6,False,6,2,2,0,0,8,2,6,6
2022,s,C,6,False,7,2,2,0,0,6,2,6,6
2022,s,C,6,True,-11,1,0,1,0,0,1,3,3
2022,s,C,6,True,-8,2,0,2,0,1,7,6,6
2022,s,C,6,True,-7,1,0,1,0,5,0,3,3
2022,s,C,6,True,-6,1,0,1,0,0,1,3,3
2022,s,C,6,True,-5,1,0,1,0,1,4,3,3
2022,s,C,6,True,-4,3,0,3,0,6,6,9,9
2022,s,C,6,True,-3,8,1,7,0,14,15,24,24
2022,s,C,6,True,-2,9,1,8,0,14,23,26,27
2022,s,C,6,True,-1,7,2,5,0,6,3,24,24
2022,s,C,6,True,0,6,4,2,0,9,6,17,19
2022,s,C,6,True,1,10,10,0,0,5,1,22,31
2022,s,C,6,True,2,7,4,3,0,6,17,18,22
2022,s,C,6,True,3,4,4,0,0,6,8,8,12
2022,s,C,6,True,4,3,3,0,0,3,1,6,9
2022,s,C,6,True,5,5,5,0,0,2,7,10,15
2022,s,C,6,True,6,1,1,0,0,2,1,2,3
2022,s,C,6,True,7,1,1,0,0,1,1,2,3
2022,s,C,6,True,9,1,1,0,0,5,4,2,3
2022,s,C,7,False,-8,3,0,3,0,0,0,6,3
2022,s,C,7,False,-6,2,0,2,0,0,0,4,2
2022,s,C,7,False,-5,2,1,1,0,7,0,4,3
2022,s,C,7,False,-4,4,0,4,0,2,2,8,4
2022,s,C,7,False,-3,4,0,4,0,1,0,8,4
2022,s,C,7,False,-2,6,2,4,0,15,5,13,10
2022,s,C,7,False,-1,6,3,2,1,11,5,17,15
2022,s,C,7,False,0,12,5,4,3,16,8,41,41
2022,s,C,7,False,1,9,8,1,0,1,2,19,19
2022,s,C,7,False,2,5,5,0,0,14,1,10,10
2022,s,C,7,False,3,5,5,0,0,2,0,10,10
2022,s,C,7,False,4,4,4,0,0,2,0,8,8
2022,s,C,7,False,5,4,4,0,0,7,3,8,8
2022,s,C,7,False,6,2,2,0,0,6,1,4,4
2022,s,C,7,False,7,2,2,0,0,1,0,4,4
2022,s,C,7,False,8,1,1,0,0,2,0,2,2
2022,s,C,7,False,10,1,1,0,0,2,0,2,2
2022,s,C,7,True,-12,1,0,1,0,0,0,2,2
2022,s,C,7,True,-11,1,0,1,0,1,4,2,2
2022,s,C,7,True,-8,2,0,2,0,0,0,4,4
2022,s,C,7,True,-7,4,0,4,0,10,4,8,8
2022,s,C,7,True,-6,2,0,2,0,0,1,4,4
2022,s,C,7,True,-5,1,0,1,0,1,0,2,2
2022,s,C,7,True,-4,2,0,2,0,0,4,4,4
2022,s,C,7,True,-3,7,0,7,0,8,5,14,14
2022,s,C,7,True,-2,3,0,3,0,1,4,6,6
2022,s,C,7,True,-1,8,4,4,0,12,2,18,19
2022,s,C,7,True,0,9,4,5,0,10,11,17,19
2022,s,C,7,True,1,9,9,0,0,2,1,11,19
2022,s,C,7,True,2,6,4,2,0,2,12,9,13
2022,s,C,7,True,3,3,3,0,0,0,1,3,6
2022,s,C,7,True,4,5,5,0,0,3,5,5,10
2022,s,C,7,True,5,3,3,0,0,1,0,3,6
2022,s,C,7,True,6,2,2,0,0,0,2,2,4
2022,s,C,7,True,8,2,2,0,0,0,2,2,4
2022,s,C,7,True,12,1,1,0,0,1,3,1,2
2022,t,C,6,False,-6,1,0,1,0,0,1,3,2
2022,t,C,6,False,-5,3,0,3,0,3,4,9,6
2022,t,C,6,False,-4,3,0,3,0,1,0,9,6
2022,t,C,6,False,-3,6,0,6,0,10,6,18,12
2022,t,C,6,False,-2,6,2,4,0,10,5,20,16
2022,t,C,6,False,-1,10,0,10,0,5,9,32,24
2022,t,C,6,False,0,13,6,6,1,20,12,45,43
2022,t,C,6,False,1,7,4,3,0,7,7,21,20
2022,t,C,6,False,2,5,4,1,0,12,4,15,14
2022,t,C,6,False,3,4,4,0,0,5,0,12,12
2022,t,C,6,False,4,7,6,1,0,10,11,21,21
2022,t,C,6,False,5,1,1,0,0,4,1,3,3
2022,t,C,6,False,6,3,3,0,0,2,1,9,9
2022,t,C,6,False,7,1,1,0,0,0,0,3,3
2022,t,C,6,True,-8,1,0,1,0,0,0,3,3
2022,t,C,6,True,-4,3,0,3,0,2,3,9,9
2022,t,C,6,True,-3,5,0,5,0,0,4,15,15
2022,t,C,6,True,-2,6,1,5,0,6,11,20,21
2022,t,C,6,True,-1,11,1,10,0,10,16,39,39
2022,t,C,6,True,0,10,3,5,2,5,16,36,38
2022,t,C,6,True,1,12,10,1,1,9,9,32,42
2022,t,C,6,True,2,9,8,1,0,7,10,21,29
2022,t,C,6,True,3,4,4,0,0,5,3,8,12
2022,t,C,6,True,4,4,4,0,0,3,0,8,12
2022,t,C,6,True,5,2,2,0,0,0,1,4,6
2022,t,C,6,True,6,2,1,1,0,2,8,5,6
2022,t,C,6,True,8,1,1,0,0,5,0,2,3
2022,t,C,6,True,10,1,1,0,0,0,0,2,3
2022,t,C,7,False,-7,2,0,2,0,3,0,4,2
2022,t,C,7,False,-6,1,0,1,0,0,1,2,1
2022,t,C,7,False,-5,2,0,2,0,2,4,4,2
2022,t,C,7,False,-4,5,0,5,0,4,0,10,5
2022,t,C,7,False,-3,6,0,6,0,5,0,12,6
2022,t,C,7,False,-2,4,1,3,0,4,0,10,7
2022,t,C,7,False,-1,9,0,8,1,2,3,21,13
2022,t,C,7,False,0,11,4,7,0,7,11,27,26
2022,t,C,7,False,1,9,6,3,0,12,7,18,17
2022,t,C,7,False,2,3,3,0,0,3,0,6,6
2022,t,C,7,False,3,5,4,1,0,2,4,10,10
2022,t,C,7,False,4,3,3,0,0,2,2,6,6
2022,t,C,7,False,5,1,1,0,0,2,0,2,2
2022,t,C,7,False,6,5,5,0,0,5,2,10,10
2022,t,C,7,False,7,3,3,0,0,3,1,6,6
2022,t,C,7,False,8,1,1,0,0,0,0,2,2
2022,t,C,7,True,-8,1,0,1,0,0,0,2,2
2022,t,C,7,True,-6,1,0,1,0,0,0,2,2
2022,t,C,7,True,-5,1,0,1,0,0,0,2,2
2022,t,C,7,True,-4,5,0,5,0,2,3,10,10
2022,t,C,7,True,-3,3,0,3,0,0,1,6,6
2022,t,C,7,True,-2,7,2,5,0,9,7,18,19
2022,t,C,7,True,-1,8,0,8,0,4,9,18,18
2022,t,C,7,True,0,9,2,5,2,5,16,27,28
2022,t,C,7,True,1,15,12,2,1,9,12,26,38
2022,t,C,7,True,2,5,5,0,0,2,3,5,10
2022,t,C,7,True,3,4,4,0,0,2,1,4,8
2022,t,C,7,True,4,5,5,0,0,3,0,5,10
2022,t,C,7,True,5,4,3,1,0,0,9,5,8
2022,t,C,7,True,8,1,1,0,0,0,0,1,2
2022,t,C,7,True,9,1,1,0,0,4,0,1,2
2022,t,C,7,True,10,1,1,0,0,0,0,1,2
2023,b,P,6,False,-7,2,0,2,0,3,0,6,4
2023,b,P,6,False,-6,1,0,1,0,1,0,3,2
2023,b,P,6,False,-5,4,0,4,0,4,9,12,8
2023,b,P,6,False,-4,2,0,2,0,2,1,6,4
2023,b,P,6,False,-3,5,0,5,0,2,4,15,10
2023,b,P,6,False,-2,2,0,2,0,1,4,6,4
2023,b,P,6,False,-1,6,2,4,0,10,6,18,15
2023,b,P,6,False,0,12,7,4,1,20,9,45,44
2023,b,P,6,False,1,11,10,1,0,8,4,35,35
2023,b,P,6,False,2,7,7,0,0,4,3,21,21
2023,b,P,6,False,3,8,8,0,0,15,5,24,24
2023,b,P,6,False,4,6,6,0,0,11,3,18,18
2023,b,P,6,False,5,3,3,0,0,2,4,9,9
2023,b,P,6,False,6,1,1,0,0,2,2,3,3
2023,b,P,6,False,8,1,1,0,0,1,0,3,3
2023,b,P,6,True,-8,1,0,1,0,0,0,3,3
2023,b,P,6,True,-6,2,0,2,0,1,0,6,6
2023,b,P,6,True,-5,2,0,2,0,1,0,6,6
2023,b,P,6,True,-4,5,0,5,0,9,5,15,15
2023,b,P,6,True,-3,2,0,2,0,3,8,6,6
2023,b,P,6,True,-2,5,1,4,0,7,2,14,15
2023,b,P,6,True,-1,7,4,2,1,10,5,22,24
2023,b,P,6,True,0,13,4,7,2,15,30,48,49
2023,b,P,6,True,1,13,11,2,0,10,11,29,39
2023,b,P,6,True,2,8,7,1,0,13,10,20,26
2023,b,P,6,True,3,5,5,0,0,8,3,10,15
2023,b,P,6,True,4,4,4,0,0,3,4,8,12
2023,b,P,6,True,6,3,3,0,0,0,2,6,9
2023,b,P,6,True,7,2,2,0,0,1,1,4,6
2023,b,P,7,False,-10,1,0,1,0,0,1,2,1
2023,b,P,7,False,-7,1,0,1,0,0,0,2,1
2023,b,P,7,False,-5,4,0,4,0,1,0,8,4
2023,b,P,7,False,-4,2,0,2,0,0,0,4,2
2023,b,P,7,False,-3,5,0,5,0,2,5,10,5
2023,b,P,7,False,-2,4,0,4,0,0,3,8,4
2023,b,P,7,False,-1,4,2,2,0,6,2,9,8
2023,b,P,7,False,0,9,4,4,1,10,6,26,25
2023,b,P,7,False,1,10,8,2,0,4,9,22,21
2023,b,P,7,False,2,10,10,0,0,3,1,20,20
2023,b,P,7,False,3,5,5,0,0,7,1,10,10
2023,b,P,7,False,4,9,9,0,0,11,3,18,18
2023,b,P,7,False,5,3,3,0,0,0,2,6,6
2023,b,P,7,False,6,2,2,0,0,0,1,4,4
2023,b,P,7,False,7,1,1,0,0,1,2,2,2
2023,b,P,7,False,9,1,1,0,0,0,0,2,2
2023,b,P,7,True,-8,1,0,1,0,0,0,2,2
2023,b,P,7,True,-6,1,0,1,0,0,0,2,2
2023,b,P,7,True,-5,3,0,3,0,1,0,6,6
2023,b,P,7,True,-4,4,0,4,0,5,4,8,8
2023,b,P,7,True,-3,4,1,3,0,7,9,8,8
2023,b,P,7,True,-2,4,0,4,0,1,0,8,8
2023,b,P,7,True,-1,6,1,4,1,5,8,15,15
2023,b,P,7,True,0,13,5,6,2,6,19,34,36
2023,b,P,7,True,1,13,11,2,0,9,11,19,28
2023,b,P,7,True,2,6,6,0,0,2,2,6,12
2023,b,P,7,True,3,4,4,0,0,5,1,4,8
2023,b,P,7,True,4,6,6,0,0,4,4,6,12
2023,b,P,7,True,5,1,1,0,0,1,4,1,2
2023,b,P,7,True,6,3,3,0,0,0,2,3,6
2023,b,P,7,True,7,2,2,0,0,1,1,2,4
2023,b,P,7,True,8,1,1,0,0,2,0,1,2
2023,c,C,6,False,-12,1,0,1,0,2,0,3,2
2023,c,C,6,False,-8,3,0,3,0,4,4,9,6
2023,c,C,6,False,-6,1,0,1,0,7,2,5,5
2023,c,C,6,False,-5,2,0,2,0,1,0,6,4
2023,c,C,6,False,-4,1,0,1,0,3,0,3,2
2023,c,C,6,False,-3,12,1,11,0,12,11,36,25
2023,c,C,6,False,-2,6,0,5,1,5,7,21,16
2023,c,C,6,False,-1,11,4,6,1,22,12,40,36
2023,c,C,6,False,0,14,7,7,0,22,13,47,44
2023,c,C,6,False,1,8,7,1,0,15,8,24,24
2023,c,C,6,False,2,7,6,1,0,6,8,21,20
2023,c,C,6,False,4,1,1,0,0,0,0,3,3
2023,c,C,6,False,5,2,2,0,0,0,3,6,6
2023,c,C,6,False,6,1,1,0,0,2,0,3,3
2023,c,C,6,False,7,1,1,0,0,1,1,3,3
2023,c,C,6,True,-5,2,0,2,0,0,8,6,6
2023,c,C,6,True,-4,2,0,2,0,1,5,6,6
2023,c,C,6,True,-3,2,0,2,0,4,2,6,6
2023,c,C,6,True,-2,8,1,7,0,8,13,24,24
2023,c,C,6,True,-1,10,2,7,1,9,10,36,36
2023,c,C,6,True,0,14,10,3,1,22,9,40,47
2023,c,C,6,True,1,8,5,3,0,5,14,18,23
2023,c,C,6,True,2,11,11,0,0,6,7,22,33
2023,c,C,6,True,3,7,7,0,0,4,7,16,22
2023,c,C,6,True,4,2,2,0,0,2,4,4,6
2023,c,C,6,True,5,1,1,0,0,0,1,2,3
2023,c,C,6,True,6,4,4,0,0,3,7,8,12
2023,c,C,7,False,-12,1,0,1,0,2,0,2,1
2023,c,C,7,False,-11,1,0,1,0,1,0,2,1
2023,c,C,7,False,-8,1,0,1,0,0,0,2,1
2023,c,C,7,False,-6,1,0,1,0,0,0,2,1
2023,c,C,7,False,-5,2,0,2,0,0,0,4,2
2023,c,C,7,False,-4,5,0,5,0,4,4,10,5
2023,c,C,7,False,-3,8,1,7,0,9,2,16,9
2023,c,C,7,False,-2,6,1,5,0,5,5,12,7
2023,c,C,7,False,-1,9,2,6,1,8,5,24,19
2023,c,C,7,False,0,14,6,7,1,23,15,39,37
2023,c,C,7,False,1,8,5,3,0,4,9,16,15
2023,c,C,7,False,2,7,7,0,0,6,3,14,14
2023,c,C,7,False,3,2,2,0,0,1,0,4,4
2023,c,C,7,False,4,2,2,0,0,0,2,4,4
2023,c,C,7,False,5,2,2,0,0,2,2,4,4
2023,c,C,7,False,7,1,1,0,0,1,1,2,2
2023,c,C,7,False,8,1,1,0,0,0,0,2,2
2023,c,C,7,True,-6,3,0,3,0,0,7,6,6
2023,c,C,7,True,-5,1,0,1,0,0,0,2,2
2023,c,C,7,True,-4,2,0,2,0,2,4,4,4
2023,c,C,7,True,-3,2,0,2,0,2,0,4,4
2023,c,C,7,True,-2,6,0,6,0,1,3,12,12
2023,c,C,7,True,-1,11,3,7,1,10,10,28,28
2023,c,C,7,True,0,8,5,2,1,5,3,18,21
2023,c,C,7,True,1,11,9,2,0,10,10,13,21
2023,c,C,7,True,2,12,11,1,0,1,5,13,24
2023,c,C,7,True,3,7,7,0,0,3,7,9,15
2023,c,C,7,True,4,2,2,0,0,0,2,2,4
2023,c,C,7,True,5,3,3,0,0,0,4,3,6
2023,c,C,7,True,6,2,2,0,0,0,3,2,4
2023,c,C,7,True,8,1,1,0,0,0,0,1,2
2023,d,C,6,False,-10,1,0,1,0,2,0,3,2
2023,d,C,6,False,-8,1,0,1,0,2,0,3,2
2023,d,C,6,False,-7,1,0,1,0,0,1,3,2
2023,d,C,6,False,-6,1,0,1,0,0,2,3,2
2023,d,C,6,False,-5,2,0,2,0,1,3,6,4
2023,d,C,6,False,-4,6,0,6,0,5,9,18,12
2023,d,C,6,False,-3,2,0,2,0,0,3,6,4
2023,d,C,6,False,-2,11,0,11,0,5,13,33,22
2023,d,C,6,False,-1,9,3,6,0,9,5,28,22
2023,d,C,6,False,0,13,4,8,1,15,18,46,41
2023,d,C,6,False,1,8,6,2,0,12,9,28,28
2023,d,C,6,False,2,8,6,1,1,6,10,28,27
2023,d,C,6,False,3,4,3,1,0,3,7,12,12
2023,d,C,6,False,4,2,2,0,0,5,1,6,6
2023,d,C,6,False,5,2,2,0,0,2,3,6,6
2023,d,C,6,True,-6,2,0,2,0,0,1,6,6
2023,d,C,6,True,-5,1,0,1,0,3,0,3,3
2023,d,C,6,True,-4,4,0,4,0,1,5,12,12
2023,d,C,6,True,-3,5,0,5,0,2,13,15,15
2023,d,C,6,True,-2,10,0,10,0,3,9,30,30
2023,d,C,6,True,-1,12,1,11,0,7,16,35,36
2023,d,C,6,True,0,14,7,5,2,11,13,59,62
2023,d,C,6,True,1,7,6,1,0,4,6,16,21
2023,d,C,6,True,2,6,5,0,1,6,2,16,21
2023,d,C,6,True,3,6,6,0,0,1,5,12,18
2023,d,C,6,True,5,1,1,0,0,2,1,2,3
2023,d,C,6,True,6,3,3,0,0,7,7,9,11
2023,d,C,6,True,8,1,1,0,0,0,0,2,3
2023,d,C,7,False,-10,1,0,1,0,2,0,2,1
2023,d,C,7,False,-8,2,0,2,0,2,0,4,2
2023,d,C,7,False,-7,3,0,3,0,1,4,6,3
2023,d,C,7,False,-6,1,0,1,0,4,1,2,1
2023,d,C,7,False,-5,2,0,2,0,1,0,4,2
2023,d,C,7,False,-4,3,0,3,0,0,0,6,3
2023,d,C,7,False,-3,4,0,4,0,1,3,8,4
2023,d,C,7,False,-2,11,0,11,0,4,13,22,11
2023,d,C,7,False,-1,12,3,9,0,10,5,25,17
2023,d,C,7,False,0,9,4,4,1,7,8,27,26
2023,d,C,7,False,1,7,5,2,0,10,7,17,16
2023,d,C,7,False,2,6,5,0,1,2,4,15,15
2023,d,C,7,False,3,4,3,1,0,0,6,8,8
2023,d,C,7,False,4,2,2,0,0,2,1,4,4
2023,d,C,7,False,5,2,2,0,0,1,0,4,4
2023,d,C,7,False,6,2,2,0,0,1,1,4,4
2023,d,C,7,True,-7,1,0,1,0,0,1,2,2
2023,d,C,7,True,-6,3,0,3,0,0,11,6,6
2023,d,C,7,True,-5,1,0,1,0,0,0,2,2
2023,d,C,7,True,-4,4,0,4,0,2,0,8,8
2023,d,C,7,True,-3,5,0,5,0,2,0,10,10
2023,d,C,7,True,-2,9,0,9,0,3,11,18,18
2023,d,C,7,True,-1,12,1,11,0,6,11,23,24
2023,d,C,7,True,0,16,8,5,3,11,13,55,57
2023,d,C,7,True,1,5,5,0,0,0,0,5,10
2023,d,C,7,True,2,7,7,0,0,3,0,7,14
2023,d,C,7,True,3,4,4,0,0,1,2,4,8
2023,d,C,7,True,5,1,1,0,0,2,0,1,2
2023,d,C,7,True,6,1,1,0,0,1,0,1,2
2023,d,C,7,True,7,2,2,0,0,3,1,2,4
2023,d,C,7,True,8,1,1,0,0,0,0,1,2
2023,db,C,6,False,-6,2,0,2,0,5,1,6,4
2023,db,C,6,False,-5,4,0,4,0,6,10,12,8
2023,db,C,6,False,-4,5,0,5,0,6,6,15,10
2023,db,C,6,False,-3,6,0,6,0,5,6,19,14
2023,db,C,6,False,-2,3,1,2,0,8,3,9,7
2023,db,C,6,False,-1,11,3,8,0,12,14,33,25
2023,db,C,6,False,0,14,6,7,1,9,10,59,57
2023,db,C,6,False,1,9,9,0,0,10,6,28,28
2023,db,C,6,False,2,7,5,2,0,7,10,21,21
2023,db,C,6,False,3,4,4,0,0,14,1,12,12
2023,db,C,6,False,4,1,1,0,0,0,3,3,3
2023,db,C,6,False,5,3,3,0,0,1,7,9,9
2023,db,C,6,False,6,1,1,0,0,1,1,3,3
2023,db,C,6,False,7,1,1,0,0,5,2,3,3
2023,db,C,6,False,8,1,1,0,0,2,2,3,3
2023,db,C,6,True,-6,1,0,1,0,1,2,3,3
2023,db,C,6,True,-5,3,0,3,0,3,7,9,9
2023,db,C,6,True,-4,3,1,2,0,7,5,8,9
2023,db,C,6,True,-3,6,0,6,0,4,11,18,18
2023,db,C,6,True,-2,5,1,3,1,8,3,17,18
2023,db,C,6,True,-1,5,0,4,1,3,7,18,18
2023,db,C,6,True,0,12,5,7,0,14,16,38,42
2023,db,C,6,True,1,13,9,4,0,8,13,34,41
2023,db,C,6,True,2,6,6,0,0,9,4,12,18
2023,db,C,6,True,3,6,6,0,0,4,4,12,18
2023,db,C,6,True,4,5,5,0,0,7,6,10,15
2023,db,C,6,True,5,2,2,0,0,4,3,4,6
2023,db,C,6,True,6,1,1,0,0,0,1,2,3
2023,db,C,6,True,7,1,1,0,0,1,0,2,3
2023,db,C,6,True,8,1,1,0,0,0,2,2,3
2023,db,C,6,True,12,1,1,0,0,0,2,2,3
2023,db,C,7,False,-9,1,0,1,0,2,1,2,1
2023,db,C,7,False,-7,2,0,2,0,6,0,4,2
2023,db,C,7,False,-6,2,0,2,0,0,1,4,2
2023,db,C,7,False,-5,1,0,1,0,2,0,2,1
2023,db,C,7,False,-4,6,0,6,0,4,4,12,6
2023,db,C,7,False,-3,4,0,4,0,4,3,9,6
2023,db,C,7,False,-2,5,0,5,0,3,6,10,5
2023,db,C,7,False,-1,9,2,7,0,5,8,18,11
2023,db,C,7,False,0,15,8,6,1,15,10,48,47
2023,db,C,7,False,1,7,7,0,0,4,1,14,14
2023,db,C,7,False,2,6,5,1,0,1,4,12,12
2023,db,C,7,False,3,5,5,0,0,3,2,10,10
2023,db,C,7,False,4,2,2,0,0,0,5,4,4
2023,db,C,7,False,5,4,3,1,0,2,10,8,8
2023,db,C,7,False,6,1,1,0,0,10,0,2,2
2023,db,C,7,False,9,1,1,0,0,3,2,2,2
2023,db,C,7,False,10,1,1,0,0,0,2,2,2
2023,db,C,7,True,-8,1,0,1,0,0,4,2,2
2023,db,C,7,True,-6,1,0,1,0,1,2,2,2
2023,db,C,7,True,-5,2,0,2,0,0,4,4,4
2023,db,C,7,True,-4,4,1,3,0,9,0,7,8
2023,db,C,7,True,-3,6,0,6,0,2,9,12,12
2023,db,C,7,True,-2,3,0,2,1,3,1,9,9
2023,db,C,7,True,-1,5,1,4,0,4,5,9,10
2023,db,C,7,True,0,8,1,6,1,1,11,24,24
2023,db,C,7,True,1,14,10,4,0,4,12,22,30
2023,db,C,7,True,2,10,9,1,0,7,7,12,21
2023,db,C,7,True,3,5,5,0,0,3,3,5,10
2023,db,C,7,True,4,3,3,0,0,0,0,3,6
2023,db,C,7,True,5,3,3,0,0,0,4,3,6
2023,db,C,7,True,6,1,1,0,0,0,0,1,2
2023,db,C,7,True,7,1,1,0,0,1,0,1,2
2023,db,C,7,True,8,2,2,0,0,1,2,2,4
2023,db,C,7,True,9,1,1,0,0,1,1,1,2
2023,db,C,7,True,11,1,1,0,0,0,1,1,2
2023,e,P,6,False,-13,1,0,1,0,0,0,3,2
2023,e,P,6,False,-8,1,0,1,0,0,0,3,2
2023,e,P,6,False,-7,3,0,3,0,2,4,9,6
2023,e,P,6,False,-6,1,0,1,0,2,0,3,2
2023,e,P,6,False,-5,1,0,1,0,3,5,3,2
2023,e,P,6,False,-4,4,0,4,0,6,4,12,8
2023,e,P,6,False,-3,5,0,5,0,4,7,15,10
2023,e,P,6,False,-2,6,1,4,1,13,7,21,18
2023,e,P,6,False,-1,7,2,5,0,12,5,21,16
2023,e,P,6,False,0,13,7,6,0,32,21,40,38
2023,e,P,6,False,1,10,8,2,0,9,10,30,29
2023,e,P,6,False,2,12,7,5,0,8,28,36,31
2023,e,P,6,False,3,1,1,0,0,3,0,3,3
2023,e,P,6,False,4,3,3,0,0,3,8,10,10
2023,e,P,6,False,5,1,1,0,0,5,3,3,3
2023,e,P,6,False,6,1,1,0,0,0,0,3,3
2023,e,P,6,False,8,1,1,0,0,0,0,3,3
2023,e,P,6,True,-8,1,0,1,0,2,2,3,3
2023,e,P,6,True,-6,1,0,1,0,2,2,3,3
2023,e,P,6,True,-5,5,0,5,0,8,0,15,15
2023,e,P,6,True,-4,2,0,2,0,2,4,6,6
2023,e,P,6,True,-3,6,0,6,0,10,13,18,18
2023,e,P,6,True,-2,9,3,6,0,13,9,27,28
2023,e,P,6,True,-1,9,3,6,0,9,11,29,30
2023,e,P,6,True,0,9,4,4,1,14,13,29,33
2023,e,P,6,True,1,12,10,2,0,9,11,30,38
2023,e,P,6,True,2,5,5,0,0,7,5,11,15
2023,e,P,6,True,3,6,6,0,0,4,3,14,19
2023,e,P,6,True,4,1,1,0,0,2,0,2,3
2023,e,P,6,True,5,3,3,0,0,1,1,6,9
2023,e,P,6,True,6,2,2,0,0,2,2,4,6
2023,e,P,6,True,7,1,1,0,0,0,3,2,3
2023,e,P,7,False,-13,1,0,1,0,0,0,2,1
2023,e,P,7,False,-10,1,0,1,0,1,0,2,1
2023,e,P,7,False,-8,1,0,1,0,0,0,2,1
2023,e,P,7,False,-7,1,0,1,0,0,1,2,1
2023,e,P,7,False,-6,3,0,3,0,2,0,6,3
2023,e,P,7,False,-4,6,0,6,0,3,5,12,6
2023,e,P,7,False,-3,4,0,4,0,3,6,8,4
2023,e,P,7,False,-2,7,0,7,0,5,5,15,9
2023,e,P,7,False,-1,8,2,5,1,14,5,19,15
2023,e,P,7,False,0,11,6,5,0,20,10,22,20
2023,e,P,7,False,1,11,10,1,0,15,11,22,21
2023,e,P,7,False,2,7,6,1,0,1,5,15,14
2023,e,P,7,False,3,4,2,2,0,2,13,8,7
2023,e,P,7,False,4,2,2,0,0,2,0,4,4
2023,e,P,7,False,5,1,1,0,0,5,3,2,2
2023,e,P,7,False,6,2,2,0,0,0,0,4,4
2023,e,P,7,False,8,1,1,0,0,0,0,2,2
2023,e,P,7,True,-10,1,0,1,0,2,0,2,2
2023,e,P,7,True,-7,1,0,1,0,2,1,2,2
2023,e,P,7,True,-5,4,0,4,0,3,0,8,8
2023,e,P,7,True,-4,3,0,3,0,4,5,6,6
2023,e,P,7,True,-3,7,0,7,0,5,9,14,14
2023,e,P,7,True,-2,7,1,6,0,5,11,14,14
2023,e,P,7,True,-1,8,4,4,0,14,2,16,19
2023,e,P,7,True,0,9,3,5,1,5,9,27,27
2023,e,P,7,True,1,13,11,2,0,8,11,16,26
2023,e,P,7,True,2,5,5,0,0,6,4,6,10
2023,e,P,7,True,3,6,6,0,0,2,3,8,13
2023,e,P,7,True,4,1,1,0,0,0,0,1,2
2023,e,P,7,True,5,5,5,0,0,2,1,5,10
2023,e,P,7,True,6,2,2,0,0,0,0,2,4
2023,f,P,6,False,-7,1,0,1,0,1,0,3,2
2023,f,P,6,False,-5,2,0,2,0,5,0,6,4
2023,f,P,6,False,-4,4,0,4,0,3,2,12,8
2023,f,P,6,False,-3,6,0,6,0,2,5,18,12
2023,f,P,6,False,-2,6,0,6,0,4,5,18,12
2023,f,P,6,False,-1,9,2,7,0,9,11,30,25
2023,f,P,6,False,0,15,4,10,1,15,24,52,47
2023,f,P,6,False,1,8,3,5,0,2,11,27,26
2023,f,P,6,False,2,10,9,1,0,16,11,30,30
2023,f,P,6,False,3,4,4,0,0,5,5,12,12
2023,f,P,6,False,4,1,1,0,0,0,2,3,3
2023,f,P,6,False,5,1,1,0,0,0,1,3,3
2023,f,P,6,False,6,4,4,0,0,6,2,12,12
2023,f,P,6,False,7,1,1,0,0,0,0,3,3
2023,f,P,6,True,-9,2,0,2,0,0,2,6,6
2023,f,P,6,True,-5,2,0,2,0,3,0,6,6
2023,f,P,6,True,-4,3,0,3,0,1,6,9,9
2023,f,P,6,True,-3,5,0,5,0,2,9,15,15
2023,f,P,6,True,-2,10,1,9,0,9,15,29,30
2023,f,P,6,True,-1,11,1,10,0,5,9,33,33
2023,f,P,6,True,0,10,3,7,0,7,21,34,35
2023,f,P,6,True,1,5,3,2,0,6,7,15,17
2023,f,P,6,True,2,4,4,0,0,2,2,8,12
2023,f,P,6,True,3,6,6,0,0,3,3,12,18
2023,f,P,6,True,4,6,6,0,0,2,5,12,18
2023,f,P,6,True,5,4,4,0,0,2,1,8,12
2023,f,P,6,True,7,3,3,0,0,1,2,6,9
2023,f,P,7,False,-7,1,0,1,0,1,0,2,1
2023,f,P,7,False,-5,3,0,3,0,4,1,6,3
2023,f,P,7,False,-4,5,0,5,0,3,2,10,5
2023,f,P,7,False,-3,4,0,4,0,1,0,8,4
2023,f,P,7,False,-2,8,1,7,0,4,3,17,10
2023,f,P,7,False,-1,9,1,8,0,6,7,19,12
2023,f,P,7,False,0,12,1,10,1,2,15,32,30
2023,f,P,7,False,1,9,6,3,0,3,6,21,20
2023,f,P,7,False,2,8,7,1,0,9,9,16,16
2023,f,P,7,False,3,4,4,0,0,2,4,8,8
2023,f,P,7,False,4,2,2,0,0,0,2,4,4
2023,f,P,7,False,5,3,3,0,0,1,1,6,6
2023,f,P,7,False,6,2,2,0,0,4,0,4,4
2023,f,P,7,False,7,1,1,0,0,0,0,2,2
2023,f,P,7,False,8,1,1,0,0,0,1,2,2
2023,f,P,7,True,-9,2,0,2,0,0,2,4,4
2023,f,P,7,True,-6,2,0,2,0,0,0,4,4
2023,f,P,7,True,-5,3,0,3,0,3,0,6,6
2023,f,P,7,True,-4,5,0,5,0,0,9,10,10
2023,f,P,7,True,-3,2,0,2,0,2,0,4,4
2023,f,P,7,True,-2,9,0,9,0,2,7,18,18
2023,f,P,7,True,-1,10,1,9,0,5,4,19,20
2023,f,P,7,True,0,10,4,6,0,7,19,25,26
2023,f,P,7,True,1,4,2,2,0,3,4,6,8
2023,f,P,7,True,2,7,7,0,0,4,3,9,15
2023,f,P,7,True,3,3,3,0,0,0,2,3,6
2023,f,P,7,True,4,6,6,0,0,0,1,6,12
2023,f,P,7,True,5,5,5,0,0,2,3,5,10
2023,f,P,7,True,6,1,1,0,0,0,0,1,2
2023,f,P,7,True,7,1,1,0,0,0,0,1,2
2023,f,P,7,True,8,1,1,0,0,0,1,1,2
2023,g,C,6,False,-9,1,0,1,0,0,6,3,2
2023,g,C,6,False,-7,1,0,1,0,1,1,3,2
2023,g,C,6,False,-6,2,0,2,0,6,0,6,4
2023,g,C,6,False,-4,3,0,3,0,3,8,9,6
2023,g,C,6,False,-3,5,0,5,0,7,1,15,10
2023,g,C,6,False,-2,10,0,10,0,3,13,31,22
2023,g,C,6,False,-1,14,3,11,0,11,11,42,32
2023,g,C,6,False,0,8,5,3,0,20,10,28,25
2023,g,C,6,False,1,10,6,4,0,14,15,30,27
2023,g,C,6,False,2,4,4,0,0,5,4,12,12
2023,g,C,6,False,3,5,5,0,0,11,1,15,15
2023,g,C,6,False,4,2,2,0,0,6,2,6,6
2023,g,C,6,False,5,4,4,0,0,8,8,12,12
2023,g,C,6,False,6,3,3,0,0,4,5,9,9
2023,g,C,6,True,-7,1,0,1,0,1,1,3,3
2023,g,C,6,True,-6,3,0,3,0,0,2,6,7
2023,g,C,6,True,-5,1,0,1,0,3,1,3,3
2023,g,C,6,True,-3,2,0,2,0,0,3,6,6
2023,g,C,6,True,-2,2,0,2,0,1,0,6,6
2023,g,C,6,True,-1,14,5,9,0,27,25,44,46
2023,g,C,6,True,0,15,6,7,2,15,22,56,60
2023,g,C,6,True,1,14,9,5,0,22,29,43,49
2023,g,C,6,True,2,7,7,0,0,5,8,15,21
2023,g,C,6,True,3,4,4,0,0,6,1,8,12
2023,g,C,6,True,4,4,4,0,0,5,5,9,12
2023,g,C,6,True,5,2,2,0,0,2,3,4,6
2023,g,C,6,True,6,2,2,0,0,1,0,4,6
2023,g,C,7,False,-9,2,0,2,0,1,7,4,2
2023,g,C,7,False,-6,3,0,3,0,3,1,6,3
2023,g,C,7,False,-5,3,0,3,0,3,2,6,3
2023,g,C,7,False,-4,2,0,2,0,0,0,4,2
2023,g,C,7,False,-3,8,0,8,0,6,1,16,8
2023,g,C,7,False,-2,8,1,7,0,3,0,16,9
2023,g,C,7,False,-1,10,2,8,0,4,0,20,12
2023,g,C,7,False,0,8,4,4,0,13,5,21,19
2023,g,C,7,False,1,10,7,3,0,14,11,20,18
2023,g,C,7,False,2,5,5,0,0,3,2,10,10
2023,g,C,7,False,3,4,4,0,0,11,1,8,8
2023,g,C,7,False,4,4,4,0,0,1,5,8,8
2023,g,C,7,False,5,2,2,0,0,4,3,4,4
2023,g,C,7,False,6,3,3,0,0,10,1,6,6
2023,g,C,7,True,-7,1,0,1,0,1,1,2,2
2023,g,C,7,True,-6,2,0,2,0,0,2,4,4
2023,g,C,7,True,-5,3,0,3,0,5,4,6,6
2023,g,C,7,True,-3,3,0,3,0,0,1,6,6
2023,g,C,7,True,-2,3,0,3,0,2,2,6,6
2023,g,C,7,True,-1,12,3,9,0,15,11,23,25
2023,g,C,7,True,0,16,9,5,2,21,23,49,52
2023,g,C,7,True,1,10,8,2,0,6,12,20,25
2023,g,C,7,True,2,7,6,1,0,4,6,8,14
2023,g,C,7,True,3,5,5,0,0,8,1,5,10
2023,g,C,7,True,4,3,3,0,0,2,0,3,6
2023,g,C,7,True,5,2,2,0,0,0,3,2,4
2023,g,C,7,True,6,3,3,0,0,2,0,3,6
2023,h,P,6,False,-6,3,0,3,0,3,2,9,6
2023,h,P,6,False,-5,1,0,1,0,1,1,3,2
2023,h,P,6,False,-4,4,0,4,0,3,5,12,8
2023,h,P,6,False,-3,12,1,11,0,10,14,36,25
2023,h,P,6,False,-2,6,1,5,0,9,4,18,13
2023,h,P,6,False,-1,8,1,7,0,6,5,26,20
2023,h,P,6,False,0,10,4,4,2,19,6,40,38
2023,h,P,6,False,1,13,11,1,1,22,5,43,43
2023,h,P,6,False,2,10,9,1,0,22,11,32,32
2023,h,P,6,False,3,1,1,0,0,6,0,3,3
2023,h,P,6,False,4,3,3,0,0,4,1,9,9
2023,h,P,6,False,5,1,1,0,0,0,0,3,3
2023,h,P,6,True,-6,2,0,2,0,1,5,6,6
2023,h,P,6,True,-5,1,0,1,0,2,2,3,3
2023,h,P,6,True,-4,4,0,4,0,6,4,12,12
2023,h,P,6,True,-3,5,0,5,0,2,2,15,15
2023,h,P,6,True,-2,7,3,4,0,20,9,21,23
2023,h,P,6,True,-1,13,2,11,0,10,16,41,41
2023,h,P,6,True,0,9,5,4,0,5,14,31,31
2023,h,P,6,True,1,10,9,1,0,13,7,23,31
2023,h,P,6,True,2,4,4,0,0,3,2,8,12
2023,h,P,6,True,3,7,7,0,0,9,6,14,21
2023,h,P,6,True,4,3,3,0,0,3,3,6,9
2023,h,P,6,True,5,3,3,0,0,7,5,6,9
2023,h,P,6,True,7,1,1,0,0,0,0,2,3
2023,h,P,6,True,8,1,1,0,0,0,0,2,3
2023,h,P,6,True,10,1,1,0,0,0,2,2,3
2023,h,P,7,False,-6,4,0,4,0,2,0,8,4
2023,h,P,7,False,-5,5,0,5,0,2,3,10,5
2023,h,P,7,False,-4,5,0,5,0,4,0,10,5
2023,h,P,7,False,-3,8,0,8,0,4,6,16,8
2023,h,P,7,False,-2,4,0,4,0,1,0,8,4
2023,h,P,7,False,-1,10,4,6,0,14,0,21,15
2023,h,P,7,False,0,9,3,4,2,9,5,31,31
2023,h,P,7,False,1,10,8,1,1,11,6,24,24
2023,h,P,7,False,2,7,7,0,0,12,2,14,14
2023,h,P,7,False,3,1,1,0,0,3,0,2,2
2023,h,P,7,False,4,5,5,0,0,6,1,10,10
2023,h,P,7,False,5,3,3,0,0,4,0,6,6
2023,h,P,7,False,8,1,1,0,0,1,0,2,2
2023,h,P,7,True,-8,1,0,1,0,1,0,2,2
2023,h,P,7,True,-6,2,0,2,0,1,3,4,4
2023,h,P,7,True,-5,1,0,1,0,0,1,2,2
2023,h,P,7,True,-4,7,0,7,0,11,7,14,14
2023,h,P,7,True,-3,3,0,3,0,0,0,6,6
2023,h,P,7,True,-2,6,2,4,0,7,4,13,14
2023,h,P,7,True,-1,12,2,10,0,6,13,26,26
2023,h,P,7,True,0,10,6,4,0,8,5,23,24
2023,h,P,7,True,1,5,5,0,0,3,3,7,11
2023,h,P,7,True,2,5,5,0,0,0,0,5,10
2023,h,P,7,True,3,7,7,0,0,10,6,7,14
2023,h,P,7,True,4,7,7,0,0,3,2,7,14
2023,h,P,7,True,6,1,1,0,0,0,0,1,2
2023,h,P,7,True,7,2,2,0,0,0,0,2,4
2023,h,P,7,True,8,1,1,0,0,0,0,1,2
2023,h,P,7,True,10,1,1,0,0,0,2,1,2
2023,l,P,6,False,-8,2,0,2,0,0,2,6,4
2023,l,P,6,False,-6,2,0,2,0,0,0,6,4
2023,l,P,6,False,-5,1,0,1,0,1,0,3,2
2023,l,P,6,False,-4,6,0,6,0,6,3,18,12
2023,l,P,6,False,-3,8,0,8,0,11,3,25,18
2023,l,P,6,False,-2,6,0,6,0,3,3,18,12
2023,l,P,6,False,-1,8,2,6,0,12,10,24,20
2023,l,P,6,False,0,10,6,4,0,20,10,37,36
2023,l,P,6,False,1,10,6,4,0,10,10,31,29
2023,l,P,6,False,2,4,4,0,0,14,5,12,12
2023,l,P,6,False,3,4,4,0,0,6,8,12,12
2023,l,P,6,False,4,6,5,1,0,4,11,18,17
2023,l,P,6,False,5,3,3,0,0,0,4,9,9
2023,l,P,6,False,9,2,2,0,0,2,0,6,6
2023,l,P,6,True,-8,1,0,1,0,0,1,3,3
2023,l,P,6,True,-7,1,0,1,0,0,0,3,3
2023,l,P,6,True,-5,3,0,3,0,3,2,9,9
2023,l,P,6,True,-4,4,0,4,0,4,5,13,13
2023,l,P,6,True,-3,2,0,2,0,0,3,6,6
2023,l,P,6,True,-2,14,0,14,0,8,19,43,43
2023,l,P,6,True,-1,5,0,5,0,1,10,15,15
2023,l,P,6,True,0,9,4,5,0,9,13,28,30
2023,l,P,6,True,1,10,8,2,0,7,7,26,33
2023,l,P,6,True,2,8,7,0,1,4,3,20,27
2023,l,P,6,True,3,9,9,0,0,10,6,18,27
2023,l,P,6,True,4,3,3,0,0,1,4,6,9
2023,l,P,6,True,6,2,2,0,0,0,2,4,6
2023,l,P,7,False,-9,1,0,1,0,0,1,2,1
2023,l,P,7,False,-8,1,0,1,0,0,0,2,1
2023,l,P,7,False,-6,2,0,2,0,0,0,4,2
2023,l,P,7,False,-5,3,0,3,0,4,0,6,3
2023,l,P,7,False,-4,4,0,4,0,2,2,8,4
2023,l,P,7,False,-3,7,0,7,0,10,1,15,9
2023,l,P,7,False,-2,6,0,6,0,2,3,12,6
2023,l,P,7,False,-1,10,2,8,0,8,7,20,13
2023,l,P,7,False,0,11,7,4,0,19,7,29,28
2023,l,P,7,False,1,8,5,3,0,9,10,17,17
2023,l,P,7,False,2,2,2,0,0,2,0,4,4
2023,l,P,7,False,3,3,3,0,0,1,4,6,6
2023,l,P,7,False,4,6,5,1,0,5,12,12,11
2023,l,P,7,False,5,3,3,0,0,0,4,6,6
2023,l,P,7,False,6,3,3,0,0,0,0,6,6
2023,l,P,7,False,9,2,2,0,0,2,0,4,4
2023,l,P,7,True,-9,1,0,1,0,0,0,2,2
2023,l,P,7,True,-7,1,0,1,0,0,0,2,2
2023,l,P,7,True,-6,2,0,2,0,1,1,4,4
2023,l,P,7,True,-5,2,0,2,0,1,0,4,4
2023,l,P,7,True,-4,6,0,6,0,0,6,12,12
2023,l,P,7,True,-3,3,0,3,0,0,3,6,6
2023,l,P,7,True,-2,11,0,11,0,5,7,23,23
2023,l,P,7,True,-1,6,0,6,0,0,1,12,12
2023,l,P,7,True,0,6,4,2,0,9,8,11,14
2023,l,P,7,True,1,11,7,3,1,4,11,25,30
2023,l,P,7,True,2,8,8,0,0,2,1,8,16
2023,l,P,7,True,3,5,5,0,0,0,3,5,10
2023,l,P,7,True,4,3,3,0,0,1,3,3,6
2023,l,P,7,True,5,4,4,0,0,0,1,4,8
2023,l,P,7,True,6,2,2,0,0,0,1,2,4
2023,m,P,6,False,-7,2,0,2,0,1,1,6,4
2023,m,P,6,False,-6,1,0,1,0,0,1,3,2
2023,m,P,6,False,-5,6,0,6,0,0,8,18,12
2023,m,P,6,False,-3,8,0,8,0,10,10,26,19
2023,m,P,6,False,-2,11,1,9,1,14,13,38,30
2023,m,P,6,False,-1,12,3,9,0,7,8,39,31
2023,m,P,6,False,0,7,3,2,2,6,4,32,31
2023,m,P,6,False,1,3,3,0,0,7,3,9,9
2023,m,P,6,False,2,11,8,3,0,11,18,35,33
2023,m,P,6,False,3,5,5,0,0,2,4,15,15
2023,m,P,6,False,4,3,3,0,0,4,3,9,9
2023,m,P,6,False,5,2,2,0,0,0,4,6,6
2023,m,P,6,True,-5,1,0,1,0,3,5,3,3
2023,m,P,6,True,-4,2,0,2,0,1,2,6,6
2023,m,P,6,True,-3,4,0,4,0,4,12,12,12
2023,m,P,6,True,-2,10,2,8,0,23,14,28,30
2023,m,P,6,True,-1,7,2,5,0,9,8,20,21
2023,m,P,6,True,0,17,11,4,2,24,15,56,62
2023,m,P,6,True,1,5,3,2,0,5,14,14,15
2023,m,P,6,True,2,10,8,2,0,13,19,22,30
2023,m,P,6,True,3,7,7,0,0,9,8,14,21
2023,m,P,6,True,4,3,3,0,0,2,4,6,9
2023,m,P,6,True,5,3,3,0,0,8,6,6,9
2023,m,P,6,True,7,1,1,0,0,3,1,2,3
2023,m,P,6,True,8,2,2,0,0,2,0,4,6
2023,m,P,7,False,-8,3,0,3,0,1,3,6,3
2023,m,P,7,False,-7,2,0,2,0,0,0,4,2
2023,m,P,7,False,-6,3,0,3,0,1,1,6,3
2023,m,P,7,False,-5,3,0,3,0,0,1,6,3
2023,m,P,7,False,-4,3,0,3,0,0,0,6,3
2023,m,P,7,False,-3,5,0,5,0,3,2,10,5
2023,m,P,7,False,-2,8,0,8,0,2,2,16,8
2023,m,P,7,False,-1,12,2,10,0,11,9,31,24
2023,m,P,7,False,0,6,3,1,2,4,1,23,23
2023,m,P,7,False,1,7,5,1,1,4,4,17,16
2023,m,P,7,False,2,5,4,1,0,1,4,12,12
2023,m,P,7,False,3,6,6,0,0,2,2,12,12
2023,m,P,7,False,4,7,7,0,0,6,9,14,14
2023,m,P,7,False,5,1,1,0,0,0,0,2,2
2023,m,P,7,True,-8,1,0,1,0,0,1,2,2
2023,m,P,7,True,-6,1,0,1,0,0,0,2,2
2023,m,P,7,True,-5,1,0,1,0,3,5,2,2
2023,m,P,7,True,-4,2,0,2,0,2,1,4,4
2023,m,P,7,True,-3,5,1,4,0,10,3,9,10
2023,m,P,7,True,-2,7,0,7,0,4,1,14,14
2023,m,P,7,True,-1,11,4,7,0,17,21,23,23
2023,m,P,7,True,0,9,4,3,2,4,6,28,28
2023,m,P,7,True,1,10,8,2,0,4,8,12,20
2023,m,P,7,True,2,7,7,0,0,8,5,7,14
2023,m,P,7,True,3,6,6,0,0,2,9,6,12
2023,m,P,7,True,4,4,4,0,0,3,4,4,8
2023,m,P,7,True,5,1,1,0,0,0,1,1,2
2023,m,P,7,True,6,3,3,0,0,0,2,3,6
2023,m,P,7,True,8,1,1,0,0,0,0,1,2
2023,m,P,7,True,9,1,1,0,0,1,0,1,2
2023,m,P,7,True,10,2,2,0,0,1,1,2,4
2023,s,C,6,False,-6,2,0,2,0,0,5,6,4
2023,s,C,6,False,-5,2,0,2,0,6,0,6,4
2023,s,C,6,False,-4,3,0,3,0,9,3,9,7
2023,s,C,6,False,-3,4,0,4,0,3,4,12,8
2023,s,C,6,False,-2,8,0,8,0,3,2,24,16
2023,s,C,6,False,-1,14,2,11,1,18,7,49,42
2023,s,C,6,False,0,19,6,13,0,12,29,63,52
2023,s,C,6,False,1,10,5,3,2,13,15,38,36
2023,s,C,6,False,2,3,2,1,0,3,4,9,9
2023,s,C,6,False,3,3,3,0,0,7,1,9,9
2023,s,C,6,False,4,1,1,0,0,1,0,3,3
2023,s,C,6,False,5,1,1,0,0,7,0,3,3
2023,s,C,6,False,6,1,1,0,0,0,0,1,0
2023,s,C,6,True,-7,2,0,2,0,3,5,6,6
2023,s,C,6,True,-6,3,0,3,0,2,4,9,9
2023,s,C,6,True,-5,2,0,2,0,5,0,6,6
2023,s,C,6,True,-4,4,0,4,0,3,3,12,12
2023,s,C,6,True,-3,4,1,3,0,9,1,12,12
2023,s,C,6,True,-2,6,1,5,0,6,15,18,18
2023,s,C,6,True,-1,10,1,9,0,7,13,31,31
2023,s,C,6,True,0,7,4,3,0,8,13,20,23
2023,s,C,6,True,1,9,6,3,0,7,12,22,28
2023,s,C,6,True,2,8,7,1,0,7,7,19,25
2023,s,C,6,True,3,8,7,1,0,3,8,17,24
2023,s,C,6,True,4,3,3,0,0,8,6,6,9
2023,s,C,6,True,5,1,1,0,0,1,3,2,3
2023,s,C,6,True,6,1,1,0,0,1,5,2,3
2023,s,C,6,True,7,1,1,0,0,1,1,2,3
2023,s,C,6,True,8,2,2,0,0,4,4,4,6
2023,s,C,6,True,13,1,1,0,0,0,0,2,3
2023,s,C,7,False,-7,1,0,1,0,0,3,2,1
2023,s,C,7,False,-6,2,0,2,0,0,1,4,2
2023,s,C,7,False,-5,2,0,2,0,6,0,4,2
2023,s,C,7,False,-4,1,0,1,0,1,0,2,1
2023,s,C,7,False,-3,4,0,4,0,3,2,8,4
2023,s,C,7,False,-2,12,0,12,0,2,2,24,12
2023,s,C,7,False,-1,14,0,14,0,5,10,29,19
2023,s,C,7,False,0,14,4,8,2,8,10,45,41
2023,s,C,7,False,1,11,7,3,1,11,11,25,23
2023,s,C,7,False,2,3,3,0,0,4,2,6,6
2023,s,C,7,False,3,3,3,0,0,7,1,6,6
2023,s,C,7,False,4,1,1,0,0,1,0,2,2
2023,s,C,7,False,5,1,1,0,0,0,0,2,2
2023,s,C,7,False,8,1,1,0,0,4,0,2,2
2023,s,C,7,True,-9,1,0,1,0,2,3,2,2
2023,s,C,7,True,-8,1,0,1,0,0,0,2,2
2023,s,C,7,True,-7,1,0,1,0,1,0,2,2
2023,s,C,7,True,-6,2,0,2,0,1,1,4,4
2023,s,C,7,True,-5,2,1,1,0,6,1,4,4
2023,s,C,7,True,-4,8,0,8,0,7,3,16,16
2023,s,C,7,True,-3,6,1,5,0,9,7,12,12
2023,s,C,7,True,-2,3,0,3,0,0,2,6,6
2023,s,C,7,True,-1,9,1,8,0,4,8,19,19
2023,s,C,7,True,0,5,3,2,0,5,7,13,14
2023,s,C,7,True,1,10,7,3,0,2,6,13,20
2023,s,C,7,True,2,6,6,0,0,4,2,6,12
2023,s,C,7,True,3,7,6,1,0,1,6,8,14
2023,s,C,7,True,4,4,4,0,0,0,2,4,8
2023,s,C,7,True,6,3,3,0,0,2,4,3,6
2023,s,C,7,True,7,2,2,0,0,2,6,2,4
2023,s,C,7,True,12,1,1,0,0,0,2,1,2
2023,s,C,7,True,13,1,1,0,0,0,0,1,2
2023,t,C,6,False,-6,3,0,3,0,2,3,9,6
2023,t,C,6,False,-5,1,0,1,0,3,1,3,2
2023,t,C,6,False,-4,1,0,1,0,0,0,3,2
2023,t,C,6,False,-3,6,0,6,0,4,1,18,12
2023,t,C,6,False,-2,6,0,6,0,5,7,18,13
2023,t,C,6,False,-1,9,3,6,0,17,11,28,22
2023,t,C,6,False,0,9,2,5,2,9,10,36,32
2023,t,C,6,False,1,12,11,1,0,20,12,37,37
2023,t,C,6,False,2,9,9,0,0,11,2,27,27
2023,t,C,6,False,3,6,6,0,0,8,8,18,18
2023,t,C,6,False,4,4,4,0,0,6,1,12,12
2023,t,C,6,False,5,1,1,0,0,0,0,3,3
2023,t,C,6,False,6,3,3,0,0,2,1,9,9
2023,t,C,6,False,7,1,1,0,0,0,1,3,3
2023,t,C,6,True,-6,1,0,1,0,4,1,3,3
2023,t,C,6,True,-5,1,0,1,0,3,0,3,3
2023,t,C,6,True,-3,2,0,2,0,0,3,6,6
2023,t,C,6,True,-2,6,2,4,0,8,5,18,19
2023,t,C,6,True,-1,9,3,6,0,11,12,27,29
2023,t,C,6,True,0,15,10,5,0,20,20,46,51
2023,t,C,6,True,1,12,7,3,2,9,14,36,43
2023,t,C,6,True,2,4,3,0,1,6,4,12,15
2023,t,C,6,True,3,8,7,1,0,8,16,20,26
2023,t,C,6,True,4,5,5,0,0,6,5,10,15
2023,t,C,6,True,5,6,6,0,0,10,7,12,18
2023,t,C,6,True,6,1,1,0,0,2,0,2,3
2023,t,C,6,True,9,1,1,0,0,6,0,2,3
2023,t,C,7,False,-8,1,0,1,0,0,0,2,1
2023,t,C,7,False,-6,1,0,1,0,0,0,2,1
2023,t,C,7,False,-5,1,0,1,0,0,0,2,1
2023,t,C,7,False,-4,2,0,2,0,0,0,4,2
2023,t,C,7,False,-3,6,0,6,0,3,5,12,6
2023,t,C,7,False,-2,7,0,7,0,4,4,14,8
2023,t,C,7,False,-1,8,3,5,0,10,1,18,13
2023,t,C,7,False,0,8,1,5,2,5,8,24,20
2023,t,C,7,False,1,11,10,1,0,12,7,23,23
2023,t,C,7,False,2,7,7,0,0,5,1,14,14
2023,t,C,7,False,3,9,9,0,0,6,6,18,18
2023,t,C,7,False,4,3,3,0,0,5,2,6,6
2023,t,C,7,False,5,1,1,0,0,0,0,2,2
2023,t,C,7,False,6,4,4,0,0,2,1,8,8
2023,t,C,7,False,7,2,2,0,0,1,1,4,4
2023,t,C,7,True,-5,3,0,3,0,3,4,6,6
2023,t,C,7,True,-3,4,0,4,0,1,4,8,8
2023,t,C,7,True,-2,5,1,4,0,4,0,10,10
2023,t,C,7,True,-1,7,2,4,1,6,7,15,17
2023,t,C,7,True,0,16,10,5,1,18,12,40,44
2023,t,C,7,True,1,9,5,3,1,6,13,20,24
2023,t,C,7,True,2,6,6,0,0,5,0,6,12
2023,t,C,7,True,3,8,8,0,0,1,6,8,16
2023,t,C,7,True,4,5,5,0,0,4,3,5,10
2023,t,C,7,True,5,4,4,0,0,0,2,4,8
2023,t,C,7,True,7,1,1,0,0,1,0,1,2
2023,t,C,7,True,8,1,1,0,0,0,0,1,2
2023,t,C,7,True,9,2,2,0,0,7,2,2,4
2024,b,P,6,False,-11,1,0,1,0,0,3,3,2
2024,b,P,6,False,-7,1,0,1,0,1,1,3,2
2024,b,P,6,False,-6,1,0,1,0,0,0,3,2
2024,b,P,6,False,-5,3,0,3,0,1,1,9,6
2024,b,P,6,False,-4,4,0,4,0,1,9,12,8
2024,b,P,6,False,-3,5,0,5,0,0,0,15,10
2024,b,P,6,False,-2,8,1,7,0,13,7,25,19
2024,b,P,6,False,-1,15,2,13,0,9,8,46,37
2024,b,P,6,False,0,9,3,5,1,10,12,31,26
2024,b,P,6,False,1,7,6,0,1,12,3,25,25
2024,b,P,6,False,2,6,6,0,0,7,1,18,18
2024,b,P,6,False,3,5,4,1,0,5,8,16,15
2024,b,P,6,False,4,2,2,0,0,0,3,6,6
2024,b,P,6,False,5,3,3,0,0,7,1,9,9
2024,b,P,6,False,7,1,1,0,0,0,0,1,0
2024,b,P,6,False,8,1,1,0,0,0,1,3,3
2024,b,P,6,True,-10,1,0,1,0,1,0,3,3
2024,b,P,6,True,-9,1,0,1,0,0,0,3,3
2024,b,P,6,True,-8,1,0,1,0,2,1,3,3
2024,b,P,6,True,-4,2,0,2,0,1,5,6,6
2024,b,P,6,True,-3,7,0,7,0,5,9,21,21
2024,b,P,6,True,-2,3,0,3,0,2,3,10,10
2024,b,P,6,True,-1,12,2,9,1,9,13,39,39
2024,b,P,6,True,0,13,7,6,0,14,14,42,45
2024,b,P,6,True,1,9,6,3,0,10,12,26,31
2024,b,P,6,True,2,9,7,2,0,6,11,22,28
2024,b,P,6,True,3,6,6,0,0,0,1,12,18
2024,b,P,6,True,4,4,4,0,0,0,1,8,12
2024,b,P,6,True,5,2,2,0,0,2,1,4,6
2024,b,P,7,False,-14,1,0,1,0,0,0,2,1
2024,b,P,7,False,-8,1,0,1,0,1,0,2,1
2024,b,P,7,False,-6,2,0,2,0,0,1,4,2
2024,b,P,7,False,-5,3,0,3,0,0,5,6,3
2024,b,P,7,False,-4,3,0,3,0,4,1,7,5
2024,b,P,7,False,-3,7,0,7,0,0,1,14,7
2024,b,P,7,False,-2,4,0,4,0,0,3,8,4
2024,b,P,7,False,-1,16,0,15,1,2,7,35,21
2024,b,P,7,False,0,8,4,3,1,9,5,23,22
2024,b,P,7,False,1,7,6,1,0,8,6,15,14
2024,b,P,7,False,2,4,4,0,0,3,0,8,8
2024,b,P,7,False,3,5,5,0,0,5,0,10,10
2024,b,P,7,False,4,5,5,0,0,7,6,11,11
2024,b,P,7,False,5,3,3,0,0,3,0,6,6
2024,b,P,7,False,8,1,1,0,0,0,1,2,2
2024,b,P,7,True,-9,2,0,2,0,0,0,4,4
2024,b,P,7,True,-6,1,0,1,0,0,1,2,2
2024,b,P,7,True,-5,3,0,3,0,1,3,6,6
2024,b,P,7,True,-4,1,0,1,0,0,0,2,2
2024,b,P,7,True,-3,5,0,5,0,1,2,10,10
2024,b,P,7,True,-2,4,0,4,0,3,3,9,9
2024,b,P,7,True,-1,13,2,10,1,8,15,29,29
2024,b,P,7,True,0,7,4,3,0,5,6,17,17
2024,b,P,7,True,1,8,4,4,0,1,10,18,22
2024,b,P,7,True,2,9,7,2,0,4,11,13,19
2024,b,P,7,True,3,10,10,0,0,2,4,12,21
2024,b,P,7,True,4,4,4,0,0,0,0,4,8
2024,b,P,7,True,5,3,3,0,0,2,2,3,6
2024,c,C,6,False,-10,1,0,1,0,1,0,3,2
2024,c,C,6,False,-6,2,0,2,0,2,0,6,4
2024,c,C,6,False,-5,7,0,7,0,9,0,21,14
2024,c,C,6,False,-4,1,0,1,0,0,0,3,2
2024,c,C,6,False,-3,3,0,3,0,3,4,10,8
2024,c,C,6,False,-2,8,0,7,1,8,5,29,23
2024,c,C,6,False,-1,13,3,10,0,14,5,48,40
2024,c,C,6,False,0,15,7,7,1,15,17,52,46
2024,c,C,6,False,1,9,7,2,0,9,6,27,27
2024,c,C,6,False,2,5,5,0,0,7,5,15,15
2024,c,C,6,False,3,3,2,1,0,2,6,9,9
2024,c,C,6,False,4,3,3,0,0,1,3,9,9
2024,c,C,6,False,5,1,1,0,0,0,0,3,3
2024,c,C,6,False,7,1,1,0,0,0,1,3,3
2024,c,C,6,True,-6,1,0,1,0,0,0,3,3
2024,c,C,6,True,-4,5,0,5,0,2,7,15,15
2024,c,C,6,True,-3,7,1,6,0,11,10,20,21
2024,c,C,6,True,-2,8,2,6,0,8,12,23,24
2024,c,C,6,True,-1,8,1,6,1,8,5,26,27
2024,c,C,6,True,0,8,4,3,1,9,9,27,30
2024,c,C,6,True,1,8,8,0,0,6,3,17,24
2024,c,C,6,True,2,9,7,2,0,9,22,24,30
2024,c,C,6,True,3,4,4,0,0,3,2,8,12
2024,c,C,6,True,4,3,3,0,0,0,0,6,9
2024,c,C,6,True,5,2,2,0,0,1,3,4,6
2024,c,C,6,True,6,4,4,0,0,2,6,8,12
2024,c,C,6,True,7,1,1,0,0,2,0,2,3
2024,c,C,6,True,9,1,1,0,0,0,1,2,3
2024,c,C,6,True,11,1,1,0,0,3,0,2,3
2024,c,C,7,False,-10,1,0,1,0,1,0,2,1
2024,c,C,7,False,-6,1,0,1,0,1,0,2,1
2024,c,C,7,False,-5,7,0,7,0,4,0,14,7
2024,c,C,7,False,-4,3,0,3,0,1,0,6,3
2024,c,C,7,False,-3,4,0,4,0,4,3,9,6
2024,c,C,7,False,-2,5,0,4,1,3,3,13,9
2024,c,C,7,False,-1,15,3,12,0,14,5,38,28
2024,c,C,7,False,0,12,5,6,1,9,9,31,27
2024,c,C,7,False,1,10,7,3,0,5,7,23,23
2024,c,C,7,False,2,4,4,0,0,1,2,8,8
2024,c,C,7,False,3,3,3,0,0,1,0,6,6
2024,c,C,7,False,4,4,4,0,0,3,5,8,8
2024,c,C,7,False,5,2,2,0,0,0,0,4,4
2024,c,C,7,False,7,1,1,0,0,0,1,2,2
2024,c,C,7,True,-6,2,0,2,0,0,0,4,4
2024,c,C,7,True,-5,5,0,5,0,0,7,10,10
2024,c,C,7,True,-4,2,0,2,0,0,1,4,4
2024,c,C,7,True,-3,5,0,5,0,2,5,10,10
2024,c,C,7,True,-2,9,2,7,0,9,3,17,18
2024,c,C,7,True,-1,5,2,3,0,6,0,9,10
2024,c,C,7,True,0,9,4,3,2,9,8,24,27
2024,c,C,7,True,1,9,8,1,0,2,4,14,21
2024,c,C,7,True,2,6,5,1,0,2,11,7,12
2024,c,C,7,True,3,5,5,0,0,3,1,5,10
2024,c,C,7,True,4,4,4,0,0,0,0,4,8
2024,c,C,7,True,5,1,1,0,0,0,1,1,2
2024,c,C,7,True,6,4,4,0,0,2,6,4,8
2024,c,C,7,True,7,1,1,0,0,0,0,1,2
2024,c,C,7,True,8,2,2,0,0,1,0,2,4
2024,c,C,7,True,14,1,1,0,0,0,0,1,2
2024,d,C,6,False,-9,1,0,1,0,0,1,3,2
2024,d,C,6,False,-8,1,0,1,0,0,5,3,2
2024,d,C,6,False,-7,1,0,1,0,3,0,3,2
2024,d,C,6,False,-6,2,1,1,0,8,1,6,5
2024,d,C,6,False,-5,2,0,2,0,0,2,6,4
2024,d,C,6,False,-4,6,0,5,1,9,10,21,16
2024,d,C,6,False,-3,5,0,5,0,9,5,17,14
2024,d,C,6,False,-2,10,0,10,0,6,12,32,23
2024,d,C,6,False,-1,12,1,11,0,5,13,38,29
2024,d,C,6,False,0,13,6,5,2,14,22,48,44
2024,d,C,6,False,1,9,7,1,1,6,5,32,32
2024,d,C,6,False,2,7,7,0,0,11,6,21,21
2024,d,C,6,False,3,1,1,0,0,0,0,3,3
2024,d,C,6,False,4,1,1,0,0,0,0,3,3
2024,d,C,6,False,5,1,1,0,0,0,0,3,3
2024,d,C,6,True,-11,1,0,1,0,0,0,3,3
2024,d,C,6,True,-7,1,0,1,0,2,0,3,3
2024,d,C,6,True,-6,1,0,1,0,0,1,3,3
2024,d,C,6,True,-5,2,0,2,0,1,0,6,6
2024,d,C,6,True,-4,5,0,5,0,8,5,15,15
2024,d,C,6,True,-3,2,0,2,0,0,0,6,6
2024,d,C,6,True,-2,13,2,10,1,17,9,45,45
2024,d,C,6,True,-1,5,1,4,0,5,8,14,15
2024,d,C,6,True,0,12,5,5,2,10,16,42,45
2024,d,C,6,True,1,12,10,1,1,3,4,29,39
2024,d,C,6,True,2,8,8,0,0,3,0,16,24
2024,d,C,6,True,3,3,3,0,0,1,1,6,9
2024,d,C,6,True,5,3,3,0,0,0,2,6,9
2024,d,C,6,True,6,1,1,0,0,0,0,2,3
2024,d,C,6,True,7,1,1,0,0,0,0,2,3
2024,d,C,6,True,11,1,1,0,0,0,1,2,3
2024,d,C,7,False,-13,1,0,1,0,0,0,2,1
2024,d,C,7,False,-10,1,0,1,0,0,0,2,1
2024,d,C,7,False,-7,1,0,1,0,3,0,2,1
2024,d,C,7,False,-6,2,0,2,0,0,0,4,2
2024,d,C,7,False,-5,4,0,4,0,0,4,8,4
2024,d,C,7,False,-4,5,1,4,0,8,8,10,6
2024,d,C,7,False,-3,7,0,7,0,2,1,14,7
2024,d,C,7,False,-2,10,0,9,1,10,10,27,20
2024,d,C,7,False,-1,12,3,9,0,8,3,29,22
2024,d,C,7,False,0,7,3,2,2,3,2,23,23
2024,d,C,7,False,1,8,5,2,1,4,8,20,19
2024,d,C,7,False,2,7,7,0,0,3,4,14,14
2024,d,C,7,False,3,2,2,0,0,0,2,4,4
2024,d,C,7,False,4,1,1,0,0,0,0,2,2
2024,d,C,7,False,5,3,3,0,0,2,3,6,6
2024,d,C,7,True,-11,1,0,1,0,0,0,2,2
2024,d,C,7,True,-7,1,0,1,0,2,0,2,2
2024,d,C,7,True,-6,1,0,1,0,0,1,2,2
2024,d,C,7,True,-5,2,0,2,0,1,0,4,4
2024,d,C,7,True,-4,4,0,4,0,5,5,8,8
2024,d,C,7,True,-3,2,0,2,0,0,0,4,4
2024,d,C,7,True,-2,15,2,12,1,13,10,32,33
2024,d,C,7,True,-1,7,1,6,0,5,6,14,15
2024,d,C,7,True,0,9,4,3,2,5,7,28,29
2024,d,C,7,True,1,10,10,0,0,2,0,10,20
2024,d,C,7,True,2,9,8,0,1,3,2,13,21
2024,d,C,7,True,3,4,4,0,0,1,1,4,8
2024,d,C,7,True,5,3,3,0,0,0,2,3,6
2024,d,C,7,True,6,1,1,0,0,0,0,1,2
2024,d,C,7,True,7,1,1,0,0,0,0,1,2
2024,d,C,7,True,10,1,1,0,0,0,0,1,2
2024,db,C,6,False,-11,1,0,1,0,1,0,3,2
2024,db,C,6,False,-9,1,0,1,0,1,0,3,2
2024,db,C,6,False,-7,2,0,2,0,0,2,6,4
2024,db,C,6,False,-6,2,0,2,0,4,2,6,4
2024,db,C,6,False,-5,3,0,3,0,1,1,9,6
2024,db,C,6,False,-4,1,0,1,0,0,0,3,2
2024,db,C,6,False,-3,4,0,4,0,1,2,12,8
2024,db,C,6,False,-2,1,0,1,0,0,2,3,2
2024,db,C,6,False,-1,6,1,5,0,15,6,20,16
2024,db,C,6,False,0,12,3,7,2,6,13,46,42
2024,db,C,6,False,1,8,5,3,0,5,11,25,24
2024,db,C,6,False,2,11,10,1,0,6,8,33,33
2024,db,C,6,False,3,4,3,1,0,4,5,12,11
2024,db,C,6,False,4,9,9,0,0,11,8,27,27
2024,db,C,6,False,5,2,2,0,0,4,0,6,6
2024,db,C,6,False,6,3,3,0,0,0,1,9,9
2024,db,C,6,False,11,1,1,0,0,0,0,3,3
2024,db,C,6,True,-9,1,0,1,0,0,0,3,3
2024,db,C,6,True,-8,1,0,1,0,0,0,3,3
2024,db,C,6,True,-7,1,0,1,0,0,3,3,3
2024,db,C,6,True,-5,2,0,2,0,0,1,6,6
2024,db,C,6,True,-4,1,0,1,0,0,0,3,3
2024,db,C,6,True,-3,4,0,4,0,2,2,12,12
2024,db,C,6,True,-2,7,1,6,0,5,10,20,21
2024,db,C,6,True,-1,11,2,9,0,16,18,33,34
2024,db,C,6,True,0,11,4,6,1,17,14,32,36
2024,db,C,6,True,1,13,9,4,0,10,16,38,46
2024,db,C,6,True,2,6,6,0,0,4,5,18,22
2024,db,C,6,True,3,4,3,1,0,6,9,11,13
2024,db,C,6,True,4,2,2,0,0,4,6,4,6
2024,db,C,6,True,5,3,3,0,0,0,1,4,7
2024,db,C,6,True,6,4,3,1,0,1,10,9,12
2024,db,C,6,True,10,1,1,0,0,2,2,2,3
2024,db,C,7,False,-10,1,0,1,0,0,0,2,1
2024,db,C,7,False,-8,2,0,2,0,0,1,4,2
2024,db,C,7,False,-7,1,0,1,0,0,0,2,1
2024,db,C,7,False,-6,2,0,2,0,4,2,4,2
2024,db,C,7,False,-5,4,0,4,0,1,1,8,4
2024,db,C,7,False,-4,2,0,2,0,0,0,4,2
2024,db,C,7,False,-3,4,0,4,0,0,0,8,4
2024,db,C,7,False,-2,2,0,2,0,4,3,6,5
2024,db,C,7,False,-1,5,0,5,0,0,2,10,5
2024,db,C,7,False,0,12,4,6,2,7,10,35,32
2024,db,C,7,False,1,6,5,1,0,1,3,12,12
2024,db,C,7,False,2,10,8,2,0,4,8,20,20
2024,db,C,7,False,3,6,6,0,0,2,2,12,12
2024,db,C,7,False,4,5,5,0,0,3,0,10,10
2024,db,C,7,False,5,5,5,0,0,13,0,10,10
2024,db,C,7,False,6,3,3,0,0,0,1,6,6
2024,db,C,7,False,11,1,1,0,0,0,0,2,2
2024,db,C,7,True,-9,2,0,2,0,0,0,4,4
2024,db,C,7,True,-8,1,0,1,0,0,0,2,2
2024,db,C,7,True,-7,1,0,1,0,0,3,2,2
2024,db,C,7,True,-5,2,0,2,0,0,1,4,4
2024,db,C,7,True,-4,2,0,2,0,0,0,4,4
2024,db,C,7,True,-3,5,0,5,0,4,3,10,10
2024,db,C,7,True,-2,8,2,6,0,10,3,14,16
2024,db,C,7,True,-1,11,2,9,0,9,5,22,23
2024,db,C,7,True,0,7,2,4,1,2,8,18,19
2024,db,C,7,True,1,10,7,3,0,5,14,24,29
2024,db,C,7,True,2,8,7,1,0,6,4,9,16
2024,db,C,7,True,3,4,4,0,0,1,3,6,9
2024,db,C,7,True,4,3,2,1,0,3,7,4,6
2024,db,C,7,True,5,4,4,0,0,0,3,4,8
2024,db,C,7,True,6,2,2,0,0,0,1,2,4
2024,db,C,7,True,8,1,1,0,0,2,0,1,2
2024,e,P,6,False,-20,1,0,1,0,0,1,3,2
2024,e,P,6,False,-16,1,0,1,0,3,0,3,2
2024,e,P,6,False,-11,1,0,1,0,2,1,3,2
2024,e,P,6,False,-10,1,0,1,0,0,2,3,2
2024,e,P,6,False,-8,1,0,1,0,0,0,3,2
2024,e,P,6,False,-6,2,0,2,0,2,5,6,4
2024,e,P,6,False,-5,3,0,3,0,4,0,7,4
2024,e,P,6,False,-4,3,0,3,0,4,4,9,6
2024,e,P,6,False,-3,5,0,5,0,2,9,15,10
2024,e,P,6,False,-2,5,1,4,0,6,1,16,13
2024,e,P,6,False,-1,8,2,5,1,9,9,30,25
2024,e,P,6,False,0,3,2,1,0,8,1,10,10
2024,e,P,6,False,1,12,9,2,1,24,21,39,38
2024,e,P,6,False,2,8,6,2,0,1,10,25,24
2024,e,P,6,False,3,9,8,1,0,13,12,28,28
2024,e,P,6,False,4,3,3,0,0,4,1,9,9
2024,e,P,6,False,5,5,5,0,0,8,3,15,15
2024,e,P,6,False,8,1,1,0,0,5,0,3,3
2024,e,P,6,True,-8,1,0,1,0,1,0,3,3
2024,e,P,6,True,-7,3,0,3,0,0,0,6,7
2024,e,P,6,True,-5,2,0,2,0,0,2,6,6
2024,e,P,6,True,-4,7,1,6,0,13,3,21,21
2024,e,P,6,True,-3,7,0,7,0,3,14,21,21
2024,e,P,6,True,-2,8,1,6,1,6,15,27,27
2024,e,P,6,True,-1,7,2,5,0,8,14,24,25
2024,e,P,6,True,0,14,5,8,1,15,19,49,51
2024,e,P,6,True,1,4,4,0,0,3,1,9,12
2024,e,P,6,True,2,5,5,0,0,9,4,10,15
2024,e,P,6,True,3,4,4,0,0,0,2,8,12
2024,e,P,6,True,4,4,4,0,0,1,2,8,12
2024,e,P,6,True,5,2,2,0,0,0,3,4,6
2024,e,P,6,True,6,1,1,0,0,6,1,2,3
2024,e,P,6,True,7,1,1,0,0,0,0,2,3
2024,e,P,7,False,-20,1,0,1,0,0,1,2,1
2024,e,P,7,False,-14,1,0,1,0,1,0,2,1
2024,e,P,7,False,-10,2,0,2,0,0,2,4,2
2024,e,P,7,False,-9,1,0,1,0,0,0,2,1
2024,e,P,7,False,-8,2,0,2,0,0,0,4,2
2024,e,P,7,False,-7,1,0,1,0,2,1,2,1
2024,e,P,7,False,-5,2,0,1,1,6,1,7,6
2024,e,P,7,False,-4,5,0,5,0,5,4,10,5
2024,e,P,7,False,-3,4,0,4,0,2,2,8,4
2024,e,P,7,False,-2,6,1,5,0,6,1,13,9
2024,e,P,7,False,-1,8,2,5,1,10,6,23,19
2024,e,P,7,False,0,4,3,1,0,9,1,9,9
2024,e,P,7,False,1,9,6,3,0,4,9,18,17
2024,e,P,7,False,2,7,7,0,0,2,4,15,15
2024,e,P,7,False,3,5,5,0,0,7,3,10,10
2024,e,P,7,False,4,5,5,0,0,0,2,10,10
2024,e,P,7,False,5,5,5,0,0,3,2,10,10
2024,e,P,7,False,6,1,1,0,0,0,0,2,2
2024,e,P,7,False,8,1,1,0,0,4,1,2,2
2024,e,P,7,False,11,1,1,0,0,2,0,2,2
2024,e,P,7,True,-8,1,0,1,0,1,0,2,2
2024,e,P,7,True,-7,2,0,2,0,0,0,4,4
2024,e,P,7,True,-5,4,0,4,0,0,6,8,8
2024,e,P,7,True,-4,7,1,6,0,11,5,14,14
2024,e,P,7,True,-3,7,0,7,0,0,6,14,14
2024,e,P,7,True,-2,4,0,4,0,0,10,8,8
2024,e,P,7,True,-1,8,2,6,0,8,9,20,20
2024,e,P,7,True,0,13,5,6,2,10,12,37,38
2024,e,P,7,True,1,6,5,1,0,4,4,7,12
2024,e,P,7,True,2,1,1,0,0,0,0,1,2
2024,e,P,7,True,3,7,7,0,0,0,4,7,14
2024,e,P,7,True,4,4,4,0,0,1,2,4,8
2024,e,P,7,True,5,2,2,0,0,0,3,2,4
2024,e,P,7,True,7,2,2,0,0,0,1,2,4
2024,e,P,7,True,12,1,1,0,0,0,1,1,2
2024,f,P,6,False,-5,1,0,1,0,0,0,3,2
2024,f,P,6,False,-4,5,0,5,0,4,4,15,10
2024,f,P,6,False,-3,9,1,8,0,8,3,27,19
2024,f,P,6,False,-2,7,1,6,0,10,5,21,16
2024,f,P,6,False,-1,11,3,7,1,18,10,38,34
2024,f,P,6,False,0,14,7,6,1,17,18,50,46
2024,f,P,6,False,1,11,9,2,0,13,10,37,36
2024,f,P,6,False,2,6,6,0,0,9,2,20,20
2024,f,P,6,False,3,2,2,0,0,0,0,6,6
2024,f,P,6,False,4,3,3,0,0,3,1,9,9
2024,f,P,6,False,6,1,1,0,0,0,0,3,3
2024,f,P,6,False,8,1,1,0,0,0,0,3,3
2024,f,P,6,True,-8,1,0,1,0,0,5,3,3
2024,f,P,6,True,-7,1,0,1,0,1,0,3,3
2024,f,P,6,True,-5,4,0,4,0,3,8,12,12
2024,f,P,6,True,-4,4,0,4,0,4,5,12,12
2024,f,P,6,True,-3,4,1,3,0,11,5,14,14
2024,f,P,6,True,-2,5,1,4,0,6,9,18,18
2024,f,P,6,True,-1,9,4,3,2,24,15,31,33
2024,f,P,6,True,0,7,3,3,1,8,9,27,28
2024,f,P,6,True,1,15,10,2,3,22,13,49,57
2024,f,P,6,True,2,7,7,0,0,14,9,17,22
2024,f,P,6,True,3,3,3,0,0,0,0,6,9
2024,f,P,6,True,4,4,4,0,0,9,3,8,12
2024,f,P,6,True,5,3,3,0,0,0,5,6,9
2024,f,P,6,True,6,1,1,0,0,0,1,2,3
2024,f,P,6,True,7,3,3,0,0,3,1,6,9
2024,f,P,6,True,9,1,1,0,0,0,0,2,3
2024,f,P,7,False,-8,1,0,1,0,0,0,2,1
2024,f,P,7,False,-5,3,0,3,0,3,0,6,3
2024,f,P,7,False,-4,4,0,4,0,4,0,8,4
2024,f,P,7,False,-3,11,1,10,0,9,4,22,12
2024,f,P,7,False,-2,5,0,5,0,0,1,10,5
2024,f,P,7,False,-1,7,3,4,0,9,2,14,11
2024,f,P,7,False,0,15,8,5,2,20,11,43,42
2024,f,P,7,False,1,11,8,3,0,11,9,28,27
2024,f,P,7,False,2,5,5,0,0,4,1,10,10
2024,f,P,7,False,3,3,3,0,0,0,0,6,6
2024,f,P,7,False,4,3,3,0,0,3,1,6,6
2024,f,P,7,False,5,1,1,0,0,1,0,2,2
2024,f,P,7,False,6,1,1,0,0,0,0,2,2
2024,f,P,7,False,8,1,1,0,0,0,0,2,2
2024,f,P,7,True,-11,1,0,1,0,0,2,2,2
2024,f,P,7,True,-6,2,0,2,0,0,0,4,4
2024,f,P,7,True,-5,4,0,4,0,2,7,8,8
2024,f,P,7,True,-4,3,0,3,0,6,2,7,7
2024,f,P,7,True,-3,1,0,1,0,1,2,2,2
2024,f,P,7,True,-2,6,0,6,0,3,11,12,12
2024,f,P,7,True,-1,4,2,2,0,5,5,7,8
2024,f,P,7,True,0,11,5,5,1,8,9,29,30
2024,f,P,7,True,1,11,6,1,4,10,12,34,38
2024,f,P,7,True,2,5,5,0,0,4,2,8,12
2024,f,P,7,True,3,8,8,0,0,3,7,9,16
2024,f,P,7,True,4,6,6,0,0,3,4,8,13
2024,f,P,7,True,5,5,4,0,1,7,6,9,13
2024,f,P,7,True,6,1,1,0,0,0,1,1,2
2024,f,P,7,True,7,1,1,0,0,0,0,1,2
2024,f,P,7,True,8,1,1,0,0,0,1,1,2
2024,f,P,7,True,9,2,2,0,0,0,0,2,4
2024,g,C,6,False,-7,1,0,1,0,0,0,3,2
2024,g,C,6,False,-6,2,0,2,0,0,1,6,4
2024,g,C,6,False,-5,2,0,2,0,5,2,6,4
2024,g,C,6,False,-4,2,0,2,0,1,2,6,4
2024,g,C,6,False,-3,4,0,4,0,6,2,13,10
2024,g,C,6,False,-2,6,1,5,0,10,0,18,13
2024,g,C,6,False,-1,6,0,5,1,2,3,23,19
2024,g,C,6,False,0,10,7,2,1,15,10,32,30
2024,g,C,6,False,1,12,9,2,1,13,8,38,37
2024,g,C,6,False,2,10,7,3,0,10,14,32,31
2024,g,C,6,False,3,7,7,0,0,17,3,21,21
2024,g,C,6,False,4,4,3,1,0,0,9,12,12
2024,g,C,6,False,5,2,2,0,0,2,1,6,6
2024,g,C,6,False,7,1,1,0,0,3,0,3,3
2024,g,C,6,False,8,1,1,0,0,0,0,3,3
2024,g,C,6,True,-8,1,0,1,0,0,1,3,3
2024,g,C,6,True,-5,3,0,3,0,0,4,9,9
2024,g,C,6,True,-4,3,0,3,0,1,1,9,9
2024,g,C,6,True,-3,4,0,4,0,7,5,12,12
2024,g,C,6,True,-2,6,0,6,0,1,7,18,18
2024,g,C,6,True,-1,8,2,6,0,8,7,26,26
2024,g,C,6,True,0,12,5,5,2,16,17,45,48
2024,g,C,6,True,1,14,12,2,0,7,7,37,47
2024,g,C,6,True,2,5,4,0,1,4,5,14,18
2024,g,C,6,True,3,6,6,0,0,5,3,12,18
2024,g,C,6,True,4,4,4,0,0,6,3,8,12
2024,g,C,6,True,5,4,4,0,0,1,1,8,12
2024,g,C,6,True,7,1,1,0,0,0,4,2,3
2024,g,C,6,True,11,1,1,0,0,5,0,2,3
2024,g,C,7,False,-7,1,0,1,0,0,0,2,1
2024,g,C,7,False,-6,2,0,2,0,0,1,4,2
2024,g,C,7,False,-5,2,0,2,0,2,0,4,2
2024,g,C,7,False,-4,1,0,1,0,0,0,2,1
2024,g,C,7,False,-3,6,0,6,0,6,3,13,8
2024,g,C,7,False,-2,6,1,5,0,10,0,12,7
2024,g,C,7,False,-1,7,1,5,1,4,2,20,16
2024,g,C,7,False,0,6,3,1,2,7,1,18,17
2024,g,C,7,False,1,12,8,4,0,9,15,25,24
2024,g,C,7,False,2,10,9,1,0,4,8,20,19
2024,g,C,7,False,3,5,5,0,0,2,0,10,10
2024,g,C,7,False,4,3,2,1,0,3,5,6,6
2024,g,C,7,False,5,4,4,0,0,3,0,8,8
2024,g,C,7,False,6,2,2,0,0,1,1,4,4
2024,g,C,7,False,7,1,1,0,0,3,0,2,2
2024,g,C,7,False,8,1,1,0,0,0,0,2,2
2024,g,C,7,True,-9,1,0,1,0,0,0,2,2
2024,g,C,7,True,-5,4,0,4,0,0,5,8,8
2024,g,C,7,True,-4,2,0,2,0,0,1,4,4
2024,g,C,7,True,-3,8,0,8,0,8,5,16,16
2024,g,C,7,True,-2,6,0,6,0,3,3,13,13
2024,g,C,7,True,-1,9,3,6,0,7,2,22,22
2024,g,C,7,True,0,7,3,2,2,7,10,25,26
2024,g,C,7,True,1,12,11,1,0,3,3,16,26
2024,g,C,7,True,2,6,5,0,1,4,4,10,15
2024,g,C,7,True,3,6,6,0,0,3,2,6,12
2024,g,C,7,True,4,3,3,0,0,2,1,3,6
2024,g,C,7,True,5,6,6,0,0,1,1,6,12
2024,g,C,7,True,6,1,1,0,0,0,0,1,2
2024,g,C,7,True,13,1,1,0,0,3,0,1,2
2024,h,P,6,False,-6,1,0,1,0,2,0,3,2
2024,h,P,6,False,-4,1,0,1,0,4,3,3,2
2024,h,P,6,False,-3,5,0,5,0,1,0,15,10
2024,h,P,6,False,-2,9,0,9,0,6,16,27,19
2024,h,P,6,False,-1,8,2,6,0,8,7,28,23
2024,h,P,6,False,0,13,8,4,1,22,14,49,48
2024,h,P,6,False,1,6,4,2,0,12,9,18,17
2024,h,P,6,False,2,7,7,0,0,23,5,21,21
2024,h,P,6,False,3,5,5,0,0,15,3,15,15
2024,h,P,6,False,4,5,5,0,0,5,3,15,15
2024,h,P,6,False,5,5,5,0,0,6,6,15,15
2024,h,P,6,False,7,3,3,0,0,4,3,9,9
2024,h,P,6,False,9,2,2,0,0,0,0,4,3
2024,h,P,6,False,10,1,1,0,0,0,1,3,3
2024,h,P,6,True,-6,1,0,1,0,2,2,3,3
2024,h,P,6,True,-4,3,0,3,0,1,0,9,9
2024,h,P,6,True,-3,4,1,3,0,7,5,12,12
2024,h,P,6,True,-2,5,2,3,0,7,3,14,15
2024,h,P,6,True,-1,8,5,3,0,13,2,22,25
2024,h,P,6,True,0,11,5,4,2,14,15,45,48
2024,h,P,6,True,1,11,8,3,0,12,17,26,33
2024,h,P,6,True,2,7,7,0,0,2,0,14,21
2024,h,P,6,True,3,6,5,1,0,2,11,15,19
2024,h,P,6,True,4,7,7,0,0,4,8,14,21
2024,h,P,6,True,5,3,3,0,0,1,3,6,9
2024,h,P,6,True,6,1,1,0,0,2,2,2,3
2024,h,P,6,True,7,1,1,0,0,0,0,2,3
2024,h,P,6,True,8,1,1,0,0,0,0,2,3
2024,h,P,6,True,10,1,1,0,0,2,0,2,3
2024,h,P,6,True,11,1,1,0,0,1,2,2,3
2024,h,P,6,True,20,1,1,0,0,1,0,2,3
2024,h,P,7,False,-6,2,0,2,0,3,0,4,2
2024,h,P,7,False,-5,1,0,1,0,2,0,2,1
2024,h,P,7,False,-3,7,0,7,0,5,3,14,8
2024,h,P,7,False,-2,7,0,7,0,1,7,14,7
2024,h,P,7,False,-1,8,3,5,0,11,7,20,16
2024,h,P,7,False,0,9,4,4,1,9,8,28,27
2024,h,P,7,False,1,6,4,2,0,10,5,12,11
2024,h,P,7,False,2,6,6,0,0,17,4,12,12
2024,h,P,7,False,3,5,5,0,0,4,3,10,10
2024,h,P,7,False,4,6,6,0,0,1,2,12,12
2024,h,P,7,False,5,6,6,0,0,5,4,12,12
2024,h,P,7,False,6,1,1,0,0,0,0,2,2
2024,h,P,7,False,7,3,3,0,0,4,2,6,6
2024,h,P,7,False,9,2,2,0,0,0,0,4,4
2024,h,P,7,False,10,1,1,0,0,0,2,2,2
2024,h,P,7,True,-8,1,0,1,0,2,0,2,2
2024,h,P,7,True,-5,1,0,1,0,2,0,2,2
2024,h,P,7,True,-4,2,0,2,0,0,0,4,4
2024,h,P,7,True,-3,3,0,3,0,0,4,6,6
2024,h,P,7,True,-2,6,1,5,0,4,4,12,12
2024,h,P,7,True,-1,7,5,2,0,11,1,12,14
2024,h,P,7,True,0,8,4,3,1,6,7,24,26
2024,h,P,7,True,1,10,7,3,0,5,9,17,23
2024,h,P,7,True,2,12,11,0,1,3,4,16,27
2024,h,P,7,True,3,9,8,1,0,3,9,12,19
2024,h,P,7,True,4,4,4,0,0,3,5,4,8
2024,h,P,7,True,5,3,3,0,0,0,2,3,6
2024,h,P,7,True,7,2,2,0,0,1,2,2,4
2024,h,P,7,True,8,1,1,0,0,0,0,1,2
2024,h,P,7,True,10,2,2,0,0,2,0,2,4
2024,h,P,7,True,20,1,1,0,0,1,0,1,2
2024,l,P,6,False,-9,1,0,1,0,0,0,3,2
2024,l,P,6,False,-7,1,0,1,0,0,2,3,2
2024,l,P,6,False,-6,1,0,1,0,0,0,3,2
2024,l,P,6,False,-5,5,0,5,0,6,1,15,10
2024,l,P,6,False,-4,8,0,8,0,5,8,24,16
2024,l,P,6,False,-3,4,0,4,0,2,1,12,8
2024,l,P,6,False,-2,5,0,5,0,3,5,15,10
2024,l,P,6,False,-1,12,1,10,1,12,15,43,36
2024,l,P,6,False,0,11,2,9,0,10,19,40,36
2024,l,P,6,False,1,7,2,5,0,0,13,25,23
2024,l,P,6,False,2,4,2,1,1,2,5,18,18
2024,l,P,6,False,3,7,6,1,0,5,8,21,21
2024,l,P,6,False,4,2,2,0,0,5,2,6,6
2024,l,P,6,False,5,1,1,0,0,6,1,3,3
2024,l,P,6,False,7,1,1,0,0,0,0,3,3
2024,l,P,6,False,8,1,1,0,0,1,2,3,3
2024,l,P,6,True,-7,1,0,1,0,2,4,3,3
2024,l,P,6,True,-5,2,0,2,0,2,7,6,6
2024,l,P,6,True,-4,4,0,4,0,2,6,12,12
2024,l,P,6,True,-3,8,1,7,0,10,14,23,24
2024,l,P,6,True,-2,10,2,8,0,9,13,29,30
2024,l,P,6,True,-1,9,0,9,0,4,11,28,28
2024,l,P,6,True,0,15,7,7,1,20,26,44,50
2024,l,P,6,True,1,11,9,2,0,9,13,31,37
2024,l,P,6,True,2,3,3,0,0,5,1,6,9
2024,l,P,6,True,3,3,3,0,0,1,1,6,9
2024,l,P,6,True,4,3,3,0,0,7,0,6,9
2024,l,P,6,True,5,3,3,0,0,1,4,6,9
2024,l,P,7,False,-9,2,0,2,0,0,0,4,2
2024,l,P,7,False,-6,1,0,1,0,0,0,2,1
2024,l,P,7,False,-5,4,0,4,0,1,0,8,4
2024,l,P,7,False,-4,8,0,8,0,2,5,16,8
2024,l,P,7,False,-3,8,0,8,0,5,3,17,10
2024,l,P,7,False,-2,5,0,5,0,2,4,12,8
2024,l,P,7,False,-1,14,2,11,1,7,5,34,24
2024,l,P,7,False,0,8,1,6,1,1,7,27,26
2024,l,P,7,False,1,7,2,5,0,3,13,18,17
2024,l,P,7,False,2,4,3,1,0,2,3,8,8
2024,l,P,7,False,3,4,4,0,0,4,1,8,8
2024,l,P,7,False,4,3,3,0,0,5,4,6,6
2024,l,P,7,False,5,1,1,0,0,6,1,2,2
2024,l,P,7,False,6,1,1,0,0,1,0,2,2
2024,l,P,7,False,7,1,1,0,0,0,0,2,2
2024,l,P,7,True,-8,1,0,1,0,1,4,2,2
2024,l,P,7,True,-7,2,0,2,0,2,4,4,4
2024,l,P,7,True,-6,1,0,1,0,1,1,2,2
2024,l,P,7,True,-5,3,0,3,0,0,0,6,6
2024,l,P,7,True,-4,5,0,5,0,0,3,10,10
2024,l,P,7,True,-3,6,0,6,0,1,6,12,12
2024,l,P,7,True,-2,6,0,6,0,4,3,13,13
2024,l,P,7,True,-1,10,3,7,0,10,5,18,20
2024,l,P,7,True,0,13,5,7,1,11,24,32,34
2024,l,P,7,True,1,12,11,1,0,4,3,15,25
2024,l,P,7,True,2,2,1,1,0,1,3,3,4
2024,l,P,7,True,3,3,3,0,0,0,3,3,6
2024,l,P,7,True,4,4,4,0,0,3,3,4,8
2024,l,P,7,True,5,3,3,0,0,2,0,3,6
2024,l,P,7,True,8,1,1,0,0,0,0,1,2
2024,m,P,6,False,-11,1,0,1,0,0,5,3,2
2024,m,P,6,False,-7,3,0,3,0,4,0,9,6
2024,m,P,6,False,-6,2,0,2,0,2,6,6,4
2024,m,P,6,False,-5,1,0,1,0,0,0,3,2
2024,m,P,6,False,-4,5,0,5,0,2,2,15,10
2024,m,P,6,False,-3,2,0,2,0,0,0,6,4
2024,m,P,6,False,-2,5,1,4,0,6,7,15,11
2024,m,P,6,False,-1,11,2,7,2,16,16,39,33
2024,m,P,6,False,0,12,5,5,2,18,15,46,43
2024,m,P,6,False,1,11,7,3,1,7,12,37,36
2024,m,P,6,False,2,6,6,0,0,7,0,18,18
2024,m,P,6,False,3,6,6,0,0,8,8,18,18
2024,m,P,6,False,4,4,4,0,0,8,2,12,12
2024,m,P,6,False,9,1,1,0,0,0,0,3,3
2024,m,P,6,True,-9,1,0,1,0,0,0,0,1
2024,m,P,6,True,-8,1,0,1,0,0,0,3,3
2024,m,P,6,True,-5,5,0,5,0,6,11,15,15
2024,m,P,6,True,-4,4,0,4,0,1,6,12,12
2024,m,P,6,True,-3,3,0,3,0,3,3,9,9
2024,m,P,6,True,-2,6,0,6,0,3,6,18,18
2024,m,P,6,True,-1,9,1,8,0,7,11,32,32
2024,m,P,6,True,0,4,3,1,0,9,7,15,15
2024,m,P,6,True,1,11,7,3,1,6,21,31,36
2024,m,P,6,True,2,9,8,1,0,11,9,20,27
2024,m,P,6,True,3,7,7,0,0,9,2,14,21
2024,m,P,6,True,4,2,2,0,0,7,1,4,6
2024,m,P,6,True,5,3,3,0,0,0,0,6,9
2024,m,P,6,True,6,4,4,0,0,3,2,8,12
2024,m,P,6,True,9,1,1,0,0,1,0,2,3
2024,m,P,6,True,16,1,1,0,0,0,3,2,3
2024,m,P,7,False,-13,1,0,1,0,0,3,2,1
2024,m,P,7,False,-12,1,0,1,0,1,0,2,1
2024,m,P,7,False,-7,2,0,2,0,0,0,4,2
2024,m,P,7,False,-5,3,0,3,0,0,1,6,3
2024,m,P,7,False,-4,5,0,5,0,1,3,10,5
2024,m,P,7,False,-3,6,0,6,0,2,0,12,6
2024,m,P,7,False,-2,6,2,3,1,12,1,15,12
2024,m,P,7,False,-1,6,0,4,2,3,5,18,14
2024,m,P,7,False,0,12,4,7,1,11,13,31,28
2024,m,P,7,False,1,10,8,1,1,7,5,23,23
2024,m,P,7,False,2,6,6,0,0,4,2,13,13
2024,m,P,7,False,3,6,6,0,0,7,4,12,12
2024,m,P,7,False,4,3,3,0,0,6,2,6,6
2024,m,P,7,False,5,1,1,0,0,0,2,2,2
2024,m,P,7,False,6,1,1,0,0,0,0,2,2
2024,m,P,7,False,9,1,1,0,0,0,0,2,2
2024,m,P,7,True,-10,1,0,1,0,2,0,2,2
2024,m,P,7,True,-8,1,0,1,0,0,0,2,2
2024,m,P,7,True,-6,1,0,1,0,0,0,2,2
2024,m,P,7,True,-5,4,0,4,0,3,7,8,8
2024,m,P,7,True,-4,7,0,7,0,5,9,14,14
2024,m,P,7,True,-3,2,0,2,0,2,1,4,4
2024,m,P,7,True,-2,5,0,5,0,1,3,10,10
2024,m,P,7,True,-1,10,3,7,0,9,11,25,25
2024,m,P,7,True,0,5,2,2,1,4,4,18,18
2024,m,P,7,True,1,8,6,2,0,4,7,11,16
2024,m,P,7,True,2,6,6,0,0,7,1,6,12
2024,m,P,7,True,3,5,5,0,0,2,1,5,10
2024,m,P,7,True,4,2,2,0,0,4,1,2,4
2024,m,P,7,True,5,4,4,0,0,0,0,4,8
2024,m,P,7,True,6,4,4,0,0,1,2,4,8
2024,m,P,7,True,8,1,1,0,0,0,0,1,2
2024,m,P,7,True,9,1,1,0,0,0,0,1,2
2024,m,P,7,True,10,1,1,0,0,0,0,1,2
2024,m,P,7,True,14,1,1,0,0,0,1,1,2
2024,s,C,6,False,-10,1,0,1,0,2,2,3,2
2024,s,C,6,False,-7,1,0,1,0,1,0,3,2
2024,s,C,6,False,-6,1,0,1,0,0,0,3,2
2024,s,C,6,False,-5,4,0,4,0,3,2,12,8
2024,s,C,6,False,-4,2,0,2,0,1,0,6,4
2024,s,C,6,False,-3,5,1,4,0,7,5,15,11
2024,s,C,6,False,-2,11,1,10,0,6,16,33,23
2024,s,C,6,False,-1,13,2,11,0,7,9,39,29
2024,s,C,6,False,0,6,3,3,0,13,7,20,18
2024,s,C,6,False,1,6,3,3,0,10,13,19,17
2024,s,C,6,False,2,8,5,3,0,12,13,25,24
2024,s,C,6,False,3,5,4,1,0,4,12,15,14
2024,s,C,6,False,4,4,4,0,0,4,5,12,12
2024,s,C,6,False,5,1,1,0,0,1,0,3,3
2024,s,C,6,False,6,2,2,0,0,3,2,6,6
2024,s,C,6,False,8,1,1,0,0,1,0,3,3
2024,s,C,6,True,-8,1,0,1,0,0,0,3,3
2024,s,C,6,True,-7,1,0,1,0,1,0,3,3
2024,s,C,6,True,-6,2,0,2,0,1,0,6,6
2024,s,C,6,True,-5,1,0,1,0,2,0,3,3
2024,s,C,6,True,-4,4,0,4,0,3,6,12,12
2024,s,C,6,True,-3,4,0,4,0,1,5,12,12
2024,s,C,6,True,-2,8,1,7,0,17,9,25,26
2024,s,C,6,True,-1,11,3,7,1,8,10,36,36
2024,s,C,6,True,0,12,7,5,0,22,17,30,37
2024,s,C,6,True,1,8,6,0,2,11,11,31,33
2024,s,C,6,True,2,5,5,0,0,6,4,10,15
2024,s,C,6,True,3,5,5,0,0,7,9,16,19
2024,s,C,6,True,4,4,3,0,1,3,5,12,15
2024,s,C,6,True,5,3,3,0,0,0,5,6,9
2024,s,C,7,False,-8,1,0,1,0,0,2,2,1
2024,s,C,7,False,-7,3,0,3,0,2,0,6,3
2024,s,C,7,False,-6,1,0,1,0,0,0,2,1
2024,s,C,7,False,-5,4,0,4,0,3,2,8,4
2024,s,C,7,False,-4,2,0,2,0,3,4,4,2
2024,s,C,7,False,-3,6,0,6,0,0,0,12,6
2024,s,C,7,False,-2,11,1,10,0,4,5,22,12
2024,s,C,7,False,-1,9,0,9,0,1,3,18,9
2024,s,C,7,False,0,3,2,1,0,5,1,8,8
2024,s,C,7,False,1,9,5,4,0,7,13,19,18
2024,s,C,7,False,2,8,5,3,0,7,14,17,15
2024,s,C,7,False,3,7,7,0,0,3,6,14,14
2024,s,C,7,False,4,2,2,0,0,4,2,4,4
2024,s,C,7,False,6,2,2,0,0,1,0,4,4
2024,s,C,7,False,8,1,1,0,0,0,2,2,2
2024,s,C,7,False,9,2,2,0,0,0,0,4,4
2024,s,C,7,True,-8,1,0,1,0,0,0,2,2
2024,s,C,7,True,-7,1,0,1,0,1,0,2,2
2024,s,C,7,True,-6,2,0,2,0,1,0,4,4
2024,s,C,7,True,-5,2,0,2,0,5,1,4,4
2024,s,C,7,True,-4,4,0,4,0,0,8,8,8
2024,s,C,7,True,-3,7,1,6,0,7,1,13,14
2024,s,C,7,True,-2,7,0,7,0,6,2,14,14
2024,s,C,7,True,-1,13,5,7,1,17,8,31,32
2024,s,C,7,True,0,4,3,1,0,5,4,5,8
2024,s,C,7,True,1,11,9,0,2,8,5,24,30
2024,s,C,7,True,2,5,3,1,1,8,14,17,18
2024,s,C,7,True,3,6,6,0,0,2,2,6,12
2024,s,C,7,True,4,2,2,0,0,0,1,2,4
2024,s,C,7,True,5,4,4,0,0,0,2,4,8
2024,t,C,6,False,-6,1,0,1,0,2,0,3,2
2024,t,C,6,False,-5,3,0,3,0,2,0,9,6
2024,t,C,6,False,-4,2,0,2,0,0,0,6,4
2024,t,C,6,False,-3,7,0,7,0,5,12,21,14
2024,t,C,6,False,-2,5,0,5,0,2,4,18,14
2024,t,C,6,False,-1,11,1,9,1,6,6,37,29
2024,t,C,6,False,0,14,9,4,1,29,19,53,51
2024,t,C,6,False,1,10,7,2,1,11,11,34,33
2024,t,C,6,False,2,6,3,2,1,6,12,21,19
2024,t,C,6,False,3,4,4,0,0,2,6,12,12
2024,t,C,6,False,4,4,4,0,0,3,1,12,12
2024,t,C,6,False,5,1,1,0,0,0,2,3,3
2024,t,C,6,False,7,1,1,0,0,0,2,3,3
2024,t,C,6,False,8,1,1,0,0,0,0,3,3
2024,t,C,6,True,-6,1,0,1,0,0,0,3,3
2024,t,C,6,True,-5,1,0,1,0,0,1,3,3
2024,t,C,6,True,-4,2,0,2,0,2,0,6,6
2024,t,C,6,True,-3,4,2,2,0,11,3,11,12
2024,t,C,6,True,-2,5,0,5,0,0,5,15,15
2024,t,C,6,True,-1,11,4,6,1,12,8,34,36
2024,t,C,6,True,0,13,3,9,1,13,14,42,44
2024,t,C,6,True,1,10,10,0,0,8,3,26,34
2024,t,C,6,True,2,7,6,1,0,7,6,15,21
2024,t,C,6,True,3,7,7,0,0,9,3,12,19
2024,t,C,6,True,4,3,3,0,0,1,2,6,9
2024,t,C,6,True,5,3,3,0,0,3,3,6,9
2024,t,C,6,True,6,1,1,0,0,1,0,2,3
2024,t,C,6,True,7,2,2,0,0,0,4,4,6
2024,t,C,6,True,8,1,1,0,0,5,0,2,3
2024,t,C,6,True,10,1,1,0,0,0,1,2,3
2024,t,C,7,False,-6,1,0,1,0,2,0,2,1
2024,t,C,7,False,-5,5,0,5,0,2,0,10,5
2024,t,C,7,False,-4,4,0,4,0,1,2,8,4
2024,t,C,7,False,-3,4,0,4,0,3,3,8,4
2024,t,C,7,False,-2,8,2,5,1,10,8,20,15
2024,t,C,7,False,-1,10,1,9,0,4,3,24,17
2024,t,C,7,False,0,9,5,2,2,18,7,30,29
2024,t,C,7,False,1,9,6,3,0,1,7,20,19
2024,t,C,7,False,2,9,7,1,1,4,9,21,20
2024,t,C,7,False,3,4,3,1,0,1,6,8,7
2024,t,C,7,False,4,2,2,0,0,2,0,4,4
2024,t,C,7,False,5,3,3,0,0,1,2,6,6
2024,t,C,7,False,7,1,1,0,0,0,2,2,2
2024,t,C,7,False,8,1,1,0,0,0,0,2,2
2024,t,C,7,True,-6,2,0,2,0,0,0,4,4
2024,t,C,7,True,-4,3,0,3,0,2,3,6,6
2024,t,C,7,True,-3,4,0,4,0,1,1,8,8
2024,t,C,7,True,-2,4,1,3,0,3,0,8,8
2024,t,C,7,True,-1,7,2,5,0,5,3,15,15
2024,t,C,7,True,0,12,3,7,2,3,9,33,34
2024,t,C,7,True,1,10,9,1,0,2,2,12,21
2024,t,C,7,True,2,6,5,1,0,4,6,10,14
2024,t,C,7,True,3,7,7,0,0,3,1,7,14
2024,t,C,7,True,4,6,6,0,0,8,5,6,12
2024,t,C,7,True,5,4,4,0,0,2,2,4,8
2024,t,C,7,True,6,1,1,0,0,1,0,1,2
2024,t,C,7,True,7,2,2,0,0,0,4,2,4
2024,t,C,7,True,10,1,1,0,0,0,1,1,2
2024,t,C,7,True,13,1,1,0,0,0,0,1,2
2025,b,P,6,False,-10,1,0,1,0,0,1,3,2
2025,b,P,6,False,-9,1,0,1,0,2,1,3,2
2025,b,P,6,False,-7,1,0,1,0,1,0,3,2
2025,b,P,6,False,-6,4,0,4,0,0,4,12,8
2025,b,P,6,False,-4,3,0,3,0,0,0,9,6
2025,b,P,6,False,-3,7,0,7,0,6,8,21,14
2025,b,P,6,False,-2,7,1,6,0,13,10,23,19
2025,b,P,6,False,-1,3,0,3,0,0,11,9,6
2025,b,P,6,False,0,16,12,4,0,32,16,55,54
2025,b,P,6,False,1,12,8,3,1,15,18,40,37
2025,b,P,6,False,2,4,3,1,0,5,4,12,12
2025,b,P,6,False,3,1,1,0,0,0,0,3,3
2025,b,P,6,False,4,4,4,0,0,4,5,12,12
2025,b,P,6,False,5,4,4,0,0,8,6,13,13
2025,b,P,6,False,6,1,1,0,0,0,0,3,3
2025,b,P,6,False,7,1,1,0,0,3,0,3,3
2025,b,P,6,False,10,1,1,0,0,0,0,3,3
2025,b,P,6,True,-10,1,0,1,0,0,0,3,3
2025,b,P,6,True,-9,1,0,1,0,0,0,3,3
2025,b,P,6,True,-7,1,0,1,0,0,1,3,3
2025,b,P,6,True,-6,2,0,2,0,5,3,6,6
2025,b,P,6,True,-5,1,0,1,0,0,0,3,3
2025,b,P,6,True,-4,5,0,5,0,3,6,15,15
2025,b,P,6,True,-3,4,0,4,0,1,7,12,12
2025,b,P,6,True,-2,7,2,4,1,17,8,28,28
2025,b,P,6,True,-1,5,0,5,0,2,5,16,16
2025,b,P,6,True,0,13,5,7,1,9,13,44,46
2025,b,P,6,True,1,7,7,0,0,5,4,19,23
2025,b,P,6,True,2,8,8,0,0,6,4,20,26
2025,b,P,6,True,3,2,2,0,0,2,0,4,6
2025,b,P,6,True,4,7,6,1,0,4,12,15,21
2025,b,P,6,True,5,3,3,0,0,2,3,6,9
2025,b,P,6,True,6,2,2,0,0,0,2,4,6
2025,b,P,6,True,7,1,1,0,0,0,2,2,3
2025,b,P,6,True,8,1,1,0,0,2,2,2,3
2025,b,P,6,True,9,1,1,0,0,0,4,2,3
2025,b,P,7,False,-10,1,0,1,0,0,1,2,1
2025,b,P,7,False,-9,1,0,1,0,2,1,2,1
2025,b,P,7,False,-8,2,0,2,0,0,0,4,2
2025,b,P,7,False,-7,1,0,1,0,1,0,2,1
2025,b,P,7,False,-6,3,0,3,0,0,1,6,3
2025,b,P,7,False,-4,4,0,4,0,4,2,8,4
2025,b,P,7,False,-3,7,0,7,0,3,5,14,7
2025,b,P,7,False,-2,8,2,6,0,16,17,18,13
2025,b,P,7,False,-1,2,0,2,0,0,0,4,2
2025,b,P,7,False,0,15,9,6,0,19,11,37,35
2025,b,P,7,False,1,8,7,0,1,12,6,21,21
2025,b,P,7,False,2,8,7,1,0,5,6,16,16
2025,b,P,7,False,3,2,2,0,0,3,0,4,4
2025,b,P,7,False,4,1,1,0,0,0,2,2,2
2025,b,P,7,False,5,4,4,0,0,4,2,8,8
2025,b,P,7,False,6,2,2,0,0,1,0,4,4
2025,b,P,7,False,9,1,1,0,0,1,0,2,2
2025,b,P,7,False,10,1,1,0,0,0,0,2,2
2025,b,P,7,True,-10,1,0,1,0,0,0,2,2
2025,b,P,7,True,-9,1,0,1,0,0,0,2,2
2025,b,P,7,True,-7,2,0,2,0,0,2,4,4
2025,b,P,7,True,-6,1,0,1,0,4,0,2,2
2025,b,P,7,True,-5,2,0,2,0,0,0,4,4
2025,b,P,7,True,-4,3,0,3,0,2,5,6,6
2025,b,P,7,True,-3,6,0,6,0,2,9,12,12
2025,b,P,7,True,-2,5,1,3,1,9,1,14,14
2025,b,P,7,True,-1,7,0,7,0,3,7,15,15
2025,b,P,7,True,0,12,6,5,1,10,11,33,33
2025,b,P,7,True,1,7,7,0,0,4,3,14,19
2025,b,P,7,True,2,6,6,0,0,1,2,7,12
2025,b,P,7,True,3,4,4,0,0,4,0,4,8
2025,b,P,7,True,4,8,7,1,0,4,12,9,16
2025,b,P,7,True,5,2,2,0,0,0,0,2,4
2025,b,P,7,True,6,2,2,0,0,0,2,2,4
2025,b,P,7,True,7,1,1,0,0,0,2,1,2
2025,b,P,7,True,9,1,1,0,0,0,4,1,2
2025,b,P,7,True,10,1,1,0,0,0,2,1,2
2025,c,C,6,False,-8,1,0,1,0,0,2,3,2
2025,c,C,6,False,-6,3,0,3,0,3,2,9,6
2025,c,C,6,False,-5,3,0,3,0,1,2,9,6
2025,c,C,6,False,-4,3,0,3,0,3,2,9,6
2025,c,C,6,False,-3,2,0,2,0,3,1,6,4
2025,c,C,6,False,-2,14,0,14,0,3,9,42,28
2025,c,C,6,False,-1,11,2,8,1,7,6,38,30
2025,c,C,6,False,0,14,5,8,1,13,11,52,47
2025,c,C,6,False,1,5,4,1,0,4,2,18,18
2025,c,C,6,False,2,6,5,1,0,9,11,21,21
2025,c,C,6,False,3,7,5,2,0,1,9,22,22
2025,c,C,6,False,4,1,1,0,0,0,2,3,3
2025,c,C,6,False,6,1,0,1,0,0,7,4,4
2025,c,C,6,True,-6,1,0,1,0,3,0,3,3
2025,c,C,6,True,-5,4,0,4,0,0,1,12,12
2025,c,C,6,True,-4,2,0,2,0,0,11,6,6
2025,c,C,6,True,-3,2,0,2,0,4,5,6,6
2025,c,C,6,True,-2,9,0,9,0,2,13,27,27
2025,c,C,6,True,-1,7,0,6,1,2,8,24,24
2025,c,C,6,True,0,7,1,5,1,2,17,23,24
2025,c,C,6,True,1,8,8,0,0,3,0,16,24
2025,c,C,6,True,2,11,10,1,0,12,18,30,38
2025,c,C,6,True,3,8,7,1,0,9,11,19,26
2025,c,C,6,True,4,3,3,0,0,2,0,6,9
2025,c,C,6,True,5,2,2,0,0,3,0,4,6
2025,c,C,6,True,6,2,2,0,0,1,1,4,6
2025,c,C,6,True,7,1,1,0,0,0,2,2,3
2025,c,C,6,True,8,1,1,0,0,1,0,2,3
2025,c,C,6,True,9,2,2,0,0,1,0,4,6
2025,c,C,7,False,-8,1,0,1,0,0,2,2,1
2025,c,C,7,False,-6,2,0,2,0,2,0,4,2
2025,c,C,7,False,-5,5,0,5,0,1,4,10,5
2025,c,C,7,False,-4,2,0,2,0,3,1,4,2
2025,c,C,7,False,-3,4,0,4,0,0,0,8,4
2025,c,C,7,False,-2,13,0,13,0,3,7,26,13
2025,c,C,7,False,-1,11,1,10,0,4,3,22,12
2025,c,C,7,False,0,14,7,5,2,14,6,43,41
2025,c,C,7,False,1,5,3,2,0,1,4,14,14
2025,c,C,7,False,2,3,2,1,0,1,6,8,8
2025,c,C,7,False,3,8,7,1,0,1,6,17,17
2025,c,C,7,False,4,1,1,0,0,0,0,2,2
2025,c,C,7,False,5,1,1,0,0,0,1,2,2
2025,c,C,7,False,6,1,0,1,0,0,7,3,3
2025,c,C,7,True,-7,1,0,1,0,0,7,2,2
2025,c,C,7,True,-6,2,0,2,0,3,0,4,4
2025,c,C,7,True,-5,4,0,4,0,0,0,8,8
2025,c,C,7,True,-4,1,0,1,0,0,1,2,2
2025,c,C,7,True,-3,4,0,4,0,0,4,8,8
2025,c,C,7,True,-2,8,0,8,0,1,10,16,16
2025,c,C,7,True,-1,9,0,8,1,2,6,21,21
2025,c,C,7,True,0,4,1,2,1,1,9,10,11
2025,c,C,7,True,1,7,7,0,0,0,0,7,14
2025,c,C,7,True,2,10,10,0,0,8,11,17,25
2025,c,C,7,True,3,5,4,1,0,3,7,8,12
2025,c,C,7,True,4,3,3,0,0,1,0,3,6
2025,c,C,7,True,5,7,7,0,0,4,2,7,14
2025,c,C,7,True,6,1,1,0,0,0,0,1,2
2025,c,C,7,True,7,1,1,0,0,0,2,1,2
2025,c,C,7,True,8,1,1,0,0,1,0,1,2
2025,c,C,7,True,9,2,2,0,0,1,0,2,4
2025,d,C,6,False,-9,1,0,1,0,1,0,3,2
2025,d,C,6,False,-8,1,0,1,0,0,1,3,2
2025,d,C,6,False,-7,1,0,1,0,0,0,3,2
2025,d,C,6,False,-6,1,0,1,0,2,2,3,2
2025,d,C,6,False,-5,4,0,4,0,3,1,12,8
2025,d,C,6,False,-4,7,0,7,0,7,6,21,14
2025,d,C,6,False,-3,3,1,2,0,6,3,11,9
2025,d,C,6,False,-2,10,1,9,0,11,5,30,21
2025,d,C,6,False,-1,15,3,12,0,10,5,45,33
2025,d,C,6,False,0,9,6,3,0,18,15,30,27
2025,d,C,6,False,1,8,6,1,1,7,8,29,29
2025,d,C,6,False,2,6,6,0,0,7,2,18,18
2025,d,C,6,False,3,2,2,0,0,2,2,6,6
2025,d,C,6,False,4,1,1,0,0,1,3,3,3
2025,d,C,6,False,5,1,1,0,0,1,0,3,3
2025,d,C,6,False,6,1,1,0,0,0,0,3,3
2025,d,C,6,True,-4,4,0,4,0,4,2,12,12
2025,d,C,6,True,-3,6,1,5,0,13,11,19,19
2025,d,C,6,True,-2,8,1,7,0,8,4,26,26
2025,d,C,6,True,-1,9,1,8,0,6,6,26,27
2025,d,C,6,True,0,14,8,6,0,20,20,46,52
2025,d,C,6,True,1,11,6,4,1,3,10,33,39
2025,d,C,6,True,2,10,8,2,0,5,15,25,33
2025,d,C,6,True,3,7,7,0,0,0,0,14,21
2025,d,C,6,True,5,3,3,0,0,2,3,6,9
2025,d,C,7,False,-8,3,0,3,0,4,1,6,3
2025,d,C,7,False,-7,1,0,1,0,0,0,2,1
2025,d,C,7,False,-6,1,0,1,0,2,2,2,1
2025,d,C,7,False,-5,6,0,6,0,2,1,12,6
2025,d,C,7,False,-4,6,0,6,0,5,1,12,6
2025,d,C,7,False,-3,3,1,2,0,6,2,8,6
2025,d,C,7,False,-2,8,0,8,0,2,0,16,8
2025,d,C,7,False,-1,14,2,12,0,7,2,28,16
2025,d,C,7,False,0,7,4,3,0,12,12,19,17
2025,d,C,7,False,1,11,10,0,1,8,1,25,25
2025,d,C,7,False,2,8,8,0,0,9,5,16,16
2025,d,C,7,False,3,1,1,0,0,1,1,2,2
2025,d,C,7,False,6,2,2,0,0,0,0,4,4
2025,d,C,7,True,-5,2,0,2,0,0,1,4,4
2025,d,C,7,True,-4,3,0,3,0,3,0,6,6
2025,d,C,7,True,-3,5,1,4,0,5,0,11,11
2025,d,C,7,True,-2,8,1,7,0,6,3,18,18
2025,d,C,7,True,-1,9,0,9,0,2,4,18,18
2025,d,C,7,True,0,10,5,4,1,10,11,28,31
2025,d,C,7,True,1,13,10,3,0,6,8,17,27
2025,d,C,7,True,2,9,6,3,0,0,17,16,22
2025,d,C,7,True,3,9,8,1,0,0,5,13,21
2025,d,C,7,True,4,1,1,0,0,1,0,1,2
2025,d,C,7,True,5,3,3,0,0,2,3,3,6
2025,db,C,6,False,-8,1,0,1,0,3,0,3,2
2025,db,C,6,False,-6,1,0,1,0,0,0,3,2
2025,db,C,6,False,-5,3,0,3,0,1,3,9,6
2025,db,C,6,False,-4,3,0,3,0,1,2,9,6
2025,db,C,6,False,-3,3,1,2,0,6,0,9,7
2025,db,C,6,False,-2,12,0,12,0,11,11,38,27
2025,db,C,6,False,-1,10,0,8,2,8,13,36,29
2025,db,C,6,False,0,11,8,3,0,28,11,41,40
2025,db,C,6,False,1,5,5,0,0,11,2,15,15
2025,db,C,6,False,2,3,2,1,0,3,6,9,8
2025,db,C,6,False,3,8,8,0,0,11,2,24,24
2025,db,C,6,False,4,5,5,0,0,5,2,15,15
2025,db,C,6,False,5,3,3,0,0,8,3,9,9
2025,db,C,6,False,6,1,1,0,0,0,3,3,3
2025,db,C,6,False,8,1,1,0,0,1,1,3,3
2025,db,C,6,True,-9,1,0,1,0,1,2,3,3
2025,db,C,6,True,-4,1,0,1,0,3,2,3,3
2025,db,C,6,True,-3,8,0,8,0,3,5,24,24
2025,db,C,6,True,-2,5,1,4,0,12,9,16,16
2025,db,C,6,True,-1,10,1,9,0,6,7,31,31
2025,db,C,6,True,0,13,7,4,2,19,16,42,48
2025,db,C,6,True,1,12,8,3,1,7,18,33,41
2025,db,C,6,True,2,8,7,1,0,6,7,17,24
2025,db,C,6,True,3,2,2,0,0,1,3,4,6
2025,db,C,6,True,4,5,5,0,0,2,4,10,15
2025,db,C,6,True,5,4,3,1,0,2,12,9,12
2025,db,C,6,True,6,1,1,0,0,8,1,2,3
2025,db,C,6,True,9,1,1,0,0,0,1,2,3
2025,db,C,7,False,-8,1,0,1,0,1,0,2,1
2025,db,C,7,False,-6,3,0,3,0,1,0,6,3
2025,db,C,7,False,-5,2,0,2,0,0,0,4,2
2025,db,C,7,False,-4,3,0,3,0,0,1,6,3
2025,db,C,7,False,-3,4,0,3,1,4,0,11,8
2025,db,C,7,False,-2,13,2,11,0,18,9,32,22
2025,db,C,7,False,-1,9,1,8,0,5,5,18,11
2025,db,C,7,False,0,7,4,3,0,15,6,18,17
2025,db,C,7,False,1,7,7,0,0,9,2,14,14
2025,db,C,7,False,2,3,2,0,1,4,2,9,9
2025,db,C,7,False,3,8,8,0,0,6,1,16,16
2025,db,C,7,False,4,3,3,0,0,5,0,6,6
2025,db,C,7,False,5,5,5,0,0,9,3,10,10
2025,db,C,7,False,6,1,1,0,0,0,3,2,2
2025,db,C,7,False,8,1,1,0,0,1,1,2,2
2025,db,C,7,True,-11,1,0,1,0,1,0,2,2
2025,db,C,7,True,-6,1,0,1,0,3,0,2,2
2025,db,C,7,True,-4,2,0,2,0,6,2,4,4
2025,db,C,7,True,-3,7,0,7,0,0,4,14,14
2025,db,C,7,True,-2,4,0,4,0,4,3,8,8
2025,db,C,7,True,-1,10,2,8,0,4,3,22,22
2025,db,C,7,True,0,12,6,5,1,12,11,25,30
2025,db,C,7,True,1,11,8,2,1,1,10,19,27
2025,db,C,7,True,2,9,6,2,1,5,11,15,21
2025,db,C,7,True,3,3,3,0,0,0,2,3,6
2025,db,C,7,True,4,5,5,0,0,2,8,5,10
2025,db,C,7,True,5,4,4,0,0,0,4,4,8
2025,db,C,7,True,8,1,1,0,0,0,0,1,2
2025,db,C,7,True,10,1,1,0,0,4,1,1,2
2025,e,P,6,False,-9,2,0,2,0,4,2,6,4
2025,e,P,6,False,-8,2,0,2,0,2,5,6,4
2025,e,P,6,False,-7,3,0,3,0,3,0,9,6
2025,e,P,6,False,-5,2,0,2,0,0,2,6,4
2025,e,P,6,False,-4,7,0,7,0,7,8,21,14
2025,e,P,6,False,-3,3,1,2,0,4,5,9,7
2025,e,P,6,False,-2,6,0,6,0,3,2,18,13
2025,e,P,6,False,-1,13,3,9,1,10,12,47,40
2025,e,P,6,False,0,7,3,4,0,10,8,23,20
2025,e,P,6,False,1,6,5,1,0,8,6,21,21
2025,e,P,6,False,2,10,10,0,0,12,8,31,31
2025,e,P,6,False,3,1,1,0,0,0,1,3,3
2025,e,P,6,False,4,6,6,0,0,5,7,18,18
2025,e,P,6,False,5,2,2,0,0,2,1,6,6
2025,e,P,6,False,6,1,1,0,0,1,2,3,3
2025,e,P,6,True,-8,1,0,1,0,0,2,3,3
2025,e,P,6,True,-7,2,0,2,0,6,2,6,6
2025,e,P,6,True,-6,1,0,1,0,5,1,3,3
2025,e,P,6,True,-5,4,0,4,0,9,3,12,12
2025,e,P,6,True,-4,5,0,5,0,9,1,15,15
2025,e,P,6,True,-3,8,0,8,0,5,11,24,24
2025,e,P,6,True,-2,5,2,3,0,11,10,16,16
2025,e,P,6,True,-1,7,3,4,0,11,4,19,21
2025,e,P,6,True,0,11,4,6,1,6,18,45,45
2025,e,P,6,True,1,10,8,2,0,3,8,28,34
2025,e,P,6,True,2,6,6,0,0,6,4,16,21
2025,e,P,6,True,3,5,5,0,0,3,1,10,15
2025,e,P,6,True,4,4,4,0,0,4,2,8,12
2025,e,P,6,True,5,1,1,0,0,1,3,2,3
2025,e,P,6,True,9,1,1,0,0,0,2,2,3
2025,e,P,6,True,10,1,1,0,0,1,0,2,3
2025,e,P,7,False,-11,1,0,1,0,0,0,2,1
2025,e,P,7,False,-10,1,0,1,0,2,0,2,1
2025,e,P,7,False,-9,1,0,1,0,4,0,2,1
2025,e,P,7,False,-8,1,0,1,0,0,3,2,1
2025,e,P,7,False,-7,3,0,3,0,3,0,6,3
2025,e,P,7,False,-6,1,0,1,0,0,0,2,1
2025,e,P,7,False,-5,2,0,2,0,0,1,4,2
2025,e,P,7,False,-4,6,0,6,0,4,9,12,6
2025,e,P,7,False,-3,7,1,6,0,7,3,14,8
2025,e,P,7,False,-2,7,0,7,0,3,1,14,8
2025,e,P,7,False,-1,9,3,6,0,9,6,23,19
2025,e,P,7,False,0,7,4,2,1,5,2,20,19
2025,e,P,7,False,1,7,6,1,0,11,7,16,16
2025,e,P,7,False,2,5,5,0,0,3,2,11,11
2025,e,P,7,False,3,7,7,0,0,5,3,14,14
2025,e,P,7,False,4,4,4,0,0,3,1,8,8
2025,e,P,7,False,5,2,2,0,0,3,1,4,4
2025,e,P,7,True,-9,1,0,1,0,0,1,2,2
2025,e,P,7,True,-7,1,0,1,0,2,0,2,2
2025,e,P,7,True,-5,4,0,4,0,10,3,8,8
2025,e,P,7,True,-4,3,0,3,0,4,2,6,6
2025,e,P,7,True,-3,10,0,10,0,2,9,20,20
2025,e,P,7,True,-2,9,0,9,0,1,9,18,18
2025,e,P,7,True,-1,5,1,4,0,7,7,10,10
2025,e,P,7,True,0,10,6,3,1,9,5,32,33
2025,e,P,7,True,1,12,11,1,0,5,8,24,31
2025,e,P,7,True,2,5,5,0,0,4,2,5,10
2025,e,P,7,True,3,5,5,0,0,1,1,5,10
2025,e,P,7,True,4,3,3,0,0,2,0,3,6
2025,e,P,7,True,5,2,2,0,0,3,3,2,4
2025,e,P,7,True,9,1,1,0,0,0,2,1,2
2025,e,P,7,True,10,1,1,0,0,1,0,1,2
2025,f,P,6,False,-3,4,0,4,0,0,1,12,8
2025,f,P,6,False,-2,2,0,2,0,0,0,6,4
2025,f,P,6,False,-1,13,2,11,0,5,4,42,32
2025,f,P,6,False,0,14,8,5,1,21,9,50,47
2025,f,P,6,False,1,11,6,5,0,3,13,35,33
2025,f,P,6,False,2,7,4,1,2,3,9,27,27
2025,f,P,6,False,3,6,6,0,0,8,3,18,18
2025,f,P,6,False,4,6,5,1,0,9,14,18,17
2025,f,P,6,False,5,2,2,0,0,3,3,6,6
2025,f,P,6,False,6,2,2,0,0,4,7,6,6
2025,f,P,6,False,7,1,1,0,0,2,0,3,3
2025,f,P,6,False,8,2,2,0,0,2,6,6,6
2025,f,P,6,False,9,1,1,0,0,0,0,3,3
2025,f,P,6,False,10,1,1,0,0,2,0,3,3
2025,f,P,6,True,-10,1,0,1,0,0,0,3,3
2025,f,P,6,True,-7,1,0,1,0,0,3,3,3
2025,f,P,6,True,-6,4,1,3,0,10,1,13,13
2025,f,P,6,True,-5,1,0,1,0,0,2,3,3
2025,f,P,6,True,-4,2,0,2,0,1,3,6,6
2025,f,P,6,True,-3,2,0,2,0,2,1,6,6
2025,f,P,6,True,-2,8,2,6,0,14,12,24,24
2025,f,P,6,True,-1,6,2,4,0,5,4,17,18
2025,f,P,6,True,0,14,7,7,0,19,15,49,52
2025,f,P,6,True,1,6,5,1,0,10,6,14,18
2025,f,P,6,True,2,7,7,0,0,7,6,17,23
2025,f,P,6,True,3,3,3,0,0,1,5,6,9
2025,f,P,6,True,4,7,7,0,0,4,2,14,21
2025,f,P,6,True,5,4,4,0,0,2,0,8,12
2025,f,P,6,True,6,2,2,0,0,3,3,4,6
2025,f,P,6,True,7,2,2,0,0,1,4,4,6
2025,f,P,6,True,8,1,1,0,0,3,0,2,3
2025,f,P,7,False,-3,4,0,4,0,0,1,8,4
2025,f,P,7,False,-2,4,0,4,0,0,0,8,4
2025,f,P,7,False,-1,13,0,13,0,1,3,28,16
2025,f,P,7,False,0,13,7,4,2,19,8,38,37
2025,f,P,7,False,1,13,10,3,0,3,7,28,27
2025,f,P,7,False,2,5,3,1,1,0,6,13,13
2025,f,P,7,False,3,6,6,0,0,9,1,12,12
2025,f,P,7,False,4,3,3,0,0,3,6,6,6
2025,f,P,7,False,5,3,3,0,0,3,6,6,6
2025,f,P,7,False,6,2,2,0,0,0,7,4,4
2025,f,P,7,False,7,3,3,0,0,5,2,6,6
2025,f,P,7,False,9,2,2,0,0,1,0,4,4
2025,f,P,7,False,10,1,1,0,0,2,0,2,2
2025,f,P,7,True,-10,1,0,1,0,0,0,2,2
2025,f,P,7,True,-9,1,0,1,0,0,1,2,2
2025,f,P,7,True,-6,2,1,1,0,7,0,5,5
2025,f,P,7,True,-5,4,0,4,0,2,3,8,8
2025,f,P,7,True,-4,4,0,4,0,5,3,8,8
2025,f,P,7,True,-3,1,0,1,0,0,1,2,2
2025,f,P,7,True,-2,8,2,6,0,11,5,16,16
2025,f,P,7,True,-1,4,1,3,0,2,2,8,8
2025,f,P,7,True,0,9,5,4,0,7,6,26,26
2025,f,P,7,True,1,7,5,2,0,2,7,11,16
2025,f,P,7,True,2,10,9,1,0,9,12,14,22
2025,f,P,7,True,3,2,2,0,0,1,3,2,4
2025,f,P,7,True,4,4,4,0,0,0,1,4,8
2025,f,P,7,True,5,7,7,0,0,1,0,7,14
2025,f,P,7,True,6,3,3,0,0,1,1,3,6
2025,f,P,7,True,7,2,2,0,0,0,3,2,4
2025,f,P,7,True,8,1,1,0,0,3,0,1,2
2025,f,P,7,True,9,1,1,0,0,0,2,1,2
2025,g,C,6,False,-9,1,0,1,0,0,0,3,2
2025,g,C,6,False,-5,5,1,4,0,13,4,15,11
2025,g,C,6,False,-4,2,0,2,0,2,1,6,4
2025,g,C,6,False,-3,8,0,8,0,2,6,24,16
2025,g,C,6,False,-2,6,0,6,0,4,5,21,16
2025,g,C,6,False,-1,14,4,8,2,18,7,54,47
2025,g,C,6,False,0,15,2,12,1,6,22,50,41
2025,g,C,6,False,1,5,4,1,0,5,6,15,14
2025,g,C,6,False,2,7,7,0,0,11,6,21,21
2025,g,C,6,False,3,5,4,1,0,0,9,16,16
2025,g,C,6,False,5,1,1,0,0,1,0,3,3
2025,g,C,6,False,6,1,1,0,0,0,2,3,3
2025,g,C,6,False,9,1,1,0,0,2,1,3,3
2025,g,C,6,False,12,1,1,0,0,2,1,3,3
2025,g,C,6,True,-8,2,0,2,0,1,4,5,5
2025,g,C,6,True,-5,3,2,1,0,12,1,10,10
2025,g,C,6,True,-4,4,1,3,0,6,2,12,12
2025,g,C,6,True,-3,4,0,4,0,2,1,12,12
2025,g,C,6,True,-2,6,1,5,0,8,12,17,18
2025,g,C,6,True,-1,9,4,5,0,13,4,28,30
2025,g,C,6,True,0,11,6,4,1,10,9,36,41
2025,g,C,6,True,1,12,11,1,0,17,5,26,36
2025,g,C,6,True,2,9,8,1,0,3,7,19,27
2025,g,C,6,True,3,3,3,0,0,0,3,6,9
2025,g,C,6,True,4,1,1,0,0,1,0,2,3
2025,g,C,6,True,5,5,5,0,0,3,3,10,15
2025,g,C,6,True,7,1,1,0,0,0,0,2,3
2025,g,C,6,True,12,1,1,0,0,0,0,2,3
2025,g,C,7,False,-9,1,0,1,0,0,0,2,1
2025,g,C,7,False,-5,4,0,4,0,3,0,8,4
2025,g,C,7,False,-4,3,0,3,0,2,1,6,3
2025,g,C,7,False,-3,8,0,8,0,1,5,16,8
2025,g,C,7,False,-2,8,1,6,1,11,4,22,17
2025,g,C,7,False,-1,13,2,10,1,7,4,33,24
2025,g,C,7,False,0,14,3,10,1,3,18,35,28
2025,g,C,7,False,1,5,5,0,0,5,3,10,10
2025,g,C,7,False,2,4,4,0,0,0,0,8,8
2025,g,C,7,False,3,5,4,1,0,1,6,11,11
2025,g,C,7,False,4,3,3,0,0,2,4,6,6
2025,g,C,7,False,5,2,2,0,0,2,1,4,4
2025,g,C,7,False,11,1,1,0,0,0,1,2,2
2025,g,C,7,False,14,1,1,0,0,0,1,2,2
2025,g,C,7,True,-9,1,0,1,0,0,2,1,1
2025,g,C,7,True,-8,1,0,1,0,1,1,2,2
2025,g,C,7,True,-5,4,1,3,0,7,6,9,9
2025,g,C,7,True,-4,3,0,3,0,1,2,6,6
2025,g,C,7,True,-3,3,0,3,0,1,0,6,6
2025,g,C,7,True,-2,4,0,4,0,2,2,8,8
2025,g,C,7,True,-1,8,2,6,0,4,3,19,19
2025,g,C,7,True,0,15,10,4,1,19,11,31,38
2025,g,C,7,True,1,11,10,1,0,11,4,13,22
2025,g,C,7,True,2,9,9,0,0,3,1,9,18
2025,g,C,7,True,3,4,4,0,0,0,1,4,8
2025,g,C,7,True,5,5,5,0,0,0,2,5,10
2025,g,C,7,True,7,1,1,0,0,0,0,1,2
2025,g,C,7,True,8,1,1,0,0,0,1,1,2
2025,g,C,7,True,12,1,1,0,0,0,0,1,2
2025,h,P,6,False,-9,1,0,1,0,2,0,3,2
2025,h,P,6,False,-8,1,0,1,0,0,0,3,2
2025,h,P,6,False,-6,1,0,1,0,1,0,3,2
2025,h,P,6,False,-5,3,0,3,0,5,1,9,6
2025,h,P,6,False,-4,5,1,4,0,10,8,15,11
2025,h,P,6,False,-3,5,0,5,0,2,4,15,10
2025,h,P,6,False,-2,2,0,2,0,1,2,6,4
2025,h,P,6,False,-1,8,1,7,0,6,6,26,20
2025,h,P,6,False,0,12,8,3,1,23,8,43,42
2025,h,P,6,False,1,8,7,1,0,9,6,26,26
2025,h,P,6,False,2,8,8,0,0,2,2,24,24
2025,h,P,6,False,3,5,5,0,0,1,2,15,15
2025,h,P,6,False,4,4,4,0,0,12,0,12,12
2025,h,P,6,False,5,2,2,0,0,0,3,6,6
2025,h,P,6,False,7,4,4,0,0,4,3,12,12
2025,h,P,6,False,8,1,1,0,0,0,0,3,3
2025,h,P,6,False,10,2,2,0,0,0,0,6,6
2025,h,P,6,True,-6,3,0,3,0,3,0,9,9
2025,h,P,6,True,-5,3,0,3,0,2,5,9,9
2025,h,P,6,True,-4,1,0,1,0,1,1,3,3
2025,h,P,6,True,-3,1,0,1,0,1,0,3,3
2025,h,P,6,True,-2,3,1,2,0,4,3,9,9
2025,h,P,6,True,-1,9,4,4,1,13,5,29,31
2025,h,P,6,True,0,13,5,7,1,16,16,39,43
2025,h,P,6,True,1,9,8,1,0,3,3,24,31
2025,h,P,6,True,2,6,6,0,0,14,2,12,18
2025,h,P,6,True,3,7,5,2,0,4,11,16,21
2025,h,P,6,True,4,6,6,0,0,10,5,12,18
2025,h,P,6,True,5,2,2,0,0,0,0,4,6
2025,h,P,6,True,6,3,3,0,0,4,2,6,9
2025,h,P,6,True,7,1,1,0,0,0,4,2,3
2025,h,P,6,True,9,2,2,0,0,3,2,4,6
2025,h,P,6,True,10,1,1,0,0,1,1,2,3
2025,h,P,7,False,-9,1,0,1,0,2,0,2,1
2025,h,P,7,False,-8,1,0,1,0,0,0,2,1
2025,h,P,7,False,-6,2,0,2,0,2,0,4,2
2025,h,P,7,False,-5,4,0,4,0,5,3,8,4
2025,h,P,7,False,-4,4,1,3,0,9,3,8,5
2025,h,P,7,False,-3,4,0,4,0,0,3,8,4
2025,h,P,7,False,-2,2,0,2,0,1,0,4,2
2025,h,P,7,False,-1,10,2,8,0,9,6,23,16
2025,h,P,7,False,0,8,5,2,1,10,5,23,23
2025,h,P,7,False,1,8,7,1,0,4,3,17,17
2025,h,P,7,False,2,10,10,0,0,7,1,20,20
2025,h,P,7,False,3,3,3,0,0,0,0,6,6
2025,h,P,7,False,4,5,5,0,0,2,2,10,10
2025,h,P,7,False,5,2,2,0,0,0,3,4,4
2025,h,P,7,False,7,5,5,0,0,11,3,10,10
2025,h,P,7,False,8,1,1,0,0,0,0,2,2
2025,h,P,7,False,10,2,2,0,0,0,0,4,4
2025,h,P,7,True,-6,3,0,3,0,2,1,6,6
2025,h,P,7,True,-5,1,0,1,0,0,3,2,2
2025,h,P,7,True,-4,3,0,3,0,1,0,6,6
2025,h,P,7,True,-3,3,0,3,0,1,3,6,6
2025,h,P,7,True,-2,3,1,2,0,4,0,6,6
2025,h,P,7,True,-1,6,2,3,1,6,1,14,15
2025,h,P,7,True,0,14,5,8,1,9,14,31,34
2025,h,P,7,True,1,6,6,0,0,1,1,10,15
2025,h,P,7,True,2,5,5,0,0,7,1,5,10
2025,h,P,7,True,3,9,8,1,0,2,7,10,18
2025,h,P,7,True,4,6,6,0,0,6,0,6,12
2025,h,P,7,True,5,2,2,0,0,0,0,2,4
2025,h,P,7,True,6,2,2,0,0,2,2,2,4
2025,h,P,7,True,7,1,1,0,0,0,4,1,2
2025,h,P,7,True,8,3,3,0,0,0,4,3,6
2025,h,P,7,True,9,1,1,0,0,1,2,1,2
2025,h,P,7,True,10,1,1,0,0,0,0,1,2
2025,h,P,7,True,11,1,1,0,0,0,0,1,2
2025,l,P,6,False,-10,1,0,1,0,1,1,3,2
2025,l,P,6,False,-9,1,0,1,0,0,1,3,2
2025,l,P,6,False,-7,2,0,2,0,6,0,6,4
2025,l,P,6,False,-6,3,0,3,0,3,3,9,6
2025,l,P,6,False,-5,2,0,2,0,0,0,6,4
2025,l,P,6,False,-4,2,0,2,0,2,0,6,4
2025,l,P,6,False,-3,4,0,4,0,4,2,12,8
2025,l,P,6,False,-2,10,0,10,0,8,13,34,26
2025,l,P,6,False,-1,10,0,9,1,2,4,33,24
2025,l,P,6,False,0,14,8,6,0,18,12,52,50
2025,l,P,6,False,1,7,6,1,0,5,3,21,21
2025,l,P,6,False,2,9,7,2,0,21,20,27,26
2025,l,P,6,False,3,2,2,0,0,5,0,6,6
2025,l,P,6,False,4,2,2,0,0,2,0,6,6
2025,l,P,6,False,6,2,2,0,0,0,1,6,6
2025,l,P,6,False,7,1,1,0,0,2,4,3,3
2025,l,P,6,True,-10,1,0,1,0,0,0,3,3
2025,l,P,6,True,-7,1,0,1,0,0,2,3,3
2025,l,P,6,True,-5,1,0,1,0,0,2,3,3
2025,l,P,6,True,-4,5,1,4,0,10,6,14,15
2025,l,P,6,True,-3,5,0,5,0,1,0,15,15
2025,l,P,6,True,-2,10,1,8,1,9,7,32,33
2025,l,P,6,True,-1,9,3,5,1,13,12,31,32
2025,l,P,6,True,0,10,2,8,0,4,22,34,34
2025,l,P,6,True,1,11,11,0,0,6,2,24,34
2025,l,P,6,True,2,8,7,1,0,5,11,21,26
2025,l,P,6,True,3,4,4,0,0,3,0,8,12
2025,l,P,6,True,4,3,3,0,0,14,4,6,9
2025,l,P,6,True,5,1,1,0,0,1,0,2,3
2025,l,P,6,True,7,1,1,0,0,0,1,2,3
2025,l,P,6,True,9,1,1,0,0,0,0,2,3
2025,l,P,7,False,-10,1,0,1,0,0,0,2,1
2025,l,P,7,False,-9,2,0,2,0,2,1,4,2
2025,l,P,7,False,-7,2,0,2,0,6,0,4,2
2025,l,P,7,False,-6,1,0,1,0,0,0,2,1
2025,l,P,7,False,-5,4,0,4,0,2,0,8,4
2025,l,P,7,False,-4,3,0,3,0,2,0,6,3
2025,l,P,7,False,-3,5,0,5,0,2,2,10,5
2025,l,P,7,False,-2,7,0,7,0,5,6,16,10
2025,l,P,7,False,-1,12,0,11,1,3,5,29,19
2025,l,P,7,False,0,11,5,6,0,7,8,32,31
2025,l,P,7,False,1,7,6,1,0,7,6,14,14
2025,l,P,7,False,2,5,5,0,0,8,5,10,10
2025,l,P,7,False,3,4,4,0,0,4,0,8,8
2025,l,P,7,False,4,5,5,0,0,4,4,10,10
2025,l,P,7,False,5,2,2,0,0,3,0,4,4
2025,l,P,7,False,6,1,1,0,0,0,0,2,2
2025,l,P,7,True,-10,1,0,1,0,0,0,2,2
2025,l,P,7,True,-7,1,0,1,0,0,2,2,2
2025,l,P,7,True,-6,2,0,2,0,2,1,4,4
2025,l,P,7,True,-4,3,0,3,0,4,3,6,6
2025,l,P,7,True,-3,6,0,6,0,1,3,12,12
2025,l,P,7,True,-2,8,1,7,0,4,4,15,16
2025,l,P,7,True,-1,9,2,7,0,8,13,20,20
2025,l,P,7,True,0,11,4,6,1,6,15,28,29
2025,l,P,7,True,1,11,10,0,1,2,3,17,26
2025,l,P,7,True,2,6,5,1,0,1,8,10,14
2025,l,P,7,True,3,6,6,0,0,4,1,6,12
2025,l,P,7,True,4,2,2,0,0,5,4,2,4
2025,l,P,7,True,5,2,2,0,0,3,0,2,4
2025,l,P,7,True,7,1,1,0,0,0,1,1,2
2025,l,P,7,True,9,2,2,0,0,1,0,2,4
2025,m,P,6,False,-9,1,0,1,0,0,0,3,2
2025,m,P,6,False,-7,1,0,1,0,3,1,3,2
2025,m,P,6,False,-5,5,0,5,0,1,0,15,10
2025,m,P,6,False,-4,9,0,9,0,4,17,27,18
2025,m,P,6,False,-3,4,1,3,0,7,4,12,9
2025,m,P,6,False,-2,7,0,7,0,0,11,21,14
2025,m,P,6,False,-1,9,1,8,0,7,6,27,22
2025,m,P,6,False,0,11,5,6,0,6,13,39,37
2025,m,P,6,False,1,5,2,2,1,5,8,18,17
2025,m,P,6,False,2,6,2,4,0,6,16,21,21
2025,m,P,6,False,3,4,4,0,0,5,2,12,12
2025,m,P,6,False,4,3,3,0,0,2,4,9,9
2025,m,P,6,False,5,2,2,0,0,2,3,6,6
2025,m,P,6,False,6,3,3,0,0,3,6,9,9
2025,m,P,6,True,-10,1,0,1,0,0,2,3,3
2025,m,P,6,True,-8,2,0,2,0,6,0,6,6
2025,m,P,6,True,-7,1,0,1,0,1,3,3,3
2025,m,P,6,True,-6,1,0,1,0,2,3,3,3
2025,m,P,6,True,-5,2,0,2,0,0,1,6,6
2025,m,P,6,True,-4,3,0,3,0,4,6,9,9
2025,m,P,6,True,-3,1,0,1,0,0,2,3,3
2025,m,P,6,True,-2,9,0,9,0,4,12,27,27
2025,m,P,6,True,-1,5,0,5,0,4,6,17,17
2025,m,P,6,True,0,17,7,10,0,16,32,59,62
2025,m,P,6,True,1,9,5,3,1,4,7,26,31
2025,m,P,6,True,2,6,6,0,0,4,4,13,18
2025,m,P,6,True,3,3,3,0,0,4,4,6,9
2025,m,P,6,True,4,2,2,0,0,1,3,4,6
2025,m,P,6,True,5,4,4,0,0,0,5,8,12
2025,m,P,6,True,6,4,4,0,0,2,1,8,12
2025,m,P,6,True,7,1,1,0,0,0,0,2,3
2025,m,P,6,True,8,1,1,0,0,0,0,2,3
2025,m,P,7,False,-9,2,0,2,0,0,1,4,2
2025,m,P,7,False,-8,1,0,1,0,0,0,2,1
2025,m,P,7,False,-7,1,0,1,0,2,0,2,1
2025,m,P,7,False,-5,7,0,7,0,0,2,14,7
2025,m,P,7,False,-4,8,0,8,0,2,5,16,8
2025,m,P,7,False,-3,3,0,3,0,1,1,6,3
2025,m,P,7,False,-2,7,0,7,0,0,6,14,7
2025,m,P,7,False,-1,8,1,6,1,6,5,24,19
2025,m,P,7,False,0,11,4,7,0,7,8,26,26
2025,m,P,7,False,1,4,3,1,0,3,3,8,8
2025,m,P,7,False,2,6,3,3,0,0,9,12,12
2025,m,P,7,False,3,5,5,0,0,5,1,10,10
2025,m,P,7,False,4,1,1,0,0,0,2,2,2
2025,m,P,7,False,5,1,1,0,0,0,0,2,2
2025,m,P,7,False,6,4,4,0,0,1,8,8,8
2025,m,P,7,False,7,1,1,0,0,1,0,2,2
2025,m,P,7,True,-10,1,0,1,0,0,2,2,2
2025,m,P,7,True,-8,1,0,1,0,0,0,2,2
2025,m,P,7,True,-7,3,0,3,0,3,6,6,6
2025,m,P,7,True,-6,1,0,1,0,4,0,2,2
2025,m,P,7,True,-5,4,0,4,0,1,4,8,8
2025,m,P,7,True,-4,2,0,2,0,1,1,4,4
2025,m,P,7,True,-3,2,0,2,0,0,2,4,4
2025,m,P,7,True,-2,4,0,4,0,1,4,8,8
2025,m,P,7,True,-1,8,0,8,0,1,4,17,17
2025,m,P,7,True,0,15,6,9,0,9,21,40,41
2025,m,P,7,True,1,10,6,3,1,5,8,19,25
2025,m,P,7,True,2,3,3,0,0,0,1,3,6
2025,m,P,7,True,3,5,5,0,0,2,4,5,10
2025,m,P,7,True,4,3,3,0,0,2,4,3,6
2025,m,P,7,True,5,4,4,0,0,0,5,4,8
2025,m,P,7,True,6,3,3,0,0,0,1,3,6
2025,m,P,7,True,7,1,1,0,0,0,0,1,2
2025,m,P,7,True,8,2,2,0,0,0,0,2,4
2025,s,C,6,False,-12,1,0,1,0,0,0,3,2
2025,s,C,6,False,-7,1,0,1,0,1,0,3,2
2025,s,C,6,False,-6,2,0,2,0,2,9,6,4
2025,s,C,6,False,-5,5,0,5,0,7,1,15,10
2025,s,C,6,False,-4,2,0,2,0,1,1,6,4
2025,s,C,6,False,-3,7,0,7,0,4,3,21,14
2025,s,C,6,False,-2,12,1,11,0,14,11,39,29
2025,s,C,6,False,-1,8,1,7,0,7,9,27,20
2025,s,C,6,False,0,11,4,6,1,8,13,38,34
2025,s,C,6,False,1,4,2,1,1,0,5,15,14
2025,s,C,6,False,2,5,5,0,0,2,4,15,15
2025,s,C,6,False,3,6,6,0,0,8,8,18,18
2025,s,C,6,False,4,1,1,0,0,0,0,3,3
2025,s,C,6,False,5,5,4,1,0,0,6,16,16
2025,s,C,6,False,8,1,1,0,0,3,0,2,2
2025,s,C,6,True,-12,1,0,1,0,1,2,3,3
2025,s,C,6,True,-7,1,0,1,0,0,0,3,3
2025,s,C,6,True,-6,1,0,1,0,0,0,3,3
2025,s,C,6,True,-5,7,0,7,0,9,12,22,22
2025,s,C,6,True,-4,4,0,4,0,2,4,12,12
2025,s,C,6,True,-3,5,3,2,0,13,2,16,16
2025,s,C,6,True,-2,10,1,9,0,9,15,30,31
2025,s,C,6,True,-1,6,1,3,2,6,9,25,25
2025,s,C,6,True,0,10,6,4,0,10,9,29,33
2025,s,C,6,True,1,9,5,1,3,7,11,31,36
2025,s,C,6,True,2,7,6,1,0,5,10,17,23
2025,s,C,6,True,3,4,3,1,0,3,9,9,12
2025,s,C,6,True,4,2,2,0,0,3,3,4,6
2025,s,C,6,True,5,2,2,0,0,0,0,4,6
2025,s,C,6,True,8,3,3,0,0,2,4,6,9
2025,s,C,7,False,-12,1,0,1,0,0,0,2,1
2025,s,C,7,False,-10,1,0,1,0,1,4,2,1
2025,s,C,7,False,-7,1,0,1,0,1,0,2,1
2025,s,C,7,False,-5,6,0,6,0,6,2,12,6
2025,s,C,7,False,-4,5,0,5,0,4,1,10,5
2025,s,C,7,False,-3,7,1,6,0,8,1,17,11
2025,s,C,7,False,-2,8,0,8,0,4,3,16,8
2025,s,C,7,False,-1,7,1,6,0,3,5,17,11
2025,s,C,7,False,0,12,2,9,1,2,17,29,23
2025,s,C,7,False,1,6,5,0,1,1,1,15,15
2025,s,C,7,False,2,5,5,0,0,3,0,10,10
2025,s,C,7,False,3,3,3,0,0,1,0,6,6
2025,s,C,7,False,4,3,3,0,0,0,5,6,6
2025,s,C,7,False,5,5,4,1,0,0,6,11,11
2025,s,C,7,False,9,1,1,0,0,2,0,1,1
2025,s,C,7,True,-14,1,0,1,0,1,0,2,2
2025,s,C,7,True,-7,1,0,1,0,0,0,2,2
2025,s,C,7,True,-6,1,0,1,0,0,0,2,2
2025,s,C,7,True,-5,7,0,7,0,5,11,14,14
2025,s,C,7,True,-4,4,0,4,0,0,4,8,8
2025,s,C,7,True,-3,4,1,3,0,6,1,9,9
2025,s,C,7,True,-2,9,1,7,1,5,10,21,21
2025,s,C,7,True,-1,9,1,6,2,9,9,27,27
2025,s,C,7,True,0,9,5,3,1,6,7,22,24
2025,s,C,7,True,1,10,8,1,1,6,7,15,23
2025,s,C,7,True,2,7,6,1,0,5,10,10,16
2025,s,C,7,True,3,2,2,0,0,1,1,2,4
2025,s,C,7,True,4,3,3,0,0,3,4,3,6
2025,s,C,7,True,5,2,2,0,0,0,0,2,4
2025,s,C,7,True,6,1,1,0,0,0,1,1,2
2025,s,C,7,True,8,2,2,0,0,2,1,2,4
2025,t,C,6,False,-8,1,0,1,0,1,0,3,2
2025,t,C,6,False,-5,2,0,2,0,0,2,6,4
2025,t,C,6,False,-4,1,0,1,0,0,3,3,2
2025,t,C,6,False,-3,5,0,5,0,4,0,15,10
2025,t,C,6,False,-2,7,4,3,0,22,3,26,24
2025,t,C,6,False,-1,5,3,2,0,12,0,16,14
2025,t,C,6,False,0,11,5,4,2,16,6,47,44
2025,t,C,6,False,1,10,7,2,1,4,7,33,32
2025,t,C,6,False,2,14,12,2,0,32,14,44,43
2025,t,C,6,False,3,8,7,1,0,9,11,24,24
2025,t,C,6,False,4,4,3,1,0,5,9,12,12
2025,t,C,6,False,5,4,3,1,0,2,7,12,12
2025,t,C,6,True,-4,1,0,1,0,3,1,3,3
2025,t,C,6,True,-3,9,0,9,0,4,5,27,27
2025,t,C,6,True,-2,5,0,5,0,4,8,15,15
2025,t,C,6,True,-1,4,0,4,0,3,6,14,14
2025,t,C,6,True,0,12,6,6,0,13,12,37,40
2025,t,C,6,True,1,15,10,4,1,15,18,43,53
2025,t,C,6,True,2,9,9,0,0,9,2,18,27
2025,t,C,6,True,3,7,7,0,0,7,1,14,21
2025,t,C,6,True,4,4,4,0,0,3,2,8,12
2025,t,C,6,True,5,3,3,0,0,0,2,6,9
2025,t,C,6,True,6,1,1,0,0,2,1,2,3
2025,t,C,6,True,7,1,1,0,0,0,1,2,3
2025,t,C,7,False,-8,1,0,1,0,1,0,2,1
2025,t,C,7,False,-5,2,0,2,0,0,2,4,2
2025,t,C,7,False,-4,1,0,1,0,0,3,2,1
2025,t,C,7,False,-3,5,0,5,0,4,0,10,5
2025,t,C,7,False,-2,5,3,2,0,15,2,12,10
2025,t,C,7,False,-1,6,2,3,1,11,1,17,15
2025,t,C,7,False,0,14,5,8,1,15,9,42,38
2025,t,C,7,False,1,10,7,2,1,3,7,24,24
2025,t,C,7,False,2,13,12,1,0,16,7,26,25
2025,t,C,7,False,3,7,7,0,0,4,1,14,14
2025,t,C,7,False,4,2,2,0,0,4,1,4,4
2025,t,C,7,False,5,6,6,0,0,7,2,12,12
2025,t,C,7,True,-5,1,0,1,0,0,0,2,2
2025,t,C,7,True,-3,8,0,8,0,2,4,16,16
2025,t,C,7,True,-2,5,0,5,0,1,5,10,10
2025,t,C,7,True,-1,7,0,7,0,2,8,14,14
2025,t,C,7,True,0,12,6,6,0,12,7,29,32
2025,t,C,7,True,1,9,7,2,0,2,6,14,21
2025,t,C,7,True,2,11,11,0,0,12,2,11,22
2025,t,C,7,True,3,7,6,0,1,5,4,11,17
2025,t,C,7,True,4,7,7,0,0,1,2,7,14
2025,t,C,7,True,5,2,2,0,0,2,0,2,4
2025,t,C,7,True,6,1,1,0,0,0,0,1,2
2025,t,C,7,True,7,1,1,0,0,0,1,1,2
