season,team,cap,home_survival,away_survival,survival_gap,gap,body_gap,tail_gap
2013,c,0,1.0,1.0,0.0,0.5,0,0.5
2013,c,1,0.8888888888888888,0.9027777777777778,0.01388888888888895,0.5,0.01388888888888895,0.48611111111111116
2013,c,2,0.7638888888888888,0.7916666666666666,0.02777777777777779,0.5,0.04166666666666674,0.45833333333333326
2013,c,3,0.5972222222222222,0.6527777777777778,0.05555555555555558,0.5,0.09722222222222232,0.4027777777777777
2013,c,4,0.5,0.4861111111111111,-0.013888888888888895,0.5,0.08333333333333348,0.41666666666666663
2013,c,5,0.4027777777777778,0.375,-0.02777777777777779,0.5,0.0555555555555558,0.4444444444444444
2013,c,6,0.2361111111111111,0.2638888888888889,0.02777777777777779,0.5,0.08333333333333348,0.41666666666666663
2013,c,7,0.1388888888888889,0.19444444444444445,0.05555555555555555,0.5,0.13888888888888884,0.36111111111111116
2013,c,8,0.05555555555555555,0.1388888888888889,0.08333333333333334,0.5,0.22222222222222188,0.2777777777777778
2013,c,9,0.013888888888888888,0.08333333333333333,0.06944444444444445,0.5,0.2916666666666665,0.20833333333333334
2013,c,10,0.0,0.08333333333333333,0.08333333333333333,0.5,0.375,0.125
2013,c,11,0.0,0.041666666666666664,0.041666666666666664,0.5,0.41666666666666696,0.08333333333333333
2013,c,12,0.0,0.013888888888888888,0.013888888888888888,0.5,0.43055555555555536,0.06944444444444445
2013,c,13,0.0,0.013888888888888888,0.013888888888888888,0.5,0.44444444444444464,0.05555555555555555
2013,c,14,0.0,0.013888888888888888,0.013888888888888888,0.5,0.45833333333333304,0.041666666666666664
2013,c,15,0.0,0.013888888888888888,0.013888888888888888,0.5,0.4722222222222223,0.027777777777777776
2013,c,16,0.0,0.013888888888888888,0.013888888888888888,0.5,0.4861111111111107,0.013888888888888888
2013,c,17,0.0,0.013888888888888888,0.013888888888888888,0.5,0.5,0
2013,c,18,0.0,0.0,0.0,0.5,0.5,0
2013,c,19,0.0,0.0,0.0,0.5,0.5,0
2013,c,20,0.0,0.0,0.0,0.5,0.5,0
2013,c,21,0.0,0.0,0.0,0.5,0.5,0
2013,c,22,0.0,0.0,0.0,0.5,0.5,0
2013,d,0,1.0,1.0,0.0,1.2916666666666665,0,1.2916666666666665
2013,d,1,0.9444444444444444,0.9444444444444444,0.0,1.2916666666666665,0.0,1.2916666666666665
2013,d,2,0.7638888888888888,0.9027777777777778,0.13888888888888895,1.2916666666666665,0.13888888888888906,1.152777777777778
2013,d,3,0.625,0.7638888888888888,0.13888888888888884,1.2916666666666665,0.2777777777777777,1.013888888888889
2013,d,4,0.4305555555555556,0.5972222222222222,0.16666666666666663,1.2916666666666665,0.44444444444444464,0.8472222222222223
2013,d,5,0.2777777777777778,0.4583333333333333,0.18055555555555552,1.2916666666666665,0.625,0.6666666666666666
2013,d,6,0.20833333333333334,0.4027777777777778,0.19444444444444445,1.2916666666666665,0.8194444444444446,0.47222222222222227
2013,d,7,0.1111111111111111,0.2916666666666667,0.18055555555555558,1.2916666666666665,0.9999999999999996,0.29166666666666663
2013,d,8,0.06944444444444445,0.19444444444444445,0.125,1.2916666666666665,1.125,0.16666666666666669
2013,d,9,0.05555555555555555,0.09722222222222222,0.04166666666666667,1.2916666666666665,1.1666666666666665,0.125
2013,d,10,0.013888888888888888,0.08333333333333333,0.06944444444444445,1.2916666666666665,1.2361111111111107,0.05555555555555556
2013,d,11,0.013888888888888888,0.041666666666666664,0.027777777777777776,1.2916666666666665,1.2638888888888888,0.027777777777777776
2013,d,12,0.0,0.027777777777777776,0.027777777777777776,1.2916666666666665,1.2916666666666665,0
2013,d,13,0.0,0.0,0.0,1.2916666666666665,1.2916666666666665,0
2013,d,14,0.0,0.0,0.0,1.2916666666666665,1.2916666666666665,0
2013,d,15,0.0,0.0,0.0,1.2916666666666665,1.2916666666666665,0
2013,d,16,0.0,0.0,0.0,1.2916666666666665,1.2916666666666665,0
2013,d,17,0.0,0.0,0.0,1.2916666666666665,1.2916666666666665,0
2013,d,18,0.0,0.0,0.0,1.2916666666666665,1.2916666666666665,0
2013,d,19,0.0,0.0,0.0,1.2916666666666665,1.2916666666666665,0
2013,d,20,0.0,0.0,0.0,1.2916666666666665,1.2916666666666665,0
2013,d,21,0.0,0.0,0.0,1.2916666666666665,1.2916666666666665,0
2013,d,22,0.0,0.0,0.0,1.2916666666666665,1.2916666666666665,0
2013,db,0,1.0,1.0,0.0,-1.3055555555555562,0,-1.3055555555555562
2013,db,1,0.9722222222222222,0.9027777777777778,-0.06944444444444442,-1.3055555555555562,-0.06944444444444442,-1.2361111111111112
2013,db,2,0.8888888888888888,0.7777777777777778,-0.11111111111111105,-1.3055555555555562,-0.18055555555555558,-1.125
2013,db,3,0.7638888888888888,0.625,-0.13888888888888884,-1.3055555555555562,-0.31944444444444464,-0.9861111111111109
2013,db,4,0.7083333333333334,0.4166666666666667,-0.2916666666666667,-1.3055555555555562,-0.6111111111111112,-0.6944444444444446
2013,db,5,0.5694444444444444,0.3333333333333333,-0.2361111111111111,-1.3055555555555562,-0.8472222222222223,-0.45833333333333326
2013,db,6,0.4305555555555556,0.3194444444444444,-0.11111111111111116,-1.3055555555555562,-0.958333333333333,-0.3472222222222221
2013,db,7,0.3611111111111111,0.2777777777777778,-0.08333333333333331,-1.3055555555555562,-1.041666666666667,-0.2638888888888889
2013,db,8,0.2638888888888889,0.16666666666666666,-0.09722222222222224,-1.3055555555555562,-1.1388888888888884,-0.16666666666666663
2013,db,9,0.18055555555555555,0.08333333333333333,-0.09722222222222222,-1.3055555555555562,-1.2361111111111116,-0.06944444444444445
2013,db,10,0.1111111111111111,0.06944444444444445,-0.04166666666666666,-1.3055555555555562,-1.2777777777777777,-0.027777777777777762
2013,db,11,0.05555555555555555,0.041666666666666664,-0.013888888888888888,-1.3055555555555562,-1.291666666666666,-0.013888888888888881
2013,db,12,0.05555555555555555,0.027777777777777776,-0.027777777777777776,-1.3055555555555562,-1.3194444444444438,0.013888888888888895
2013,db,13,0.013888888888888888,0.013888888888888888,0.0,-1.3055555555555562,-1.3194444444444446,0.013888888888888888
2013,db,14,0.013888888888888888,0.013888888888888888,0.0,-1.3055555555555562,-1.3194444444444446,0.013888888888888888
2013,db,15,0.013888888888888888,0.013888888888888888,0.0,-1.3055555555555562,-1.3194444444444446,0.013888888888888888
2013,db,16,0.013888888888888888,0.013888888888888888,0.0,-1.3055555555555562,-1.3194444444444446,0.013888888888888888
2013,db,17,0.0,0.013888888888888888,0.013888888888888888,-1.3055555555555562,-1.3055555555555562,0
2013,db,18,0.0,0.0,0.0,-1.3055555555555562,-1.3055555555555562,0
2013,db,19,0.0,0.0,0.0,-1.3055555555555562,-1.3055555555555562,0
2013,db,20,0.0,0.0,0.0,-1.3055555555555562,-1.3055555555555562,0
2013,db,21,0.0,0.0,0.0,-1.3055555555555562,-1.3055555555555562,0
2013,db,22,0.0,0.0,0.0,-1.3055555555555562,-1.3055555555555562,0
2013,g,0,1.0,1.0,0.0,0.16666666666666652,0,0.16666666666666652
2013,g,1,0.9444444444444444,0.8194444444444444,-0.125,0.16666666666666652,-0.125,0.2916666666666665
2013,g,2,0.75,0.7222222222222222,-0.02777777777777779,0.16666666666666652,-0.15277777777777768,0.31944444444444464
2013,g,3,0.5555555555555556,0.5694444444444444,0.01388888888888884,0.16666666666666652,-0.13888888888888884,0.3055555555555556
2013,g,4,0.375,0.4305555555555556,0.05555555555555558,0.16666666666666652,-0.08333333333333348,0.25
2013,g,5,0.2777777777777778,0.2916666666666667,0.013888888888888895,0.16666666666666652,-0.0694444444444442,0.23611111111111116
2013,g,6,0.18055555555555555,0.2361111111111111,0.05555555555555555,0.16666666666666652,-0.01388888888888884,0.18055555555555552
2013,g,7,0.1527777777777778,0.18055555555555555,0.027777777777777762,0.16666666666666652,0.01388888888888884,0.15277777777777776
2013,g,8,0.08333333333333333,0.1388888888888889,0.055555555555555566,0.16666666666666652,0.0694444444444442,0.09722222222222221
2013,g,9,0.06944444444444445,0.09722222222222222,0.027777777777777776,0.16666666666666652,0.09722222222222232,0.06944444444444445
2013,g,10,0.041666666666666664,0.06944444444444445,0.027777777777777783,0.16666666666666652,0.125,0.041666666666666664
2013,g,11,0.013888888888888888,0.041666666666666664,0.027777777777777776,0.16666666666666652,0.15277777777777768,0.013888888888888888
2013,g,12,0.0,0.013888888888888888,0.013888888888888888,0.16666666666666652,0.16666666666666652,0
2013,g,13,0.0,0.0,0.0,0.16666666666666652,0.16666666666666652,0
2013,g,14,0.0,0.0,0.0,0.16666666666666652,0.16666666666666652,0
2013,g,15,0.0,0.0,0.0,0.16666666666666652,0.16666666666666652,0
2013,g,16,0.0,0.0,0.0,0.16666666666666652,0.16666666666666652,0
2013,g,17,0.0,0.0,0.0,0.16666666666666652,0.16666666666666652,0
2013,g,18,0.0,0.0,0.0,0.16666666666666652,0.16666666666666652,0
2013,g,19,0.0,0.0,0.0,0.16666666666666652,0.16666666666666652,0
2013,g,20,0.0,0.0,0.0,0.16666666666666652,0.16666666666666652,0
2013,g,21,0.0,0.0,0.0,0.16666666666666652,0.16666666666666652,0
2013,g,22,0.0,0.0,0.0,0.16666666666666652,0.16666666666666652,0
2013,s,0,1.0,1.0,0.0,-0.44444444444444375,0,-0.44444444444444375
2013,s,1,0.9305555555555556,0.9305555555555556,0.0,-0.44444444444444375,0.0,-0.4444444444444442
2013,s,2,0.8472222222222222,0.8472222222222222,0.0,-0.44444444444444375,0.0,-0.4444444444444442
2013,s,3,0.6527777777777778,0.7638888888888888,0.11111111111111105,-0.44444444444444375,0.11111111111111116,-0.5555555555555554
2013,s,4,0.5277777777777778,0.5972222222222222,0.06944444444444442,-0.44444444444444375,0.18055555555555536,-0.625
2013,s,5,0.4583333333333333,0.4305555555555556,-0.027777777777777735,-0.44444444444444375,0.15277777777777812,-0.5972222222222223
2013,s,6,0.4027777777777778,0.3472222222222222,-0.05555555555555558,-0.44444444444444375,0.09722222222222188,-0.5416666666666666
2013,s,7,0.2916666666666667,0.18055555555555555,-0.11111111111111113,-0.44444444444444375,-0.013888888888888395,-0.4305555555555555
2013,s,8,0.2361111111111111,0.1111111111111111,-0.125,-0.44444444444444375,-0.13888888888888928,-0.3055555555555556
2013,s,9,0.2222222222222222,0.09722222222222222,-0.12499999999999999,-0.44444444444444375,-0.2638888888888893,-0.18055555555555555
2013,s,10,0.1527777777777778,0.08333333333333333,-0.06944444444444446,-0.44444444444444375,-0.33333333333333304,-0.1111111111111111
2013,s,11,0.1111111111111111,0.05555555555555555,-0.05555555555555555,-0.44444444444444375,-0.3888888888888884,-0.05555555555555555
2013,s,12,0.08333333333333333,0.027777777777777776,-0.05555555555555555,-0.44444444444444375,-0.44444444444444464,0.0
2013,s,13,0.041666666666666664,0.027777777777777776,-0.013888888888888888,-0.44444444444444375,-0.45833333333333304,0.013888888888888888
2013,s,14,0.0,0.013888888888888888,0.013888888888888888,-0.44444444444444375,-0.44444444444444375,0
2013,s,15,0.0,0.0,0.0,-0.44444444444444375,-0.44444444444444375,0
2013,s,16,0.0,0.0,0.0,-0.44444444444444375,-0.44444444444444375,0
2013,s,17,0.0,0.0,0.0,-0.44444444444444375,-0.44444444444444375,0
2013,s,18,0.0,0.0,0.0,-0.44444444444444375,-0.44444444444444375,0
2013,s,19,0.0,0.0,0.0,-0.44444444444444375,-0.44444444444444375,0
2013,s,20,0.0,0.0,0.0,-0.44444444444444375,-0.44444444444444375,0
2013,s,21,0.0,0.0,0.0,-0.44444444444444375,-0.44444444444444375,0
2013,s,22,0.0,0.0,0.0,-0.44444444444444375,-0.44444444444444375,0
2013,t,0,1.0,1.0,0.0,0.16666666666666696,0,0.16666666666666696
2013,t,1,0.875,0.8611111111111112,-0.01388888888888884,0.16666666666666696,-0.01388888888888884,0.1805555555555558
2013,t,2,0.6805555555555556,0.6805555555555556,0.0,0.16666666666666696,-0.01388888888888884,0.18055555555555558
2013,t,3,0.5555555555555556,0.5277777777777778,-0.02777777777777779,0.16666666666666696,-0.04166666666666652,0.20833333333333326
2013,t,4,0.4166666666666667,0.4027777777777778,-0.013888888888888895,0.16666666666666696,-0.05555555555555536,0.2222222222222222
2013,t,5,0.3055555555555556,0.2916666666666667,-0.013888888888888895,0.16666666666666696,-0.06944444444444464,0.23611111111111116
2013,t,6,0.2361111111111111,0.20833333333333334,-0.027777777777777762,0.16666666666666696,-0.09722222222222232,0.2638888888888889
2013,t,7,0.125,0.1527777777777778,0.02777777777777779,0.16666666666666696,-0.06944444444444464,0.2361111111111111
2013,t,8,0.05555555555555555,0.1111111111111111,0.05555555555555555,0.16666666666666696,-0.01388888888888884,0.18055555555555555
2013,t,9,0.041666666666666664,0.08333333333333333,0.041666666666666664,0.16666666666666696,0.027777777777778123,0.1388888888888889
2013,t,10,0.013888888888888888,0.041666666666666664,0.027777777777777776,0.16666666666666696,0.0555555555555558,0.1111111111111111
2013,t,11,0.0,0.041666666666666664,0.041666666666666664,0.16666666666666696,0.09722222222222232,0.06944444444444445
2013,t,12,0.0,0.027777777777777776,0.027777777777777776,0.16666666666666696,0.125,0.041666666666666664
2013,t,13,0.0,0.013888888888888888,0.013888888888888888,0.16666666666666696,0.13888888888888928,0.027777777777777776
2013,t,14,0.0,0.013888888888888888,0.013888888888888888,0.16666666666666696,0.15277777777777812,0.013888888888888888
2013,t,15,0.0,0.013888888888888888,0.013888888888888888,0.16666666666666696,0.16666666666666696,0
2013,t,16,0.0,0.0,0.0,0.16666666666666696,0.16666666666666696,0
2013,t,17,0.0,0.0,0.0,0.16666666666666696,0.16666666666666696,0
2013,t,18,0.0,0.0,0.0,0.16666666666666696,0.16666666666666696,0
2013,t,19,0.0,0.0,0.0,0.16666666666666696,0.16666666666666696,0
2013,t,20,0.0,0.0,0.0,0.16666666666666696,0.16666666666666696,0
2013,t,21,0.0,0.0,0.0,0.16666666666666696,0.16666666666666696,0
2013,t,22,0.0,0.0,0.0,0.16666666666666696,0.16666666666666696,0
2014,c,0,1.0,1.0,0.0,-0.02777777777777768,0,-0.02777777777777768
2014,c,1,0.9305555555555556,0.9305555555555556,0.0,-0.02777777777777768,0.0,-0.027777777777778123
2014,c,2,0.7777777777777778,0.8055555555555556,0.02777777777777779,-0.02777777777777768,0.0277777777777779,-0.05555555555555536
2014,c,3,0.625,0.6666666666666666,0.04166666666666663,-0.02777777777777768,0.0694444444444442,-0.09722222222222232
2014,c,4,0.5,0.5138888888888888,0.01388888888888884,-0.02777777777777768,0.08333333333333304,-0.11111111111111116
2014,c,5,0.375,0.4166666666666667,0.041666666666666685,-0.02777777777777768,0.125,-0.1527777777777779
2014,c,6,0.3333333333333333,0.2916666666666667,-0.04166666666666663,-0.02777777777777768,0.08333333333333348,-0.11111111111111116
2014,c,7,0.2361111111111111,0.2222222222222222,-0.013888888888888895,-0.02777777777777768,0.06944444444444464,-0.09722222222222221
2014,c,8,0.19444444444444445,0.16666666666666666,-0.02777777777777779,-0.02777777777777768,0.04166666666666696,-0.06944444444444445
2014,c,9,0.125,0.08333333333333333,-0.04166666666666667,-0.02777777777777768,0.0,-0.02777777777777779
2014,c,10,0.05555555555555555,0.05555555555555555,0.0,-0.02777777777777768,0.0,-0.027777777777777776
2014,c,11,0.027777777777777776,0.041666666666666664,0.013888888888888888,-0.02777777777777768,0.013888888888889284,-0.04166666666666667
2014,c,12,0.013888888888888888,0.027777777777777776,0.013888888888888888,-0.02777777777777768,0.02777777777777768,-0.05555555555555555
2014,c,13,0.013888888888888888,0.0,-0.013888888888888888,-0.02777777777777768,0.013888888888889284,-0.041666666666666664
2014,c,14,0.013888888888888888,0.0,-0.013888888888888888,-0.02777777777777768,0.0,-0.027777777777777776
2014,c,15,0.013888888888888888,0.0,-0.013888888888888888,-0.02777777777777768,-0.013888888888888395,-0.013888888888888888
2014,c,16,0.013888888888888888,0.0,-0.013888888888888888,-0.02777777777777768,-0.02777777777777768,0
2014,c,17,0.0,0.0,0.0,-0.02777777777777768,-0.02777777777777768,0
2014,c,18,0.0,0.0,0.0,-0.02777777777777768,-0.02777777777777768,0
2014,c,19,0.0,0.0,0.0,-0.02777777777777768,-0.02777777777777768,0
2014,c,20,0.0,0.0,0.0,-0.02777777777777768,-0.02777777777777768,0
2014,c,21,0.0,0.0,0.0,-0.02777777777777768,-0.02777777777777768,0
2014,c,22,0.0,0.0,0.0,-0.02777777777777768,-0.02777777777777768,0
2014,d,0,1.0,1.0,0.0,0.6111111111111112,0,0.6111111111111112
2014,d,1,0.9027777777777778,0.9444444444444444,0.04166666666666663,0.6111111111111112,0.04166666666666663,0.5694444444444446
2014,d,2,0.7777777777777778,0.8333333333333334,0.05555555555555558,0.6111111111111112,0.0972222222222221,0.5138888888888888
2014,d,3,0.5972222222222222,0.7083333333333334,0.11111111111111116,0.6111111111111112,0.20833333333333348,0.4027777777777779
2014,d,4,0.4722222222222222,0.5833333333333334,0.11111111111111116,0.6111111111111112,0.31944444444444464,0.2916666666666665
2014,d,5,0.3888888888888889,0.375,-0.013888888888888895,0.6111111111111112,0.3055555555555558,0.3055555555555556
2014,d,6,0.3055555555555556,0.2777777777777778,-0.02777777777777779,0.6111111111111112,0.2777777777777777,0.33333333333333337
2014,d,7,0.125,0.2361111111111111,0.1111111111111111,0.6111111111111112,0.38888888888888884,0.2222222222222222
2014,d,8,0.08333333333333333,0.1388888888888889,0.055555555555555566,0.6111111111111112,0.44444444444444464,0.16666666666666669
2014,d,9,0.041666666666666664,0.1111111111111111,0.06944444444444445,0.6111111111111112,0.5138888888888884,0.09722222222222222
2014,d,10,0.027777777777777776,0.05555555555555555,0.027777777777777776,0.6111111111111112,0.541666666666667,0.06944444444444445
2014,d,11,0.013888888888888888,0.041666666666666664,0.027777777777777776,0.6111111111111112,0.5694444444444442,0.04166666666666667
2014,d,12,0.013888888888888888,0.041666666666666664,0.027777777777777776,0.6111111111111112,0.5972222222222223,0.013888888888888888
2014,d,13,0.013888888888888888,0.027777777777777776,0.013888888888888888,0.6111111111111112,0.6111111111111112,0.0
2014,d,14,0.013888888888888888,0.013888888888888888,0.0,0.6111111111111112,0.6111111111111116,0.0
2014,d,15,0.013888888888888888,0.013888888888888888,0.0,0.6111111111111112,0.6111111111111112,0
2014,d,16,0.0,0.0,0.0,0.6111111111111112,0.6111111111111112,0
2014,d,17,0.0,0.0,0.0,0.6111111111111112,0.6111111111111112,0
2014,d,18,0.0,0.0,0.0,0.6111111111111112,0.6111111111111112,0
2014,d,19,0.0,0.0,0.0,0.6111111111111112,0.6111111111111112,0
2014,d,20,0.0,0.0,0.0,0.6111111111111112,0.6111111111111112,0
2014,d,21,0.0,0.0,0.0,0.6111111111111112,0.6111111111111112,0
2014,d,22,0.0,0.0,0.0,0.6111111111111112,0.6111111111111112,0
2014,db,0,1.0,1.0,0.0,-1.0277777777777777,0,-1.0277777777777777
2014,db,1,0.9444444444444444,0.9166666666666666,-0.02777777777777779,-1.0277777777777777,-0.02777777777777779,-1.0
2014,db,2,0.8611111111111112,0.7222222222222222,-0.13888888888888895,-1.0277777777777777,-0.16666666666666674,-0.8611111111111112
2014,db,3,0.7638888888888888,0.625,-0.13888888888888884,-1.0277777777777777,-0.3055555555555558,-0.7222222222222221
2014,db,4,0.625,0.5555555555555556,-0.06944444444444442,-1.0277777777777777,-0.375,-0.6527777777777777
2014,db,5,0.4583333333333333,0.3333333333333333,-0.125,-1.0277777777777777,-0.5,-0.5277777777777778
2014,db,6,0.4166666666666667,0.20833333333333334,-0.20833333333333334,-1.0277777777777777,-0.7083333333333335,-0.3194444444444445
2014,db,7,0.25,0.1527777777777778,-0.09722222222222221,-1.0277777777777777,-0.8055555555555558,-0.2222222222222222
2014,db,8,0.125,0.1111111111111111,-0.013888888888888895,-1.0277777777777777,-0.8194444444444446,-0.20833333333333334
2014,db,9,0.09722222222222222,0.08333333333333333,-0.013888888888888895,-1.0277777777777777,-0.8333333333333335,-0.19444444444444448
2014,db,10,0.09722222222222222,0.05555555555555555,-0.04166666666666667,-1.0277777777777777,-0.8750000000000004,-0.1527777777777778
2014,db,11,0.08333333333333333,0.041666666666666664,-0.041666666666666664,-1.0277777777777777,-0.916666666666667,-0.1111111111111111
2014,db,12,0.05555555555555555,0.013888888888888888,-0.041666666666666664,-1.0277777777777777,-0.958333333333333,-0.06944444444444445
2014,db,13,0.027777777777777776,0.0,-0.027777777777777776,-1.0277777777777777,-0.9861111111111107,-0.041666666666666664
2014,db,14,0.027777777777777776,0.0,-0.027777777777777776,-1.0277777777777777,-1.0138888888888884,-0.013888888888888888
2014,db,15,0.013888888888888888,0.0,-0.013888888888888888,-1.0277777777777777,-1.0277777777777777,0
2014,db,16,0.0,0.0,0.0,-1.0277777777777777,-1.0277777777777777,0
2014,db,17,0.0,0.0,0.0,-1.0277777777777777,-1.0277777777777777,0
2014,db,18,0.0,0.0,0.0,-1.0277777777777777,-1.0277777777777777,0
2014,db,19,0.0,0.0,0.0,-1.0277777777777777,-1.0277777777777777,0
2014,db,20,0.0,0.0,0.0,-1.0277777777777777,-1.0277777777777777,0
2014,db,21,0.0,0.0,0.0,-1.0277777777777777,-1.0277777777777777,0
2014,db,22,0.0,0.0,0.0,-1.0277777777777777,-1.0277777777777777,0
2014,g,0,1.0,1.0,0.0,0.3611111111111116,0,0.3611111111111116
2014,g,1,0.875,0.9444444444444444,0.06944444444444442,0.3611111111111116,0.06944444444444442,0.29166666666666696
2014,g,2,0.7222222222222222,0.7638888888888888,0.04166666666666663,0.3611111111111116,0.11111111111111094,0.25
2014,g,3,0.5972222222222222,0.5972222222222222,0.0,0.3611111111111116,0.11111111111111072,0.25
2014,g,4,0.4027777777777778,0.4583333333333333,0.055555555555555525,0.3611111111111116,0.16666666666666652,0.19444444444444442
2014,g,5,0.2916666666666667,0.375,0.08333333333333331,0.3611111111111116,0.25,0.11111111111111116
2014,g,6,0.25,0.2638888888888889,0.013888888888888895,0.3611111111111116,0.26388888888888884,0.09722222222222232
2014,g,7,0.18055555555555555,0.2361111111111111,0.05555555555555555,0.3611111111111116,0.3194444444444442,0.041666666666666685
2014,g,8,0.09722222222222222,0.1388888888888889,0.04166666666666667,0.3611111111111116,0.36111111111111116,0.0
2014,g,9,0.09722222222222222,0.09722222222222222,0.0,0.3611111111111116,0.36111111111111116,0.0
2014,g,10,0.06944444444444445,0.06944444444444445,0.0,0.3611111111111116,0.36111111111111116,0.0
2014,g,11,0.041666666666666664,0.027777777777777776,-0.013888888888888888,0.3611111111111116,0.3472222222222223,0.013888888888888888
2014,g,12,0.027777777777777776,0.027777777777777776,0.0,0.3611111111111116,0.3472222222222223,0.013888888888888888
2014,g,13,0.0,0.013888888888888888,0.013888888888888888,0.3611111111111116,0.3611111111111116,0
2014,g,14,0.0,0.0,0.0,0.3611111111111116,0.3611111111111116,0
2014,g,15,0.0,0.0,0.0,0.3611111111111116,0.3611111111111116,0
2014,g,16,0.0,0.0,0.0,0.3611111111111116,0.3611111111111116,0
2014,g,17,0.0,0.0,0.0,0.3611111111111116,0.3611111111111116,0
2014,g,18,0.0,0.0,0.0,0.3611111111111116,0.3611111111111116,0
2014,g,19,0.0,0.0,0.0,0.3611111111111116,0.3611111111111116,0
2014,g,20,0.0,0.0,0.0,0.3611111111111116,0.3611111111111116,0
2014,g,21,0.0,0.0,0.0,0.3611111111111116,0.3611111111111116,0
2014,g,22,0.0,0.0,0.0,0.3611111111111116,0.3611111111111116,0
2014,s,0,1.0,1.0,0.0,-0.6805555555555554,0,-0.6805555555555554
2014,s,1,0.9722222222222222,0.9722222222222222,0.0,-0.6805555555555554,0.0,-0.6805555555555558
2014,s,2,0.8611111111111112,0.8472222222222222,-0.01388888888888895,-0.6805555555555554,-0.01388888888888884,-0.6666666666666665
2014,s,3,0.8055555555555556,0.7222222222222222,-0.08333333333333337,-0.6805555555555554,-0.09722222222222232,-0.583333333333333
2014,s,4,0.6527777777777778,0.6111111111111112,-0.04166666666666663,-0.6805555555555554,-0.13888888888888884,-0.5416666666666665
2014,s,5,0.5,0.4583333333333333,-0.041666666666666685,-0.6805555555555554,-0.18055555555555536,-0.5
2014,s,6,0.3888888888888889,0.3194444444444444,-0.06944444444444448,-0.6805555555555554,-0.25,-0.43055555555555547
2014,s,7,0.3055555555555556,0.2638888888888889,-0.041666666666666685,-0.6805555555555554,-0.2916666666666661,-0.38888888888888895
2014,s,8,0.20833333333333334,0.1527777777777778,-0.05555555555555555,-0.6805555555555554,-0.3472222222222223,-0.3333333333333333
2014,s,9,0.19444444444444445,0.1111111111111111,-0.08333333333333334,-0.6805555555555554,-0.43055555555555625,-0.25
2014,s,10,0.1111111111111111,0.06944444444444445,-0.04166666666666666,-0.6805555555555554,-0.4722222222222223,-0.20833333333333331
2014,s,11,0.06944444444444445,0.05555555555555555,-0.013888888888888895,-0.6805555555555554,-0.4861111111111116,-0.19444444444444445
2014,s,12,0.05555555555555555,0.05555555555555555,0.0,-0.6805555555555554,-0.4861111111111107,-0.19444444444444445
2014,s,13,0.05555555555555555,0.0,-0.05555555555555555,-0.6805555555555554,-0.5416666666666661,-0.1388888888888889
2014,s,14,0.041666666666666664,0.0,-0.041666666666666664,-0.6805555555555554,-0.583333333333333,-0.09722222222222222
2014,s,15,0.027777777777777776,0.0,-0.027777777777777776,-0.6805555555555554,-0.6111111111111107,-0.06944444444444445
2014,s,16,0.013888888888888888,0.0,-0.013888888888888888,-0.6805555555555554,-0.625,-0.05555555555555555
2014,s,17,0.013888888888888888,0.0,-0.013888888888888888,-0.6805555555555554,-0.6388888888888884,-0.041666666666666664
2014,s,18,0.013888888888888888,0.0,-0.013888888888888888,-0.6805555555555554,-0.6527777777777777,-0.027777777777777776
2014,s,19,0.013888888888888888,0.0,-0.013888888888888888,-0.6805555555555554,-0.6666666666666661,-0.013888888888888888
2014,s,20,0.013888888888888888,0.0,-0.013888888888888888,-0.6805555555555554,-0.6805555555555554,0
2014,s,21,0.0,0.0,0.0,-0.6805555555555554,-0.6805555555555554,0
2014,s,22,0.0,0.0,0.0,-0.6805555555555554,-0.6805555555555554,0
2014,t,0,1.0,1.0,0.0,0.833333333333333,0,0.833333333333333
2014,t,1,0.8611111111111112,0.9444444444444444,0.08333333333333326,0.833333333333333,0.08333333333333326,0.75
2014,t,2,0.75,0.8611111111111112,0.11111111111111116,0.833333333333333,0.19444444444444442,0.6388888888888888
2014,t,3,0.6805555555555556,0.7222222222222222,0.04166666666666663,0.833333333333333,0.23611111111111116,0.5972222222222221
2014,t,4,0.5277777777777778,0.5833333333333334,0.05555555555555558,0.833333333333333,0.2916666666666665,0.5416666666666667
2014,t,5,0.3194444444444444,0.4166666666666667,0.09722222222222227,0.833333333333333,0.38888888888888884,0.4444444444444443
2014,t,6,0.2222222222222222,0.3194444444444444,0.09722222222222221,0.833333333333333,0.48611111111111116,0.34722222222222227
2014,t,7,0.1388888888888889,0.25,0.1111111111111111,0.833333333333333,0.5972222222222223,0.23611111111111116
2014,t,8,0.09722222222222222,0.18055555555555555,0.08333333333333333,0.833333333333333,0.6805555555555554,0.1527777777777778
2014,t,9,0.05555555555555555,0.09722222222222222,0.04166666666666667,0.833333333333333,0.7222222222222223,0.11111111111111113
2014,t,10,0.05555555555555555,0.09722222222222222,0.04166666666666667,0.833333333333333,0.7638888888888888,0.06944444444444445
2014,t,11,0.027777777777777776,0.09722222222222222,0.06944444444444445,0.833333333333333,0.8333333333333335,0.0
2014,t,12,0.027777777777777776,0.08333333333333333,0.05555555555555555,0.833333333333333,0.8888888888888888,-0.05555555555555555
2014,t,13,0.027777777777777776,0.027777777777777776,0.0,0.833333333333333,0.8888888888888888,-0.05555555555555555
2014,t,14,0.013888888888888888,0.0,-0.013888888888888888,0.833333333333333,0.875,-0.041666666666666664
2014,t,15,0.013888888888888888,0.0,-0.013888888888888888,0.833333333333333,0.8611111111111107,-0.027777777777777776
2014,t,16,0.013888888888888888,0.0,-0.013888888888888888,0.833333333333333,0.8472222222222219,-0.013888888888888888
2014,t,17,0.013888888888888888,0.0,-0.013888888888888888,0.833333333333333,0.833333333333333,0
2014,t,18,0.0,0.0,0.0,0.833333333333333,0.833333333333333,0
2014,t,19,0.0,0.0,0.0,0.833333333333333,0.833333333333333,0
2014,t,20,0.0,0.0,0.0,0.833333333333333,0.833333333333333,0
2014,t,21,0.0,0.0,0.0,0.833333333333333,0.833333333333333,0
2014,t,22,0.0,0.0,0.0,0.833333333333333,0.833333333333333,0
2015,c,0,1.0,1.0,0.0,0.1774256651017212,0,0.1774256651017212
2015,c,1,0.8732394366197183,0.8888888888888888,0.015649452269170583,0.1774256651017212,0.015649452269170583,0.16177621283255084
2015,c,2,0.6619718309859155,0.7777777777777778,0.11580594679186229,0.1774256651017212,0.13145539906103298,0.045970266040688657
2015,c,3,0.4788732394366197,0.5694444444444444,0.09057120500782473,0.1774256651017212,0.22202660406885766,-0.04460093896713602
2015,c,4,0.36619718309859156,0.4027777777777778,0.03658059467918623,0.1774256651017212,0.25860719874804383,-0.08118153364632241
2015,c,5,0.29577464788732394,0.2777777777777778,-0.017996870109546148,0.1774256651017212,0.24061032863849752,-0.06318466353677626
2015,c,6,0.2112676056338028,0.19444444444444445,-0.016823161189358365,0.1774256651017212,0.22378716744913918,-0.046361502347417816
2015,c,7,0.1267605633802817,0.1388888888888889,0.012128325508607207,0.1774256651017212,0.2359154929577465,-0.05848982785602502
2015,c,8,0.08450704225352113,0.08333333333333333,-0.0011737089201877965,0.1774256651017212,0.23474178403755896,-0.05731611893583724
2015,c,9,0.04225352112676056,0.027777777777777776,-0.014475743348982786,0.1774256651017212,0.22026604068857614,-0.04284037558685446
2015,c,10,0.028169014084507043,0.027777777777777776,-0.00039123630672926665,0.1774256651017212,0.21987480438184637,-0.0424491392801252
2015,c,11,0.028169014084507043,0.013888888888888888,-0.014280125195618155,0.1774256651017212,0.2055946791862282,-0.028169014084507043
2015,c,12,0.028169014084507043,0.0,-0.028169014084507043,0.1774256651017212,0.1774256651017212,0
2015,c,13,0.0,0.0,0.0,0.1774256651017212,0.1774256651017212,0
2015,c,14,0.0,0.0,0.0,0.1774256651017212,0.1774256651017212,0
2015,c,15,0.0,0.0,0.0,0.1774256651017212,0.1774256651017212,0
2015,c,16,0.0,0.0,0.0,0.1774256651017212,0.1774256651017212,0
2015,c,17,0.0,0.0,0.0,0.1774256651017212,0.1774256651017212,0
2015,c,18,0.0,0.0,0.0,0.1774256651017212,0.1774256651017212,0
2015,c,19,0.0,0.0,0.0,0.1774256651017212,0.1774256651017212,0
2015,c,20,0.0,0.0,0.0,0.1774256651017212,0.1774256651017212,0
2015,c,21,0.0,0.0,0.0,0.1774256651017212,0.1774256651017212,0
2015,c,22,0.0,0.0,0.0,0.1774256651017212,0.1774256651017212,0
2015,d,0,1.0,1.0,0.0,0.9724178403755874,0,0.9724178403755874
2015,d,1,0.875,0.9154929577464789,0.040492957746478875,0.9724178403755874,0.040492957746478875,0.931924882629108
2015,d,2,0.7222222222222222,0.8169014084507042,0.09467918622848204,0.9724178403755874,0.1351721439749607,0.8372456964006261
2015,d,3,0.5138888888888888,0.7183098591549296,0.20442097026604078,0.9724178403755874,0.33959311424100136,0.6328247261345852
2015,d,4,0.3611111111111111,0.5211267605633803,0.16001564945226915,0.9724178403755874,0.4996087636932707,0.4728090766823161
2015,d,5,0.2222222222222222,0.38028169014084506,0.15805946791862285,0.9724178403755874,0.6576682316118934,0.3147496087636933
2015,d,6,0.1527777777777778,0.2535211267605634,0.10074334898278559,0.9724178403755874,0.7584115805946792,0.21400625978090768
2015,d,7,0.09722222222222222,0.15492957746478872,0.057707355242566497,0.9724178403755874,0.8161189358372454,0.15629890453834117
2015,d,8,0.05555555555555555,0.11267605633802817,0.05712050078247262,0.9724178403755874,0.8732394366197185,0.09917840375586856
2015,d,9,0.013888888888888888,0.056338028169014086,0.0424491392801252,0.9724178403755874,0.9156885758998436,0.05672926447574335
2015,d,10,0.013888888888888888,0.04225352112676056,0.028364632237871674,0.9724178403755874,0.9440532081377153,0.028364632237871674
2015,d,11,0.013888888888888888,0.014084507042253521,0.00019561815336463333,0.9724178403755874,0.94424882629108,0.028169014084507043
2015,d,12,0.0,0.014084507042253521,0.014084507042253521,0.9724178403755874,0.9583333333333335,0.014084507042253521
2015,d,13,0.0,0.014084507042253521,0.014084507042253521,0.9724178403755874,0.9724178403755874,0
2015,d,14,0.0,0.0,0.0,0.9724178403755874,0.9724178403755874,0
2015,d,15,0.0,0.0,0.0,0.9724178403755874,0.9724178403755874,0
2015,d,16,0.0,0.0,0.0,0.9724178403755874,0.9724178403755874,0
2015,d,17,0.0,0.0,0.0,0.9724178403755874,0.9724178403755874,0
2015,d,18,0.0,0.0,0.0,0.9724178403755874,0.9724178403755874,0
2015,d,19,0.0,0.0,0.0,0.9724178403755874,0.9724178403755874,0
2015,d,20,0.0,0.0,0.0,0.9724178403755874,0.9724178403755874,0
2015,d,21,0.0,0.0,0.0,0.9724178403755874,0.9724178403755874,0
2015,d,22,0.0,0.0,0.0,0.9724178403755874,0.9724178403755874,0
2015,db,0,1.0,1.0,0.0,-0.617957746478873,0,-0.617957746478873
2015,db,1,0.9859154929577465,0.9444444444444444,-0.04147104851330208,-0.617957746478873,-0.04147104851330208,-0.5764866979655716
2015,db,2,0.9014084507042254,0.8194444444444444,-0.08196400625978095,-0.617957746478873,-0.12343505477308292,-0.49452269170579033
2015,db,3,0.7605633802816901,0.6805555555555556,-0.08000782472613455,-0.617957746478873,-0.20344287949921736,-0.41451486697965567
2015,db,4,0.6056338028169014,0.4444444444444444,-0.16118935837245696,-0.617957746478873,-0.36463223787167465,-0.2533255086071986
2015,db,5,0.4225352112676056,0.3194444444444444,-0.1030907668231612,-0.617957746478873,-0.4677230046948355,-0.15023474178403762
2015,db,6,0.2676056338028169,0.2361111111111111,-0.03149452269170577,-0.617957746478873,-0.49921752738654135,-0.11874021909233179
2015,db,7,0.2112676056338028,0.16666666666666666,-0.044600938967136156,-0.617957746478873,-0.5438184663536778,-0.0741392801251956
2015,db,8,0.16901408450704225,0.125,-0.04401408450704225,-0.617957746478873,-0.5878325508607198,-0.030125195618153355
2015,db,9,0.04225352112676056,0.08333333333333333,0.041079812206572766,-0.617957746478873,-0.5467527386541473,-0.07120500782472614
2015,db,10,0.028169014084507043,0.027777777777777776,-0.00039123630672926665,-0.617957746478873,-0.5471439749608766,-0.07081377151799687
2015,db,11,0.014084507042253521,0.027777777777777776,0.013693270735524255,-0.617957746478873,-0.533450704225352,-0.08450704225352113
2015,db,12,0.014084507042253521,0.0,-0.014084507042253521,-0.617957746478873,-0.547535211267606,-0.07042253521126761
2015,db,13,0.014084507042253521,0.0,-0.014084507042253521,-0.617957746478873,-0.561619718309859,-0.056338028169014086
2015,db,14,0.014084507042253521,0.0,-0.014084507042253521,-0.617957746478873,-0.575704225352113,-0.04225352112676056
2015,db,15,0.014084507042253521,0.0,-0.014084507042253521,-0.617957746478873,-0.589788732394366,-0.028169014084507043
2015,db,16,0.014084507042253521,0.0,-0.014084507042253521,-0.617957746478873,-0.60387323943662,-0.014084507042253521
2015,db,17,0.014084507042253521,0.0,-0.014084507042253521,-0.617957746478873,-0.617957746478873,0
2015,db,18,0.0,0.0,0.0,-0.617957746478873,-0.617957746478873,0
2015,db,19,0.0,0.0,0.0,-0.617957746478873,-0.617957746478873,0
2015,db,20,0.0,0.0,0.0,-0.617957746478873,-0.617957746478873,0
2015,db,21,0.0,0.0,0.0,-0.617957746478873,-0.617957746478873,0
2015,db,22,0.0,0.0,0.0,-0.617957746478873,-0.617957746478873,0
2015,g,0,1.0,1.0,0.0,0.558098591549296,0,0.558098591549296
2015,g,1,0.8591549295774648,0.9166666666666666,0.057511737089201875,0.558098591549296,0.057511737089201875,0.500586854460094
2015,g,2,0.647887323943662,0.7777777777777778,0.1298904538341158,0.558098591549296,0.18740219092331767,0.3706964006259781
2015,g,3,0.5070422535211268,0.6111111111111112,0.10406885758998441,0.558098591549296,0.29147104851330186,0.2666275430359937
2015,g,4,0.29577464788732394,0.3888888888888889,0.09311424100156496,0.558098591549296,0.38458528951486715,0.17351330203442883
2015,g,5,0.2112676056338028,0.2777777777777778,0.06651017214397498,0.558098591549296,0.45109546165884185,0.10700312989045385
2015,g,6,0.09859154929577464,0.125,0.02640845070422536,0.558098591549296,0.47750391236306733,0.08059467918622851
2015,g,7,0.08450704225352113,0.08333333333333333,-0.0011737089201877965,0.558098591549296,0.47633020344287935,0.08176838810641628
2015,g,8,0.056338028169014086,0.05555555555555555,-0.0007824726134585333,0.558098591549296,0.47554773082942114,0.0825508607198748
2015,g,9,0.028169014084507043,0.05555555555555555,0.02738654147104851,0.558098591549296,0.5029342723004695,0.05516431924882628
2015,g,10,0.028169014084507043,0.041666666666666664,0.013497652582159621,0.558098591549296,0.5164319248826295,0.041666666666666664
2015,g,11,0.0,0.013888888888888888,0.013888888888888888,0.558098591549296,0.5303208137715183,0.027777777777777776
2015,g,12,0.0,0.013888888888888888,0.013888888888888888,0.558098591549296,0.5442097026604071,0.013888888888888888
2015,g,13,0.0,0.013888888888888888,0.013888888888888888,0.558098591549296,0.558098591549296,0
2015,g,14,0.0,0.0,0.0,0.558098591549296,0.558098591549296,0
2015,g,15,0.0,0.0,0.0,0.558098591549296,0.558098591549296,0
2015,g,16,0.0,0.0,0.0,0.558098591549296,0.558098591549296,0
2015,g,17,0.0,0.0,0.0,0.558098591549296,0.558098591549296,0
2015,g,18,0.0,0.0,0.0,0.558098591549296,0.558098591549296,0
2015,g,19,0.0,0.0,0.0,0.558098591549296,0.558098591549296,0
2015,g,20,0.0,0.0,0.0,0.558098591549296,0.558098591549296,0
2015,g,21,0.0,0.0,0.0,0.558098591549296,0.558098591549296,0
2015,g,22,0.0,0.0,0.0,0.558098591549296,0.558098591549296,0
2015,s,0,1.0,1.0,0.0,0.33039906103286354,0,0.33039906103286354
2015,s,1,0.9027777777777778,0.9295774647887324,0.026799687010954587,0.33039906103286354,0.026799687010954587,0.3035993740219096
2015,s,2,0.7361111111111112,0.8309859154929577,0.09487480438184659,0.33039906103286354,0.1216744913928014,0.20872456964006258
2015,s,3,0.5694444444444444,0.6619718309859155,0.09252738654147108,0.33039906103286354,0.21420187793427203,0.1161971830985915
2015,s,4,0.4583333333333333,0.4225352112676056,-0.03579812206572769,0.33039906103286354,0.17840375586854496,0.15199530516431925
2015,s,5,0.2916666666666667,0.30985915492957744,0.018192488262910755,0.33039906103286354,0.19659624413145504,0.1338028169014085
2015,s,6,0.20833333333333334,0.23943661971830985,0.031103286384976503,0.33039906103286354,0.227699530516432,0.10269953051643188
2015,s,7,0.125,0.16901408450704225,0.04401408450704225,0.33039906103286354,0.27171361502347446,0.058685446009389686
2015,s,8,0.05555555555555555,0.1267605633802817,0.07120500782472614,0.33039906103286354,0.3429186228482002,-0.012519561815336464
2015,s,9,0.041666666666666664,0.07042253521126761,0.028755868544600945,0.33039906103286354,0.3716744913928012,-0.0412754303599374
2015,s,10,0.027777777777777776,0.028169014084507043,0.00039123630672926665,0.33039906103286354,0.3720657276995305,-0.041666666666666664
2015,s,11,0.027777777777777776,0.0,-0.027777777777777776,0.33039906103286354,0.3442879499217524,-0.013888888888888888
2015,s,12,0.013888888888888888,0.0,-0.013888888888888888,0.33039906103286354,0.33039906103286354,0
2015,s,13,0.0,0.0,0.0,0.33039906103286354,0.33039906103286354,0
2015,s,14,0.0,0.0,0.0,0.33039906103286354,0.33039906103286354,0
2015,s,15,0.0,0.0,0.0,0.33039906103286354,0.33039906103286354,0
2015,s,16,0.0,0.0,0.0,0.33039906103286354,0.33039906103286354,0
2015,s,17,0.0,0.0,0.0,0.33039906103286354,0.33039906103286354,0
2015,s,18,0.0,0.0,0.0,0.33039906103286354,0.33039906103286354,0
2015,s,19,0.0,0.0,0.0,0.33039906103286354,0.33039906103286354,0
2015,s,20,0.0,0.0,0.0,0.33039906103286354,0.33039906103286354,0
2015,s,21,0.0,0.0,0.0,0.33039906103286354,0.33039906103286354,0
2015,s,22,0.0,0.0,0.0,0.33039906103286354,0.33039906103286354,0
2015,t,0,1.0,1.0,0.0,1.2286776212832549,0,1.2286776212832549
2015,t,1,0.8472222222222222,0.9436619718309859,0.09643974960876367,1.2286776212832549,0.09643974960876367,1.1322378716744916
2015,t,2,0.6527777777777778,0.8309859154929577,0.17820813771517996,1.2286776212832549,0.27464788732394374,0.9540297339593113
2015,t,3,0.4861111111111111,0.6197183098591549,0.13360719874804378,1.2286776212832549,0.40825508607198735,0.8204225352112675
2015,t,4,0.3472222222222222,0.5211267605633803,0.17390453834115804,1.2286776212832549,0.5821596244131455,0.6465179968701095
2015,t,5,0.3055555555555556,0.39436619718309857,0.08881064162754299,1.2286776212832549,0.6709702660406887,0.5577073552425665
2015,t,6,0.20833333333333334,0.323943661971831,0.11561032863849766,1.2286776212832549,0.7865805946791862,0.44209702660406885
2015,t,7,0.16666666666666666,0.23943661971830985,0.07276995305164319,1.2286776212832549,0.8593505477308296,0.36932707355242567
2015,t,8,0.1388888888888889,0.19718309859154928,0.05829420970266039,1.2286776212832549,0.9176447574334903,0.31103286384976525
2015,t,9,0.041666666666666664,0.16901408450704225,0.1273474178403756,1.2286776212832549,1.0449921752738653,0.18368544600938969
2015,t,10,0.027777777777777776,0.09859154929577464,0.07081377151799687,1.2286776212832549,1.1158059467918626,0.11287167449139279
2015,t,11,0.013888888888888888,0.056338028169014086,0.0424491392801252,1.2286776212832549,1.1582550860719878,0.07042253521126761
2015,t,12,0.0,0.028169014084507043,0.028169014084507043,1.2286776212832549,1.1864241001564948,0.04225352112676056
2015,t,13,0.0,0.014084507042253521,0.014084507042253521,1.2286776212832549,1.2005086071987479,0.028169014084507043
2015,t,14,0.0,0.014084507042253521,0.014084507042253521,1.2286776212832549,1.2145931142410018,0.014084507042253521
2015,t,15,0.0,0.014084507042253521,0.014084507042253521,1.2286776212832549,1.2286776212832549,0
2015,t,16,0.0,0.0,0.0,1.2286776212832549,1.2286776212832549,0
2015,t,17,0.0,0.0,0.0,1.2286776212832549,1.2286776212832549,0
2015,t,18,0.0,0.0,0.0,1.2286776212832549,1.2286776212832549,0
2015,t,19,0.0,0.0,0.0,1.2286776212832549,1.2286776212832549,0
2015,t,20,0.0,0.0,0.0,1.2286776212832549,1.2286776212832549,0
2015,t,21,0.0,0.0,0.0,1.2286776212832549,1.2286776212832549,0
2015,t,22,0.0,0.0,0.0,1.2286776212832549,1.2286776212832549,0
2016,c,0,1.0,1.0,0.0,0.11854460093896746,0,0.11854460093896746
2016,c,1,0.8333333333333334,0.9014084507042254,0.068075117370892,0.11854460093896746,0.068075117370892,0.05046948356807501
2016,c,2,0.7222222222222222,0.8309859154929577,0.10876369327073554,0.11854460093896746,0.17683881064162743,-0.058294209702660416
2016,c,3,0.5416666666666666,0.6338028169014085,0.09213615023474186,0.11854460093896746,0.2689749608763692,-0.15043035993740217
2016,c,4,0.4027777777777778,0.4507042253521127,0.047926447574334896,0.11854460093896746,0.316901408450704,-0.198356807511737
2016,c,5,0.2777777777777778,0.2535211267605634,-0.024256651017214415,0.11854460093896746,0.29264475743348983,-0.17410015649452265
2016,c,6,0.20833333333333334,0.19718309859154928,-0.01115023474178406,0.11854460093896746,0.28149452269170583,-0.1629499217527387
2016,c,7,0.125,0.09859154929577464,-0.02640845070422536,0.11854460093896746,0.25508607198748035,-0.13654147104851333
2016,c,8,0.05555555555555555,0.056338028169014086,0.0007824726134585333,0.11854460093896746,0.255868544600939,-0.13732394366197181
2016,c,9,0.041666666666666664,0.04225352112676056,0.0005868544600938982,0.11854460093896746,0.25645539906103254,-0.13791079812206575
2016,c,10,0.041666666666666664,0.028169014084507043,-0.013497652582159621,0.11854460093896746,0.24295774647887303,-0.1244131455399061
2016,c,11,0.041666666666666664,0.014084507042253521,-0.02758215962441314,0.11854460093896746,0.21537558685446045,-0.09683098591549295
2016,c,12,0.027777777777777776,0.014084507042253521,-0.013693270735524255,0.11854460093896746,0.20168231611893583,-0.08313771517996871
2016,c,13,0.013888888888888888,0.014084507042253521,0.00019561815336463333,0.11854460093896746,0.2018779342723005,-0.08333333333333333
2016,c,14,0.013888888888888888,0.0,-0.013888888888888888,0.11854460093896746,0.18798904538341166,-0.06944444444444445
2016,c,15,0.013888888888888888,0.0,-0.013888888888888888,0.11854460093896746,0.17410015649452282,-0.05555555555555555
2016,c,16,0.013888888888888888,0.0,-0.013888888888888888,0.11854460093896746,0.16021126760563398,-0.041666666666666664
2016,c,17,0.013888888888888888,0.0,-0.013888888888888888,0.11854460093896746,0.14632237871674514,-0.027777777777777776
2016,c,18,0.013888888888888888,0.0,-0.013888888888888888,0.11854460093896746,0.1324334898278563,-0.013888888888888888
2016,c,19,0.013888888888888888,0.0,-0.013888888888888888,0.11854460093896746,0.11854460093896746,0
2016,c,20,0.0,0.0,0.0,0.11854460093896746,0.11854460093896746,0
2016,c,21,0.0,0.0,0.0,0.11854460093896746,0.11854460093896746,0
2016,c,22,0.0,0.0,0.0,0.11854460093896746,0.11854460093896746,0
2016,d,0,1.0,1.0,0.0,1.244718309859155,0,1.244718309859155
2016,d,1,0.8732394366197183,0.9722222222222222,0.09898278560250395,1.244718309859155,0.09898278560250395,1.1457355242566507
2016,d,2,0.7605633802816901,0.8888888888888888,0.1283255086071987,1.244718309859155,0.22730829420970267,1.0174100156494523
2016,d,3,0.5774647887323944,0.7638888888888888,0.18642410015649447,1.244718309859155,0.413732394366197,0.8309859154929577
2016,d,4,0.38028169014084506,0.5416666666666666,0.16138497652582157,1.244718309859155,0.5751173708920185,0.6696009389671361
2016,d,5,0.28169014084507044,0.4583333333333333,0.17664319248826288,1.244718309859155,0.7517605633802815,0.49295774647887325
2016,d,6,0.19718309859154928,0.3333333333333333,0.13615023474178403,1.244718309859155,0.887910798122066,0.3568075117370892
2016,d,7,0.1267605633802817,0.2361111111111111,0.10935054773082942,1.244718309859155,0.9972613458528952,0.2474569640062598
2016,d,8,0.07042253521126761,0.16666666666666666,0.09624413145539905,1.244718309859155,1.0935054773082937,0.1512128325508607
2016,d,9,0.056338028169014086,0.09722222222222222,0.04088419405320814,1.244718309859155,1.134389671361502,0.11032863849765256
2016,d,10,0.028169014084507043,0.08333333333333333,0.05516431924882628,1.244718309859155,1.189553990610329,0.05516431924882628
2016,d,11,0.028169014084507043,0.041666666666666664,0.013497652582159621,1.244718309859155,1.203051643192488,0.041666666666666664
2016,d,12,0.0,0.027777777777777776,0.027777777777777776,1.244718309859155,1.2308294209702657,0.013888888888888888
2016,d,13,0.0,0.013888888888888888,0.013888888888888888,1.244718309859155,1.244718309859155,0
2016,d,14,0.0,0.0,0.0,1.244718309859155,1.244718309859155,0
2016,d,15,0.0,0.0,0.0,1.244718309859155,1.244718309859155,0
2016,d,16,0.0,0.0,0.0,1.244718309859155,1.244718309859155,0
2016,d,17,0.0,0.0,0.0,1.244718309859155,1.244718309859155,0
2016,d,18,0.0,0.0,0.0,1.244718309859155,1.244718309859155,0
2016,d,19,0.0,0.0,0.0,1.244718309859155,1.244718309859155,0
2016,d,20,0.0,0.0,0.0,1.244718309859155,1.244718309859155,0
2016,d,21,0.0,0.0,0.0,1.244718309859155,1.244718309859155,0
2016,d,22,0.0,0.0,0.0,1.244718309859155,1.244718309859155,0
2016,db,0,1.0,1.0,0.0,-0.8096635367762133,0,-0.8096635367762133
2016,db,1,0.9444444444444444,0.8873239436619719,-0.05712050078247255,-0.8096635367762133,-0.05712050078247255,-0.7525430359937406
2016,db,2,0.8055555555555556,0.7464788732394366,-0.059076682316118956,-0.8096635367762133,-0.1161971830985915,-0.6934663536776213
2016,db,3,0.75,0.647887323943662,-0.102112676056338,-0.8096635367762133,-0.2183098591549295,-0.5913536776212831
2016,db,4,0.5833333333333334,0.4507042253521127,-0.13262910798122068,-0.8096635367762133,-0.35093896713615047,-0.4587245696400626
2016,db,5,0.5277777777777778,0.3380281690140845,-0.1897496087636933,-0.8096635367762133,-0.5406885758998436,-0.2689749608763693
2016,db,6,0.3333333333333333,0.22535211267605634,-0.10798122065727697,-0.8096635367762133,-0.6486697965571206,-0.1609937402190923
2016,db,7,0.18055555555555555,0.1267605633802817,-0.053794992175273865,-0.8096635367762133,-0.7024647887323945,-0.10719874804381846
2016,db,8,0.1388888888888889,0.09859154929577464,-0.040297339593114254,-0.8096635367762133,-0.7427621283255088,-0.06690140845070422
2016,db,9,0.1111111111111111,0.07042253521126761,-0.040688575899843496,-0.8096635367762133,-0.783450704225352,-0.026212832550860724
2016,db,10,0.041666666666666664,0.04225352112676056,0.0005868544600938982,-0.8096635367762133,-0.7828638497652585,-0.026799687010954615
2016,db,11,0.041666666666666664,0.014084507042253521,-0.02758215962441314,-0.8096635367762133,-0.810446009389671,0.0007824726134585333
2016,db,12,0.027777777777777776,0.014084507042253521,-0.013693270735524255,-0.8096635367762133,-0.8241392801251952,0.014475743348982786
2016,db,13,0.027777777777777776,0.014084507042253521,-0.013693270735524255,-0.8096635367762133,-0.8378325508607203,0.028169014084507043
2016,db,14,0.0,0.014084507042253521,0.014084507042253521,-0.8096635367762133,-0.8237480438184668,0.014084507042253521
2016,db,15,0.0,0.014084507042253521,0.014084507042253521,-0.8096635367762133,-0.8096635367762133,0
2016,db,16,0.0,0.0,0.0,-0.8096635367762133,-0.8096635367762133,0
2016,db,17,0.0,0.0,0.0,-0.8096635367762133,-0.8096635367762133,0
2016,db,18,0.0,0.0,0.0,-0.8096635367762133,-0.8096635367762133,0
2016,db,19,0.0,0.0,0.0,-0.8096635367762133,-0.8096635367762133,0
2016,db,20,0.0,0.0,0.0,-0.8096635367762133,-0.8096635367762133,0
2016,db,21,0.0,0.0,0.0,-0.8096635367762133,-0.8096635367762133,0
2016,db,22,0.0,0.0,0.0,-0.8096635367762133,-0.8096635367762133,0
2016,g,0,1.0,1.0,0.0,0.31885758998435065,0,0.31885758998435065
2016,g,1,0.9166666666666666,0.9014084507042254,-0.015258215962441257,0.31885758998435065,-0.015258215962441257,0.3341158059467917
2016,g,2,0.7361111111111112,0.8169014084507042,0.08079029733959309,0.31885758998435065,0.06553208137715183,0.2533255086071988
2016,g,3,0.5277777777777778,0.5915492957746479,0.06377151799687009,0.31885758998435065,0.12930359937402214,0.18955399061032874
2016,g,4,0.4722222222222222,0.4788732394366197,0.006651017214397481,0.31885758998435065,0.13595461658841934,0.1829029733959311
2016,g,5,0.375,0.38028169014084506,0.005281690140845063,0.31885758998435065,0.1412363067292648,0.17762128325508597
2016,g,6,0.25,0.30985915492957744,0.05985915492957744,0.31885758998435065,0.20109546165884185,0.11776212832550859
2016,g,7,0.1527777777777778,0.15492957746478872,0.00215179968701093,0.31885758998435065,0.20324726134585314,0.11561032863849766
2016,g,8,0.08333333333333333,0.09859154929577464,0.015258215962441313,0.31885758998435065,0.21850547730829417,0.10035211267605634
2016,g,9,0.041666666666666664,0.07042253521126761,0.028755868544600945,0.31885758998435065,0.24726134585289516,0.07159624413145539
2016,g,10,0.041666666666666664,0.056338028169014086,0.014671361502347421,0.31885758998435065,0.26193270735524266,0.05692488262910798
2016,g,11,0.027777777777777776,0.056338028169014086,0.02856025039123631,0.31885758998435065,0.290492957746479,0.028364632237871674
2016,g,12,0.013888888888888888,0.028169014084507043,0.014280125195618155,0.31885758998435065,0.30477308294209715,0.014084507042253521
2016,g,13,0.0,0.014084507042253521,0.014084507042253521,0.31885758998435065,0.31885758998435065,0
2016,g,14,0.0,0.0,0.0,0.31885758998435065,0.31885758998435065,0
2016,g,15,0.0,0.0,0.0,0.31885758998435065,0.31885758998435065,0
2016,g,16,0.0,0.0,0.0,0.31885758998435065,0.31885758998435065,0
2016,g,17,0.0,0.0,0.0,0.31885758998435065,0.31885758998435065,0
2016,g,18,0.0,0.0,0.0,0.31885758998435065,0.31885758998435065,0
2016,g,19,0.0,0.0,0.0,0.31885758998435065,0.31885758998435065,0
2016,g,20,0.0,0.0,0.0,0.31885758998435065,0.31885758998435065,0
2016,g,21,0.0,0.0,0.0,0.31885758998435065,0.31885758998435065,0
2016,g,22,0.0,0.0,0.0,0.31885758998435065,0.31885758998435065,0
2016,s,0,1.0,1.0,0.0,-0.12382629107981202,0,-0.12382629107981202
2016,s,1,0.9859154929577465,0.9722222222222222,-0.013693270735524288,-0.12382629107981202,-0.013693270735524288,-0.11013302034428785
2016,s,2,0.8309859154929577,0.9166666666666666,0.08568075117370888,-0.12382629107981202,0.07198748043818459,-0.19581377151799684
2016,s,3,0.7464788732394366,0.7777777777777778,0.031298904538341166,-0.12382629107981202,0.10328638497652554,-0.227112676056338
2016,s,4,0.6056338028169014,0.5694444444444444,-0.03618935837245696,-0.12382629107981202,0.06709702660406869,-0.19092331768388093
2016,s,5,0.43661971830985913,0.5,0.06338028169014087,-0.12382629107981202,0.13047730829420967,-0.2543035993740219
2016,s,6,0.352112676056338,0.3888888888888889,0.03677621283255089,-0.12382629107981202,0.1672535211267605,-0.29107981220657275
2016,s,7,0.2676056338028169,0.2361111111111111,-0.03149452269170577,-0.12382629107981202,0.13575899843505468,-0.2595852895148669
2016,s,8,0.23943661971830985,0.18055555555555555,-0.05888106416275429,-0.12382629107981202,0.07687793427230094,-0.2007042253521127
2016,s,9,0.15492957746478872,0.125,-0.02992957746478872,-0.12382629107981202,0.04694835680751197,-0.17077464788732394
2016,s,10,0.08450704225352113,0.08333333333333333,-0.0011737089201877965,-0.12382629107981202,0.045774647887323994,-0.16960093896713616
2016,s,11,0.08450704225352113,0.027777777777777776,-0.05672926447574335,-0.12382629107981202,-0.010954616588419341,-0.11287167449139279
2016,s,12,0.04225352112676056,0.013888888888888888,-0.028364632237871674,-0.12382629107981202,-0.03931924882629101,-0.08450704225352113
2016,s,13,0.028169014084507043,0.0,-0.028169014084507043,-0.12382629107981202,-0.06748826291079801,-0.056338028169014086
2016,s,14,0.028169014084507043,0.0,-0.028169014084507043,-0.12382629107981202,-0.09565727699530502,-0.028169014084507043
2016,s,15,0.014084507042253521,0.0,-0.014084507042253521,-0.12382629107981202,-0.10974178403755808,-0.014084507042253521
2016,s,16,0.014084507042253521,0.0,-0.014084507042253521,-0.12382629107981202,-0.12382629107981202,0
2016,s,17,0.0,0.0,0.0,-0.12382629107981202,-0.12382629107981202,0
2016,s,18,0.0,0.0,0.0,-0.12382629107981202,-0.12382629107981202,0
2016,s,19,0.0,0.0,0.0,-0.12382629107981202,-0.12382629107981202,0
2016,s,20,0.0,0.0,0.0,-0.12382629107981202,-0.12382629107981202,0
2016,s,21,0.0,0.0,0.0,-0.12382629107981202,-0.12382629107981202,0
2016,s,22,0.0,0.0,0.0,-0.12382629107981202,-0.12382629107981202,0
2016,t,0,1.0,1.0,0.0,-0.221244131455399,0,-0.221244131455399
2016,t,1,0.9295774647887324,0.8611111111111112,-0.06846635367762122,-0.221244131455399,-0.06846635367762122,-0.15277777777777768
2016,t,2,0.8028169014084507,0.75,-0.052816901408450745,-0.221244131455399,-0.12128325508607185,-0.09996087636932716
2016,t,3,0.676056338028169,0.6111111111111112,-0.06494522691705784,-0.221244131455399,-0.1862284820031297,-0.03501564945226909
2016,t,4,0.4507042253521127,0.4722222222222222,0.021517996870109524,-0.221244131455399,-0.16471048513302033,-0.05653364632237867
2016,t,5,0.38028169014084506,0.3472222222222222,-0.033059467918622853,-0.221244131455399,-0.19776995305164347,-0.023474178403755874
2016,t,6,0.23943661971830985,0.2638888888888889,0.02445226917057905,-0.221244131455399,-0.17331768388106417,-0.047926447574334896
2016,t,7,0.15492957746478872,0.18055555555555555,0.025625978090766832,-0.221244131455399,-0.14769170579029733,-0.07355242566510173
2016,t,8,0.1267605633802817,0.125,-0.0017605633802816878,-0.221244131455399,-0.14945226917057886,-0.07179186228482003
2016,t,9,0.07042253521126761,0.08333333333333333,0.01291079812206572,-0.221244131455399,-0.13654147104851289,-0.08470266040688576
2016,t,10,0.056338028169014086,0.013888888888888888,-0.0424491392801252,-0.221244131455399,-0.1789906103286385,-0.04225352112676056
2016,t,11,0.028169014084507043,0.0,-0.028169014084507043,-0.221244131455399,-0.2071596244131455,-0.014084507042253521
2016,t,12,0.014084507042253521,0.0,-0.014084507042253521,-0.221244131455399,-0.221244131455399,0
2016,t,13,0.0,0.0,0.0,-0.221244131455399,-0.221244131455399,0
2016,t,14,0.0,0.0,0.0,-0.221244131455399,-0.221244131455399,0
2016,t,15,0.0,0.0,0.0,-0.221244131455399,-0.221244131455399,0
2016,t,16,0.0,0.0,0.0,-0.221244131455399,-0.221244131455399,0
2016,t,17,0.0,0.0,0.0,-0.221244131455399,-0.221244131455399,0
2016,t,18,0.0,0.0,0.0,-0.221244131455399,-0.221244131455399,0
2016,t,19,0.0,0.0,0.0,-0.221244131455399,-0.221244131455399,0
2016,t,20,0.0,0.0,0.0,-0.221244131455399,-0.221244131455399,0
2016,t,21,0.0,0.0,0.0,-0.221244131455399,-0.221244131455399,0
2016,t,22,0.0,0.0,0.0,-0.221244131455399,-0.221244131455399,0
2017,c,0,1.0,1.0,0.0,0.8703051643192485,0,0.8703051643192485
2017,c,1,0.9154929577464789,0.9583333333333334,0.042840375586854496,0.8703051643192485,0.042840375586854496,0.8274647887323945
2017,c,2,0.676056338028169,0.8333333333333334,0.15727699530516437,0.8703051643192485,0.20011737089201875,0.67018779342723
2017,c,3,0.5492957746478874,0.6805555555555556,0.1312597809076682,0.8703051643192485,0.3313771517996873,0.5389280125195619
2017,c,4,0.43661971830985913,0.4722222222222222,0.03560250391236308,0.8703051643192485,0.36697965571205016,0.5033255086071987
2017,c,5,0.3380281690140845,0.3611111111111111,0.023082942097026604,0.8703051643192485,0.3900625978090764,0.48024256651017216
2017,c,6,0.16901408450704225,0.2638888888888889,0.09487480438184664,0.8703051643192485,0.4849374021909236,0.38536776212832546
2017,c,7,0.1267605633802817,0.18055555555555555,0.053794992175273865,0.8703051643192485,0.538732394366197,0.3315727699530516
2017,c,8,0.07042253521126761,0.125,0.05457746478873239,0.8703051643192485,0.5933098591549295,0.27699530516431925
2017,c,9,0.04225352112676056,0.09722222222222222,0.05496870109546166,0.8703051643192485,0.6482785602503913,0.22202660406885757
2017,c,10,0.014084507042253521,0.08333333333333333,0.06924882629107981,0.8703051643192485,0.7175273865414709,0.1527777777777778
2017,c,11,0.0,0.06944444444444445,0.06944444444444445,0.8703051643192485,0.7869718309859155,0.08333333333333333
2017,c,12,0.0,0.05555555555555555,0.05555555555555555,0.8703051643192485,0.8425273865414709,0.027777777777777776
2017,c,13,0.0,0.027777777777777776,0.027777777777777776,0.8703051643192485,0.8703051643192485,0
2017,c,14,0.0,0.0,0.0,0.8703051643192485,0.8703051643192485,0
2017,c,15,0.0,0.0,0.0,0.8703051643192485,0.8703051643192485,0
2017,c,16,0.0,0.0,0.0,0.8703051643192485,0.8703051643192485,0
2017,c,17,0.0,0.0,0.0,0.8703051643192485,0.8703051643192485,0
2017,c,18,0.0,0.0,0.0,0.8703051643192485,0.8703051643192485,0
2017,c,19,0.0,0.0,0.0,0.8703051643192485,0.8703051643192485,0
2017,c,20,0.0,0.0,0.0,0.8703051643192485,0.8703051643192485,0
2017,c,21,0.0,0.0,0.0,0.8703051643192485,0.8703051643192485,0
2017,c,22,0.0,0.0,0.0,0.8703051643192485,0.8703051643192485,0
2017,d,0,1.0,1.0,0.0,1.249804381846635,0,1.249804381846635
2017,d,1,0.8888888888888888,0.9295774647887324,0.04068857589984354,1.249804381846635,0.04068857589984354,1.2091158059467917
2017,d,2,0.75,0.8591549295774648,0.10915492957746475,1.249804381846635,0.1498435054773084,1.0999608763693272
2017,d,3,0.5833333333333334,0.704225352112676,0.12089201877934264,1.249804381846635,0.2707355242566507,0.9790688575899842
2017,d,4,0.4166666666666667,0.6197183098591549,0.2030516431924882,1.249804381846635,0.4737871674491392,0.7760172143974959
2017,d,5,0.3611111111111111,0.5070422535211268,0.14593114241001565,1.249804381846635,0.619718309859155,0.6300860719874803
2017,d,6,0.25,0.39436619718309857,0.14436619718309857,1.249804381846635,0.764084507042254,0.4857198748043819
2017,d,7,0.18055555555555555,0.29577464788732394,0.11521909233176839,1.249804381846635,0.8793035993740217,0.3705007824726134
2017,d,8,0.125,0.2535211267605634,0.12852112676056338,1.249804381846635,1.0078247261345856,0.24197965571205007
2017,d,9,0.09722222222222222,0.18309859154929578,0.08587636932707356,1.249804381846635,1.0937010954616593,0.1561032863849765
2017,d,10,0.041666666666666664,0.11267605633802817,0.0710093896713615,1.249804381846635,1.1647104851330203,0.08509389671361503
2017,d,11,0.013888888888888888,0.08450704225352113,0.07061815336463223,1.249804381846635,1.2353286384976525,0.014475743348982786
2017,d,12,0.013888888888888888,0.028169014084507043,0.014280125195618155,1.249804381846635,1.2496087636932707,0.00019561815336463333
2017,d,13,0.013888888888888888,0.014084507042253521,0.00019561815336463333,1.249804381846635,1.249804381846635,0
2017,d,14,0.0,0.0,0.0,1.249804381846635,1.249804381846635,0
2017,d,15,0.0,0.0,0.0,1.249804381846635,1.249804381846635,0
2017,d,16,0.0,0.0,0.0,1.249804381846635,1.249804381846635,0
2017,d,17,0.0,0.0,0.0,1.249804381846635,1.249804381846635,0
2017,d,18,0.0,0.0,0.0,1.249804381846635,1.249804381846635,0
2017,d,19,0.0,0.0,0.0,1.249804381846635,1.249804381846635,0
2017,d,20,0.0,0.0,0.0,1.249804381846635,1.249804381846635,0
2017,d,21,0.0,0.0,0.0,1.249804381846635,1.249804381846635,0
2017,d,22,0.0,0.0,0.0,1.249804381846635,1.249804381846635,0
2017,db,0,1.0,1.0,0.0,-0.11443661971830998,0,-0.11443661971830998
2017,db,1,0.9436619718309859,0.875,-0.06866197183098588,-0.11443661971830998,-0.06866197183098588,-0.045774647887323994
2017,db,2,0.8450704225352113,0.7222222222222222,-0.12284820031298904,-0.11443661971830998,-0.19151017214397492,0.07707355242566516
2017,db,3,0.7183098591549296,0.625,-0.09330985915492962,-0.11443661971830998,-0.28482003129890465,0.17038341158059467
2017,db,4,0.5492957746478874,0.5416666666666666,-0.00762910798122074,-0.11443661971830998,-0.29244913928012517,0.1780125195618154
2017,db,5,0.36619718309859156,0.4722222222222222,0.10602503912363065,-0.11443661971830998,-0.18642410015649435,0.07198748043818459
2017,db,6,0.2676056338028169,0.3194444444444444,0.05183881064162754,-0.11443661971830998,-0.13458528951486715,0.02014866979655705
2017,db,7,0.2112676056338028,0.2222222222222222,0.010954616588419397,-0.11443661971830998,-0.1236306729264478,0.009194053208137709
2017,db,8,0.14084507042253522,0.18055555555555555,0.039710485133020335,-0.11443661971830998,-0.08392018779342747,-0.030516431924882625
2017,db,9,0.08450704225352113,0.09722222222222222,0.012715179968701099,-0.11443661971830998,-0.07120500782472661,-0.043231611893583724
2017,db,10,0.056338028169014086,0.041666666666666664,-0.014671361502347421,-0.11443661971830998,-0.08587636932707365,-0.02856025039123631
2017,db,11,0.04225352112676056,0.013888888888888888,-0.028364632237871674,-0.11443661971830998,-0.11424100156494532,-0.00019561815336463333
2017,db,12,0.014084507042253521,0.013888888888888888,-0.00019561815336463333,-0.11443661971830998,-0.11443661971830998,0
2017,db,13,0.0,0.0,0.0,-0.11443661971830998,-0.11443661971830998,0
2017,db,14,0.0,0.0,0.0,-0.11443661971830998,-0.11443661971830998,0
2017,db,15,0.0,0.0,0.0,-0.11443661971830998,-0.11443661971830998,0
2017,db,16,0.0,0.0,0.0,-0.11443661971830998,-0.11443661971830998,0
2017,db,17,0.0,0.0,0.0,-0.11443661971830998,-0.11443661971830998,0
2017,db,18,0.0,0.0,0.0,-0.11443661971830998,-0.11443661971830998,0
2017,db,19,0.0,0.0,0.0,-0.11443661971830998,-0.11443661971830998,0
2017,db,20,0.0,0.0,0.0,-0.11443661971830998,-0.11443661971830998,0
2017,db,21,0.0,0.0,0.0,-0.11443661971830998,-0.11443661971830998,0
2017,db,22,0.0,0.0,0.0,-0.11443661971830998,-0.11443661971830998,0
2017,g,0,1.0,1.0,0.0,0.11854460093896746,0,0.11854460093896746
2017,g,1,0.8732394366197183,0.875,0.0017605633802817433,0.11854460093896746,0.0017605633802817433,0.1167840375586855
2017,g,2,0.647887323943662,0.7222222222222222,0.07433489827856021,0.11854460093896746,0.07609546165884207,0.04244913928012517
2017,g,3,0.5352112676056338,0.5694444444444444,0.034233176838810664,0.11854460093896746,0.11032863849765251,0.008215962441314728
2017,g,4,0.4225352112676056,0.4027777777777778,-0.019757433489827836,0.11854460093896746,0.09057120500782512,0.027973395931142342
2017,g,5,0.3380281690140845,0.3055555555555556,-0.03247261345852892,0.11854460093896746,0.058098591549295975,0.060446009389671373
2017,g,6,0.23943661971830985,0.2361111111111111,-0.0033255086071987405,0.11854460093896746,0.05477308294209715,0.06377151799687009
2017,g,7,0.19718309859154928,0.1527777777777778,-0.04440532081377149,0.11854460093896746,0.010367762128325353,0.1081768388106416
2017,g,8,0.11267605633802817,0.1111111111111111,-0.0015649452269170666,0.11854460093896746,0.008802816901408494,0.1097417840375587
2017,g,9,0.07042253521126761,0.05555555555555555,-0.014866979655712056,0.11854460093896746,-0.006064162754303659,0.12460876369327074
2017,g,10,0.014084507042253521,0.05555555555555555,0.04147104851330203,0.11854460093896746,0.03540688575899864,0.08313771517996871
2017,g,11,0.014084507042253521,0.041666666666666664,0.02758215962441314,0.11854460093896746,0.06298904538341166,0.05555555555555555
2017,g,12,0.0,0.027777777777777776,0.027777777777777776,0.11854460093896746,0.09076682316118934,0.027777777777777776
2017,g,13,0.0,0.027777777777777776,0.027777777777777776,0.11854460093896746,0.11854460093896746,0
2017,g,14,0.0,0.0,0.0,0.11854460093896746,0.11854460093896746,0
2017,g,15,0.0,0.0,0.0,0.11854460093896746,0.11854460093896746,0
2017,g,16,0.0,0.0,0.0,0.11854460093896746,0.11854460093896746,0
2017,g,17,0.0,0.0,0.0,0.11854460093896746,0.11854460093896746,0
2017,g,18,0.0,0.0,0.0,0.11854460093896746,0.11854460093896746,0
2017,g,19,0.0,0.0,0.0,0.11854460093896746,0.11854460093896746,0
2017,g,20,0.0,0.0,0.0,0.11854460093896746,0.11854460093896746,0
2017,g,21,0.0,0.0,0.0,0.11854460093896746,0.11854460093896746,0
2017,g,22,0.0,0.0,0.0,0.11854460093896746,0.11854460093896746,0
2017,s,0,1.0,1.0,0.0,-1.2648669796557122,0,-1.2648669796557122
2017,s,1,0.9722222222222222,0.9436619718309859,-0.02856025039123633,-1.2648669796557122,-0.02856025039123633,-1.2363067292644758
2017,s,2,0.9027777777777778,0.8169014084507042,-0.08587636932707354,-1.2648669796557122,-0.11443661971830976,-1.1504303599374022
2017,s,3,0.75,0.704225352112676,-0.045774647887323994,-1.2648669796557122,-0.16021126760563398,-1.1046557120500784
2017,s,4,0.6527777777777778,0.5211267605633803,-0.13165101721439754,-1.2648669796557122,-0.2918622848200312,-0.9730046948356809
2017,s,5,0.5833333333333334,0.323943661971831,-0.25938967136150237,-1.2648669796557122,-0.5512519561815337,-0.7136150234741784
2017,s,6,0.4583333333333333,0.2535211267605634,-0.20481220657276994,-1.2648669796557122,-0.7560641627543037,-0.5088028169014085
2017,s,7,0.3472222222222222,0.11267605633802817,-0.23454616588419402,-1.2648669796557122,-0.990610328638498,-0.2742566510172144
2017,s,8,0.25,0.056338028169014086,-0.1936619718309859,-1.2648669796557122,-1.184272300469484,-0.08059467918622851
2017,s,9,0.125,0.04225352112676056,-0.08274647887323944,-1.2648669796557122,-1.2670187793427234,0.00215179968701093
2017,s,10,0.09722222222222222,0.028169014084507043,-0.06905320813771518,-1.2648669796557122,-1.3360719874804388,0.07120500782472614
2017,s,11,0.041666666666666664,0.028169014084507043,-0.013497652582159621,-1.2648669796557122,-1.3495696400625978,0.08470266040688576
2017,s,12,0.013888888888888888,0.028169014084507043,0.014280125195618155,-1.2648669796557122,-1.3352895148669797,0.07042253521126761
2017,s,13,0.0,0.028169014084507043,0.028169014084507043,-1.2648669796557122,-1.3071205007824727,0.04225352112676056
2017,s,14,0.0,0.028169014084507043,0.028169014084507043,-1.2648669796557122,-1.2789514866979657,0.014084507042253521
2017,s,15,0.0,0.014084507042253521,0.014084507042253521,-1.2648669796557122,-1.2648669796557122,0
2017,s,16,0.0,0.0,0.0,-1.2648669796557122,-1.2648669796557122,0
2017,s,17,0.0,0.0,0.0,-1.2648669796557122,-1.2648669796557122,0
2017,s,18,0.0,0.0,0.0,-1.2648669796557122,-1.2648669796557122,0
2017,s,19,0.0,0.0,0.0,-1.2648669796557122,-1.2648669796557122,0
2017,s,20,0.0,0.0,0.0,-1.2648669796557122,-1.2648669796557122,0
2017,s,21,0.0,0.0,0.0,-1.2648669796557122,-1.2648669796557122,0
2017,s,22,0.0,0.0,0.0,-1.2648669796557122,-1.2648669796557122,0
2017,t,0,1.0,1.0,0.0,0.5831377151799688,0,0.5831377151799688
2017,t,1,0.9166666666666666,0.9577464788732394,0.04107981220657275,0.5831377151799688,0.04107981220657275,0.5420579029733958
2017,t,2,0.7083333333333334,0.7605633802816901,0.052230046948356756,0.5831377151799688,0.09330985915492951,0.4898278560250393
2017,t,3,0.5277777777777778,0.6619718309859155,0.1341940532081377,0.5831377151799688,0.22750391236306733,0.3556338028169015
2017,t,4,0.4027777777777778,0.6056338028169014,0.2028560250391236,0.5831377151799688,0.43035993740219114,0.1527777777777778
2017,t,5,0.2916666666666667,0.38028169014084506,0.08861502347417838,0.5831377151799688,0.5189749608763692,0.0641627543035993
2017,t,6,0.19444444444444445,0.2535211267605634,0.05907668231611893,0.5831377151799688,0.5780516431924885,0.005086071987480456
2017,t,7,0.125,0.14084507042253522,0.015845070422535218,0.5831377151799688,0.5938967136150235,-0.010758998435054762
2017,t,8,0.08333333333333333,0.11267605633802817,0.029342723004694843,0.5831377151799688,0.6232394366197185,-0.04010172143974962
2017,t,9,0.05555555555555555,0.056338028169014086,0.0007824726134585333,0.5831377151799688,0.6240219092331771,-0.04088419405320814
2017,t,10,0.027777777777777776,0.014084507042253521,-0.013693270735524255,0.5831377151799688,0.6103286384976525,-0.027190923317683885
2017,t,11,0.027777777777777776,0.014084507042253521,-0.013693270735524255,0.5831377151799688,0.5966353677621283,-0.013497652582159621
2017,t,12,0.013888888888888888,0.014084507042253521,0.00019561815336463333,0.5831377151799688,0.596830985915493,-0.013693270735524255
2017,t,13,0.013888888888888888,0.014084507042253521,0.00019561815336463333,0.5831377151799688,0.5970266040688577,-0.013888888888888888
2017,t,14,0.013888888888888888,0.0,-0.013888888888888888,0.5831377151799688,0.5831377151799688,0
2017,t,15,0.0,0.0,0.0,0.5831377151799688,0.5831377151799688,0
2017,t,16,0.0,0.0,0.0,0.5831377151799688,0.5831377151799688,0
2017,t,17,0.0,0.0,0.0,0.5831377151799688,0.5831377151799688,0
2017,t,18,0.0,0.0,0.0,0.5831377151799688,0.5831377151799688,0
2017,t,19,0.0,0.0,0.0,0.5831377151799688,0.5831377151799688,0
2017,t,20,0.0,0.0,0.0,0.5831377151799688,0.5831377151799688,0
2017,t,21,0.0,0.0,0.0,0.5831377151799688,0.5831377151799688,0
2017,t,22,0.0,0.0,0.0,0.5831377151799688,0.5831377151799688,0
2018,c,0,1.0,1.0,0.0,0.18955399061032896,0,0.18955399061032896
2018,c,1,0.9166666666666666,1.0,0.08333333333333337,0.18955399061032896,0.08333333333333337,0.10622065727699548
2018,c,2,0.8333333333333334,0.9014084507042254,0.068075117370892,0.18955399061032896,0.15140845070422526,0.03814553990610303
2018,c,3,0.6666666666666666,0.7887323943661971,0.1220657276995305,0.18955399061032896,0.273474178403756,-0.08392018779342703
2018,c,4,0.5555555555555556,0.6197183098591549,0.0641627543035993,0.18955399061032896,0.3376369327073552,-0.14808294209702666
2018,c,5,0.4166666666666667,0.43661971830985913,0.019953051643192443,0.18955399061032896,0.3575899843505477,-0.16803599374021905
2018,c,6,0.2916666666666667,0.323943661971831,0.03227699530516431,0.18955399061032896,0.3898669796557126,-0.20031298904538342
2018,c,7,0.25,0.2535211267605634,0.0035211267605633756,0.18955399061032896,0.39338810641627564,-0.2038341158059468
2018,c,8,0.18055555555555555,0.14084507042253522,-0.039710485133020335,0.18955399061032896,0.3536776212832553,-0.16412363067292643
2018,c,9,0.125,0.07042253521126761,-0.05457746478873239,0.18955399061032896,0.29910015649452326,-0.10954616588419404
2018,c,10,0.08333333333333333,0.07042253521126761,-0.01291079812206572,0.18955399061032896,0.2861893583724564,-0.09663536776212833
2018,c,11,0.06944444444444445,0.028169014084507043,-0.0412754303599374,0.18955399061032896,0.24491392801251877,-0.055359937402190924
2018,c,12,0.041666666666666664,0.014084507042253521,-0.02758215962441314,0.18955399061032896,0.21733176838810664,-0.027777777777777776
2018,c,13,0.027777777777777776,0.0,-0.027777777777777776,0.18955399061032896,0.18955399061032896,0
2018,c,14,0.0,0.0,0.0,0.18955399061032896,0.18955399061032896,0
2018,c,15,0.0,0.0,0.0,0.18955399061032896,0.18955399061032896,0
2018,c,16,0.0,0.0,0.0,0.18955399061032896,0.18955399061032896,0
2018,c,17,0.0,0.0,0.0,0.18955399061032896,0.18955399061032896,0
2018,c,18,0.0,0.0,0.0,0.18955399061032896,0.18955399061032896,0
2018,c,19,0.0,0.0,0.0,0.18955399061032896,0.18955399061032896,0
2018,c,20,0.0,0.0,0.0,0.18955399061032896,0.18955399061032896,0
2018,c,21,0.0,0.0,0.0,0.18955399061032896,0.18955399061032896,0
2018,c,22,0.0,0.0,0.0,0.18955399061032896,0.18955399061032896,0
2018,d,0,1.0,1.0,0.0,1.6703834115805947,0,1.6703834115805947
2018,d,1,0.9154929577464789,0.9583333333333334,0.042840375586854496,1.6703834115805947,0.042840375586854496,1.6275430359937406
2018,d,2,0.8309859154929577,0.8888888888888888,0.05790297339593109,1.6703834115805947,0.10074334898278581,1.5696400625978089
2018,d,3,0.6901408450704225,0.8055555555555556,0.11541471048513308,1.6703834115805947,0.21615805946791866,1.454225352112676
2018,d,4,0.49295774647887325,0.6527777777777778,0.15982003129890454,1.6703834115805947,0.37597809076682287,1.2944053208137716
2018,d,5,0.352112676056338,0.6111111111111112,0.25899843505477316,1.6703834115805947,0.634976525821596,1.0354068857589984
2018,d,6,0.18309859154929578,0.5,0.31690140845070425,1.6703834115805947,0.9518779342723009,0.7185054773082943
2018,d,7,0.09859154929577464,0.3194444444444444,0.2208528951486698,1.6703834115805947,1.1727308294209697,0.4976525821596244
2018,d,8,0.07042253521126761,0.20833333333333334,0.13791079812206575,1.6703834115805947,1.3106416275430361,0.3597417840375587
2018,d,9,0.028169014084507043,0.16666666666666666,0.13849765258215962,1.6703834115805947,1.4491392801251952,0.22124413145539906
2018,d,10,0.028169014084507043,0.06944444444444445,0.0412754303599374,1.6703834115805947,1.4904147104851329,0.17996870109546165
2018,d,11,0.014084507042253521,0.05555555555555555,0.04147104851330203,1.6703834115805947,1.5318857589984347,0.13849765258215962
2018,d,12,0.014084507042253521,0.041666666666666664,0.02758215962441314,1.6703834115805947,1.5594679186228482,0.11091549295774648
2018,d,13,0.014084507042253521,0.027777777777777776,0.013693270735524255,1.6703834115805947,1.5731611893583723,0.09722222222222222
2018,d,14,0.0,0.013888888888888888,0.013888888888888888,1.6703834115805947,1.5870500782472616,0.08333333333333333
2018,d,15,0.0,0.013888888888888888,0.013888888888888888,1.6703834115805947,1.60093896713615,0.06944444444444445
2018,d,16,0.0,0.013888888888888888,0.013888888888888888,1.6703834115805947,1.6148278560250393,0.05555555555555555
2018,d,17,0.0,0.013888888888888888,0.013888888888888888,1.6703834115805947,1.6287167449139277,0.041666666666666664
2018,d,18,0.0,0.013888888888888888,0.013888888888888888,1.6703834115805947,1.642605633802817,0.027777777777777776
2018,d,19,0.0,0.013888888888888888,0.013888888888888888,1.6703834115805947,1.6564945226917063,0.013888888888888888
2018,d,20,0.0,0.013888888888888888,0.013888888888888888,1.6703834115805947,1.6703834115805947,0
2018,d,21,0.0,0.0,0.0,1.6703834115805947,1.6703834115805947,0
2018,d,22,0.0,0.0,0.0,1.6703834115805947,1.6703834115805947,0
2018,db,0,1.0,1.0,0.0,-0.6645148669796557,0,-0.6645148669796557
2018,db,1,0.9305555555555556,0.9436619718309859,0.0131064162754303,-0.6645148669796557,0.0131064162754303,-0.6776212832550859
2018,db,2,0.8333333333333334,0.8028169014084507,-0.030516431924882625,-0.6645148669796557,-0.017410015649452326,-0.6471048513302033
2018,db,3,0.6944444444444444,0.704225352112676,0.009780907668231587,-0.6645148669796557,-0.007629107981220962,-0.6568857589984352
2018,db,4,0.5416666666666666,0.5211267605633803,-0.020539906103286376,-0.6645148669796557,-0.028169014084507005,-0.6363458528951487
2018,db,5,0.4305555555555556,0.39436619718309857,-0.036189358372457014,-0.6645148669796557,-0.06435837245696385,-0.6001564945226917
2018,db,6,0.3611111111111111,0.2676056338028169,-0.09350547730829423,-0.6645148669796557,-0.15786384976525802,-0.5066510172143974
2018,db,7,0.2916666666666667,0.19718309859154928,-0.0944835680751174,-0.6645148669796557,-0.2523474178403755,-0.41216744913928016
2018,db,8,0.18055555555555555,0.09859154929577464,-0.08196400625978091,-0.6645148669796557,-0.3343114241001568,-0.3302034428794992
2018,db,9,0.1111111111111111,0.08450704225352113,-0.02660406885758998,-0.6645148669796557,-0.36091549295774605,-0.3035993740219092
2018,db,10,0.08333333333333333,0.07042253521126761,-0.01291079812206572,-0.6645148669796557,-0.373826291079812,-0.2906885758998435
2018,db,11,0.08333333333333333,0.056338028169014086,-0.026995305164319243,-0.6645148669796557,-0.40082159624413194,-0.2636932707355243
2018,db,12,0.05555555555555555,0.014084507042253521,-0.04147104851330203,-0.6645148669796557,-0.44229264475743335,-0.2222222222222222
2018,db,13,0.05555555555555555,0.0,-0.05555555555555555,-0.6645148669796557,-0.4978482003129887,-0.16666666666666666
2018,db,14,0.041666666666666664,0.0,-0.041666666666666664,-0.6645148669796557,-0.5395148669796557,-0.125
2018,db,15,0.041666666666666664,0.0,-0.041666666666666664,-0.6645148669796557,-0.5811815336463217,-0.08333333333333333
2018,db,16,0.027777777777777776,0.0,-0.027777777777777776,-0.6645148669796557,-0.6089593114241003,-0.05555555555555555
2018,db,17,0.013888888888888888,0.0,-0.013888888888888888,-0.6645148669796557,-0.6228482003129887,-0.041666666666666664
2018,db,18,0.013888888888888888,0.0,-0.013888888888888888,-0.6645148669796557,-0.636737089201878,-0.027777777777777776
2018,db,19,0.013888888888888888,0.0,-0.013888888888888888,-0.6645148669796557,-0.6506259780907664,-0.013888888888888888
2018,db,20,0.013888888888888888,0.0,-0.013888888888888888,-0.6645148669796557,-0.6645148669796557,0
2018,db,21,0.0,0.0,0.0,-0.6645148669796557,-0.6645148669796557,0
2018,db,22,0.0,0.0,0.0,-0.6645148669796557,-0.6645148669796557,0
2018,g,0,1.0,1.0,0.0,-0.15356025039123633,0,-0.15356025039123633
2018,g,1,0.8611111111111112,0.8873239436619719,0.02621283255086071,-0.15356025039123633,0.02621283255086071,-0.17977308294209715
2018,g,2,0.7638888888888888,0.7887323943661971,0.024843505477308292,-0.15356025039123633,0.051056338028169,-0.20461658841940533
2018,g,3,0.6944444444444444,0.6197183098591549,-0.07472613458528954,-0.15356025039123633,-0.023669796557120648,-0.12989045383411568
2018,g,4,0.625,0.4647887323943662,-0.1602112676056338,-0.15356025039123633,-0.18388106416275463,0.030320813771518074
2018,g,5,0.4722222222222222,0.30985915492957744,-0.16236306729264477,-0.15356025039123633,-0.346244131455399,0.19268388106416268
2018,g,6,0.2777777777777778,0.23943661971830985,-0.038341158059467945,-0.15356025039123633,-0.38458528951486715,0.2310250391236307
2018,g,7,0.1527777777777778,0.18309859154929578,0.03032081377151799,-0.15356025039123633,-0.3542644757433493,0.2007042253521127
2018,g,8,0.1388888888888889,0.14084507042253522,0.001956181533646323,-0.15356025039123633,-0.35230829420970267,0.19874804381846634
2018,g,9,0.08333333333333333,0.09859154929577464,0.015258215962441313,-0.15356025039123633,-0.33705007824726163,0.18348982785602502
2018,g,10,0.027777777777777776,0.056338028169014086,0.02856025039123631,-0.15356025039123633,-0.3084898278560253,0.15492957746478872
2018,g,11,0.0,0.04225352112676056,0.04225352112676056,-0.15356025039123633,-0.2662363067292648,0.11267605633802817
2018,g,12,0.0,0.04225352112676056,0.04225352112676056,-0.15356025039123633,-0.22398278560250384,0.07042253521126761
2018,g,13,0.0,0.028169014084507043,0.028169014084507043,-0.15356025039123633,-0.19581377151799684,0.04225352112676056
2018,g,14,0.0,0.028169014084507043,0.028169014084507043,-0.15356025039123633,-0.16764475743348983,0.014084507042253521
2018,g,15,0.0,0.014084507042253521,0.014084507042253521,-0.15356025039123633,-0.15356025039123633,0
2018,g,16,0.0,0.0,0.0,-0.15356025039123633,-0.15356025039123633,0
2018,g,17,0.0,0.0,0.0,-0.15356025039123633,-0.15356025039123633,0
2018,g,18,0.0,0.0,0.0,-0.15356025039123633,-0.15356025039123633,0
2018,g,19,0.0,0.0,0.0,-0.15356025039123633,-0.15356025039123633,0
2018,g,20,0.0,0.0,0.0,-0.15356025039123633,-0.15356025039123633,0
2018,g,21,0.0,0.0,0.0,-0.15356025039123633,-0.15356025039123633,0
2018,g,22,0.0,0.0,0.0,-0.15356025039123633,-0.15356025039123633,0
2018,s,0,1.0,1.0,0.0,-0.8622848200312987,0,-0.8622848200312987
2018,s,1,0.9436619718309859,0.9305555555555556,-0.0131064162754303,-0.8622848200312987,-0.0131064162754303,-0.8491784037558685
2018,s,2,0.8591549295774648,0.7916666666666666,-0.06748826291079812,-0.8622848200312987,-0.08059467918622842,-0.7816901408450705
2018,s,3,0.7887323943661971,0.6388888888888888,-0.1498435054773083,-0.8622848200312987,-0.23043818466353683,-0.6318466353677619
2018,s,4,0.6901408450704225,0.4722222222222222,-0.2179186228482003,-0.8622848200312987,-0.448356807511737,-0.4139280125195619
2018,s,5,0.5492957746478874,0.4027777777777778,-0.14651799687010958,-0.8622848200312987,-0.5948748043818464,-0.2674100156494523
2018,s,6,0.39436619718309857,0.3055555555555556,-0.08881064162754299,-0.8622848200312987,-0.6836854460093895,-0.17859937402190917
2018,s,7,0.22535211267605634,0.2777777777777778,0.05242566510172145,-0.8622848200312987,-0.6312597809076683,-0.2310250391236307
2018,s,8,0.18309859154929578,0.16666666666666666,-0.016431924882629123,-0.8622848200312987,-0.6476917057902969,-0.21459311424100158
2018,s,9,0.14084507042253522,0.1111111111111111,-0.029733959311424113,-0.8622848200312987,-0.6774256651017216,-0.18485915492957744
2018,s,10,0.09859154929577464,0.08333333333333333,-0.015258215962441313,-0.8622848200312987,-0.6926838810641627,-0.16960093896713616
2018,s,11,0.07042253521126761,0.041666666666666664,-0.028755868544600945,-0.8622848200312987,-0.7214397496087637,-0.14084507042253522
2018,s,12,0.056338028169014086,0.0,-0.056338028169014086,-0.8622848200312987,-0.7777777777777777,-0.08450704225352113
2018,s,13,0.04225352112676056,0.0,-0.04225352112676056,-0.8622848200312987,-0.8200312989045386,-0.04225352112676056
2018,s,14,0.028169014084507043,0.0,-0.028169014084507043,-0.8622848200312987,-0.8482003129890456,-0.014084507042253521
2018,s,15,0.014084507042253521,0.0,-0.014084507042253521,-0.8622848200312987,-0.8622848200312987,0
2018,s,16,0.0,0.0,0.0,-0.8622848200312987,-0.8622848200312987,0
2018,s,17,0.0,0.0,0.0,-0.8622848200312987,-0.8622848200312987,0
2018,s,18,0.0,0.0,0.0,-0.8622848200312987,-0.8622848200312987,0
2018,s,19,0.0,0.0,0.0,-0.8622848200312987,-0.8622848200312987,0
2018,s,20,0.0,0.0,0.0,-0.8622848200312987,-0.8622848200312987,0
2018,s,21,0.0,0.0,0.0,-0.8622848200312987,-0.8622848200312987,0
2018,s,22,0.0,0.0,0.0,-0.8622848200312987,-0.8622848200312987,0
2018,t,0,1.0,1.0,0.0,0.4420970266040687,0,0.4420970266040687
2018,t,1,0.9577464788732394,0.9305555555555556,-0.0271909233176838,0.4420970266040687,-0.0271909233176838,0.4692879499217524
2018,t,2,0.8028169014084507,0.8333333333333334,0.030516431924882625,0.4420970266040687,0.0033255086071986018,0.4387715179968703
2018,t,3,0.7183098591549296,0.7222222222222222,0.00391236306729259,0.4420970266040687,0.007237871674491636,0.4348591549295775
2018,t,4,0.49295774647887325,0.5833333333333334,0.09037558685446012,0.4420970266040687,0.09761345852895165,0.3444835680751175
2018,t,5,0.39436619718309857,0.4444444444444444,0.050078247261345854,0.4420970266040687,0.14769170579029733,0.2944053208137716
2018,t,6,0.2676056338028169,0.3611111111111111,0.09350547730829423,0.4420970266040687,0.2411971830985915,0.2008998435054774
2018,t,7,0.16901408450704225,0.2638888888888889,0.09487480438184664,0.4420970266040687,0.33607198748043876,0.10602503912363065
2018,t,8,0.14084507042253522,0.19444444444444445,0.05359937402190923,0.4420970266040687,0.38967136150234705,0.05242566510172145
2018,t,9,0.1267605633802817,0.09722222222222222,-0.029538341158059464,0.4420970266040687,0.3601330203442874,0.08196400625978091
2018,t,10,0.07042253521126761,0.08333333333333333,0.01291079812206572,0.4420970266040687,0.37304381846635426,0.06905320813771518
2018,t,11,0.028169014084507043,0.041666666666666664,0.013497652582159621,0.4420970266040687,0.38654147104851333,0.05555555555555555
2018,t,12,0.0,0.027777777777777776,0.027777777777777776,0.4420970266040687,0.414319248826291,0.027777777777777776
2018,t,13,0.0,0.013888888888888888,0.013888888888888888,0.4420970266040687,0.4282081377151803,0.013888888888888888
2018,t,14,0.0,0.013888888888888888,0.013888888888888888,0.4420970266040687,0.4420970266040687,0
2018,t,15,0.0,0.0,0.0,0.4420970266040687,0.4420970266040687,0
2018,t,16,0.0,0.0,0.0,0.4420970266040687,0.4420970266040687,0
2018,t,17,0.0,0.0,0.0,0.4420970266040687,0.4420970266040687,0
2018,t,18,0.0,0.0,0.0,0.4420970266040687,0.4420970266040687,0
2018,t,19,0.0,0.0,0.0,0.4420970266040687,0.4420970266040687,0
2018,t,20,0.0,0.0,0.0,0.4420970266040687,0.4420970266040687,0
2018,t,21,0.0,0.0,0.0,0.4420970266040687,0.4420970266040687,0
2018,t,22,0.0,0.0,0.0,0.4420970266040687,0.4420970266040687,0
2019,c,0,1.0,1.0,0.0,0.2629107981220651,0,0.2629107981220651
2019,c,1,0.9014084507042254,0.9027777777777778,0.0013693270735524177,0.2629107981220651,0.0013693270735524177,0.2615414710485129
2019,c,2,0.8028169014084507,0.8194444444444444,0.016627543035993675,0.2629107981220651,0.017996870109546315,0.24491392801251965
2019,c,3,0.6619718309859155,0.625,-0.0369718309859155,0.2629107981220651,-0.018974960876369185,0.28188575899843515
2019,c,4,0.5211267605633803,0.5277777777777778,0.006651017214397537,0.2629107981220651,-0.012323943661971981,0.2752347417840375
2019,c,5,0.39436619718309857,0.4444444444444444,0.050078247261345854,0.2629107981220651,0.03775430359937415,0.2251564945226917
2019,c,6,0.3380281690140845,0.3194444444444444,-0.01858372456964008,0.2629107981220651,0.019170579029733847,0.24374021909233173
2019,c,7,0.18309859154929578,0.2222222222222222,0.03912363067292643,0.2629107981220651,0.05829420970266064,0.20461658841940533
2019,c,8,0.11267605633802817,0.18055555555555555,0.06787949921752738,0.2629107981220651,0.12617370892018798,0.13673708920187796
2019,c,9,0.056338028169014086,0.09722222222222222,0.04088419405320814,0.2629107981220651,0.1670579029733963,0.0958528951486698
2019,c,10,0.028169014084507043,0.08333333333333333,0.05516431924882628,0.2629107981220651,0.22222222222222232,0.040688575899843496
2019,c,11,0.014084507042253521,0.06944444444444445,0.055359937402190924,0.2629107981220651,0.277582159624413,-0.014671361502347421
2019,c,12,0.014084507042253521,0.027777777777777776,0.013693270735524255,0.2629107981220651,0.29127543035993764,-0.028364632237871674
2019,c,13,0.014084507042253521,0.013888888888888888,-0.00019561815336463333,0.2629107981220651,0.2910798122065721,-0.028169014084507043
2019,c,14,0.014084507042253521,0.0,-0.014084507042253521,0.2629107981220651,0.27699530516431903,-0.014084507042253521
2019,c,15,0.014084507042253521,0.0,-0.014084507042253521,0.2629107981220651,0.2629107981220651,0
2019,c,16,0.0,0.0,0.0,0.2629107981220651,0.2629107981220651,0
2019,c,17,0.0,0.0,0.0,0.2629107981220651,0.2629107981220651,0
2019,c,18,0.0,0.0,0.0,0.2629107981220651,0.2629107981220651,0
2019,c,19,0.0,0.0,0.0,0.2629107981220651,0.2629107981220651,0
2019,c,20,0.0,0.0,0.0,0.2629107981220651,0.2629107981220651,0
2019,c,21,0.0,0.0,0.0,0.2629107981220651,0.2629107981220651,0
2019,c,22,0.0,0.0,0.0,0.2629107981220651,0.2629107981220651,0
2019,d,0,1.0,1.0,0.0,0.7525430359937406,0,0.7525430359937406
2019,d,1,0.9166666666666666,0.9859154929577465,0.06924882629107987,0.7525430359937406,0.06924882629107987,0.6832942097026606
2019,d,2,0.75,0.8732394366197183,0.12323943661971826,0.7525430359937406,0.192488262910798,0.5600547730829422
2019,d,3,0.5416666666666666,0.7183098591549296,0.176643192488263,0.7525430359937406,0.369131455399061,0.38341158059467917
2019,d,4,0.4166666666666667,0.5070422535211268,0.09037558685446007,0.7525430359937406,0.459507042253521,0.29303599374021916
2019,d,5,0.2777777777777778,0.39436619718309857,0.11658841940532078,0.7525430359937406,0.5760954616588418,0.17644757433489822
2019,d,6,0.1527777777777778,0.29577464788732394,0.14299687010954615,0.7525430359937406,0.7190923317683882,0.033450704225352124
2019,d,7,0.125,0.19718309859154928,0.07218309859154928,0.7525430359937406,0.7912754303599376,-0.03873239436619719
2019,d,8,0.06944444444444445,0.1267605633802817,0.05731611893583724,0.7525430359937406,0.848591549295775,-0.09604851330203443
2019,d,9,0.041666666666666664,0.04225352112676056,0.0005868544600938982,0.7525430359937406,0.8491784037558685,-0.09663536776212833
2019,d,10,0.027777777777777776,0.028169014084507043,0.00039123630672926665,0.7525430359937406,0.8495696400625974,-0.09702660406885759
2019,d,11,0.027777777777777776,0.014084507042253521,-0.013693270735524255,0.7525430359937406,0.8358763693270737,-0.08333333333333333
2019,d,12,0.027777777777777776,0.0,-0.027777777777777776,0.7525430359937406,0.808098591549296,-0.05555555555555555
2019,d,13,0.013888888888888888,0.0,-0.013888888888888888,0.7525430359937406,0.7942097026604071,-0.041666666666666664
2019,d,14,0.013888888888888888,0.0,-0.013888888888888888,0.7525430359937406,0.7803208137715183,-0.027777777777777776
2019,d,15,0.013888888888888888,0.0,-0.013888888888888888,0.7525430359937406,0.7664319248826295,-0.013888888888888888
2019,d,16,0.013888888888888888,0.0,-0.013888888888888888,0.7525430359937406,0.7525430359937406,0
2019,d,17,0.0,0.0,0.0,0.7525430359937406,0.7525430359937406,0
2019,d,18,0.0,0.0,0.0,0.7525430359937406,0.7525430359937406,0
2019,d,19,0.0,0.0,0.0,0.7525430359937406,0.7525430359937406,0
2019,d,20,0.0,0.0,0.0,0.7525430359937406,0.7525430359937406,0
2019,d,21,0.0,0.0,0.0,0.7525430359937406,0.7525430359937406,0
2019,d,22,0.0,0.0,0.0,0.7525430359937406,0.7525430359937406,0
2019,db,0,1.0,1.0,0.0,0.3255086071987483,0,0.3255086071987483
2019,db,1,0.9027777777777778,0.9295774647887324,0.026799687010954587,0.3255086071987483,0.026799687010954587,0.2987089201877935
2019,db,2,0.8333333333333334,0.8169014084507042,-0.016431924882629123,0.3255086071987483,0.010367762128325353,0.3151408450704225
2019,db,3,0.6527777777777778,0.7183098591549296,0.06553208137715183,0.3255086071987483,0.07589984350547718,0.24960876369327067
2019,db,4,0.5,0.5915492957746479,0.09154929577464788,0.3255086071987483,0.16744913928012517,0.1580594679186227
2019,db,5,0.375,0.4507042253521127,0.07570422535211269,0.3255086071987483,0.24315336463223813,0.08235524256651017
2019,db,6,0.2916666666666667,0.30985915492957744,0.018192488262910755,0.3255086071987483,0.26134585289514867,0.0641627543035993
2019,db,7,0.2222222222222222,0.2676056338028169,0.04538341158059467,0.3255086071987483,0.30672926447574334,0.01877934272300469
2019,db,8,0.18055555555555555,0.18309859154929578,0.002543035993740228,0.3255086071987483,0.3092723004694835,0.01623630672926446
2019,db,9,0.09722222222222222,0.04225352112676056,-0.05496870109546166,0.3255086071987483,0.2543035993740217,0.07120500782472614
2019,db,10,0.041666666666666664,0.028169014084507043,-0.013497652582159621,0.3255086071987483,0.24080594679186262,0.08470266040688576
2019,db,11,0.013888888888888888,0.028169014084507043,0.014280125195618155,0.3255086071987483,0.25508607198748123,0.07042253521126761
2019,db,12,0.0,0.028169014084507043,0.028169014084507043,0.3255086071987483,0.28325508607198824,0.04225352112676056
2019,db,13,0.0,0.014084507042253521,0.014084507042253521,0.3255086071987483,0.2973395931142413,0.028169014084507043
2019,db,14,0.0,0.014084507042253521,0.014084507042253521,0.3255086071987483,0.31142410015649524,0.014084507042253521
2019,db,15,0.0,0.014084507042253521,0.014084507042253521,0.3255086071987483,0.3255086071987483,0
2019,db,16,0.0,0.0,0.0,0.3255086071987483,0.3255086071987483,0
2019,db,17,0.0,0.0,0.0,0.3255086071987483,0.3255086071987483,0
2019,db,18,0.0,0.0,0.0,0.3255086071987483,0.3255086071987483,0
2019,db,19,0.0,0.0,0.0,0.3255086071987483,0.3255086071987483,0
2019,db,20,0.0,0.0,0.0,0.3255086071987483,0.3255086071987483,0
2019,db,21,0.0,0.0,0.0,0.3255086071987483,0.3255086071987483,0
2019,db,22,0.0,0.0,0.0,0.3255086071987483,0.3255086071987483,0
2019,g,0,1.0,1.0,0.0,-0.7134194053208143,0,-0.7134194053208143
2019,g,1,0.9859154929577465,0.9444444444444444,-0.04147104851330208,-0.7134194053208143,-0.04147104851330208,-0.6719483568075115
2019,g,2,0.8873239436619719,0.8333333333333334,-0.0539906103286385,-0.7134194053208143,-0.09546165884194058,-0.617957746478873
2019,g,3,0.7746478873239436,0.625,-0.14964788732394363,-0.7134194053208143,-0.24510954616588432,-0.4683098591549295
2019,g,4,0.5633802816901409,0.4583333333333333,-0.10504694835680756,-0.7134194053208143,-0.3501564945226918,-0.3632629107981221
2019,g,5,0.38028169014084506,0.3333333333333333,-0.04694835680751175,-0.7134194053208143,-0.39710485133020335,-0.3163145539906103
2019,g,6,0.2535211267605634,0.16666666666666666,-0.08685446009389672,-0.7134194053208143,-0.4839593114241003,-0.22946009389671357
2019,g,7,0.18309859154929578,0.1111111111111111,-0.07198748043818468,-0.7134194053208143,-0.5559467918622847,-0.15747261345852895
2019,g,8,0.14084507042253522,0.06944444444444445,-0.07140062597809077,-0.7134194053208143,-0.6273474178403755,-0.08607198748043818
2019,g,9,0.07042253521126761,0.05555555555555555,-0.014866979655712056,-0.7134194053208143,-0.6422143974960877,-0.07120500782472614
2019,g,10,0.056338028169014086,0.041666666666666664,-0.014671361502347421,-0.7134194053208143,-0.6568857589984352,-0.05653364632237872
2019,g,11,0.04225352112676056,0.013888888888888888,-0.028364632237871674,-0.7134194053208143,-0.6852503912363073,-0.028169014084507043
2019,g,12,0.014084507042253521,0.0,-0.014084507042253521,-0.7134194053208143,-0.6993348982785603,-0.014084507042253521
2019,g,13,0.014084507042253521,0.0,-0.014084507042253521,-0.7134194053208143,-0.7134194053208143,0
2019,g,14,0.0,0.0,0.0,-0.7134194053208143,-0.7134194053208143,0
2019,g,15,0.0,0.0,0.0,-0.7134194053208143,-0.7134194053208143,0
2019,g,16,0.0,0.0,0.0,-0.7134194053208143,-0.7134194053208143,0
2019,g,17,0.0,0.0,0.0,-0.7134194053208143,-0.7134194053208143,0
2019,g,18,0.0,0.0,0.0,-0.7134194053208143,-0.7134194053208143,0
2019,g,19,0.0,0.0,0.0,-0.7134194053208143,-0.7134194053208143,0
2019,g,20,0.0,0.0,0.0,-0.7134194053208143,-0.7134194053208143,0
2019,g,21,0.0,0.0,0.0,-0.7134194053208143,-0.7134194053208143,0
2019,g,22,0.0,0.0,0.0,-0.7134194053208143,-0.7134194053208143,0
2019,s,0,1.0,1.0,0.0,-0.925469483568075,0,-0.925469483568075
2019,s,1,1.0,0.9722222222222222,-0.02777777777777779,-0.925469483568075,-0.02777777777777779,-0.8976917057902969
2019,s,2,0.971830985915493,0.8333333333333334,-0.13849765258215962,-0.925469483568075,-0.16627543035993742,-0.7591940532081378
2019,s,3,0.7746478873239436,0.6944444444444444,-0.08020344287949921,-0.925469483568075,-0.2464788732394365,-0.6789906103286385
2019,s,4,0.6619718309859155,0.5694444444444444,-0.09252738654147108,-0.925469483568075,-0.33900625978090737,-0.5864632237871676
2019,s,5,0.5492957746478874,0.4444444444444444,-0.10485133020344295,-0.925469483568075,-0.44385758998435065,-0.4816118935837246
2019,s,6,0.4647887323943662,0.375,-0.08978873239436619,-0.925469483568075,-0.5336463223787171,-0.39182316118935834
2019,s,7,0.36619718309859156,0.2916666666666667,-0.07453051643192488,-0.925469483568075,-0.6081768388106417,-0.31729264475743346
2019,s,8,0.2535211267605634,0.1527777777777778,-0.10074334898278559,-0.925469483568075,-0.7089201877934279,-0.21654929577464788
2019,s,9,0.19718309859154928,0.125,-0.07218309859154928,-0.925469483568075,-0.781103286384977,-0.14436619718309857
2019,s,10,0.15492957746478872,0.08333333333333333,-0.07159624413145539,-0.925469483568075,-0.852699530516432,-0.07276995305164319
2019,s,11,0.09859154929577464,0.041666666666666664,-0.05692488262910798,-0.925469483568075,-0.90962441314554,-0.015845070422535218
2019,s,12,0.08450704225352113,0.027777777777777776,-0.05672926447574335,-0.925469483568075,-0.9663536776212833,0.04088419405320814
2019,s,13,0.04225352112676056,0.013888888888888888,-0.028364632237871674,-0.925469483568075,-0.994718309859155,0.06924882629107981
2019,s,14,0.014084507042253521,0.013888888888888888,-0.00019561815336463333,-0.925469483568075,-0.9949139280125188,0.06944444444444445
2019,s,15,0.0,0.013888888888888888,0.013888888888888888,-0.925469483568075,-0.9810250391236304,0.05555555555555555
2019,s,16,0.0,0.013888888888888888,0.013888888888888888,-0.925469483568075,-0.9671361502347411,0.041666666666666664
2019,s,17,0.0,0.013888888888888888,0.013888888888888888,-0.925469483568075,-0.9532472613458527,0.027777777777777776
2019,s,18,0.0,0.013888888888888888,0.013888888888888888,-0.925469483568075,-0.9393583724569634,0.013888888888888888
2019,s,19,0.0,0.013888888888888888,0.013888888888888888,-0.925469483568075,-0.925469483568075,0
2019,s,20,0.0,0.0,0.0,-0.925469483568075,-0.925469483568075,0
2019,s,21,0.0,0.0,0.0,-0.925469483568075,-0.925469483568075,0
2019,s,22,0.0,0.0,0.0,-0.925469483568075,-0.925469483568075,0
2019,t,0,1.0,1.0,0.0,0.4469874804381848,0,0.4469874804381848
2019,t,1,0.875,0.9295774647887324,0.05457746478873238,0.4469874804381848,0.05457746478873238,0.3924100156494523
2019,t,2,0.7777777777777778,0.8450704225352113,0.06729264475743346,0.4469874804381848,0.12187010954616606,0.32511737089201853
2019,t,3,0.5833333333333334,0.676056338028169,0.09272300469483563,0.4469874804381848,0.21459311424100136,0.232394366197183
2019,t,4,0.4166666666666667,0.4788732394366197,0.062206572769953006,0.4469874804381848,0.2767996870109548,0.17018779342723023
2019,t,5,0.3333333333333333,0.39436619718309857,0.06103286384976525,0.4469874804381848,0.33783255086071984,0.10915492957746475
2019,t,6,0.19444444444444445,0.29577464788732394,0.10133020344287949,0.4469874804381848,0.43916275430359963,0.007824726134585291
2019,t,7,0.1527777777777778,0.18309859154929578,0.03032081377151799,0.4469874804381848,0.46948356807511704,-0.022496087636932727
2019,t,8,0.1388888888888889,0.11267605633802817,-0.026212832550860724,0.4469874804381848,0.44327073552425666,0.003716744913927983
2019,t,9,0.1111111111111111,0.09859154929577464,-0.012519561815336464,0.4469874804381848,0.43075117370892047,0.01623630672926446
2019,t,10,0.08333333333333333,0.07042253521126761,-0.01291079812206572,0.4469874804381848,0.4178403755868545,0.029147104851330194
2019,t,11,0.041666666666666664,0.028169014084507043,-0.013497652582159621,0.4469874804381848,0.40434272300469454,0.04264475743348983
2019,t,12,0.027777777777777776,0.014084507042253521,-0.013693270735524255,0.4469874804381848,0.3906494522691708,0.056338028169014086
2019,t,13,0.0,0.014084507042253521,0.014084507042253521,0.4469874804381848,0.40473395931142386,0.04225352112676056
2019,t,14,0.0,0.014084507042253521,0.014084507042253521,0.4469874804381848,0.4188184663536778,0.028169014084507043
2019,t,15,0.0,0.014084507042253521,0.014084507042253521,0.4469874804381848,0.43290297339593087,0.014084507042253521
2019,t,16,0.0,0.014084507042253521,0.014084507042253521,0.4469874804381848,0.4469874804381848,0
2019,t,17,0.0,0.0,0.0,0.4469874804381848,0.4469874804381848,0
2019,t,18,0.0,0.0,0.0,0.4469874804381848,0.4469874804381848,0
2019,t,19,0.0,0.0,0.0,0.4469874804381848,0.4469874804381848,0
2019,t,20,0.0,0.0,0.0,0.4469874804381848,0.4469874804381848,0
2019,t,21,0.0,0.0,0.0,0.4469874804381848,0.4469874804381848,0
2019,t,22,0.0,0.0,0.0,0.4469874804381848,0.4469874804381848,0
2020,c,0,1.0,1.0,0.0,-0.21666666666666679,0,-0.21666666666666679
2020,c,1,0.9166666666666666,0.9666666666666667,0.050000000000000044,-0.21666666666666679,0.050000000000000044,-0.2666666666666666
2020,c,2,0.8,0.8666666666666667,0.06666666666666665,-0.21666666666666679,0.1166666666666667,-0.33333333333333304
2020,c,3,0.7,0.6833333333333333,-0.016666666666666607,-0.21666666666666679,0.10000000000000009,-0.31666666666666665
2020,c,4,0.5333333333333333,0.48333333333333334,-0.04999999999999999,-0.21666666666666679,0.04999999999999982,-0.2666666666666666
2020,c,5,0.4166666666666667,0.4166666666666667,0.0,-0.21666666666666679,0.04999999999999982,-0.2666666666666666
2020,c,6,0.3,0.26666666666666666,-0.033333333333333326,-0.21666666666666679,0.016666666666666607,-0.23333333333333328
2020,c,7,0.25,0.18333333333333332,-0.06666666666666668,-0.21666666666666679,-0.04999999999999982,-0.16666666666666663
2020,c,8,0.23333333333333334,0.15,-0.08333333333333334,-0.21666666666666679,-0.13333333333333375,-0.08333333333333331
2020,c,9,0.16666666666666666,0.13333333333333333,-0.033333333333333326,-0.21666666666666679,-0.16666666666666607,-0.05000000000000002
2020,c,10,0.1,0.06666666666666667,-0.03333333333333334,-0.21666666666666679,-0.20000000000000018,-0.016666666666666677
2020,c,11,0.05,0.03333333333333333,-0.01666666666666667,-0.21666666666666679,-0.21666666666666679,0.0
2020,c,12,0.05,0.016666666666666666,-0.03333333333333334,-0.21666666666666679,-0.25,0.03333333333333333
2020,c,13,0.0,0.016666666666666666,0.016666666666666666,-0.21666666666666679,-0.2333333333333334,0.016666666666666666
2020,c,14,0.0,0.016666666666666666,0.016666666666666666,-0.21666666666666679,-0.21666666666666679,0
2020,c,15,0.0,0.0,0.0,-0.21666666666666679,-0.21666666666666679,0
2020,c,16,0.0,0.0,0.0,-0.21666666666666679,-0.21666666666666679,0
2020,c,17,0.0,0.0,0.0,-0.21666666666666679,-0.21666666666666679,0
2020,c,18,0.0,0.0,0.0,-0.21666666666666679,-0.21666666666666679,0
2020,c,19,0.0,0.0,0.0,-0.21666666666666679,-0.21666666666666679,0
2020,c,20,0.0,0.0,0.0,-0.21666666666666679,-0.21666666666666679,0
2020,c,21,0.0,0.0,0.0,-0.21666666666666679,-0.21666666666666679,0
2020,c,22,0.0,0.0,0.0,-0.21666666666666679,-0.21666666666666679,0
2020,d,0,1.0,1.0,0.0,1.483333333333333,0,1.483333333333333
2020,d,1,0.75,0.9666666666666667,0.21666666666666667,1.483333333333333,0.21666666666666667,1.2666666666666666
2020,d,2,0.6,0.8833333333333333,0.2833333333333333,1.483333333333333,0.5,0.9833333333333334
2020,d,3,0.43333333333333335,0.7166666666666667,0.2833333333333333,1.483333333333333,0.7833333333333334,0.7
2020,d,4,0.35,0.5666666666666667,0.21666666666666667,1.483333333333333,1.0,0.4833333333333334
2020,d,5,0.3,0.48333333333333334,0.18333333333333335,1.483333333333333,1.1833333333333336,0.29999999999999993
2020,d,6,0.18333333333333332,0.4,0.2166666666666667,1.483333333333333,1.4,0.08333333333333337
2020,d,7,0.16666666666666666,0.3,0.13333333333333333,1.483333333333333,1.5333333333333332,-0.050000000000000044
2020,d,8,0.13333333333333333,0.2,0.06666666666666668,1.483333333333333,1.6,-0.1166666666666667
2020,d,9,0.1,0.15,0.04999999999999999,1.483333333333333,1.6500000000000004,-0.16666666666666666
2020,d,10,0.05,0.08333333333333333,0.033333333333333326,1.483333333333333,1.6833333333333331,-0.2
2020,d,11,0.03333333333333333,0.05,0.01666666666666667,1.483333333333333,1.6999999999999997,-0.21666666666666667
2020,d,12,0.03333333333333333,0.016666666666666666,-0.016666666666666666,1.483333333333333,1.6833333333333331,-0.2
2020,d,13,0.03333333333333333,0.0,-0.03333333333333333,1.483333333333333,1.65,-0.16666666666666666
2020,d,14,0.03333333333333333,0.0,-0.03333333333333333,1.483333333333333,1.6166666666666663,-0.13333333333333333
2020,d,15,0.03333333333333333,0.0,-0.03333333333333333,1.483333333333333,1.583333333333333,-0.1
2020,d,16,0.03333333333333333,0.0,-0.03333333333333333,1.483333333333333,1.5499999999999998,-0.06666666666666667
2020,d,17,0.03333333333333333,0.0,-0.03333333333333333,1.483333333333333,1.5166666666666666,-0.03333333333333333
2020,d,18,0.016666666666666666,0.0,-0.016666666666666666,1.483333333333333,1.4999999999999996,-0.016666666666666666
2020,d,19,0.016666666666666666,0.0,-0.016666666666666666,1.483333333333333,1.483333333333333,0
2020,d,20,0.0,0.0,0.0,1.483333333333333,1.483333333333333,0
2020,d,21,0.0,0.0,0.0,1.483333333333333,1.483333333333333,0
2020,d,22,0.0,0.0,0.0,1.483333333333333,1.483333333333333,0
2020,db,0,1.0,1.0,0.0,0.03333333333333366,0,0.03333333333333366
2020,db,1,0.8666666666666667,0.9666666666666667,0.09999999999999998,0.03333333333333366,0.09999999999999998,-0.06666666666666687
2020,db,2,0.7833333333333333,0.8333333333333334,0.050000000000000044,0.03333333333333366,0.15000000000000013,-0.1166666666666667
2020,db,3,0.5833333333333334,0.7,0.11666666666666659,0.03333333333333366,0.2666666666666666,-0.2333333333333334
2020,db,4,0.48333333333333334,0.45,-0.033333333333333326,0.03333333333333366,0.2333333333333334,-0.19999999999999996
2020,db,5,0.38333333333333336,0.3333333333333333,-0.050000000000000044,0.03333333333333366,0.18333333333333313,-0.15000000000000002
2020,db,6,0.2833333333333333,0.21666666666666667,-0.06666666666666665,0.03333333333333366,0.1166666666666667,-0.08333333333333337
2020,db,7,0.2,0.13333333333333333,-0.06666666666666668,0.03333333333333366,0.04999999999999982,-0.016666666666666663
2020,db,8,0.15,0.11666666666666667,-0.033333333333333326,0.03333333333333366,0.016666666666666607,0.016666666666666663
2020,db,9,0.1,0.08333333333333333,-0.016666666666666677,0.03333333333333366,0.0,0.033333333333333326
2020,db,10,0.05,0.05,0.0,0.03333333333333366,0.0,0.033333333333333326
2020,db,11,0.016666666666666666,0.03333333333333333,0.016666666666666666,0.03333333333333366,0.016666666666666607,0.01666666666666667
2020,db,12,0.016666666666666666,0.03333333333333333,0.016666666666666666,0.03333333333333366,0.03333333333333366,0.0
2020,db,13,0.016666666666666666,0.016666666666666666,0.0,0.03333333333333366,0.03333333333333366,0
2020,db,14,0.0,0.0,0.0,0.03333333333333366,0.03333333333333366,0
2020,db,15,0.0,0.0,0.0,0.03333333333333366,0.03333333333333366,0
2020,db,16,0.0,0.0,0.0,0.03333333333333366,0.03333333333333366,0
2020,db,17,0.0,0.0,0.0,0.03333333333333366,0.03333333333333366,0
2020,db,18,0.0,0.0,0.0,0.03333333333333366,0.03333333333333366,0
2020,db,19,0.0,0.0,0.0,0.03333333333333366,0.03333333333333366,0
2020,db,20,0.0,0.0,0.0,0.03333333333333366,0.03333333333333366,0
2020,db,21,0.0,0.0,0.0,0.03333333333333366,0.03333333333333366,0
2020,db,22,0.0,0.0,0.0,0.03333333333333366,0.03333333333333366,0
2020,g,0,1.0,1.0,0.0,0.4500000000000002,0,0.4500000000000002
2020,g,1,0.9166666666666666,0.9,-0.016666666666666607,0.4500000000000002,-0.016666666666666607,0.4666666666666668
2020,g,2,0.75,0.7666666666666667,0.01666666666666672,0.4500000000000002,0.0,0.4500000000000002
2020,g,3,0.6166666666666667,0.55,-0.06666666666666665,0.4500000000000002,-0.06666666666666643,0.5166666666666666
2020,g,4,0.4166666666666667,0.48333333333333334,0.06666666666666665,0.4500000000000002,0.0,0.45000000000000007
2020,g,5,0.23333333333333334,0.36666666666666664,0.1333333333333333,0.4500000000000002,0.13333333333333375,0.31666666666666665
2020,g,6,0.13333333333333333,0.21666666666666667,0.08333333333333334,0.4500000000000002,0.21666666666666634,0.23333333333333334
2020,g,7,0.08333333333333333,0.16666666666666666,0.08333333333333333,0.4500000000000002,0.30000000000000027,0.15
2020,g,8,0.05,0.1,0.05,0.4500000000000002,0.34999999999999964,0.09999999999999999
2020,g,9,0.05,0.1,0.05,0.4500000000000002,0.3999999999999999,0.049999999999999996
2020,g,10,0.016666666666666666,0.06666666666666667,0.05,0.4500000000000002,0.4500000000000002,0.0
2020,g,11,0.016666666666666666,0.016666666666666666,0.0,0.4500000000000002,0.4500000000000002,0
2020,g,12,0.0,0.0,0.0,0.4500000000000002,0.4500000000000002,0
2020,g,13,0.0,0.0,0.0,0.4500000000000002,0.4500000000000002,0
2020,g,14,0.0,0.0,0.0,0.4500000000000002,0.4500000000000002,0
2020,g,15,0.0,0.0,0.0,0.4500000000000002,0.4500000000000002,0
2020,g,16,0.0,0.0,0.0,0.4500000000000002,0.4500000000000002,0
2020,g,17,0.0,0.0,0.0,0.4500000000000002,0.4500000000000002,0
2020,g,18,0.0,0.0,0.0,0.4500000000000002,0.4500000000000002,0
2020,g,19,0.0,0.0,0.0,0.4500000000000002,0.4500000000000002,0
2020,g,20,0.0,0.0,0.0,0.4500000000000002,0.4500000000000002,0
2020,g,21,0.0,0.0,0.0,0.4500000000000002,0.4500000000000002,0
2020,g,22,0.0,0.0,0.0,0.4500000000000002,0.4500000000000002,0
2020,s,0,1.0,1.0,0.0,-0.9833333333333334,0,-0.9833333333333334
2020,s,1,0.9666666666666667,0.95,-0.01666666666666672,-0.9833333333333334,-0.01666666666666672,-0.9666666666666668
2020,s,2,0.8666666666666667,0.9,0.033333333333333326,-0.9833333333333334,0.01666666666666683,-1.0
2020,s,3,0.8,0.7833333333333333,-0.01666666666666672,-0.9833333333333334,0.0,-0.9833333333333332
2020,s,4,0.6666666666666666,0.6,-0.06666666666666665,-0.9833333333333334,-0.06666666666666643,-0.9166666666666667
2020,s,5,0.5833333333333334,0.43333333333333335,-0.15000000000000002,-0.9833333333333334,-0.21666666666666679,-0.7666666666666666
2020,s,6,0.4166666666666667,0.31666666666666665,-0.10000000000000003,-0.9833333333333334,-0.31666666666666643,-0.6666666666666667
2020,s,7,0.31666666666666665,0.16666666666666666,-0.15,-0.9833333333333334,-0.4666666666666659,-0.5166666666666666
2020,s,8,0.25,0.13333333333333333,-0.11666666666666667,-0.9833333333333334,-0.583333333333333,-0.4
2020,s,9,0.15,0.08333333333333333,-0.06666666666666667,-0.9833333333333334,-0.6500000000000004,-0.33333333333333337
2020,s,10,0.08333333333333333,0.03333333333333333,-0.049999999999999996,-0.9833333333333334,-0.6999999999999993,-0.2833333333333333
2020,s,11,0.08333333333333333,0.016666666666666666,-0.06666666666666667,-0.9833333333333334,-0.7666666666666666,-0.21666666666666667
2020,s,12,0.06666666666666667,0.0,-0.06666666666666667,-0.9833333333333334,-0.833333333333333,-0.15
2020,s,13,0.03333333333333333,0.0,-0.03333333333333333,-0.9833333333333334,-0.8666666666666663,-0.11666666666666667
2020,s,14,0.016666666666666666,0.0,-0.016666666666666666,-0.9833333333333334,-0.8833333333333329,-0.1
2020,s,15,0.016666666666666666,0.0,-0.016666666666666666,-0.9833333333333334,-0.8999999999999995,-0.08333333333333333
2020,s,16,0.016666666666666666,0.0,-0.016666666666666666,-0.9833333333333334,-0.9166666666666661,-0.06666666666666667
2020,s,17,0.016666666666666666,0.0,-0.016666666666666666,-0.9833333333333334,-0.9333333333333327,-0.05
2020,s,18,0.016666666666666666,0.0,-0.016666666666666666,-0.9833333333333334,-0.9499999999999993,-0.03333333333333333
2020,s,19,0.016666666666666666,0.0,-0.016666666666666666,-0.9833333333333334,-0.9666666666666668,-0.016666666666666666
2020,s,20,0.016666666666666666,0.0,-0.016666666666666666,-0.9833333333333334,-0.9833333333333334,0
2020,s,21,0.0,0.0,0.0,-0.9833333333333334,-0.9833333333333334,0
2020,s,22,0.0,0.0,0.0,-0.9833333333333334,-0.9833333333333334,0
2020,t,0,1.0,1.0,0.0,1.0333333333333328,0,1.0333333333333328
2020,t,1,0.9,0.9666666666666667,0.06666666666666665,1.0333333333333328,0.06666666666666665,0.9666666666666668
2020,t,2,0.6833333333333333,0.8666666666666667,0.18333333333333335,1.0333333333333328,0.25,0.7833333333333332
2020,t,3,0.6166666666666667,0.7666666666666667,0.15000000000000002,1.0333333333333328,0.3999999999999999,0.6333333333333333
2020,t,4,0.38333333333333336,0.6,0.21666666666666662,1.0333333333333328,0.6166666666666667,0.41666666666666663
2020,t,5,0.23333333333333334,0.45,0.21666666666666667,1.0333333333333328,0.833333333333333,0.19999999999999996
2020,t,6,0.18333333333333332,0.3333333333333333,0.15,1.0333333333333328,0.9833333333333334,0.04999999999999999
2020,t,7,0.15,0.15,0.0,1.0333333333333328,0.9833333333333338,0.05000000000000002
2020,t,8,0.06666666666666667,0.08333333333333333,0.016666666666666663,1.0333333333333328,1.0,0.033333333333333326
2020,t,9,0.06666666666666667,0.06666666666666667,0.0,1.0333333333333328,1.0,0.03333333333333333
2020,t,10,0.016666666666666666,0.03333333333333333,0.016666666666666666,1.0333333333333328,1.0166666666666666,0.016666666666666666
2020,t,11,0.016666666666666666,0.03333333333333333,0.016666666666666666,1.0333333333333328,1.0333333333333328,0
2020,t,12,0.0,0.0,0.0,1.0333333333333328,1.0333333333333328,0
2020,t,13,0.0,0.0,0.0,1.0333333333333328,1.0333333333333328,0
2020,t,14,0.0,0.0,0.0,1.0333333333333328,1.0333333333333328,0
2020,t,15,0.0,0.0,0.0,1.0333333333333328,1.0333333333333328,0
2020,t,16,0.0,0.0,0.0,1.0333333333333328,1.0333333333333328,0
2020,t,17,0.0,0.0,0.0,1.0333333333333328,1.0333333333333328,0
2020,t,18,0.0,0.0,0.0,1.0333333333333328,1.0333333333333328,0
2020,t,19,0.0,0.0,0.0,1.0333333333333328,1.0333333333333328,0
2020,t,20,0.0,0.0,0.0,1.0333333333333328,1.0333333333333328,0
2020,t,21,0.0,0.0,0.0,1.0333333333333328,1.0333333333333328,0
2020,t,22,0.0,0.0,0.0,1.0333333333333328,1.0333333333333328,0
2021,c,0,1.0,1.0,0.0,0.29538341158059467,0,0.29538341158059467
2021,c,1,0.875,0.9154929577464789,0.040492957746478875,0.29538341158059467,0.040492957746478875,0.2548904538341157
2021,c,2,0.7361111111111112,0.8591549295774648,0.1230438184663536,0.29538341158059467,0.16353677621283258,0.13184663536776187
2021,c,3,0.6388888888888888,0.676056338028169,0.03716744913928016,0.29538341158059467,0.20070422535211252,0.09467918622848193
2021,c,4,0.5138888888888888,0.4507042253521127,-0.06318466353677615,0.29538341158059467,0.13751956181533664,0.15786384976525825
2021,c,5,0.3611111111111111,0.352112676056338,-0.008998435054773102,0.29538341158059467,0.1285211267605635,0.1668622848200313
2021,c,6,0.2777777777777778,0.30985915492957744,0.03208137715179965,0.29538341158059467,0.1606025039123633,0.1347809076682316
2021,c,7,0.20833333333333334,0.29577464788732394,0.0874413145539906,0.29538341158059467,0.24804381846635382,0.04733959311424102
2021,c,8,0.125,0.16901408450704225,0.04401408450704225,0.29538341158059467,0.29205790297339584,0.0033255086071987405
2021,c,9,0.08333333333333333,0.11267605633802817,0.029342723004694843,0.29538341158059467,0.3214006259780904,-0.026017214397496102
2021,c,10,0.041666666666666664,0.08450704225352113,0.04284037558685446,0.29538341158059467,0.3642410015649449,-0.06885758998435054
2021,c,11,0.041666666666666664,0.04225352112676056,0.0005868544600938982,0.29538341158059467,0.3648278560250393,-0.06944444444444445
2021,c,12,0.041666666666666664,0.0,-0.041666666666666664,0.29538341158059467,0.32316118935837235,-0.027777777777777776
2021,c,13,0.027777777777777776,0.0,-0.027777777777777776,0.29538341158059467,0.29538341158059467,0
2021,c,14,0.0,0.0,0.0,0.29538341158059467,0.29538341158059467,0
2021,c,15,0.0,0.0,0.0,0.29538341158059467,0.29538341158059467,0
2021,c,16,0.0,0.0,0.0,0.29538341158059467,0.29538341158059467,0
2021,c,17,0.0,0.0,0.0,0.29538341158059467,0.29538341158059467,0
2021,c,18,0.0,0.0,0.0,0.29538341158059467,0.29538341158059467,0
2021,c,19,0.0,0.0,0.0,0.29538341158059467,0.29538341158059467,0
2021,c,20,0.0,0.0,0.0,0.29538341158059467,0.29538341158059467,0
2021,c,21,0.0,0.0,0.0,0.29538341158059467,0.29538341158059467,0
2021,c,22,0.0,0.0,0.0,0.29538341158059467,0.29538341158059467,0
2021,d,0,1.0,1.0,0.0,1.3519170579029738,0,1.3519170579029738
2021,d,1,0.8309859154929577,0.9166666666666666,0.08568075117370888,1.3519170579029738,0.08568075117370888,1.2662363067292646
2021,d,2,0.6619718309859155,0.7916666666666666,0.12969483568075113,1.3519170579029738,0.21537558685446,1.136541471048513
2021,d,3,0.49295774647887325,0.6527777777777778,0.15982003129890454,1.3519170579029738,0.37519561815336466,0.9767214397496087
2021,d,4,0.29577464788732394,0.5,0.20422535211267606,1.3519170579029738,0.5794209702660407,0.7724960876369327
2021,d,5,0.2112676056338028,0.3611111111111111,0.1498435054773083,1.3519170579029738,0.7292644757433493,0.6226525821596244
2021,d,6,0.08450704225352113,0.25,0.16549295774647887,1.3519170579029738,0.8947574334898278,0.4571596244131455
2021,d,7,0.056338028169014086,0.1388888888888889,0.0825508607198748,1.3519170579029738,0.9773082942097027,0.37460876369327073
2021,d,8,0.014084507042253521,0.125,0.11091549295774648,1.3519170579029738,1.0882237871674492,0.2636932707355243
2021,d,9,0.014084507042253521,0.09722222222222222,0.08313771517996871,1.3519170579029738,1.171361502347418,0.18055555555555555
2021,d,10,0.0,0.05555555555555555,0.05555555555555555,1.3519170579029738,1.2269170579029733,0.125
2021,d,11,0.0,0.041666666666666664,0.041666666666666664,1.3519170579029738,1.2685837245696399,0.08333333333333333
2021,d,12,0.0,0.027777777777777776,0.027777777777777776,1.3519170579029738,1.296361502347418,0.05555555555555555
2021,d,13,0.0,0.013888888888888888,0.013888888888888888,1.3519170579029738,1.3102503912363068,0.041666666666666664
2021,d,14,0.0,0.013888888888888888,0.013888888888888888,1.3519170579029738,1.3241392801251957,0.027777777777777776
2021,d,15,0.0,0.013888888888888888,0.013888888888888888,1.3519170579029738,1.3380281690140845,0.013888888888888888
2021,d,16,0.0,0.013888888888888888,0.013888888888888888,1.3519170579029738,1.3519170579029738,0
2021,d,17,0.0,0.0,0.0,1.3519170579029738,1.3519170579029738,0
2021,d,18,0.0,0.0,0.0,1.3519170579029738,1.3519170579029738,0
2021,d,19,0.0,0.0,0.0,1.3519170579029738,1.3519170579029738,0
2021,d,20,0.0,0.0,0.0,1.3519170579029738,1.3519170579029738,0
2021,d,21,0.0,0.0,0.0,1.3519170579029738,1.3519170579029738,0
2021,d,22,0.0,0.0,0.0,1.3519170579029738,1.3519170579029738,0
2021,db,0,1.0,1.0,0.0,-0.4526604068857587,0,-0.4526604068857587
2021,db,1,0.9577464788732394,0.9444444444444444,-0.013302034428794962,-0.4526604068857587,-0.013302034428794962,-0.43935837245696385
2021,db,2,0.8591549295774648,0.8055555555555556,-0.053599374021909174,-0.4526604068857587,-0.06690140845070425,-0.3857589984350547
2021,db,3,0.7323943661971831,0.6527777777777778,-0.07961658841940533,-0.4526604068857587,-0.1465179968701098,-0.30614241001564935
2021,db,4,0.5774647887323944,0.4722222222222222,-0.10524256651017216,-0.4526604068857587,-0.2517605633802815,-0.2008998435054774
2021,db,5,0.4225352112676056,0.4027777777777778,-0.019757433489827836,-0.4526604068857587,-0.2715179968701098,-0.18114241001564935
2021,db,6,0.29577464788732394,0.2777777777777778,-0.017996870109546148,-0.4526604068857587,-0.2895148669796561,-0.16314553990610325
2021,db,7,0.2535211267605634,0.2222222222222222,-0.031298904538341166,-0.4526604068857587,-0.3208137715179973,-0.13184663536776214
2021,db,8,0.15492957746478872,0.16666666666666666,0.011737089201877937,-0.4526604068857587,-0.3090766823161184,-0.14358372456964005
2021,db,9,0.1267605633802817,0.09722222222222222,-0.029538341158059464,-0.4526604068857587,-0.33861502347417805,-0.11404538341158059
2021,db,10,0.08450704225352113,0.05555555555555555,-0.028951486697965573,-0.4526604068857587,-0.3675665101721437,-0.08509389671361503
2021,db,11,0.07042253521126761,0.013888888888888888,-0.05653364632237872,-0.4526604068857587,-0.42410015649452326,-0.02856025039123631
2021,db,12,0.028169014084507043,0.013888888888888888,-0.014280125195618155,-0.4526604068857587,-0.438380281690141,-0.014280125195618155
2021,db,13,0.014084507042253521,0.013888888888888888,-0.00019561815336463333,-0.4526604068857587,-0.43857589984350476,-0.014084507042253521
2021,db,14,0.014084507042253521,0.0,-0.014084507042253521,-0.4526604068857587,-0.4526604068857587,0
2021,db,15,0.0,0.0,0.0,-0.4526604068857587,-0.4526604068857587,0
2021,db,16,0.0,0.0,0.0,-0.4526604068857587,-0.4526604068857587,0
2021,db,17,0.0,0.0,0.0,-0.4526604068857587,-0.4526604068857587,0
2021,db,18,0.0,0.0,0.0,-0.4526604068857587,-0.4526604068857587,0
2021,db,19,0.0,0.0,0.0,-0.4526604068857587,-0.4526604068857587,0
2021,db,20,0.0,0.0,0.0,-0.4526604068857587,-0.4526604068857587,0
2021,db,21,0.0,0.0,0.0,-0.4526604068857587,-0.4526604068857587,0
2021,db,22,0.0,0.0,0.0,-0.4526604068857587,-0.4526604068857587,0
2021,g,0,1.0,1.0,0.0,-0.6604068857589982,0,-0.6604068857589982
2021,g,1,0.9722222222222222,0.9014084507042254,-0.07081377151799684,-0.6604068857589982,-0.07081377151799684,-0.5895931142410014
2021,g,2,0.7916666666666666,0.704225352112676,-0.08744131455399062,-0.6604068857589982,-0.15825508607198735,-0.5021517996870111
2021,g,3,0.5972222222222222,0.5633802816901409,-0.03384194053208134,-0.6604068857589982,-0.1920970266040687,-0.4683098591549295
2021,g,4,0.4583333333333333,0.4225352112676056,-0.03579812206572769,-0.6604068857589982,-0.22789514866979665,-0.432511737089202
2021,g,5,0.3472222222222222,0.29577464788732394,-0.05144757433489827,-0.6604068857589982,-0.27934272300469454,-0.38106416275430355
2021,g,6,0.3055555555555556,0.2112676056338028,-0.09428794992175277,-0.6604068857589982,-0.3736306729264478,-0.28677621283255084
2021,g,7,0.19444444444444445,0.14084507042253522,-0.05359937402190923,-0.6604068857589982,-0.42723004694835653,-0.2331768388106416
2021,g,8,0.16666666666666666,0.08450704225352113,-0.08215962441314553,-0.6604068857589982,-0.5093896713615025,-0.1510172143974961
2021,g,9,0.1111111111111111,0.04225352112676056,-0.06885758998435054,-0.6604068857589982,-0.5782472613458531,-0.08215962441314553
2021,g,10,0.08333333333333333,0.028169014084507043,-0.05516431924882628,-0.6604068857589982,-0.6334115805946792,-0.026995305164319243
2021,g,11,0.041666666666666664,0.028169014084507043,-0.013497652582159621,-0.6604068857589982,-0.6469092331768391,-0.013497652582159621
2021,g,12,0.013888888888888888,0.014084507042253521,0.00019561815336463333,-0.6604068857589982,-0.646713615023474,-0.013693270735524255
2021,g,13,0.013888888888888888,0.014084507042253521,0.00019561815336463333,-0.6604068857589982,-0.6465179968701098,-0.013888888888888888
2021,g,14,0.013888888888888888,0.0,-0.013888888888888888,-0.6604068857589982,-0.6604068857589982,0
2021,g,15,0.0,0.0,0.0,-0.6604068857589982,-0.6604068857589982,0
2021,g,16,0.0,0.0,0.0,-0.6604068857589982,-0.6604068857589982,0
2021,g,17,0.0,0.0,0.0,-0.6604068857589982,-0.6604068857589982,0
2021,g,18,0.0,0.0,0.0,-0.6604068857589982,-0.6604068857589982,0
2021,g,19,0.0,0.0,0.0,-0.6604068857589982,-0.6604068857589982,0
2021,g,20,0.0,0.0,0.0,-0.6604068857589982,-0.6604068857589982,0
2021,g,21,0.0,0.0,0.0,-0.6604068857589982,-0.6604068857589982,0
2021,g,22,0.0,0.0,0.0,-0.6604068857589982,-0.6604068857589982,0
2021,s,0,1.0,1.0,0.0,-0.2417840375586855,0,-0.2417840375586855
2021,s,1,0.875,0.9154929577464789,0.040492957746478875,-0.2417840375586855,0.040492957746478875,-0.2822769953051645
2021,s,2,0.7638888888888888,0.7183098591549296,-0.04557902973395922,-0.2417840375586855,-0.005086071987480345,-0.23669796557120515
2021,s,3,0.6111111111111112,0.5211267605633803,-0.0899843505477309,-0.2417840375586855,-0.09507042253521147,-0.14671361502347402
2021,s,4,0.4861111111111111,0.38028169014084506,-0.10582942097026604,-0.2417840375586855,-0.20089984350547718,-0.04088419405320831
2021,s,5,0.3333333333333333,0.28169014084507044,-0.05164319248826288,-0.2417840375586855,-0.2525430359937406,0.01075899843505479
2021,s,6,0.25,0.2112676056338028,-0.03873239436619719,-0.2417840375586855,-0.29127543035993764,0.04949139280125203
2021,s,7,0.19444444444444445,0.18309859154929578,-0.011345852895148667,-0.2417840375586855,-0.30262128325508586,0.060837245696400644
2021,s,8,0.09722222222222222,0.14084507042253522,0.043622848200312994,-0.2417840375586855,-0.25899843505477316,0.017214397496087636
2021,s,9,0.08333333333333333,0.11267605633802817,0.029342723004694843,-0.2417840375586855,-0.22965571205007862,-0.012128325508607207
2021,s,10,0.05555555555555555,0.08450704225352113,0.028951486697965573,-0.2417840375586855,-0.20070422535211252,-0.041079812206572766
2021,s,11,0.041666666666666664,0.04225352112676056,0.0005868544600938982,-0.2417840375586855,-0.20011737089201853,-0.041666666666666664
2021,s,12,0.013888888888888888,0.0,-0.013888888888888888,-0.2417840375586855,-0.21400625978090737,-0.027777777777777776
2021,s,13,0.013888888888888888,0.0,-0.013888888888888888,-0.2417840375586855,-0.22789514866979665,-0.013888888888888888
2021,s,14,0.013888888888888888,0.0,-0.013888888888888888,-0.2417840375586855,-0.2417840375586855,0
2021,s,15,0.0,0.0,0.0,-0.2417840375586855,-0.2417840375586855,0
2021,s,16,0.0,0.0,0.0,-0.2417840375586855,-0.2417840375586855,0
2021,s,17,0.0,0.0,0.0,-0.2417840375586855,-0.2417840375586855,0
2021,s,18,0.0,0.0,0.0,-0.2417840375586855,-0.2417840375586855,0
2021,s,19,0.0,0.0,0.0,-0.2417840375586855,-0.2417840375586855,0
2021,s,20,0.0,0.0,0.0,-0.2417840375586855,-0.2417840375586855,0
2021,s,21,0.0,0.0,0.0,-0.2417840375586855,-0.2417840375586855,0
2021,s,22,0.0,0.0,0.0,-0.2417840375586855,-0.2417840375586855,0
2021,t,0,1.0,1.0,0.0,-0.5811815336463226,0,-0.5811815336463226
2021,t,1,0.8591549295774648,0.9027777777777778,0.043622848200313036,-0.5811815336463226,0.043622848200313036,-0.6248043818466353
2021,t,2,0.676056338028169,0.7222222222222222,0.04616588419405321,-0.5811815336463226,0.08978873239436624,-0.6709702660406887
2021,t,3,0.5633802816901409,0.4861111111111111,-0.07726917057902977,-0.5811815336463226,0.012519561815336644,-0.5937010954616588
2021,t,4,0.4084507042253521,0.4027777777777778,-0.0056729264475743335,-0.5811815336463226,0.006846635367761866,-0.5880281690140845
2021,t,5,0.352112676056338,0.3333333333333333,-0.01877934272300469,-0.5811815336463226,-0.011932707355242655,-0.5692488262910798
2021,t,6,0.29577464788732394,0.20833333333333334,-0.0874413145539906,-0.5811815336463226,-0.09937402190923317,-0.48180751173708913
2021,t,7,0.22535211267605634,0.09722222222222222,-0.1281298904538341,-0.5811815336463226,-0.22750391236306733,-0.3536776212832551
2021,t,8,0.18309859154929578,0.05555555555555555,-0.12754303599374023,-0.5811815336463226,-0.3550469483568075,-0.22613458528951488
2021,t,9,0.08450704225352113,0.013888888888888888,-0.07061815336463223,-0.5811815336463226,-0.4256651017214397,-0.15551643192488263
2021,t,10,0.07042253521126761,0.013888888888888888,-0.05653364632237872,-0.5811815336463226,-0.48219874804381835,-0.09898278560250391
2021,t,11,0.04225352112676056,0.013888888888888888,-0.028364632237871674,-0.5811815336463226,-0.51056338028169,-0.07061815336463223
2021,t,12,0.04225352112676056,0.013888888888888888,-0.028364632237871674,-0.5811815336463226,-0.5389280125195617,-0.04225352112676056
2021,t,13,0.028169014084507043,0.0,-0.028169014084507043,-0.5811815336463226,-0.5670970266040687,-0.014084507042253521
2021,t,14,0.014084507042253521,0.0,-0.014084507042253521,-0.5811815336463226,-0.5811815336463226,0
2021,t,15,0.0,0.0,0.0,-0.5811815336463226,-0.5811815336463226,0
2021,t,16,0.0,0.0,0.0,-0.5811815336463226,-0.5811815336463226,0
2021,t,17,0.0,0.0,0.0,-0.5811815336463226,-0.5811815336463226,0
2021,t,18,0.0,0.0,0.0,-0.5811815336463226,-0.5811815336463226,0
2021,t,19,0.0,0.0,0.0,-0.5811815336463226,-0.5811815336463226,0
2021,t,20,0.0,0.0,0.0,-0.5811815336463226,-0.5811815336463226,0
2021,t,21,0.0,0.0,0.0,-0.5811815336463226,-0.5811815336463226,0
2021,t,22,0.0,0.0,0.0,-0.5811815336463226,-0.5811815336463226,0
2022,c,0,1.0,1.0,0.0,0.3384194053208138,0,0.3384194053208138
2022,c,1,0.8450704225352113,0.9166666666666666,0.07159624413145538,0.3384194053208138,0.07159624413145538,0.26682316118935834
2022,c,2,0.7605633802816901,0.8194444444444444,0.05888106416275429,0.3384194053208138,0.13047730829420967,0.20794209702660416
2022,c,3,0.676056338028169,0.7083333333333334,0.03227699530516437,0.3384194053208138,0.16275430359937415,0.17566510172143968
2022,c,4,0.4788732394366197,0.4861111111111111,0.007237871674491414,0.3384194053208138,0.16999217527386534,0.16842723004694848
2022,c,5,0.352112676056338,0.3472222222222222,-0.004890453834115793,0.3384194053208138,0.16510172143974966,0.17331768388106417
2022,c,6,0.22535211267605634,0.2638888888888889,0.03853677621283255,0.3384194053208138,0.20363849765258202,0.13478090766823164
2022,c,7,0.15492957746478872,0.18055555555555555,0.025625978090766832,0.3384194053208138,0.2292644757433493,0.10915492957746478
2022,c,8,0.07042253521126761,0.125,0.05457746478873239,0.3384194053208138,0.28384194053208134,0.05457746478873239
2022,c,9,0.056338028169014086,0.05555555555555555,-0.0007824726134585333,0.3384194053208138,0.2830594679186227,0.055359937402190924
2022,c,10,0.014084507042253521,0.041666666666666664,0.02758215962441314,0.3384194053208138,0.31064162754303615,0.027777777777777776
2022,c,11,0.0,0.027777777777777776,0.027777777777777776,0.3384194053208138,0.3384194053208138,0
2022,c,12,0.0,0.0,0.0,0.3384194053208138,0.3384194053208138,0
2022,c,13,0.0,0.0,0.0,0.3384194053208138,0.3384194053208138,0
2022,c,14,0.0,0.0,0.0,0.3384194053208138,0.3384194053208138,0
2022,c,15,0.0,0.0,0.0,0.3384194053208138,0.3384194053208138,0
2022,c,16,0.0,0.0,0.0,0.3384194053208138,0.3384194053208138,0
2022,c,17,0.0,0.0,0.0,0.3384194053208138,0.3384194053208138,0
2022,c,18,0.0,0.0,0.0,0.3384194053208138,0.3384194053208138,0
2022,c,19,0.0,0.0,0.0,0.3384194053208138,0.3384194053208138,0
2022,c,20,0.0,0.0,0.0,0.3384194053208138,0.3384194053208138,0
2022,c,21,0.0,0.0,0.0,0.3384194053208138,0.3384194053208138,0
2022,c,22,0.0,0.0,0.0,0.3384194053208138,0.3384194053208138,0
2022,d,0,1.0,1.0,0.0,0.7488262910798125,0,0.7488262910798125
2022,d,1,0.8732394366197183,0.8611111111111112,-0.012128325508607096,0.7488262910798125,-0.012128325508607096,0.7609546165884193
2022,d,2,0.6619718309859155,0.7222222222222222,0.06025039123630671,0.7488262910798125,0.0481220657276995,0.7007042253521127
2022,d,3,0.4647887323943662,0.6111111111111112,0.14632237871674497,0.7488262910798125,0.19444444444444464,0.5543818466353676
2022,d,4,0.323943661971831,0.4444444444444444,0.12050078247261342,0.7488262910798125,0.31494522691705784,0.4338810641627543
2022,d,5,0.2535211267605634,0.4027777777777778,0.14925665101721441,0.7488262910798125,0.46420187793427203,0.2846244131455399
2022,d,6,0.2112676056338028,0.3055555555555556,0.09428794992175277,0.7488262910798125,0.5584898278560253,0.19033646322378717
2022,d,7,0.14084507042253522,0.18055555555555555,0.039710485133020335,0.7488262910798125,0.5982003129890452,0.15062597809076686
2022,d,8,0.056338028169014086,0.125,0.06866197183098591,0.7488262910798125,0.6668622848200312,0.08196400625978091
2022,d,9,0.04225352112676056,0.09722222222222222,0.05496870109546166,0.7488262910798125,0.721830985915493,0.026995305164319243
2022,d,10,0.028169014084507043,0.06944444444444445,0.0412754303599374,0.7488262910798125,0.7631064162754306,-0.014280125195618155
2022,d,11,0.014084507042253521,0.013888888888888888,-0.00019561815336463333,0.7488262910798125,0.762910798122066,-0.014084507042253521
2022,d,12,0.014084507042253521,0.0,-0.014084507042253521,0.7488262910798125,0.7488262910798125,0
2022,d,13,0.0,0.0,0.0,0.7488262910798125,0.7488262910798125,0
2022,d,14,0.0,0.0,0.0,0.7488262910798125,0.7488262910798125,0
2022,d,15,0.0,0.0,0.0,0.7488262910798125,0.7488262910798125,0
2022,d,16,0.0,0.0,0.0,0.7488262910798125,0.7488262910798125,0
2022,d,17,0.0,0.0,0.0,0.7488262910798125,0.7488262910798125,0
2022,d,18,0.0,0.0,0.0,0.7488262910798125,0.7488262910798125,0
2022,d,19,0.0,0.0,0.0,0.7488262910798125,0.7488262910798125,0
2022,d,20,0.0,0.0,0.0,0.7488262910798125,0.7488262910798125,0
2022,d,21,0.0,0.0,0.0,0.7488262910798125,0.7488262910798125,0
2022,d,22,0.0,0.0,0.0,0.7488262910798125,0.7488262910798125,0
2022,db,0,1.0,1.0,0.0,0.3039906103286385,0,0.3039906103286385
2022,db,1,0.8472222222222222,0.8591549295774648,0.011932707355242544,0.3039906103286385,0.011932707355242544,0.29205790297339584
2022,db,2,0.6666666666666666,0.7323943661971831,0.06572769953051649,0.3039906103286385,0.07766040688575915,0.22633020344287935
2022,db,3,0.5277777777777778,0.6338028169014085,0.1060250391236307,0.3039906103286385,0.18368544600938996,0.12030516431924876
2022,db,4,0.4166666666666667,0.5070422535211268,0.09037558685446007,0.3039906103286385,0.27406103286384953,0.029929577464788748
2022,db,5,0.3611111111111111,0.3380281690140845,-0.023082942097026604,0.3039906103286385,0.25097809076682287,0.05301251956181541
2022,db,6,0.2222222222222222,0.22535211267605634,0.0031298904538341332,0.3039906103286385,0.2541079812206575,0.04988262910798125
2022,db,7,0.18055555555555555,0.1267605633802817,-0.053794992175273865,0.3039906103286385,0.2003129890453832,0.10367762128325508
2022,db,8,0.125,0.09859154929577464,-0.02640845070422536,0.3039906103286385,0.17390453834115815,0.13008607198748046
2022,db,9,0.08333333333333333,0.07042253521126761,-0.01291079812206572,0.3039906103286385,0.16099374021909263,0.14299687010954615
2022,db,10,0.05555555555555555,0.07042253521126761,0.014866979655712056,0.3039906103286385,0.17586071987480434,0.1281298904538341
2022,db,11,0.027777777777777776,0.04225352112676056,0.014475743348982786,0.3039906103286385,0.19033646322378717,0.11365414710485133
2022,db,12,0.013888888888888888,0.028169014084507043,0.014280125195618155,0.3039906103286385,0.20461658841940533,0.09937402190923317
2022,db,13,0.013888888888888888,0.028169014084507043,0.014280125195618155,0.3039906103286385,0.2188967136150235,0.08509389671361503
2022,db,14,0.013888888888888888,0.028169014084507043,0.014280125195618155,0.3039906103286385,0.23317683881064166,0.07081377151799687
2022,db,15,0.013888888888888888,0.028169014084507043,0.014280125195618155,0.3039906103286385,0.24745696400625938,0.05653364632237872
2022,db,16,0.013888888888888888,0.028169014084507043,0.014280125195618155,0.3039906103286385,0.261737089201878,0.04225352112676056
2022,db,17,0.0,0.028169014084507043,0.028169014084507043,0.3039906103286385,0.289906103286385,0.014084507042253521
2022,db,18,0.0,0.014084507042253521,0.014084507042253521,0.3039906103286385,0.3039906103286385,0
2022,db,19,0.0,0.0,0.0,0.3039906103286385,0.3039906103286385,0
2022,db,20,0.0,0.0,0.0,0.3039906103286385,0.3039906103286385,0
2022,db,21,0.0,0.0,0.0,0.3039906103286385,0.3039906103286385,0
2022,db,22,0.0,0.0,0.0,0.3039906103286385,0.3039906103286385,0
2022,g,0,1.0,1.0,0.0,-0.20813771517996837,0,-0.20813771517996837
2022,g,1,0.9583333333333334,0.9295774647887324,-0.028755868544600993,-0.20813771517996837,-0.028755868544600993,-0.17938184663536783
2022,g,2,0.875,0.7887323943661971,-0.08626760563380287,-0.20813771517996837,-0.11502347417840375,-0.09311424100156485
2022,g,3,0.6944444444444444,0.6338028169014085,-0.060641627543035925,-0.20813771517996837,-0.17566510172143968,-0.03247261345852892
2022,g,4,0.4861111111111111,0.4084507042253521,-0.07766040688575898,-0.20813771517996837,-0.2533255086071988,0.04518779342723023
2022,g,5,0.3611111111111111,0.323943661971831,-0.037167449139280107,-0.20813771517996837,-0.290492957746479,0.08235524256651017
2022,g,6,0.2777777777777778,0.2535211267605634,-0.024256651017214415,-0.20813771517996837,-0.3147496087636932,0.10661189358372458
2022,g,7,0.18055555555555555,0.2112676056338028,0.03071205007824726,-0.20813771517996837,-0.284037558685446,0.0758998435054773
2022,g,8,0.1388888888888889,0.14084507042253522,0.001956181533646323,-0.20813771517996837,-0.2820813771517998,0.073943661971831
2022,g,9,0.09722222222222222,0.09859154929577464,0.0013693270735524177,-0.20813771517996837,-0.2807120500782476,0.07257433489827855
2022,g,10,0.08333333333333333,0.056338028169014086,-0.026995305164319243,-0.20813771517996837,-0.3077073552425662,0.0995696400625978
2022,g,11,0.041666666666666664,0.056338028169014086,0.014671361502347421,-0.20813771517996837,-0.29303599374021916,0.0848982785602504
2022,g,12,0.013888888888888888,0.04225352112676056,0.028364632237871674,-0.20813771517996837,-0.26467136150234705,0.05653364632237872
2022,g,13,0.013888888888888888,0.028169014084507043,0.014280125195618155,-0.20813771517996837,-0.2503912363067293,0.04225352112676056
2022,g,14,0.0,0.014084507042253521,0.014084507042253521,-0.20813771517996837,-0.23630672926447582,0.028169014084507043
2022,g,15,0.0,0.014084507042253521,0.014084507042253521,-0.20813771517996837,-0.22222222222222232,0.014084507042253521
2022,g,16,0.0,0.014084507042253521,0.014084507042253521,-0.20813771517996837,-0.20813771517996837,0
2022,g,17,0.0,0.0,0.0,-0.20813771517996837,-0.20813771517996837,0
2022,g,18,0.0,0.0,0.0,-0.20813771517996837,-0.20813771517996837,0
2022,g,19,0.0,0.0,0.0,-0.20813771517996837,-0.20813771517996837,0
2022,g,20,0.0,0.0,0.0,-0.20813771517996837,-0.20813771517996837,0
2022,g,21,0.0,0.0,0.0,-0.20813771517996837,-0.20813771517996837,0
2022,g,22,0.0,0.0,0.0,-0.20813771517996837,-0.20813771517996837,0
2022,s,0,1.0,1.0,0.0,-1.174295774647887,0,-1.174295774647887
2022,s,1,0.8873239436619719,0.8888888888888888,0.0015649452269169695,-1.174295774647887,0.0015649452269169695,-1.1758607198748043
2022,s,2,0.7605633802816901,0.8194444444444444,0.05888106416275429,-1.174295774647887,0.06044600938967126,-1.2347417840375587
2022,s,3,0.6197183098591549,0.625,0.005281690140845119,-1.174295774647887,0.06572769953051649,-1.2400234741784038
2022,s,4,0.49295774647887325,0.4166666666666667,-0.07629107981220656,-1.174295774647887,-0.010563380281690016,-1.1637323943661972
2022,s,5,0.4225352112676056,0.2361111111111111,-0.18642410015649452,-1.174295774647887,-0.19698748043818481,-0.9773082942097027
2022,s,6,0.36619718309859156,0.18055555555555555,-0.185641627543036,-1.174295774647887,-0.38262910798122096,-0.7916666666666666
2022,s,7,0.23943661971830985,0.09722222222222222,-0.1422143974960876,-1.174295774647887,-0.5248435054773082,-0.6494522691705791
2022,s,8,0.19718309859154928,0.06944444444444445,-0.12773865414710484,-1.174295774647887,-0.652582159624413,-0.5217136150234742
2022,s,9,0.15492957746478872,0.027777777777777776,-0.12715179968701096,-1.174295774647887,-0.7797339593114239,-0.39456181533646323
2022,s,10,0.11267605633802817,0.013888888888888888,-0.09878716744913929,-1.174295774647887,-0.878521126760563,-0.29577464788732394
2022,s,11,0.07042253521126761,0.0,-0.07042253521126761,-1.174295774647887,-0.948943661971831,-0.22535211267605634
2022,s,12,0.04225352112676056,0.0,-0.04225352112676056,-1.174295774647887,-0.991197183098592,-0.18309859154929578
2022,s,13,0.04225352112676056,0.0,-0.04225352112676056,-1.174295774647887,-1.033450704225352,-0.14084507042253522
2022,s,14,0.04225352112676056,0.0,-0.04225352112676056,-1.174295774647887,-1.075704225352113,-0.09859154929577464
2022,s,15,0.04225352112676056,0.0,-0.04225352112676056,-1.174295774647887,-1.117957746478873,-0.056338028169014086
2022,s,16,0.014084507042253521,0.0,-0.014084507042253521,-1.174295774647887,-1.132042253521127,-0.04225352112676056
2022,s,17,0.014084507042253521,0.0,-0.014084507042253521,-1.174295774647887,-1.14612676056338,-0.028169014084507043
2022,s,18,0.014084507042253521,0.0,-0.014084507042253521,-1.174295774647887,-1.160211267605634,-0.014084507042253521
2022,s,19,0.014084507042253521,0.0,-0.014084507042253521,-1.174295774647887,-1.174295774647887,0
2022,s,20,0.0,0.0,0.0,-1.174295774647887,-1.174295774647887,0
2022,s,21,0.0,0.0,0.0,-1.174295774647887,-1.174295774647887,0
2022,s,22,0.0,0.0,0.0,-1.174295774647887,-1.174295774647887,0
2022,t,0,1.0,1.0,0.0,0.01388888888888884,0,0.01388888888888884
2022,t,1,0.8194444444444444,0.9014084507042254,0.08196400625978095,0.01388888888888884,0.08196400625978095,-0.068075117370892
2022,t,2,0.6388888888888888,0.676056338028169,0.03716744913928016,0.01388888888888884,0.119131455399061,-0.10524256651017194
2022,t,3,0.5277777777777778,0.5352112676056338,0.007433489827855966,0.01388888888888884,0.12656494522691686,-0.11267605633802813
2022,t,4,0.3611111111111111,0.3380281690140845,-0.023082942097026604,0.01388888888888884,0.1034820031298902,-0.08959311424100147
2022,t,5,0.25,0.2535211267605634,0.0035211267605633756,0.01388888888888884,0.10700312989045369,-0.09311424100156496
2022,t,6,0.16666666666666666,0.14084507042253522,-0.02582159624413144,0.01388888888888884,0.08118153364632263,-0.06729264475743349
2022,t,7,0.09722222222222222,0.08450704225352113,-0.012715179968701099,0.01388888888888884,0.06846635367762133,-0.05457746478873239
2022,t,8,0.05555555555555555,0.04225352112676056,-0.01330203442879499,0.01388888888888884,0.05516431924882648,-0.0412754303599374
2022,t,9,0.041666666666666664,0.028169014084507043,-0.013497652582159621,0.01388888888888884,0.04166666666666652,-0.027777777777777776
2022,t,10,0.027777777777777776,0.0,-0.027777777777777776,0.01388888888888884,0.01388888888888884,0
2022,t,11,0.0,0.0,0.0,0.01388888888888884,0.01388888888888884,0
2022,t,12,0.0,0.0,0.0,0.01388888888888884,0.01388888888888884,0
2022,t,13,0.0,0.0,0.0,0.01388888888888884,0.01388888888888884,0
2022,t,14,0.0,0.0,0.0,0.01388888888888884,0.01388888888888884,0
2022,t,15,0.0,0.0,0.0,0.01388888888888884,0.01388888888888884,0
2022,t,16,0.0,0.0,0.0,0.01388888888888884,0.01388888888888884,0
2022,t,17,0.0,0.0,0.0,0.01388888888888884,0.01388888888888884,0
2022,t,18,0.0,0.0,0.0,0.01388888888888884,0.01388888888888884,0
2022,t,19,0.0,0.0,0.0,0.01388888888888884,0.01388888888888884,0
2022,t,20,0.0,0.0,0.0,0.01388888888888884,0.01388888888888884,0
2022,t,21,0.0,0.0,0.0,0.01388888888888884,0.01388888888888884,0
2022,t,22,0.0,0.0,0.0,0.01388888888888884,0.01388888888888884,0
2023,c,0,1.0,1.0,0.0,0.18955399061032852,0,0.18955399061032852
2023,c,1,0.8888888888888888,0.9014084507042254,0.012519561815336533,0.18955399061032852,0.012519561815336533,0.17703442879499187
2023,c,2,0.7638888888888888,0.7746478873239436,0.01075899843505479,0.18955399061032852,0.023278560250391322,0.16627543035993742
2023,c,3,0.625,0.5915492957746479,-0.033450704225352124,0.18955399061032852,-0.01017214397496069,0.19972613458528943
2023,c,4,0.3888888888888889,0.49295774647887325,0.10406885758998435,0.18955399061032852,0.0938967136150235,0.09565727699530524
2023,c,5,0.3194444444444444,0.323943661971831,0.004499217527386579,0.18955399061032852,0.09839593114240985,0.09115805946791866
2023,c,6,0.1527777777777778,0.15492957746478872,0.00215179968701093,0.18955399061032852,0.10054773082942114,0.0890062597809077
2023,c,7,0.08333333333333333,0.1267605633802817,0.04342723004694836,0.18955399061032852,0.14397496087636918,0.04557902973395933
2023,c,8,0.06944444444444445,0.08450704225352113,0.015062597809076678,0.18955399061032852,0.159037558685446,0.030516431924882625
2023,c,9,0.05555555555555555,0.056338028169014086,0.0007824726134585333,0.18955399061032852,0.15982003129890465,0.029733959311424113
2023,c,10,0.041666666666666664,0.04225352112676056,0.0005868544600938982,0.18955399061032852,0.16040688575899864,0.029147104851330194
2023,c,11,0.041666666666666664,0.04225352112676056,0.0005868544600938982,0.18955399061032852,0.16099374021909263,0.02856025039123631
2023,c,12,0.013888888888888888,0.028169014084507043,0.014280125195618155,0.18955399061032852,0.17527386541471035,0.014280125195618155
2023,c,13,0.013888888888888888,0.028169014084507043,0.014280125195618155,0.18955399061032852,0.18955399061032852,0
2023,c,14,0.0,0.0,0.0,0.18955399061032852,0.18955399061032852,0
2023,c,15,0.0,0.0,0.0,0.18955399061032852,0.18955399061032852,0
2023,c,16,0.0,0.0,0.0,0.18955399061032852,0.18955399061032852,0
2023,c,17,0.0,0.0,0.0,0.18955399061032852,0.18955399061032852,0
2023,c,18,0.0,0.0,0.0,0.18955399061032852,0.18955399061032852,0
2023,c,19,0.0,0.0,0.0,0.18955399061032852,0.18955399061032852,0
2023,c,20,0.0,0.0,0.0,0.18955399061032852,0.18955399061032852,0
2023,c,21,0.0,0.0,0.0,0.18955399061032852,0.18955399061032852,0
2023,c,22,0.0,0.0,0.0,0.18955399061032852,0.18955399061032852,0
2023,d,0,1.0,1.0,0.0,0.8599374021909236,0,0.8599374021909236
2023,d,1,0.9166666666666666,0.9577464788732394,0.04107981220657275,0.8599374021909236,0.04107981220657275,0.8188575899843507
2023,d,2,0.625,0.7887323943661971,0.16373239436619713,0.8599374021909236,0.20481220657276977,0.6551251956181536
2023,d,3,0.4444444444444444,0.6056338028169014,0.16118935837245696,0.8599374021909236,0.36600156494522684,0.49393583724569634
2023,d,4,0.3194444444444444,0.4225352112676056,0.1030907668231612,0.8599374021909236,0.46909233176838816,0.39084507042253525
2023,d,5,0.25,0.3380281690140845,0.0880281690140845,0.8599374021909236,0.5571205007824727,0.30281690140845074
2023,d,6,0.1527777777777778,0.2535211267605634,0.10074334898278559,0.8599374021909236,0.657863849765258,0.20207355242566516
2023,d,7,0.1111111111111111,0.19718309859154928,0.08607198748043818,0.8599374021909236,0.7439358372456963,0.1160015649452269
2023,d,8,0.05555555555555555,0.16901408450704225,0.1134585289514867,0.8599374021909236,0.857394366197183,0.002543035993740228
2023,d,9,0.041666666666666664,0.056338028169014086,0.014671361502347421,0.8599374021909236,0.8720657276995305,-0.012128325508607207
2023,d,10,0.027777777777777776,0.056338028169014086,0.02856025039123631,0.8599374021909236,0.9006259780907668,-0.040688575899843496
2023,d,11,0.013888888888888888,0.04225352112676056,0.028364632237871674,0.8599374021909236,0.9289906103286385,-0.06905320813771518
2023,d,12,0.013888888888888888,0.014084507042253521,0.00019561815336463333,0.8599374021909236,0.9291862284820032,-0.06924882629107981
2023,d,13,0.013888888888888888,0.014084507042253521,0.00019561815336463333,0.8599374021909236,0.9293818466353678,-0.06944444444444445
2023,d,14,0.013888888888888888,0.0,-0.013888888888888888,0.8599374021909236,0.915492957746479,-0.05555555555555555
2023,d,15,0.013888888888888888,0.0,-0.013888888888888888,0.8599374021909236,0.9016040688575901,-0.041666666666666664
2023,d,16,0.013888888888888888,0.0,-0.013888888888888888,0.8599374021909236,0.8877151799687013,-0.027777777777777776
2023,d,17,0.013888888888888888,0.0,-0.013888888888888888,0.8599374021909236,0.8738262910798125,-0.013888888888888888
2023,d,18,0.013888888888888888,0.0,-0.013888888888888888,0.8599374021909236,0.8599374021909236,0
2023,d,19,0.0,0.0,0.0,0.8599374021909236,0.8599374021909236,0
2023,d,20,0.0,0.0,0.0,0.8599374021909236,0.8599374021909236,0
2023,d,21,0.0,0.0,0.0,0.8599374021909236,0.8599374021909236,0
2023,d,22,0.0,0.0,0.0,0.8599374021909236,0.8599374021909236,0
2023,db,0,1.0,1.0,0.0,0.2591940532081378,0,0.2591940532081378
2023,db,1,0.9014084507042254,0.875,-0.026408450704225372,0.2591940532081378,-0.026408450704225372,0.2856025039123633
2023,db,2,0.7464788732394366,0.7361111111111112,-0.010367762128325464,0.2591940532081378,-0.036776212832550836,0.29597026604068866
2023,db,3,0.5774647887323944,0.5972222222222222,0.019757433489827836,0.2591940532081378,-0.017018779342723,0.2762128325508606
2023,db,4,0.39436619718309857,0.4444444444444444,0.050078247261345854,0.2591940532081378,0.03305946791862269,0.2261345852895148
2023,db,5,0.23943661971830985,0.3611111111111111,0.12167449139280126,0.2591940532081378,0.15473395931142386,0.10446009389671368
2023,db,6,0.16901408450704225,0.2638888888888889,0.09487480438184664,0.2591940532081378,0.24960876369327067,0.00958528951486698
2023,db,7,0.09859154929577464,0.1388888888888889,0.040297339593114254,0.2591940532081378,0.289906103286385,-0.03071205007824726
2023,db,8,0.07042253521126761,0.05555555555555555,-0.014866979655712056,0.2591940532081378,0.27503912363067284,-0.015845070422535218
2023,db,9,0.056338028169014086,0.027777777777777776,-0.02856025039123631,0.2591940532081378,0.2464788732394365,0.012715179968701099
2023,db,10,0.028169014084507043,0.027777777777777776,-0.00039123630672926665,0.2591940532081378,0.2460876369327072,0.013106416275430362
2023,db,11,0.028169014084507043,0.013888888888888888,-0.014280125195618155,0.2591940532081378,0.23180751173708902,0.02738654147104851
2023,db,12,0.014084507042253521,0.013888888888888888,-0.00019561815336463333,0.2591940532081378,0.23161189358372436,0.02758215962441314
2023,db,13,0.014084507042253521,0.013888888888888888,-0.00019561815336463333,0.2591940532081378,0.23141627543036014,0.027777777777777776
2023,db,14,0.0,0.013888888888888888,0.013888888888888888,0.2591940532081378,0.24530516431924898,0.013888888888888888
2023,db,15,0.0,0.013888888888888888,0.013888888888888888,0.2591940532081378,0.2591940532081378,0
2023,db,16,0.0,0.0,0.0,0.2591940532081378,0.2591940532081378,0
2023,db,17,0.0,0.0,0.0,0.2591940532081378,0.2591940532081378,0
2023,db,18,0.0,0.0,0.0,0.2591940532081378,0.2591940532081378,0
2023,db,19,0.0,0.0,0.0,0.2591940532081378,0.2591940532081378,0
2023,db,20,0.0,0.0,0.0,0.2591940532081378,0.2591940532081378,0
2023,db,21,0.0,0.0,0.0,0.2591940532081378,0.2591940532081378,0
2023,db,22,0.0,0.0,0.0,0.2591940532081378,0.2591940532081378,0
2023,g,0,1.0,1.0,0.0,0.5518388106416277,0,0.5518388106416277
2023,g,1,0.8450704225352113,0.8888888888888888,0.04381846635367759,0.5518388106416277,0.04381846635367759,0.5080203442879498
2023,g,2,0.704225352112676,0.7916666666666666,0.08744131455399062,0.5518388106416277,0.13125978090766832,0.42057902973395933
2023,g,3,0.4647887323943662,0.5972222222222222,0.13243348982785602,0.5518388106416277,0.2636932707355242,0.28814553990610325
2023,g,4,0.38028169014084506,0.4583333333333333,0.07805164319248825,0.5518388106416277,0.34174491392801265,0.210093896713615
2023,g,5,0.29577464788732394,0.2638888888888889,-0.03188575899843504,0.5518388106416277,0.3098591549295775,0.24197965571205005
2023,g,6,0.22535211267605634,0.25,0.024647887323943657,0.5518388106416277,0.334507042253521,0.21733176838810642
2023,g,7,0.16901408450704225,0.18055555555555555,0.011541471048513302,0.5518388106416277,0.34604851330203434,0.20579029733959311
2023,g,8,0.08450704225352113,0.125,0.040492957746478875,0.5518388106416277,0.3865414710485129,0.16529733959311427
2023,g,9,0.056338028169014086,0.08333333333333333,0.026995305164319243,0.5518388106416277,0.41353677621283236,0.138302034428795
2023,g,10,0.028169014084507043,0.05555555555555555,0.02738654147104851,0.5518388106416277,0.44092331768388116,0.11091549295774648
2023,g,11,0.014084507042253521,0.041666666666666664,0.02758215962441314,0.5518388106416277,0.46850547730829417,0.08333333333333333
2023,g,12,0.0,0.027777777777777776,0.027777777777777776,0.5518388106416277,0.49628325508607185,0.05555555555555555
2023,g,13,0.0,0.027777777777777776,0.027777777777777776,0.5518388106416277,0.5240610328638495,0.027777777777777776
2023,g,14,0.0,0.013888888888888888,0.013888888888888888,0.5518388106416277,0.5379499217527384,0.013888888888888888
2023,g,15,0.0,0.013888888888888888,0.013888888888888888,0.5518388106416277,0.5518388106416277,0
2023,g,16,0.0,0.0,0.0,0.5518388106416277,0.5518388106416277,0
2023,g,17,0.0,0.0,0.0,0.5518388106416277,0.5518388106416277,0
2023,g,18,0.0,0.0,0.0,0.5518388106416277,0.5518388106416277,0
2023,g,19,0.0,0.0,0.0,0.5518388106416277,0.5518388106416277,0
2023,g,20,0.0,0.0,0.0,0.5518388106416277,0.5518388106416277,0
2023,g,21,0.0,0.0,0.0,0.5518388106416277,0.5518388106416277,0
2023,g,22,0.0,0.0,0.0,0.5518388106416277,0.5518388106416277,0
2023,s,0,1.0,1.0,0.0,-1.1054381846635373,0,-1.1054381846635373
2023,s,1,0.9166666666666666,0.8732394366197183,-0.04342723004694837,-1.1054381846635373,-0.04342723004694837,-1.0620109546165883
2023,s,2,0.8611111111111112,0.7323943661971831,-0.12871674491392804,-1.1054381846635373,-0.1721439749608762,-0.9332942097026604
2023,s,3,0.7361111111111112,0.6056338028169014,-0.13047730829420978,-1.1054381846635373,-0.30262128325508586,-0.8028169014084507
2023,s,4,0.625,0.43661971830985913,-0.18838028169014087,-1.1054381846635373,-0.49100156494522684,-0.6144366197183099
2023,s,5,0.4722222222222222,0.323943661971831,-0.1482785602503912,-1.1054381846635373,-0.6392801251956182,-0.46615805946791866
2023,s,6,0.3194444444444444,0.18309859154929578,-0.13634585289514864,-1.1054381846635373,-0.7756259780907668,-0.32981220657277
2023,s,7,0.20833333333333334,0.1267605633802817,-0.08157276995305165,-1.1054381846635373,-0.8571987480438188,-0.2482394366197183
2023,s,8,0.1388888888888889,0.07042253521126761,-0.06846635367762129,-1.1054381846635373,-0.9256651017214397,-0.179773082942097
2023,s,9,0.1111111111111111,0.028169014084507043,-0.08294209702660406,-1.1054381846635373,-1.0086071987480443,-0.09683098591549295
2023,s,10,0.027777777777777776,0.014084507042253521,-0.013693270735524255,-1.1054381846635373,-1.0223004694835685,-0.08313771517996871
2023,s,11,0.013888888888888888,0.014084507042253521,0.00019561815336463333,-1.1054381846635373,-1.0221048513302033,-0.08333333333333333
2023,s,12,0.013888888888888888,0.0,-0.013888888888888888,-1.1054381846635373,-1.0359937402190926,-0.06944444444444445
2023,s,13,0.013888888888888888,0.0,-0.013888888888888888,-1.1054381846635373,-1.049882629107981,-0.05555555555555555
2023,s,14,0.013888888888888888,0.0,-0.013888888888888888,-1.1054381846635373,-1.0637715179968703,-0.041666666666666664
2023,s,15,0.013888888888888888,0.0,-0.013888888888888888,-1.1054381846635373,-1.0776604068857587,-0.027777777777777776
2023,s,16,0.013888888888888888,0.0,-0.013888888888888888,-1.1054381846635373,-1.091549295774648,-0.013888888888888888
2023,s,17,0.013888888888888888,0.0,-0.013888888888888888,-1.1054381846635373,-1.1054381846635373,0
2023,s,18,0.0,0.0,0.0,-1.1054381846635373,-1.1054381846635373,0
2023,s,19,0.0,0.0,0.0,-1.1054381846635373,-1.1054381846635373,0
2023,s,20,0.0,0.0,0.0,-1.1054381846635373,-1.1054381846635373,0
2023,s,21,0.0,0.0,0.0,-1.1054381846635373,-1.1054381846635373,0
2023,s,22,0.0,0.0,0.0,-1.1054381846635373,-1.1054381846635373,0
2023,t,0,1.0,1.0,0.0,0.04244913928012517,0,0.04244913928012517
2023,t,1,0.8732394366197183,0.8611111111111112,-0.012128325508607096,0.04244913928012517,-0.012128325508607096,0.05457746478873249
2023,t,2,0.6619718309859155,0.7638888888888888,0.10191705790297334,0.04244913928012517,0.08978873239436624,-0.04733959311424085
2023,t,3,0.5070422535211268,0.5138888888888888,0.006846635367762088,0.04244913928012517,0.09663536776212833,-0.05418622848200316
2023,t,4,0.28169014084507044,0.3888888888888889,0.10719874804381846,0.04244913928012517,0.20383411580594668,-0.16138497652582157
2023,t,5,0.22535211267605634,0.2222222222222222,-0.0031298904538341332,0.04244913928012517,0.20070422535211252,-0.15825508607198746
2023,t,6,0.15492957746478872,0.1388888888888889,-0.016040688575899825,0.04244913928012517,0.18466353677621283,-0.1422143974960876
2023,t,7,0.1267605633802817,0.05555555555555555,-0.07120500782472614,0.04244913928012517,0.11345852895148711,-0.0710093896713615
2023,t,8,0.056338028169014086,0.027777777777777776,-0.02856025039123631,0.04244913928012517,0.08489827856025034,-0.0424491392801252
2023,t,9,0.04225352112676056,0.013888888888888888,-0.028364632237871674,0.04244913928012517,0.05653364632237867,-0.014084507042253521
2023,t,10,0.014084507042253521,0.0,-0.014084507042253521,0.04244913928012517,0.04244913928012517,0
2023,t,11,0.0,0.0,0.0,0.04244913928012517,0.04244913928012517,0
2023,t,12,0.0,0.0,0.0,0.04244913928012517,0.04244913928012517,0
2023,t,13,0.0,0.0,0.0,0.04244913928012517,0.04244913928012517,0
2023,t,14,0.0,0.0,0.0,0.04244913928012517,0.04244913928012517,0
2023,t,15,0.0,0.0,0.0,0.04244913928012517,0.04244913928012517,0
2023,t,16,0.0,0.0,0.0,0.04244913928012517,0.04244913928012517,0
2023,t,17,0.0,0.0,0.0,0.04244913928012517,0.04244913928012517,0
2023,t,18,0.0,0.0,0.0,0.04244913928012517,0.04244913928012517,0
2023,t,19,0.0,0.0,0.0,0.04244913928012517,0.04244913928012517,0
2023,t,20,0.0,0.0,0.0,0.04244913928012517,0.04244913928012517,0
2023,t,21,0.0,0.0,0.0,0.04244913928012517,0.04244913928012517,0
2023,t,22,0.0,0.0,0.0,0.04244913928012517,0.04244913928012517,0
2024,c,0,1.0,1.0,0.0,0.14084507042253502,0,0.14084507042253502
2024,c,1,0.8591549295774648,0.8611111111111112,0.001956181533646406,0.14084507042253502,0.001956181533646406,0.13888888888888884
2024,c,2,0.6338028169014085,0.6944444444444444,0.060641627543035925,0.14084507042253502,0.06259780907668233,0.07824726134585291
2024,c,3,0.49295774647887325,0.4861111111111111,-0.006846635367762144,0.14084507042253502,0.05575117370892002,0.08509389671361511
2024,c,4,0.29577464788732394,0.3611111111111111,0.06533646322378717,0.14084507042253502,0.12108763693270719,0.019757433489827836
2024,c,5,0.2112676056338028,0.2777777777777778,0.06651017214397498,0.14084507042253502,0.18759780907668233,-0.04675273865414714
2024,c,6,0.14084507042253522,0.1388888888888889,-0.001956181533646323,0.14084507042253502,0.18564162754303615,-0.04479655712050079
2024,c,7,0.09859154929577464,0.05555555555555555,-0.04303599374021909,0.14084507042253502,0.142605633802817,-0.0017605633802816878
2024,c,8,0.07042253521126761,0.041666666666666664,-0.028755868544600945,0.14084507042253502,0.113849765258216,0.026995305164319243
2024,c,9,0.028169014084507043,0.041666666666666664,0.013497652582159621,0.14084507042253502,0.12734741784037595,0.013497652582159621
2024,c,10,0.014084507042253521,0.013888888888888888,-0.00019561815336463333,0.14084507042253502,0.12715179968701085,0.013693270735524255
2024,c,11,0.014084507042253521,0.013888888888888888,-0.00019561815336463333,0.14084507042253502,0.12695618153364618,0.013888888888888888
2024,c,12,0.0,0.013888888888888888,0.013888888888888888,0.14084507042253502,0.14084507042253502,0
2024,c,13,0.0,0.0,0.0,0.14084507042253502,0.14084507042253502,0
2024,c,14,0.0,0.0,0.0,0.14084507042253502,0.14084507042253502,0
2024,c,15,0.0,0.0,0.0,0.14084507042253502,0.14084507042253502,0
2024,c,16,0.0,0.0,0.0,0.14084507042253502,0.14084507042253502,0
2024,c,17,0.0,0.0,0.0,0.14084507042253502,0.14084507042253502,0
2024,c,18,0.0,0.0,0.0,0.14084507042253502,0.14084507042253502,0
2024,c,19,0.0,0.0,0.0,0.14084507042253502,0.14084507042253502,0
2024,c,20,0.0,0.0,0.0,0.14084507042253502,0.14084507042253502,0
2024,c,21,0.0,0.0,0.0,0.14084507042253502,0.14084507042253502,0
2024,c,22,0.0,0.0,0.0,0.14084507042253502,0.14084507042253502,0
2024,d,0,1.0,1.0,0.0,1.2120500782472616,0,1.2120500782472616
2024,d,1,0.7746478873239436,0.9027777777777778,0.12812989045383416,1.2120500782472616,0.12812989045383416,1.083920187793427
2024,d,2,0.6056338028169014,0.7777777777777778,0.1721439749608764,1.2120500782472616,0.3002738654147106,0.9117762128325508
2024,d,3,0.38028169014084506,0.625,0.24471830985915494,1.2120500782472616,0.5449921752738651,0.6670579029733958
2024,d,4,0.28169014084507044,0.4861111111111111,0.20442097026604067,1.2120500782472616,0.749413145539906,0.4626369327073552
2024,d,5,0.2112676056338028,0.3888888888888889,0.17762128325508608,1.2120500782472616,0.9270344287949919,0.28501564945226915
2024,d,6,0.14084507042253522,0.3194444444444444,0.1785993740219092,1.2120500782472616,1.1056338028169015,0.10641627543035992
2024,d,7,0.11267605633802817,0.20833333333333334,0.09565727699530517,1.2120500782472616,1.2012910798122065,0.010758998435054762
2024,d,8,0.09859154929577464,0.08333333333333333,-0.015258215962441313,1.2120500782472616,1.186032863849765,0.026017214397496102
2024,d,9,0.056338028169014086,0.05555555555555555,-0.0007824726134585333,1.2120500782472616,1.1852503912363068,0.026799687010954615
2024,d,10,0.028169014084507043,0.027777777777777776,-0.00039123630672926665,1.2120500782472616,1.1848591549295775,0.027190923317683885
2024,d,11,0.028169014084507043,0.013888888888888888,-0.014280125195618155,1.2120500782472616,1.1705790297339593,0.04147104851330203
2024,d,12,0.014084507042253521,0.013888888888888888,-0.00019561815336463333,1.2120500782472616,1.1703834115805947,0.041666666666666664
2024,d,13,0.0,0.013888888888888888,0.013888888888888888,1.2120500782472616,1.1842723004694835,0.027777777777777776
2024,d,14,0.0,0.013888888888888888,0.013888888888888888,1.2120500782472616,1.1981611893583723,0.013888888888888888
2024,d,15,0.0,0.013888888888888888,0.013888888888888888,1.2120500782472616,1.2120500782472616,0
2024,d,16,0.0,0.0,0.0,1.2120500782472616,1.2120500782472616,0
2024,d,17,0.0,0.0,0.0,1.2120500782472616,1.2120500782472616,0
2024,d,18,0.0,0.0,0.0,1.2120500782472616,1.2120500782472616,0
2024,d,19,0.0,0.0,0.0,1.2120500782472616,1.2120500782472616,0
2024,d,20,0.0,0.0,0.0,1.2120500782472616,1.2120500782472616,0
2024,d,21,0.0,0.0,0.0,1.2120500782472616,1.2120500782472616,0
2024,d,22,0.0,0.0,0.0,1.2120500782472616,1.2120500782472616,0
2024,db,0,1.0,1.0,0.0,-0.5802034428794989,0,-0.5802034428794989
2024,db,1,0.9583333333333334,0.8309859154929577,-0.12734741784037562,-0.5802034428794989,-0.12734741784037562,-0.4528560250391238
2024,db,2,0.7777777777777778,0.676056338028169,-0.10172143974960879,-0.5802034428794989,-0.2290688575899844,-0.35113458528951513
2024,db,3,0.6388888888888888,0.5352112676056338,-0.10367762128325508,-0.5802034428794989,-0.3327464788732395,-0.24745696400625983
2024,db,4,0.5138888888888888,0.36619718309859156,-0.14769170579029728,-0.5802034428794989,-0.4804381846635368,-0.09976525821596238
2024,db,5,0.3472222222222222,0.23943661971830985,-0.10778560250391236,-0.5802034428794989,-0.5882237871674492,0.008020344287949954
2024,db,6,0.19444444444444445,0.2112676056338028,0.016823161189358365,-0.5802034428794989,-0.5714006259780904,-0.008802816901408439
2024,db,7,0.09722222222222222,0.1267605633802817,0.029538341158059464,-0.5802034428794989,-0.5418622848200312,-0.038341158059467945
2024,db,8,0.09722222222222222,0.08450704225352113,-0.012715179968701099,-0.5802034428794989,-0.5545774647887325,-0.025625978090766832
2024,db,9,0.09722222222222222,0.07042253521126761,-0.026799687010954615,-0.5802034428794989,-0.5813771517996873,0.0011737089201877965
2024,db,10,0.041666666666666664,0.056338028169014086,0.014671361502347421,-0.5802034428794989,-0.5667057902973394,-0.013497652582159621
2024,db,11,0.027777777777777776,0.028169014084507043,0.00039123630672926665,-0.5802034428794989,-0.56631455399061,-0.013888888888888888
2024,db,12,0.013888888888888888,0.0,-0.013888888888888888,-0.5802034428794989,-0.5802034428794989,0
2024,db,13,0.0,0.0,0.0,-0.5802034428794989,-0.5802034428794989,0
2024,db,14,0.0,0.0,0.0,-0.5802034428794989,-0.5802034428794989,0
2024,db,15,0.0,0.0,0.0,-0.5802034428794989,-0.5802034428794989,0
2024,db,16,0.0,0.0,0.0,-0.5802034428794989,-0.5802034428794989,0
2024,db,17,0.0,0.0,0.0,-0.5802034428794989,-0.5802034428794989,0
2024,db,18,0.0,0.0,0.0,-0.5802034428794989,-0.5802034428794989,0
2024,db,19,0.0,0.0,0.0,-0.5802034428794989,-0.5802034428794989,0
2024,db,20,0.0,0.0,0.0,-0.5802034428794989,-0.5802034428794989,0
2024,db,21,0.0,0.0,0.0,-0.5802034428794989,-0.5802034428794989,0
2024,db,22,0.0,0.0,0.0,-0.5802034428794989,-0.5802034428794989,0
2024,g,0,1.0,1.0,0.0,-0.11658841940532083,0,-0.11658841940532083
2024,g,1,0.8333333333333334,0.8450704225352113,0.011737089201877882,-0.11658841940532083,0.011737089201877882,-0.1283255086071986
2024,g,2,0.6805555555555556,0.5774647887323944,-0.1030907668231612,-0.11658841940532083,-0.0913536776212831,-0.025234741784037507
2024,g,3,0.4444444444444444,0.39436619718309857,-0.050078247261345854,-0.11658841940532083,-0.141431924882629,0.024843505477308292
2024,g,4,0.3472222222222222,0.2676056338028169,-0.07961658841940533,-0.11658841940532083,-0.22104851330203434,0.10446009389671357
2024,g,5,0.16666666666666666,0.19718309859154928,0.030516431924882625,-0.11658841940532083,-0.19053208137715183,0.073943661971831
2024,g,6,0.09722222222222222,0.11267605633802817,0.015453834115805948,-0.11658841940532083,-0.17507824726134613,0.05848982785602502
2024,g,7,0.06944444444444445,0.09859154929577464,0.029147104851330194,-0.11658841940532083,-0.1459311424100158,0.029342723004694843
2024,g,8,0.06944444444444445,0.056338028169014086,-0.013106416275430362,-0.11658841940532083,-0.159037558685446,0.0424491392801252
2024,g,9,0.013888888888888888,0.056338028169014086,0.0424491392801252,-0.11658841940532083,-0.11658841940532083,0
2024,g,10,0.0,0.0,0.0,-0.11658841940532083,-0.11658841940532083,0
2024,g,11,0.0,0.0,0.0,-0.11658841940532083,-0.11658841940532083,0
2024,g,12,0.0,0.0,0.0,-0.11658841940532083,-0.11658841940532083,0
2024,g,13,0.0,0.0,0.0,-0.11658841940532083,-0.11658841940532083,0
2024,g,14,0.0,0.0,0.0,-0.11658841940532083,-0.11658841940532083,0
2024,g,15,0.0,0.0,0.0,-0.11658841940532083,-0.11658841940532083,0
2024,g,16,0.0,0.0,0.0,-0.11658841940532083,-0.11658841940532083,0
2024,g,17,0.0,0.0,0.0,-0.11658841940532083,-0.11658841940532083,0
2024,g,18,0.0,0.0,0.0,-0.11658841940532083,-0.11658841940532083,0
2024,g,19,0.0,0.0,0.0,-0.11658841940532083,-0.11658841940532083,0
2024,g,20,0.0,0.0,0.0,-0.11658841940532083,-0.11658841940532083,0
2024,g,21,0.0,0.0,0.0,-0.11658841940532083,-0.11658841940532083,0
2024,g,22,0.0,0.0,0.0,-0.11658841940532083,-0.11658841940532083,0
2024,s,0,1.0,1.0,0.0,-0.5019561815336462,0,-0.5019561815336462
2024,s,1,0.9295774647887324,0.9166666666666666,-0.012910798122065748,-0.5019561815336462,-0.012910798122065748,-0.48904538341158066
2024,s,2,0.8309859154929577,0.8194444444444444,-0.01154147104851333,-0.5019561815336462,-0.024452269170579077,-0.47750391236306733
2024,s,3,0.7183098591549296,0.6527777777777778,-0.06553208137715183,-0.5019561815336462,-0.08998435054773068,-0.4119718309859155
2024,s,4,0.5492957746478874,0.4444444444444444,-0.10485133020344295,-0.5019561815336462,-0.19483568075117352,-0.30712050078247266
2024,s,5,0.4084507042253521,0.2916666666666667,-0.11678403755868544,-0.5019561815336462,-0.311619718309859,-0.19033646322378717
2024,s,6,0.28169014084507044,0.19444444444444445,-0.08724569640062599,-0.5019561815336462,-0.39886541471048487,-0.1030907668231612
2024,s,7,0.22535211267605634,0.1111111111111111,-0.11424100156494524,-0.5019561815336462,-0.5131064162754306,0.01115023474178406
2024,s,8,0.11267605633802817,0.08333333333333333,-0.029342723004694843,-0.5019561815336462,-0.5424491392801252,0.040492957746478875
2024,s,9,0.056338028169014086,0.041666666666666664,-0.014671361502347421,-0.5019561815336462,-0.5571205007824727,0.05516431924882628
2024,s,10,0.028169014084507043,0.027777777777777776,-0.00039123630672926665,-0.5019561815336462,-0.5575117370892015,0.05555555555555555
2024,s,11,0.0,0.013888888888888888,0.013888888888888888,-0.5019561815336462,-0.5436228482003127,0.041666666666666664
2024,s,12,0.0,0.013888888888888888,0.013888888888888888,-0.5019561815336462,-0.5297339593114239,0.027777777777777776
2024,s,13,0.0,0.013888888888888888,0.013888888888888888,-0.5019561815336462,-0.515845070422535,0.013888888888888888
2024,s,14,0.0,0.013888888888888888,0.013888888888888888,-0.5019561815336462,-0.5019561815336462,0
2024,s,15,0.0,0.0,0.0,-0.5019561815336462,-0.5019561815336462,0
2024,s,16,0.0,0.0,0.0,-0.5019561815336462,-0.5019561815336462,0
2024,s,17,0.0,0.0,0.0,-0.5019561815336462,-0.5019561815336462,0
2024,s,18,0.0,0.0,0.0,-0.5019561815336462,-0.5019561815336462,0
2024,s,19,0.0,0.0,0.0,-0.5019561815336462,-0.5019561815336462,0
2024,s,20,0.0,0.0,0.0,-0.5019561815336462,-0.5019561815336462,0
2024,s,21,0.0,0.0,0.0,-0.5019561815336462,-0.5019561815336462,0
2024,s,22,0.0,0.0,0.0,-0.5019561815336462,-0.5019561815336462,0
2024,t,0,1.0,1.0,0.0,1.1040688575899842,0,1.1040688575899842
2024,t,1,0.8472222222222222,0.8732394366197183,0.026017214397496047,1.1040688575899842,0.026017214397496047,1.0780516431924883
2024,t,2,0.5555555555555556,0.7183098591549296,0.16275430359937404,1.1040688575899842,0.1887715179968703,0.9152973395931141
2024,t,3,0.4166666666666667,0.5774647887323944,0.1607981220657277,1.1040688575899842,0.34956964006259805,0.7544992175273866
2024,t,4,0.25,0.43661971830985913,0.18661971830985913,1.1040688575899842,0.5361893583724568,0.5678794992175275
2024,t,5,0.16666666666666666,0.323943661971831,0.15727699530516434,1.1040688575899842,0.6934663536776213,0.4106025039123631
2024,t,6,0.09722222222222222,0.19718309859154928,0.09996087636932706,1.1040688575899842,0.793427230046948,0.31064162754303604
2024,t,7,0.027777777777777776,0.1267605633802817,0.09898278560250391,1.1040688575899842,0.8924100156494523,0.21165884194053208
2024,t,8,0.027777777777777776,0.09859154929577464,0.07081377151799687,1.1040688575899842,0.9632237871674492,0.14084507042253522
2024,t,9,0.0,0.07042253521126761,0.07042253521126761,1.1040688575899842,1.0336463223787167,0.07042253521126761
2024,t,10,0.0,0.056338028169014086,0.056338028169014086,1.1040688575899842,1.0899843505477307,0.014084507042253521
2024,t,11,0.0,0.014084507042253521,0.014084507042253521,1.1040688575899842,1.1040688575899842,0
2024,t,12,0.0,0.0,0.0,1.1040688575899842,1.1040688575899842,0
2024,t,13,0.0,0.0,0.0,1.1040688575899842,1.1040688575899842,0
2024,t,14,0.0,0.0,0.0,1.1040688575899842,1.1040688575899842,0
2024,t,15,0.0,0.0,0.0,1.1040688575899842,1.1040688575899842,0
2024,t,16,0.0,0.0,0.0,1.1040688575899842,1.1040688575899842,0
2024,t,17,0.0,0.0,0.0,1.1040688575899842,1.1040688575899842,0
2024,t,18,0.0,0.0,0.0,1.1040688575899842,1.1040688575899842,0
2024,t,19,0.0,0.0,0.0,1.1040688575899842,1.1040688575899842,0
2024,t,20,0.0,0.0,0.0,1.1040688575899842,1.1040688575899842,0
2024,t,21,0.0,0.0,0.0,1.1040688575899842,1.1040688575899842,0
2024,t,22,0.0,0.0,0.0,1.1040688575899842,1.1040688575899842,0
2025,c,0,1.0,1.0,0.0,0.370305164319249,0,0.370305164319249
2025,c,1,0.875,0.9577464788732394,0.08274647887323938,0.370305164319249,0.08274647887323938,0.2875586854460095
2025,c,2,0.7222222222222222,0.8450704225352113,0.12284820031298904,0.370305164319249,0.20559467918622842,0.16471048513302033
2025,c,3,0.5,0.6056338028169014,0.10563380281690138,0.370305164319249,0.3112284820031297,0.05907668231611907
2025,c,4,0.375,0.4507042253521127,0.07570422535211269,0.370305164319249,0.38693270735524266,-0.016627543035993675
2025,c,5,0.2777777777777778,0.3380281690140845,0.06025039123630671,0.370305164319249,0.4471830985915495,-0.07687793427230044
2025,c,6,0.2222222222222222,0.19718309859154928,-0.025039123630672927,0.370305164319249,0.4221439749608762,-0.05183881064162754
2025,c,7,0.1111111111111111,0.14084507042253522,0.029733959311424113,0.370305164319249,0.4518779342723005,-0.08157276995305165
2025,c,8,0.06944444444444445,0.07042253521126761,0.0009780907668231614,0.370305164319249,0.4528560250391238,-0.0825508607198748
2025,c,9,0.027777777777777776,0.028169014084507043,0.00039123630672926665,0.370305164319249,0.45324726134585314,-0.08294209702660406
2025,c,10,0.027777777777777776,0.014084507042253521,-0.013693270735524255,0.370305164319249,0.4395539906103285,-0.06924882629107981
2025,c,11,0.013888888888888888,0.014084507042253521,0.00019561815336463333,0.370305164319249,0.4397496087636932,-0.06944444444444445
2025,c,12,0.013888888888888888,0.0,-0.013888888888888888,0.370305164319249,0.42586071987480434,-0.05555555555555555
2025,c,13,0.013888888888888888,0.0,-0.013888888888888888,0.370305164319249,0.4119718309859155,-0.041666666666666664
2025,c,14,0.013888888888888888,0.0,-0.013888888888888888,0.370305164319249,0.39808294209702666,-0.027777777777777776
2025,c,15,0.013888888888888888,0.0,-0.013888888888888888,0.370305164319249,0.3841940532081378,-0.013888888888888888
2025,c,16,0.013888888888888888,0.0,-0.013888888888888888,0.370305164319249,0.370305164319249,0
2025,c,17,0.0,0.0,0.0,0.370305164319249,0.370305164319249,0
2025,c,18,0.0,0.0,0.0,0.370305164319249,0.370305164319249,0
2025,c,19,0.0,0.0,0.0,0.370305164319249,0.370305164319249,0
2025,c,20,0.0,0.0,0.0,0.370305164319249,0.370305164319249,0
2025,c,21,0.0,0.0,0.0,0.370305164319249,0.370305164319249,0
2025,c,22,0.0,0.0,0.0,0.370305164319249,0.370305164319249,0
2025,d,0,1.0,1.0,0.0,0.5348200312989047,0,0.5348200312989047
2025,d,1,0.9027777777777778,0.8873239436619719,-0.01545383411580592,0.5348200312989047,-0.01545383411580592,0.5502738654147104
2025,d,2,0.7361111111111112,0.7746478873239436,0.03853677621283247,0.5348200312989047,0.02308294209702666,0.511737089201878
2025,d,3,0.4861111111111111,0.5492957746478874,0.06318466353677626,0.5348200312989047,0.08626760563380298,0.4485524256651018
2025,d,4,0.3611111111111111,0.4507042253521127,0.08959311424100158,0.5348200312989047,0.17586071987480434,0.35895931142410015
2025,d,5,0.2916666666666667,0.3380281690140845,0.046361502347417816,0.5348200312989047,0.22222222222222232,0.31259780907668233
2025,d,6,0.16666666666666666,0.19718309859154928,0.030516431924882625,0.5348200312989047,0.25273865414710484,0.28208137715179965
2025,d,7,0.027777777777777776,0.14084507042253522,0.11306729264475744,0.5348200312989047,0.3658059467918622,0.16901408450704225
2025,d,8,0.0,0.11267605633802817,0.11267605633802817,0.5348200312989047,0.4784820031298902,0.056338028169014086
2025,d,9,0.0,0.04225352112676056,0.04225352112676056,0.5348200312989047,0.5207355242566507,0.014084507042253521
2025,d,10,0.0,0.014084507042253521,0.014084507042253521,0.5348200312989047,0.5348200312989047,0
2025,d,11,0.0,0.0,0.0,0.5348200312989047,0.5348200312989047,0
2025,d,12,0.0,0.0,0.0,0.5348200312989047,0.5348200312989047,0
2025,d,13,0.0,0.0,0.0,0.5348200312989047,0.5348200312989047,0
2025,d,14,0.0,0.0,0.0,0.5348200312989047,0.5348200312989047,0
2025,d,15,0.0,0.0,0.0,0.5348200312989047,0.5348200312989047,0
2025,d,16,0.0,0.0,0.0,0.5348200312989047,0.5348200312989047,0
2025,d,17,0.0,0.0,0.0,0.5348200312989047,0.5348200312989047,0
2025,d,18,0.0,0.0,0.0,0.5348200312989047,0.5348200312989047,0
2025,d,19,0.0,0.0,0.0,0.5348200312989047,0.5348200312989047,0
2025,d,20,0.0,0.0,0.0,0.5348200312989047,0.5348200312989047,0
2025,d,21,0.0,0.0,0.0,0.5348200312989047,0.5348200312989047,0
2025,d,22,0.0,0.0,0.0,0.5348200312989047,0.5348200312989047,0
2025,db,0,1.0,1.0,0.0,-0.6600156494522693,0,-0.6600156494522693
2025,db,1,0.8873239436619719,0.8472222222222222,-0.04010172143974966,-0.6600156494522693,-0.04010172143974966,-0.6199139280125197
2025,db,2,0.7887323943661971,0.6666666666666666,-0.1220657276995305,-0.6600156494522693,-0.16216744913928016,-0.49784820031298893
2025,db,3,0.5915492957746479,0.4722222222222222,-0.11932707355242567,-0.6600156494522693,-0.28149452269170583,-0.3785211267605635
2025,db,4,0.4225352112676056,0.375,-0.047535211267605626,-0.6600156494522693,-0.32902973395931134,-0.33098591549295775
2025,db,5,0.29577464788732394,0.18055555555555555,-0.11521909233176839,-0.6600156494522693,-0.44424882629108,-0.21576682316118934
2025,db,6,0.19718309859154928,0.1388888888888889,-0.05829420970266039,-0.6600156494522693,-0.5025430359937406,-0.15747261345852895
2025,db,7,0.1267605633802817,0.1111111111111111,-0.015649452269170583,-0.6600156494522693,-0.518192488262911,-0.14182316118935837
2025,db,8,0.08450704225352113,0.05555555555555555,-0.028951486697965573,-0.6600156494522693,-0.5471439749608762,-0.11287167449139279
2025,db,9,0.07042253521126761,0.013888888888888888,-0.05653364632237872,-0.6600156494522693,-0.6036776212832549,-0.056338028169014086
2025,db,10,0.028169014084507043,0.0,-0.028169014084507043,-0.6600156494522693,-0.6318466353677619,-0.028169014084507043
2025,db,11,0.014084507042253521,0.0,-0.014084507042253521,-0.6600156494522693,-0.6459311424100158,-0.014084507042253521
2025,db,12,0.014084507042253521,0.0,-0.014084507042253521,-0.6600156494522693,-0.6600156494522693,0
2025,db,13,0.0,0.0,0.0,-0.6600156494522693,-0.6600156494522693,0
2025,db,14,0.0,0.0,0.0,-0.6600156494522693,-0.6600156494522693,0
2025,db,15,0.0,0.0,0.0,-0.6600156494522693,-0.6600156494522693,0
2025,db,16,0.0,0.0,0.0,-0.6600156494522693,-0.6600156494522693,0
2025,db,17,0.0,0.0,0.0,-0.6600156494522693,-0.6600156494522693,0
2025,db,18,0.0,0.0,0.0,-0.6600156494522693,-0.6600156494522693,0
2025,db,19,0.0,0.0,0.0,-0.6600156494522693,-0.6600156494522693,0
2025,db,20,0.0,0.0,0.0,-0.6600156494522693,-0.6600156494522693,0
2025,db,21,0.0,0.0,0.0,-0.6600156494522693,-0.6600156494522693,0
2025,db,22,0.0,0.0,0.0,-0.6600156494522693,-0.6600156494522693,0
2025,g,0,1.0,1.0,0.0,0.808098591549296,0,0.808098591549296
2025,g,1,0.7605633802816901,0.9444444444444444,0.1838810641627543,0.808098591549296,0.1838810641627543,0.6242175273865413
2025,g,2,0.6338028169014085,0.8055555555555556,0.17175273865414709,0.808098591549296,0.3556338028169015,0.45246478873239426
2025,g,3,0.4788732394366197,0.6666666666666666,0.18779342723004694,0.808098591549296,0.5434272300469483,0.2646713615023474
2025,g,4,0.323943661971831,0.4583333333333333,0.13438967136150232,0.808098591549296,0.6778169014084505,0.13028169014084512
2025,g,5,0.18309859154929578,0.3194444444444444,0.13634585289514864,0.808098591549296,0.8141627543035996,-0.006064162754303548
2025,g,6,0.1267605633802817,0.1527777777777778,0.026017214397496102,0.808098591549296,0.8401799687010953,-0.03208137715179965
2025,g,7,0.1267605633802817,0.125,-0.0017605633802816878,0.808098591549296,0.8384194053208138,-0.03032081377151799
2025,g,8,0.056338028169014086,0.08333333333333333,0.026995305164319243,0.808098591549296,0.8654147104851329,-0.05731611893583724
2025,g,9,0.056338028169014086,0.027777777777777776,-0.02856025039123631,0.808098591549296,0.836854460093897,-0.028755868544600945
2025,g,10,0.04225352112676056,0.013888888888888888,-0.028364632237871674,0.808098591549296,0.8084898278560253,-0.00039123630672926665
2025,g,11,0.014084507042253521,0.013888888888888888,-0.00019561815336463333,0.808098591549296,0.8082942097026606,-0.00019561815336463333
2025,g,12,0.014084507042253521,0.013888888888888888,-0.00019561815336463333,0.808098591549296,0.808098591549296,0
2025,g,13,0.0,0.0,0.0,0.808098591549296,0.808098591549296,0
2025,g,14,0.0,0.0,0.0,0.808098591549296,0.808098591549296,0
2025,g,15,0.0,0.0,0.0,0.808098591549296,0.808098591549296,0
2025,g,16,0.0,0.0,0.0,0.808098591549296,0.808098591549296,0
2025,g,17,0.0,0.0,0.0,0.808098591549296,0.808098591549296,0
2025,g,18,0.0,0.0,0.0,0.808098591549296,0.808098591549296,0
2025,g,19,0.0,0.0,0.0,0.808098591549296,0.808098591549296,0
2025,g,20,0.0,0.0,0.0,0.808098591549296,0.808098591549296,0
2025,g,21,0.0,0.0,0.0,0.808098591549296,0.808098591549296,0
2025,g,22,0.0,0.0,0.0,0.808098591549296,0.808098591549296,0
2025,s,0,1.0,1.0,0.0,-0.3084898278560253,0,-0.3084898278560253
2025,s,1,0.9583333333333334,0.9436619718309859,-0.01467136150234749,-0.3084898278560253,-0.01467136150234749,-0.29381846635367737
2025,s,2,0.8055555555555556,0.8169014084507042,0.011345852895148667,-0.3084898278560253,-0.0033255086071986018,-0.3051643192488265
2025,s,3,0.6388888888888888,0.6338028169014085,-0.005086071987480345,-0.3084898278560253,-0.008411580594679169,-0.3000782472613459
2025,s,4,0.5416666666666666,0.5070422535211268,-0.03462441314553988,-0.3084898278560253,-0.04303599374021916,-0.2654538341158058
2025,s,5,0.3611111111111111,0.38028169014084506,0.01917057902973396,-0.3084898278560253,-0.023865414710484867,-0.2846244131455399
2025,s,6,0.3055555555555556,0.19718309859154928,-0.1083724569640063,-0.3084898278560253,-0.13223787167449164,-0.17625195618153366
2025,s,7,0.16666666666666666,0.09859154929577464,-0.06807511737089202,-0.3084898278560253,-0.2003129890453832,-0.1081768388106416
2025,s,8,0.1111111111111111,0.056338028169014086,-0.05477308294209702,-0.3084898278560253,-0.25508607198748035,-0.05340375586854462
2025,s,9,0.06944444444444445,0.04225352112676056,-0.027190923317683885,-0.3084898278560253,-0.2822769953051645,-0.026212832550860724
2025,s,10,0.06944444444444445,0.028169014084507043,-0.0412754303599374,-0.3084898278560253,-0.3235524256651017,0.015062597809076678
2025,s,11,0.013888888888888888,0.028169014084507043,0.014280125195618155,-0.3084898278560253,-0.30927230046948395,0.0007824726134585333
2025,s,12,0.013888888888888888,0.028169014084507043,0.014280125195618155,-0.3084898278560253,-0.29499217527386534,-0.013497652582159621
2025,s,13,0.013888888888888888,0.014084507042253521,0.00019561815336463333,-0.3084898278560253,-0.2947965571205011,-0.013693270735524255
2025,s,14,0.013888888888888888,0.014084507042253521,0.00019561815336463333,-0.3084898278560253,-0.294600938967136,-0.013888888888888888
2025,s,15,0.013888888888888888,0.0,-0.013888888888888888,-0.3084898278560253,-0.3084898278560253,0
2025,s,16,0.0,0.0,0.0,-0.3084898278560253,-0.3084898278560253,0
2025,s,17,0.0,0.0,0.0,-0.3084898278560253,-0.3084898278560253,0
2025,s,18,0.0,0.0,0.0,-0.3084898278560253,-0.3084898278560253,0
2025,s,19,0.0,0.0,0.0,-0.3084898278560253,-0.3084898278560253,0
2025,s,20,0.0,0.0,0.0,-0.3084898278560253,-0.3084898278560253,0
2025,s,21,0.0,0.0,0.0,-0.3084898278560253,-0.3084898278560253,0
2025,s,22,0.0,0.0,0.0,-0.3084898278560253,-0.3084898278560253,0
2025,t,0,1.0,1.0,0.0,0.30125195618153366,0,0.30125195618153366
2025,t,1,0.7746478873239436,0.8333333333333334,0.05868544600938974,0.30125195618153366,0.05868544600938974,0.24256651017214392
2025,t,2,0.5915492957746479,0.5833333333333334,-0.008215962441314506,0.30125195618153366,0.050469483568075235,0.25078247261345854
2025,t,3,0.39436619718309857,0.3888888888888889,-0.005477308294209671,0.30125195618153366,0.04499217527386534,0.2562597809076682
2025,t,4,0.2676056338028169,0.2777777777777778,0.010172143974960912,0.30125195618153366,0.05516431924882648,0.24608763693270735
2025,t,5,0.18309859154929578,0.2222222222222222,0.03912363067292643,0.30125195618153366,0.09428794992175238,0.20696400625978095
2025,t,6,0.08450704225352113,0.1111111111111111,0.02660406885758998,0.30125195618153366,0.12089201877934252,0.18035993740219092
2025,t,7,0.014084507042253521,0.06944444444444445,0.055359937402190924,0.30125195618153366,0.17625195618153366,0.125
2025,t,8,0.0,0.06944444444444445,0.06944444444444445,0.30125195618153366,0.24569640062597786,0.05555555555555555
2025,t,9,0.0,0.027777777777777776,0.027777777777777776,0.30125195618153366,0.273474178403756,0.027777777777777776
2025,t,10,0.0,0.013888888888888888,0.013888888888888888,0.30125195618153366,0.2873630672926448,0.013888888888888888
2025,t,11,0.0,0.013888888888888888,0.013888888888888888,0.30125195618153366,0.30125195618153366,0
2025,t,12,0.0,0.0,0.0,0.30125195618153366,0.30125195618153366,0
2025,t,13,0.0,0.0,0.0,0.30125195618153366,0.30125195618153366,0
2025,t,14,0.0,0.0,0.0,0.30125195618153366,0.30125195618153366,0
2025,t,15,0.0,0.0,0.0,0.30125195618153366,0.30125195618153366,0
2025,t,16,0.0,0.0,0.0,0.30125195618153366,0.30125195618153366,0
2025,t,17,0.0,0.0,0.0,0.30125195618153366,0.30125195618153366,0
2025,t,18,0.0,0.0,0.0,0.30125195618153366,0.30125195618153366,0
2025,t,19,0.0,0.0,0.0,0.30125195618153366,0.30125195618153366,0
2025,t,20,0.0,0.0,0.0,0.30125195618153366,0.30125195618153366,0
2025,t,21,0.0,0.0,0.0,0.30125195618153366,0.30125195618153366,0
2025,t,22,0.0,0.0,0.0,0.30125195618153366,0.30125195618153366,0
