season,team,side,runs,count,n,frequency
2013,c,home,0,8,72,0.1111111111111111
2013,c,home,1,9,72,0.125
2013,c,home,2,12,72,0.16666666666666666
2013,c,home,3,7,72,0.09722222222222222
2013,c,home,4,7,72,0.09722222222222222
2013,c,home,5,12,72,0.16666666666666666
2013,c,home,6,7,72,0.09722222222222222
2013,c,home,7,6,72,0.08333333333333333
2013,c,home,8,3,72,0.041666666666666664
2013,c,home,9,1,72,0.013888888888888888
2013,c,home,10,0,72,0.0
2013,c,home,11,0,72,0.0
2013,c,home,12,0,72,0.0
2013,c,home,13,0,72,0.0
2013,c,home,14,0,72,0.0
2013,c,home,15,0,72,0.0
2013,c,home,16,0,72,0.0
2013,c,home,17,0,72,0.0
2013,c,home,18,0,72,0.0
2013,c,home,19,0,72,0.0
2013,c,home,20,0,72,0.0
2013,c,home,21,0,72,0.0
2013,c,home,22,0,72,0.0
2013,c,away,0,7,72,0.09722222222222222
2013,c,away,1,8,72,0.1111111111111111
2013,c,away,2,10,72,0.1388888888888889
2013,c,away,3,12,72,0.16666666666666666
2013,c,away,4,8,72,0.1111111111111111
2013,c,away,5,8,72,0.1111111111111111
2013,c,away,6,5,72,0.06944444444444445
2013,c,away,7,4,72,0.05555555555555555
2013,c,away,8,4,72,0.05555555555555555
2013,c,away,9,0,72,0.0
2013,c,away,10,3,72,0.041666666666666664
2013,c,away,11,2,72,0.027777777777777776
2013,c,away,12,0,72,0.0
2013,c,away,13,0,72,0.0
2013,c,away,14,0,72,0.0
2013,c,away,15,0,72,0.0
2013,c,away,16,0,72,0.0
2013,c,away,17,1,72,0.013888888888888888
2013,c,away,18,0,72,0.0
2013,c,away,19,0,72,0.0
2013,c,away,20,0,72,0.0
2013,c,away,21,0,72,0.0
2013,c,away,22,0,72,0.0
2013,d,home,0,4,72,0.05555555555555555
2013,d,home,1,13,72,0.18055555555555555
2013,d,home,2,10,72,0.1388888888888889
2013,d,home,3,14,72,0.19444444444444445
2013,d,home,4,11,72,0.1527777777777778
2013,d,home,5,5,72,0.06944444444444445
2013,d,home,6,7,72,0.09722222222222222
2013,d,home,7,3,72,0.041666666666666664
2013,d,home,8,1,72,0.013888888888888888
2013,d,home,9,3,72,0.041666666666666664
2013,d,home,10,0,72,0.0
2013,d,home,11,1,72,0.013888888888888888
2013,d,home,12,0,72,0.0
2013,d,home,13,0,72,0.0
2013,d,home,14,0,72,0.0
2013,d,home,15,0,72,0.0
2013,d,home,16,0,72,0.0
2013,d,home,17,0,72,0.0
2013,d,home,18,0,72,0.0
2013,d,home,19,0,72,0.0
2013,d,home,20,0,72,0.0
2013,d,home,21,0,72,0.0
2013,d,home,22,0,72,0.0
2013,d,away,0,4,72,0.05555555555555555
2013,d,away,1,3,72,0.041666666666666664
2013,d,away,2,10,72,0.1388888888888889
2013,d,away,3,12,72,0.16666666666666666
2013,d,away,4,10,72,0.1388888888888889
2013,d,away,5,4,72,0.05555555555555555
2013,d,away,6,8,72,0.1111111111111111
2013,d,away,7,7,72,0.09722222222222222
2013,d,away,8,7,72,0.09722222222222222
2013,d,away,9,1,72,0.013888888888888888
2013,d,away,10,3,72,0.041666666666666664
2013,d,away,11,1,72,0.013888888888888888
2013,d,away,12,2,72,0.027777777777777776
2013,d,away,13,0,72,0.0
2013,d,away,14,0,72,0.0
2013,d,away,15,0,72,0.0
2013,d,away,16,0,72,0.0
2013,d,away,17,0,72,0.0
2013,d,away,18,0,72,0.0
2013,d,away,19,0,72,0.0
2013,d,away,20,0,72,0.0
2013,d,away,21,0,72,0.0
2013,d,away,22,0,72,0.0
2013,db,home,0,2,72,0.027777777777777776
2013,db,home,1,6,72,0.08333333333333333
2013,db,home,2,9,72,0.125
2013,db,home,3,4,72,0.05555555555555555
2013,db,home,4,10,72,0.1388888888888889
2013,db,home,5,10,72,0.1388888888888889
2013,db,home,6,5,72,0.06944444444444445
2013,db,home,7,7,72,0.09722222222222222
2013,db,home,8,6,72,0.08333333333333333
2013,db,home,9,5,72,0.06944444444444445
2013,db,home,10,4,72,0.05555555555555555
2013,db,home,11,0,72,0.0
2013,db,home,12,3,72,0.041666666666666664
2013,db,home,13,0,72,0.0
2013,db,home,14,0,72,0.0
2013,db,home,15,0,72,0.0
2013,db,home,16,1,72,0.013888888888888888
2013,db,home,17,0,72,0.0
2013,db,home,18,0,72,0.0
2013,db,home,19,0,72,0.0
2013,db,home,20,0,72,0.0
2013,db,home,21,0,72,0.0
2013,db,home,22,0,72,0.0
2013,db,away,0,7,72,0.09722222222222222
2013,db,away,1,9,72,0.125
2013,db,away,2,11,72,0.1527777777777778
2013,db,away,3,15,72,0.20833333333333334
2013,db,away,4,6,72,0.08333333333333333
2013,db,away,5,1,72,0.013888888888888888
2013,db,away,6,3,72,0.041666666666666664
2013,db,away,7,8,72,0.1111111111111111
2013,db,away,8,6,72,0.08333333333333333
2013,db,away,9,1,72,0.013888888888888888
2013,db,away,10,2,72,0.027777777777777776
2013,db,away,11,1,72,0.013888888888888888
2013,db,away,12,1,72,0.013888888888888888
2013,db,away,13,0,72,0.0
2013,db,away,14,0,72,0.0
2013,db,away,15,0,72,0.0
2013,db,away,16,0,72,0.0
2013,db,away,17,1,72,0.013888888888888888
2013,db,away,18,0,72,0.0
2013,db,away,19,0,72,0.0
2013,db,away,20,0,72,0.0
2013,db,away,21,0,72,0.0
2013,db,away,22,0,72,0.0
2013,g,home,0,4,72,0.05555555555555555
2013,g,home,1,14,72,0.19444444444444445
2013,g,home,2,14,72,0.19444444444444445
2013,g,home,3,13,72,0.18055555555555555
2013,g,home,4,7,72,0.09722222222222222
2013,g,home,5,7,72,0.09722222222222222
2013,g,home,6,2,72,0.027777777777777776
2013,g,home,7,5,72,0.06944444444444445
2013,g,home,8,1,72,0.013888888888888888
2013,g,home,9,2,72,0.027777777777777776
2013,g,home,10,2,72,0.027777777777777776
2013,g,home,11,1,72,0.013888888888888888
2013,g,home,12,0,72,0.0
2013,g,home,13,0,72,0.0
2013,g,home,14,0,72,0.0
2013,g,home,15,0,72,0.0
2013,g,home,16,0,72,0.0
2013,g,home,17,0,72,0.0
2013,g,home,18,0,72,0.0
2013,g,home,19,0,72,0.0
2013,g,home,20,0,72,0.0
2013,g,home,21,0,72,0.0
2013,g,home,22,0,72,0.0
2013,g,away,0,13,72,0.18055555555555555
2013,g,away,1,7,72,0.09722222222222222
2013,g,away,2,11,72,0.1527777777777778
2013,g,away,3,10,72,0.1388888888888889
2013,g,away,4,10,72,0.1388888888888889
2013,g,away,5,4,72,0.05555555555555555
2013,g,away,6,4,72,0.05555555555555555
2013,g,away,7,3,72,0.041666666666666664
2013,g,away,8,3,72,0.041666666666666664
2013,g,away,9,2,72,0.027777777777777776
2013,g,away,10,2,72,0.027777777777777776
2013,g,away,11,2,72,0.027777777777777776
2013,g,away,12,1,72,0.013888888888888888
2013,g,away,13,0,72,0.0
2013,g,away,14,0,72,0.0
2013,g,away,15,0,72,0.0
2013,g,away,16,0,72,0.0
2013,g,away,17,0,72,0.0
2013,g,away,18,0,72,0.0
2013,g,away,19,0,72,0.0
2013,g,away,20,0,72,0.0
2013,g,away,21,0,72,0.0
2013,g,away,22,0,72,0.0
2013,s,home,0,5,72,0.06944444444444445
2013,s,home,1,6,72,0.08333333333333333
2013,s,home,2,14,72,0.19444444444444445
2013,s,home,3,9,72,0.125
2013,s,home,4,5,72,0.06944444444444445
2013,s,home,5,4,72,0.05555555555555555
2013,s,home,6,8,72,0.1111111111111111
2013,s,home,7,4,72,0.05555555555555555
2013,s,home,8,1,72,0.013888888888888888
2013,s,home,9,5,72,0.06944444444444445
2013,s,home,10,3,72,0.041666666666666664
2013,s,home,11,2,72,0.027777777777777776
2013,s,home,12,3,72,0.041666666666666664
2013,s,home,13,3,72,0.041666666666666664
2013,s,home,14,0,72,0.0
2013,s,home,15,0,72,0.0
2013,s,home,16,0,72,0.0
2013,s,home,17,0,72,0.0
2013,s,home,18,0,72,0.0
2013,s,home,19,0,72,0.0
2013,s,home,20,0,72,0.0
2013,s,home,21,0,72,0.0
2013,s,home,22,0,72,0.0
2013,s,away,0,5,72,0.06944444444444445
2013,s,away,1,6,72,0.08333333333333333
2013,s,away,2,6,72,0.08333333333333333
2013,s,away,3,12,72,0.16666666666666666
2013,s,away,4,12,72,0.16666666666666666
2013,s,away,5,6,72,0.08333333333333333
2013,s,away,6,12,72,0.16666666666666666
2013,s,away,7,5,72,0.06944444444444445
2013,s,away,8,1,72,0.013888888888888888
2013,s,away,9,1,72,0.013888888888888888
2013,s,away,10,2,72,0.027777777777777776
2013,s,away,11,2,72,0.027777777777777776
2013,s,away,12,0,72,0.0
2013,s,away,13,1,72,0.013888888888888888
2013,s,away,14,1,72,0.013888888888888888
2013,s,away,15,0,72,0.0
2013,s,away,16,0,72,0.0
2013,s,away,17,0,72,0.0
2013,s,away,18,0,72,0.0
2013,s,away,19,0,72,0.0
2013,s,away,20,0,72,0.0
2013,s,away,21,0,72,0.0
2013,s,away,22,0,72,0.0
2013,t,home,0,9,72,0.125
2013,t,home,1,14,72,0.19444444444444445
2013,t,home,2,9,72,0.125
2013,t,home,3,10,72,0.1388888888888889
2013,t,home,4,8,72,0.1111111111111111
2013,t,home,5,5,72,0.06944444444444445
2013,t,home,6,8,72,0.1111111111111111
2013,t,home,7,5,72,0.06944444444444445
2013,t,home,8,1,72,0.013888888888888888
2013,t,home,9,2,72,0.027777777777777776
2013,t,home,10,1,72,0.013888888888888888
2013,t,home,11,0,72,0.0
2013,t,home,12,0,72,0.0
2013,t,home,13,0,72,0.0
2013,t,home,14,0,72,0.0
2013,t,home,15,0,72,0.0
2013,t,home,16,0,72,0.0
2013,t,home,17,0,72,0.0
2013,t,home,18,0,72,0.0
2013,t,home,19,0,72,0.0
2013,t,home,20,0,72,0.0
2013,t,home,21,0,72,0.0
2013,t,home,22,0,72,0.0
2013,t,away,0,10,72,0.1388888888888889
2013,t,away,1,13,72,0.18055555555555555
2013,t,away,2,11,72,0.1527777777777778
2013,t,away,3,9,72,0.125
2013,t,away,4,8,72,0.1111111111111111
2013,t,away,5,6,72,0.08333333333333333
2013,t,away,6,4,72,0.05555555555555555
2013,t,away,7,3,72,0.041666666666666664
2013,t,away,8,2,72,0.027777777777777776
2013,t,away,9,3,72,0.041666666666666664
2013,t,away,10,0,72,0.0
2013,t,away,11,1,72,0.013888888888888888
2013,t,away,12,1,72,0.013888888888888888
2013,t,away,13,0,72,0.0
2013,t,away,14,0,72,0.0
2013,t,away,15,1,72,0.013888888888888888
2013,t,away,16,0,72,0.0
2013,t,away,17,0,72,0.0
2013,t,away,18,0,72,0.0
2013,t,away,19,0,72,0.0
2013,t,away,20,0,72,0.0
2013,t,away,21,0,72,0.0
2013,t,away,22,0,72,0.0
2014,c,home,0,5,72,0.06944444444444445
2014,c,home,1,11,72,0.1527777777777778
2014,c,home,2,11,72,0.1527777777777778
2014,c,home,3,9,72,0.125
2014,c,home,4,9,72,0.125
2014,c,home,5,3,72,0.041666666666666664
2014,c,home,6,7,72,0.09722222222222222
2014,c,home,7,3,72,0.041666666666666664
2014,c,home,8,5,72,0.06944444444444445
2014,c,home,9,5,72,0.06944444444444445
2014,c,home,10,2,72,0.027777777777777776
2014,c,home,11,1,72,0.013888888888888888
2014,c,home,12,0,72,0.0
2014,c,home,13,0,72,0.0
2014,c,home,14,0,72,0.0
2014,c,home,15,0,72,0.0
2014,c,home,16,1,72,0.013888888888888888
2014,c,home,17,0,72,0.0
2014,c,home,18,0,72,0.0
2014,c,home,19,0,72,0.0
2014,c,home,20,0,72,0.0
2014,c,home,21,0,72,0.0
2014,c,home,22,0,72,0.0
2014,c,away,0,5,72,0.06944444444444445
2014,c,away,1,9,72,0.125
2014,c,away,2,10,72,0.1388888888888889
2014,c,away,3,11,72,0.1527777777777778
2014,c,away,4,7,72,0.09722222222222222
2014,c,away,5,9,72,0.125
2014,c,away,6,5,72,0.06944444444444445
2014,c,away,7,4,72,0.05555555555555555
2014,c,away,8,6,72,0.08333333333333333
2014,c,away,9,2,72,0.027777777777777776
2014,c,away,10,1,72,0.013888888888888888
2014,c,away,11,1,72,0.013888888888888888
2014,c,away,12,2,72,0.027777777777777776
2014,c,away,13,0,72,0.0
2014,c,away,14,0,72,0.0
2014,c,away,15,0,72,0.0
2014,c,away,16,0,72,0.0
2014,c,away,17,0,72,0.0
2014,c,away,18,0,72,0.0
2014,c,away,19,0,72,0.0
2014,c,away,20,0,72,0.0
2014,c,away,21,0,72,0.0
2014,c,away,22,0,72,0.0
2014,d,home,0,7,72,0.09722222222222222
2014,d,home,1,9,72,0.125
2014,d,home,2,13,72,0.18055555555555555
2014,d,home,3,9,72,0.125
2014,d,home,4,6,72,0.08333333333333333
2014,d,home,5,6,72,0.08333333333333333
2014,d,home,6,13,72,0.18055555555555555
2014,d,home,7,3,72,0.041666666666666664
2014,d,home,8,3,72,0.041666666666666664
2014,d,home,9,1,72,0.013888888888888888
2014,d,home,10,1,72,0.013888888888888888
2014,d,home,11,0,72,0.0
2014,d,home,12,0,72,0.0
2014,d,home,13,0,72,0.0
2014,d,home,14,0,72,0.0
2014,d,home,15,1,72,0.013888888888888888
2014,d,home,16,0,72,0.0
2014,d,home,17,0,72,0.0
2014,d,home,18,0,72,0.0
2014,d,home,19,0,72,0.0
2014,d,home,20,0,72,0.0
2014,d,home,21,0,72,0.0
2014,d,home,22,0,72,0.0
2014,d,away,0,4,72,0.05555555555555555
2014,d,away,1,8,72,0.1111111111111111
2014,d,away,2,9,72,0.125
2014,d,away,3,9,72,0.125
2014,d,away,4,15,72,0.20833333333333334
2014,d,away,5,7,72,0.09722222222222222
2014,d,away,6,3,72,0.041666666666666664
2014,d,away,7,7,72,0.09722222222222222
2014,d,away,8,2,72,0.027777777777777776
2014,d,away,9,4,72,0.05555555555555555
2014,d,away,10,1,72,0.013888888888888888
2014,d,away,11,0,72,0.0
2014,d,away,12,1,72,0.013888888888888888
2014,d,away,13,1,72,0.013888888888888888
2014,d,away,14,0,72,0.0
2014,d,away,15,1,72,0.013888888888888888
2014,d,away,16,0,72,0.0
2014,d,away,17,0,72,0.0
2014,d,away,18,0,72,0.0
2014,d,away,19,0,72,0.0
2014,d,away,20,0,72,0.0
2014,d,away,21,0,72,0.0
2014,d,away,22,0,72,0.0
2014,db,home,0,4,72,0.05555555555555555
2014,db,home,1,6,72,0.08333333333333333
2014,db,home,2,7,72,0.09722222222222222
2014,db,home,3,10,72,0.1388888888888889
2014,db,home,4,12,72,0.16666666666666666
2014,db,home,5,3,72,0.041666666666666664
2014,db,home,6,12,72,0.16666666666666666
2014,db,home,7,9,72,0.125
2014,db,home,8,2,72,0.027777777777777776
2014,db,home,9,0,72,0.0
2014,db,home,10,1,72,0.013888888888888888
2014,db,home,11,2,72,0.027777777777777776
2014,db,home,12,2,72,0.027777777777777776
2014,db,home,13,0,72,0.0
2014,db,home,14,1,72,0.013888888888888888
2014,db,home,15,1,72,0.013888888888888888
2014,db,home,16,0,72,0.0
2014,db,home,17,0,72,0.0
2014,db,home,18,0,72,0.0
2014,db,home,19,0,72,0.0
2014,db,home,20,0,72,0.0
2014,db,home,21,0,72,0.0
2014,db,home,22,0,72,0.0
2014,db,away,0,6,72,0.08333333333333333
2014,db,away,1,14,72,0.19444444444444445
2014,db,away,2,7,72,0.09722222222222222
2014,db,away,3,5,72,0.06944444444444445
2014,db,away,4,16,72,0.2222222222222222
2014,db,away,5,9,72,0.125
2014,db,away,6,4,72,0.05555555555555555
2014,db,away,7,3,72,0.041666666666666664
2014,db,away,8,2,72,0.027777777777777776
2014,db,away,9,2,72,0.027777777777777776
2014,db,away,10,1,72,0.013888888888888888
2014,db,away,11,2,72,0.027777777777777776
2014,db,away,12,1,72,0.013888888888888888
2014,db,away,13,0,72,0.0
2014,db,away,14,0,72,0.0
2014,db,away,15,0,72,0.0
2014,db,away,16,0,72,0.0
2014,db,away,17,0,72,0.0
2014,db,away,18,0,72,0.0
2014,db,away,19,0,72,0.0
2014,db,away,20,0,72,0.0
2014,db,away,21,0,72,0.0
2014,db,away,22,0,72,0.0
2014,g,home,0,9,72,0.125
2014,g,home,1,11,72,0.1527777777777778
2014,g,home,2,9,72,0.125
2014,g,home,3,14,72,0.19444444444444445
2014,g,home,4,8,72,0.1111111111111111
2014,g,home,5,3,72,0.041666666666666664
2014,g,home,6,5,72,0.06944444444444445
2014,g,home,7,6,72,0.08333333333333333
2014,g,home,8,0,72,0.0
2014,g,home,9,2,72,0.027777777777777776
2014,g,home,10,2,72,0.027777777777777776
2014,g,home,11,1,72,0.013888888888888888
2014,g,home,12,2,72,0.027777777777777776
2014,g,home,13,0,72,0.0
2014,g,home,14,0,72,0.0
2014,g,home,15,0,72,0.0
2014,g,home,16,0,72,0.0
2014,g,home,17,0,72,0.0
2014,g,home,18,0,72,0.0
2014,g,home,19,0,72,0.0
2014,g,home,20,0,72,0.0
2014,g,home,21,0,72,0.0
2014,g,home,22,0,72,0.0
2014,g,away,0,4,72,0.05555555555555555
2014,g,away,1,13,72,0.18055555555555555
2014,g,away,2,12,72,0.16666666666666666
2014,g,away,3,10,72,0.1388888888888889
2014,g,away,4,6,72,0.08333333333333333
2014,g,away,5,8,72,0.1111111111111111
2014,g,away,6,2,72,0.027777777777777776
2014,g,away,7,7,72,0.09722222222222222
2014,g,away,8,3,72,0.041666666666666664
2014,g,away,9,2,72,0.027777777777777776
2014,g,away,10,3,72,0.041666666666666664
2014,g,away,11,0,72,0.0
2014,g,away,12,1,72,0.013888888888888888
2014,g,away,13,1,72,0.013888888888888888
2014,g,away,14,0,72,0.0
2014,g,away,15,0,72,0.0
2014,g,away,16,0,72,0.0
2014,g,away,17,0,72,0.0
2014,g,away,18,0,72,0.0
2014,g,away,19,0,72,0.0
2014,g,away,20,0,72,0.0
2014,g,away,21,0,72,0.0
2014,g,away,22,0,72,0.0
2014,s,home,0,2,72,0.027777777777777776
2014,s,home,1,8,72,0.1111111111111111
2014,s,home,2,4,72,0.05555555555555555
2014,s,home,3,11,72,0.1527777777777778
2014,s,home,4,11,72,0.1527777777777778
2014,s,home,5,8,72,0.1111111111111111
2014,s,home,6,6,72,0.08333333333333333
2014,s,home,7,7,72,0.09722222222222222
2014,s,home,8,1,72,0.013888888888888888
2014,s,home,9,6,72,0.08333333333333333
2014,s,home,10,3,72,0.041666666666666664
2014,s,home,11,1,72,0.013888888888888888
2014,s,home,12,0,72,0.0
2014,s,home,13,1,72,0.013888888888888888
2014,s,home,14,1,72,0.013888888888888888
2014,s,home,15,1,72,0.013888888888888888
2014,s,home,16,0,72,0.0
2014,s,home,17,0,72,0.0
2014,s,home,18,0,72,0.0
2014,s,home,19,0,72,0.0
2014,s,home,20,1,72,0.013888888888888888
2014,s,home,21,0,72,0.0
2014,s,home,22,0,72,0.0
2014,s,away,0,2,72,0.027777777777777776
2014,s,away,1,9,72,0.125
2014,s,away,2,9,72,0.125
2014,s,away,3,8,72,0.1111111111111111
2014,s,away,4,11,72,0.1527777777777778
2014,s,away,5,10,72,0.1388888888888889
2014,s,away,6,4,72,0.05555555555555555
2014,s,away,7,8,72,0.1111111111111111
2014,s,away,8,3,72,0.041666666666666664
2014,s,away,9,3,72,0.041666666666666664
2014,s,away,10,1,72,0.013888888888888888
2014,s,away,11,0,72,0.0
2014,s,away,12,4,72,0.05555555555555555
2014,s,away,13,0,72,0.0
2014,s,away,14,0,72,0.0
2014,s,away,15,0,72,0.0
2014,s,away,16,0,72,0.0
2014,s,away,17,0,72,0.0
2014,s,away,18,0,72,0.0
2014,s,away,19,0,72,0.0
2014,s,away,20,0,72,0.0
2014,s,away,21,0,72,0.0
2014,s,away,22,0,72,0.0
2014,t,home,0,10,72,0.1388888888888889
2014,t,home,1,8,72,0.1111111111111111
2014,t,home,2,5,72,0.06944444444444445
2014,t,home,3,11,72,0.1527777777777778
2014,t,home,4,15,72,0.20833333333333334
2014,t,home,5,7,72,0.09722222222222222
2014,t,home,6,6,72,0.08333333333333333
2014,t,home,7,3,72,0.041666666666666664
2014,t,home,8,3,72,0.041666666666666664
2014,t,home,9,0,72,0.0
2014,t,home,10,2,72,0.027777777777777776
2014,t,home,11,0,72,0.0
2014,t,home,12,0,72,0.0
2014,t,home,13,1,72,0.013888888888888888
2014,t,home,14,0,72,0.0
2014,t,home,15,0,72,0.0
2014,t,home,16,0,72,0.0
2014,t,home,17,1,72,0.013888888888888888
2014,t,home,18,0,72,0.0
2014,t,home,19,0,72,0.0
2014,t,home,20,0,72,0.0
2014,t,home,21,0,72,0.0
2014,t,home,22,0,72,0.0
2014,t,away,0,4,72,0.05555555555555555
2014,t,away,1,6,72,0.08333333333333333
2014,t,away,2,10,72,0.1388888888888889
2014,t,away,3,10,72,0.1388888888888889
2014,t,away,4,12,72,0.16666666666666666
2014,t,away,5,7,72,0.09722222222222222
2014,t,away,6,5,72,0.06944444444444445
2014,t,away,7,5,72,0.06944444444444445
2014,t,away,8,6,72,0.08333333333333333
2014,t,away,9,0,72,0.0
2014,t,away,10,0,72,0.0
2014,t,away,11,1,72,0.013888888888888888
2014,t,away,12,4,72,0.05555555555555555
2014,t,away,13,2,72,0.027777777777777776
2014,t,away,14,0,72,0.0
2014,t,away,15,0,72,0.0
2014,t,away,16,0,72,0.0
2014,t,away,17,0,72,0.0
2014,t,away,18,0,72,0.0
2014,t,away,19,0,72,0.0
2014,t,away,20,0,72,0.0
2014,t,away,21,0,72,0.0
2014,t,away,22,0,72,0.0
2015,c,home,0,9,71,0.1267605633802817
2015,c,home,1,15,71,0.2112676056338028
2015,c,home,2,13,71,0.18309859154929578
2015,c,home,3,8,71,0.11267605633802817
2015,c,home,4,5,71,0.07042253521126761
2015,c,home,5,6,71,0.08450704225352113
2015,c,home,6,6,71,0.08450704225352113
2015,c,home,7,3,71,0.04225352112676056
2015,c,home,8,3,71,0.04225352112676056
2015,c,home,9,1,71,0.014084507042253521
2015,c,home,10,0,71,0.0
2015,c,home,11,0,71,0.0
2015,c,home,12,2,71,0.028169014084507043
2015,c,home,13,0,71,0.0
2015,c,home,14,0,71,0.0
2015,c,home,15,0,71,0.0
2015,c,home,16,0,71,0.0
2015,c,home,17,0,71,0.0
2015,c,home,18,0,71,0.0
2015,c,home,19,0,71,0.0
2015,c,home,20,0,71,0.0
2015,c,home,21,0,71,0.0
2015,c,home,22,0,71,0.0
2015,c,away,0,8,72,0.1111111111111111
2015,c,away,1,8,72,0.1111111111111111
2015,c,away,2,15,72,0.20833333333333334
2015,c,away,3,12,72,0.16666666666666666
2015,c,away,4,9,72,0.125
2015,c,away,5,6,72,0.08333333333333333
2015,c,away,6,4,72,0.05555555555555555
2015,c,away,7,4,72,0.05555555555555555
2015,c,away,8,4,72,0.05555555555555555
2015,c,away,9,0,72,0.0
2015,c,away,10,1,72,0.013888888888888888
2015,c,away,11,1,72,0.013888888888888888
2015,c,away,12,0,72,0.0
2015,c,away,13,0,72,0.0
2015,c,away,14,0,72,0.0
2015,c,away,15,0,72,0.0
2015,c,away,16,0,72,0.0
2015,c,away,17,0,72,0.0
2015,c,away,18,0,72,0.0
2015,c,away,19,0,72,0.0
2015,c,away,20,0,72,0.0
2015,c,away,21,0,72,0.0
2015,c,away,22,0,72,0.0
2015,d,home,0,9,72,0.125
2015,d,home,1,11,72,0.1527777777777778
2015,d,home,2,15,72,0.20833333333333334
2015,d,home,3,11,72,0.1527777777777778
2015,d,home,4,10,72,0.1388888888888889
2015,d,home,5,5,72,0.06944444444444445
2015,d,home,6,4,72,0.05555555555555555
2015,d,home,7,3,72,0.041666666666666664
2015,d,home,8,3,72,0.041666666666666664
2015,d,home,9,0,72,0.0
2015,d,home,10,0,72,0.0
2015,d,home,11,1,72,0.013888888888888888
2015,d,home,12,0,72,0.0
2015,d,home,13,0,72,0.0
2015,d,home,14,0,72,0.0
2015,d,home,15,0,72,0.0
2015,d,home,16,0,72,0.0
2015,d,home,17,0,72,0.0
2015,d,home,18,0,72,0.0
2015,d,home,19,0,72,0.0
2015,d,home,20,0,72,0.0
2015,d,home,21,0,72,0.0
2015,d,home,22,0,72,0.0
2015,d,away,0,6,71,0.08450704225352113
2015,d,away,1,7,71,0.09859154929577464
2015,d,away,2,7,71,0.09859154929577464
2015,d,away,3,14,71,0.19718309859154928
2015,d,away,4,10,71,0.14084507042253522
2015,d,away,5,9,71,0.1267605633802817
2015,d,away,6,7,71,0.09859154929577464
2015,d,away,7,3,71,0.04225352112676056
2015,d,away,8,4,71,0.056338028169014086
2015,d,away,9,1,71,0.014084507042253521
2015,d,away,10,2,71,0.028169014084507043
2015,d,away,11,0,71,0.0
2015,d,away,12,0,71,0.0
2015,d,away,13,1,71,0.014084507042253521
2015,d,away,14,0,71,0.0
2015,d,away,15,0,71,0.0
2015,d,away,16,0,71,0.0
2015,d,away,17,0,71,0.0
2015,d,away,18,0,71,0.0
2015,d,away,19,0,71,0.0
2015,d,away,20,0,71,0.0
2015,d,away,21,0,71,0.0
2015,d,away,22,0,71,0.0
2015,db,home,0,1,71,0.014084507042253521
2015,db,home,1,6,71,0.08450704225352113
2015,db,home,2,10,71,0.14084507042253522
2015,db,home,3,11,71,0.15492957746478872
2015,db,home,4,13,71,0.18309859154929578
2015,db,home,5,11,71,0.15492957746478872
2015,db,home,6,4,71,0.056338028169014086
2015,db,home,7,3,71,0.04225352112676056
2015,db,home,8,9,71,0.1267605633802817
2015,db,home,9,1,71,0.014084507042253521
2015,db,home,10,1,71,0.014084507042253521
2015,db,home,11,0,71,0.0
2015,db,home,12,0,71,0.0
2015,db,home,13,0,71,0.0
2015,db,home,14,0,71,0.0
2015,db,home,15,0,71,0.0
2015,db,home,16,0,71,0.0
2015,db,home,17,1,71,0.014084507042253521
2015,db,home,18,0,71,0.0
2015,db,home,19,0,71,0.0
2015,db,home,20,0,71,0.0
2015,db,home,21,0,71,0.0
2015,db,home,22,0,71,0.0
2015,db,away,0,4,72,0.05555555555555555
2015,db,away,1,9,72,0.125
2015,db,away,2,10,72,0.1388888888888889
2015,db,away,3,17,72,0.2361111111111111
2015,db,away,4,9,72,0.125
2015,db,away,5,6,72,0.08333333333333333
2015,db,away,6,5,72,0.06944444444444445
2015,db,away,7,3,72,0.041666666666666664
2015,db,away,8,3,72,0.041666666666666664
2015,db,away,9,4,72,0.05555555555555555
2015,db,away,10,0,72,0.0
2015,db,away,11,2,72,0.027777777777777776
2015,db,away,12,0,72,0.0
2015,db,away,13,0,72,0.0
2015,db,away,14,0,72,0.0
2015,db,away,15,0,72,0.0
2015,db,away,16,0,72,0.0
2015,db,away,17,0,72,0.0
2015,db,away,18,0,72,0.0
2015,db,away,19,0,72,0.0
2015,db,away,20,0,72,0.0
2015,db,away,21,0,72,0.0
2015,db,away,22,0,72,0.0
2015,g,home,0,10,71,0.14084507042253522
2015,g,home,1,15,71,0.2112676056338028
2015,g,home,2,10,71,0.14084507042253522
2015,g,home,3,15,71,0.2112676056338028
2015,g,home,4,6,71,0.08450704225352113
2015,g,home,5,8,71,0.11267605633802817
2015,g,home,6,1,71,0.014084507042253521
2015,g,home,7,2,71,0.028169014084507043
2015,g,home,8,2,71,0.028169014084507043
2015,g,home,9,0,71,0.0
2015,g,home,10,2,71,0.028169014084507043
2015,g,home,11,0,71,0.0
2015,g,home,12,0,71,0.0
2015,g,home,13,0,71,0.0
2015,g,home,14,0,71,0.0
2015,g,home,15,0,71,0.0
2015,g,home,16,0,71,0.0
2015,g,home,17,0,71,0.0
2015,g,home,18,0,71,0.0
2015,g,home,19,0,71,0.0
2015,g,home,20,0,71,0.0
2015,g,home,21,0,71,0.0
2015,g,home,22,0,71,0.0
2015,g,away,0,6,72,0.08333333333333333
2015,g,away,1,10,72,0.1388888888888889
2015,g,away,2,12,72,0.16666666666666666
2015,g,away,3,16,72,0.2222222222222222
2015,g,away,4,8,72,0.1111111111111111
2015,g,away,5,11,72,0.1527777777777778
2015,g,away,6,3,72,0.041666666666666664
2015,g,away,7,2,72,0.027777777777777776
2015,g,away,8,0,72,0.0
2015,g,away,9,1,72,0.013888888888888888
2015,g,away,10,2,72,0.027777777777777776
2015,g,away,11,0,72,0.0
2015,g,away,12,0,72,0.0
2015,g,away,13,1,72,0.013888888888888888
2015,g,away,14,0,72,0.0
2015,g,away,15,0,72,0.0
2015,g,away,16,0,72,0.0
2015,g,away,17,0,72,0.0
2015,g,away,18,0,72,0.0
2015,g,away,19,0,72,0.0
2015,g,away,20,0,72,0.0
2015,g,away,21,0,72,0.0
2015,g,away,22,0,72,0.0
2015,s,home,0,7,72,0.09722222222222222
2015,s,home,1,12,72,0.16666666666666666
2015,s,home,2,12,72,0.16666666666666666
2015,s,home,3,8,72,0.1111111111111111
2015,s,home,4,12,72,0.16666666666666666
2015,s,home,5,6,72,0.08333333333333333
2015,s,home,6,6,72,0.08333333333333333
2015,s,home,7,5,72,0.06944444444444445
2015,s,home,8,1,72,0.013888888888888888
2015,s,home,9,1,72,0.013888888888888888
2015,s,home,10,0,72,0.0
2015,s,home,11,1,72,0.013888888888888888
2015,s,home,12,1,72,0.013888888888888888
2015,s,home,13,0,72,0.0
2015,s,home,14,0,72,0.0
2015,s,home,15,0,72,0.0
2015,s,home,16,0,72,0.0
2015,s,home,17,0,72,0.0
2015,s,home,18,0,72,0.0
2015,s,home,19,0,72,0.0
2015,s,home,20,0,72,0.0
2015,s,home,21,0,72,0.0
2015,s,home,22,0,72,0.0
2015,s,away,0,5,71,0.07042253521126761
2015,s,away,1,7,71,0.09859154929577464
2015,s,away,2,12,71,0.16901408450704225
2015,s,away,3,17,71,0.23943661971830985
2015,s,away,4,8,71,0.11267605633802817
2015,s,away,5,5,71,0.07042253521126761
2015,s,away,6,5,71,0.07042253521126761
2015,s,away,7,3,71,0.04225352112676056
2015,s,away,8,4,71,0.056338028169014086
2015,s,away,9,3,71,0.04225352112676056
2015,s,away,10,2,71,0.028169014084507043
2015,s,away,11,0,71,0.0
2015,s,away,12,0,71,0.0
2015,s,away,13,0,71,0.0
2015,s,away,14,0,71,0.0
2015,s,away,15,0,71,0.0
2015,s,away,16,0,71,0.0
2015,s,away,17,0,71,0.0
2015,s,away,18,0,71,0.0
2015,s,away,19,0,71,0.0
2015,s,away,20,0,71,0.0
2015,s,away,21,0,71,0.0
2015,s,away,22,0,71,0.0
2015,t,home,0,11,72,0.1527777777777778
2015,t,home,1,14,72,0.19444444444444445
2015,t,home,2,12,72,0.16666666666666666
2015,t,home,3,10,72,0.1388888888888889
2015,t,home,4,3,72,0.041666666666666664
2015,t,home,5,7,72,0.09722222222222222
2015,t,home,6,3,72,0.041666666666666664
2015,t,home,7,2,72,0.027777777777777776
2015,t,home,8,7,72,0.09722222222222222
2015,t,home,9,1,72,0.013888888888888888
2015,t,home,10,1,72,0.013888888888888888
2015,t,home,11,1,72,0.013888888888888888
2015,t,home,12,0,72,0.0
2015,t,home,13,0,72,0.0
2015,t,home,14,0,72,0.0
2015,t,home,15,0,72,0.0
2015,t,home,16,0,72,0.0
2015,t,home,17,0,72,0.0
2015,t,home,18,0,72,0.0
2015,t,home,19,0,72,0.0
2015,t,home,20,0,72,0.0
2015,t,home,21,0,72,0.0
2015,t,home,22,0,72,0.0
2015,t,away,0,4,71,0.056338028169014086
2015,t,away,1,8,71,0.11267605633802817
2015,t,away,2,15,71,0.2112676056338028
2015,t,away,3,7,71,0.09859154929577464
2015,t,away,4,9,71,0.1267605633802817
2015,t,away,5,5,71,0.07042253521126761
2015,t,away,6,6,71,0.08450704225352113
2015,t,away,7,3,71,0.04225352112676056
2015,t,away,8,2,71,0.028169014084507043
2015,t,away,9,5,71,0.07042253521126761
2015,t,away,10,3,71,0.04225352112676056
2015,t,away,11,2,71,0.028169014084507043
2015,t,away,12,1,71,0.014084507042253521
2015,t,away,13,0,71,0.0
2015,t,away,14,0,71,0.0
2015,t,away,15,1,71,0.014084507042253521
2015,t,away,16,0,71,0.0
2015,t,away,17,0,71,0.0
2015,t,away,18,0,71,0.0
2015,t,away,19,0,71,0.0
2015,t,away,20,0,71,0.0
2015,t,away,21,0,71,0.0
2015,t,away,22,0,71,0.0
2016,c,home,0,12,72,0.16666666666666666
2016,c,home,1,8,72,0.1111111111111111
2016,c,home,2,13,72,0.18055555555555555
2016,c,home,3,10,72,0.1388888888888889
2016,c,home,4,9,72,0.125
2016,c,home,5,5,72,0.06944444444444445
2016,c,home,6,6,72,0.08333333333333333
2016,c,home,7,5,72,0.06944444444444445
2016,c,home,8,1,72,0.013888888888888888
2016,c,home,9,0,72,0.0
2016,c,home,10,0,72,0.0
2016,c,home,11,1,72,0.013888888888888888
2016,c,home,12,1,72,0.013888888888888888
2016,c,home,13,0,72,0.0
2016,c,home,14,0,72,0.0
2016,c,home,15,0,72,0.0
2016,c,home,16,0,72,0.0
2016,c,home,17,0,72,0.0
2016,c,home,18,0,72,0.0
2016,c,home,19,1,72,0.013888888888888888
2016,c,home,20,0,72,0.0
2016,c,home,21,0,72,0.0
2016,c,home,22,0,72,0.0
2016,c,away,0,7,71,0.09859154929577464
2016,c,away,1,5,71,0.07042253521126761
2016,c,away,2,14,71,0.19718309859154928
2016,c,away,3,13,71,0.18309859154929578
2016,c,away,4,14,71,0.19718309859154928
2016,c,away,5,4,71,0.056338028169014086
2016,c,away,6,7,71,0.09859154929577464
2016,c,away,7,3,71,0.04225352112676056
2016,c,away,8,1,71,0.014084507042253521
2016,c,away,9,1,71,0.014084507042253521
2016,c,away,10,1,71,0.014084507042253521
2016,c,away,11,0,71,0.0
2016,c,away,12,0,71,0.0
2016,c,away,13,1,71,0.014084507042253521
2016,c,away,14,0,71,0.0
2016,c,away,15,0,71,0.0
2016,c,away,16,0,71,0.0
2016,c,away,17,0,71,0.0
2016,c,away,18,0,71,0.0
2016,c,away,19,0,71,0.0
2016,c,away,20,0,71,0.0
2016,c,away,21,0,71,0.0
2016,c,away,22,0,71,0.0
2016,d,home,0,9,71,0.1267605633802817
2016,d,home,1,8,71,0.11267605633802817
2016,d,home,2,13,71,0.18309859154929578
2016,d,home,3,14,71,0.19718309859154928
2016,d,home,4,7,71,0.09859154929577464
2016,d,home,5,6,71,0.08450704225352113
2016,d,home,6,5,71,0.07042253521126761
2016,d,home,7,4,71,0.056338028169014086
2016,d,home,8,1,71,0.014084507042253521
2016,d,home,9,2,71,0.028169014084507043
2016,d,home,10,0,71,0.0
2016,d,home,11,2,71,0.028169014084507043
2016,d,home,12,0,71,0.0
2016,d,home,13,0,71,0.0
2016,d,home,14,0,71,0.0
2016,d,home,15,0,71,0.0
2016,d,home,16,0,71,0.0
2016,d,home,17,0,71,0.0
2016,d,home,18,0,71,0.0
2016,d,home,19,0,71,0.0
2016,d,home,20,0,71,0.0
2016,d,home,21,0,71,0.0
2016,d,home,22,0,71,0.0
2016,d,away,0,2,72,0.027777777777777776
2016,d,away,1,6,72,0.08333333333333333
2016,d,away,2,9,72,0.125
2016,d,away,3,16,72,0.2222222222222222
2016,d,away,4,6,72,0.08333333333333333
2016,d,away,5,9,72,0.125
2016,d,away,6,7,72,0.09722222222222222
2016,d,away,7,5,72,0.06944444444444445
2016,d,away,8,5,72,0.06944444444444445
2016,d,away,9,1,72,0.013888888888888888
2016,d,away,10,3,72,0.041666666666666664
2016,d,away,11,1,72,0.013888888888888888
2016,d,away,12,1,72,0.013888888888888888
2016,d,away,13,1,72,0.013888888888888888
2016,d,away,14,0,72,0.0
2016,d,away,15,0,72,0.0
2016,d,away,16,0,72,0.0
2016,d,away,17,0,72,0.0
2016,d,away,18,0,72,0.0
2016,d,away,19,0,72,0.0
2016,d,away,20,0,72,0.0
2016,d,away,21,0,72,0.0
2016,d,away,22,0,72,0.0
2016,db,home,0,4,72,0.05555555555555555
2016,db,home,1,10,72,0.1388888888888889
2016,db,home,2,4,72,0.05555555555555555
2016,db,home,3,12,72,0.16666666666666666
2016,db,home,4,4,72,0.05555555555555555
2016,db,home,5,14,72,0.19444444444444445
2016,db,home,6,11,72,0.1527777777777778
2016,db,home,7,3,72,0.041666666666666664
2016,db,home,8,2,72,0.027777777777777776
2016,db,home,9,5,72,0.06944444444444445
2016,db,home,10,0,72,0.0
2016,db,home,11,1,72,0.013888888888888888
2016,db,home,12,0,72,0.0
2016,db,home,13,2,72,0.027777777777777776
2016,db,home,14,0,72,0.0
2016,db,home,15,0,72,0.0
2016,db,home,16,0,72,0.0
2016,db,home,17,0,72,0.0
2016,db,home,18,0,72,0.0
2016,db,home,19,0,72,0.0
2016,db,home,20,0,72,0.0
2016,db,home,21,0,72,0.0
2016,db,home,22,0,72,0.0
2016,db,away,0,8,71,0.11267605633802817
2016,db,away,1,10,71,0.14084507042253522
2016,db,away,2,7,71,0.09859154929577464
2016,db,away,3,14,71,0.19718309859154928
2016,db,away,4,8,71,0.11267605633802817
2016,db,away,5,8,71,0.11267605633802817
2016,db,away,6,7,71,0.09859154929577464
2016,db,away,7,2,71,0.028169014084507043
2016,db,away,8,2,71,0.028169014084507043
2016,db,away,9,2,71,0.028169014084507043
2016,db,away,10,2,71,0.028169014084507043
2016,db,away,11,0,71,0.0
2016,db,away,12,0,71,0.0
2016,db,away,13,0,71,0.0
2016,db,away,14,0,71,0.0
2016,db,away,15,1,71,0.014084507042253521
2016,db,away,16,0,71,0.0
2016,db,away,17,0,71,0.0
2016,db,away,18,0,71,0.0
2016,db,away,19,0,71,0.0
2016,db,away,20,0,71,0.0
2016,db,away,21,0,71,0.0
2016,db,away,22,0,71,0.0
2016,g,home,0,6,72,0.08333333333333333
2016,g,home,1,13,72,0.18055555555555555
2016,g,home,2,15,72,0.20833333333333334
2016,g,home,3,4,72,0.05555555555555555
2016,g,home,4,7,72,0.09722222222222222
2016,g,home,5,9,72,0.125
2016,g,home,6,7,72,0.09722222222222222
2016,g,home,7,5,72,0.06944444444444445
2016,g,home,8,3,72,0.041666666666666664
2016,g,home,9,0,72,0.0
2016,g,home,10,1,72,0.013888888888888888
2016,g,home,11,1,72,0.013888888888888888
2016,g,home,12,1,72,0.013888888888888888
2016,g,home,13,0,72,0.0
2016,g,home,14,0,72,0.0
2016,g,home,15,0,72,0.0
2016,g,home,16,0,72,0.0
2016,g,home,17,0,72,0.0
2016,g,home,18,0,72,0.0
2016,g,home,19,0,72,0.0
2016,g,home,20,0,72,0.0
2016,g,home,21,0,72,0.0
2016,g,home,22,0,72,0.0
2016,g,away,0,7,71,0.09859154929577464
2016,g,away,1,6,71,0.08450704225352113
2016,g,away,2,16,71,0.22535211267605634
2016,g,away,3,8,71,0.11267605633802817
2016,g,away,4,7,71,0.09859154929577464
2016,g,away,5,5,71,0.07042253521126761
2016,g,away,6,11,71,0.15492957746478872
2016,g,away,7,4,71,0.056338028169014086
2016,g,away,8,2,71,0.028169014084507043
2016,g,away,9,1,71,0.014084507042253521
2016,g,away,10,0,71,0.0
2016,g,away,11,2,71,0.028169014084507043
2016,g,away,12,1,71,0.014084507042253521
2016,g,away,13,1,71,0.014084507042253521
2016,g,away,14,0,71,0.0
2016,g,away,15,0,71,0.0
2016,g,away,16,0,71,0.0
2016,g,away,17,0,71,0.0
2016,g,away,18,0,71,0.0
2016,g,away,19,0,71,0.0
2016,g,away,20,0,71,0.0
2016,g,away,21,0,71,0.0
2016,g,away,22,0,71,0.0
2016,s,home,0,1,71,0.014084507042253521
2016,s,home,1,11,71,0.15492957746478872
2016,s,home,2,6,71,0.08450704225352113
2016,s,home,3,10,71,0.14084507042253522
2016,s,home,4,12,71,0.16901408450704225
2016,s,home,5,6,71,0.08450704225352113
2016,s,home,6,6,71,0.08450704225352113
2016,s,home,7,2,71,0.028169014084507043
2016,s,home,8,6,71,0.08450704225352113
2016,s,home,9,5,71,0.07042253521126761
2016,s,home,10,0,71,0.0
2016,s,home,11,3,71,0.04225352112676056
2016,s,home,12,1,71,0.014084507042253521
2016,s,home,13,0,71,0.0
2016,s,home,14,1,71,0.014084507042253521
2016,s,home,15,0,71,0.0
2016,s,home,16,1,71,0.014084507042253521
2016,s,home,17,0,71,0.0
2016,s,home,18,0,71,0.0
2016,s,home,19,0,71,0.0
2016,s,home,20,0,71,0.0
2016,s,home,21,0,71,0.0
2016,s,home,22,0,71,0.0
2016,s,away,0,2,72,0.027777777777777776
2016,s,away,1,4,72,0.05555555555555555
2016,s,away,2,10,72,0.1388888888888889
2016,s,away,3,15,72,0.20833333333333334
2016,s,away,4,5,72,0.06944444444444445
2016,s,away,5,8,72,0.1111111111111111
2016,s,away,6,11,72,0.1527777777777778
2016,s,away,7,4,72,0.05555555555555555
2016,s,away,8,4,72,0.05555555555555555
2016,s,away,9,3,72,0.041666666666666664
2016,s,away,10,4,72,0.05555555555555555
2016,s,away,11,1,72,0.013888888888888888
2016,s,away,12,1,72,0.013888888888888888
2016,s,away,13,0,72,0.0
2016,s,away,14,0,72,0.0
2016,s,away,15,0,72,0.0
2016,s,away,16,0,72,0.0
2016,s,away,17,0,72,0.0
2016,s,away,18,0,72,0.0
2016,s,away,19,0,72,0.0
2016,s,away,20,0,72,0.0
2016,s,away,21,0,72,0.0
2016,s,away,22,0,72,0.0
2016,t,home,0,5,71,0.07042253521126761
2016,t,home,1,9,71,0.1267605633802817
2016,t,home,2,9,71,0.1267605633802817
2016,t,home,3,16,71,0.22535211267605634
2016,t,home,4,5,71,0.07042253521126761
2016,t,home,5,10,71,0.14084507042253522
2016,t,home,6,6,71,0.08450704225352113
2016,t,home,7,2,71,0.028169014084507043
2016,t,home,8,4,71,0.056338028169014086
2016,t,home,9,1,71,0.014084507042253521
2016,t,home,10,2,71,0.028169014084507043
2016,t,home,11,1,71,0.014084507042253521
2016,t,home,12,1,71,0.014084507042253521
2016,t,home,13,0,71,0.0
2016,t,home,14,0,71,0.0
2016,t,home,15,0,71,0.0
2016,t,home,16,0,71,0.0
2016,t,home,17,0,71,0.0
2016,t,home,18,0,71,0.0
2016,t,home,19,0,71,0.0
2016,t,home,20,0,71,0.0
2016,t,home,21,0,71,0.0
2016,t,home,22,0,71,0.0
2016,t,away,0,10,72,0.1388888888888889
2016,t,away,1,8,72,0.1111111111111111
2016,t,away,2,10,72,0.1388888888888889
2016,t,away,3,10,72,0.1388888888888889
2016,t,away,4,9,72,0.125
2016,t,away,5,6,72,0.08333333333333333
2016,t,away,6,6,72,0.08333333333333333
2016,t,away,7,4,72,0.05555555555555555
2016,t,away,8,3,72,0.041666666666666664
2016,t,away,9,5,72,0.06944444444444445
2016,t,away,10,1,72,0.013888888888888888
2016,t,away,11,0,72,0.0
2016,t,away,12,0,72,0.0
2016,t,away,13,0,72,0.0
2016,t,away,14,0,72,0.0
2016,t,away,15,0,72,0.0
2016,t,away,16,0,72,0.0
2016,t,away,17,0,72,0.0
2016,t,away,18,0,72,0.0
2016,t,away,19,0,72,0.0
2016,t,away,20,0,72,0.0
2016,t,away,21,0,72,0.0
2016,t,away,22,0,72,0.0
2017,c,home,0,6,71,0.08450704225352113
2017,c,home,1,17,71,0.23943661971830985
2017,c,home,2,9,71,0.1267605633802817
2017,c,home,3,8,71,0.11267605633802817
2017,c,home,4,7,71,0.09859154929577464
2017,c,home,5,12,71,0.16901408450704225
2017,c,home,6,3,71,0.04225352112676056
2017,c,home,7,4,71,0.056338028169014086
2017,c,home,8,2,71,0.028169014084507043
2017,c,home,9,2,71,0.028169014084507043
2017,c,home,10,1,71,0.014084507042253521
2017,c,home,11,0,71,0.0
2017,c,home,12,0,71,0.0
2017,c,home,13,0,71,0.0
2017,c,home,14,0,71,0.0
2017,c,home,15,0,71,0.0
2017,c,home,16,0,71,0.0
2017,c,home,17,0,71,0.0
2017,c,home,18,0,71,0.0
2017,c,home,19,0,71,0.0
2017,c,home,20,0,71,0.0
2017,c,home,21,0,71,0.0
2017,c,home,22,0,71,0.0
2017,c,away,0,3,72,0.041666666666666664
2017,c,away,1,9,72,0.125
2017,c,away,2,11,72,0.1527777777777778
2017,c,away,3,15,72,0.20833333333333334
2017,c,away,4,8,72,0.1111111111111111
2017,c,away,5,7,72,0.09722222222222222
2017,c,away,6,6,72,0.08333333333333333
2017,c,away,7,4,72,0.05555555555555555
2017,c,away,8,2,72,0.027777777777777776
2017,c,away,9,1,72,0.013888888888888888
2017,c,away,10,1,72,0.013888888888888888
2017,c,away,11,1,72,0.013888888888888888
2017,c,away,12,2,72,0.027777777777777776
2017,c,away,13,2,72,0.027777777777777776
2017,c,away,14,0,72,0.0
2017,c,away,15,0,72,0.0
2017,c,away,16,0,72,0.0
2017,c,away,17,0,72,0.0
2017,c,away,18,0,72,0.0
2017,c,away,19,0,72,0.0
2017,c,away,20,0,72,0.0
2017,c,away,21,0,72,0.0
2017,c,away,22,0,72,0.0
2017,d,home,0,8,72,0.1111111111111111
2017,d,home,1,10,72,0.1388888888888889
2017,d,home,2,12,72,0.16666666666666666
2017,d,home,3,12,72,0.16666666666666666
2017,d,home,4,4,72,0.05555555555555555
2017,d,home,5,8,72,0.1111111111111111
2017,d,home,6,5,72,0.06944444444444445
2017,d,home,7,4,72,0.05555555555555555
2017,d,home,8,2,72,0.027777777777777776
2017,d,home,9,4,72,0.05555555555555555
2017,d,home,10,2,72,0.027777777777777776
2017,d,home,11,0,72,0.0
2017,d,home,12,0,72,0.0
2017,d,home,13,1,72,0.013888888888888888
2017,d,home,14,0,72,0.0
2017,d,home,15,0,72,0.0
2017,d,home,16,0,72,0.0
2017,d,home,17,0,72,0.0
2017,d,home,18,0,72,0.0
2017,d,home,19,0,72,0.0
2017,d,home,20,0,72,0.0
2017,d,home,21,0,72,0.0
2017,d,home,22,0,72,0.0
2017,d,away,0,5,71,0.07042253521126761
2017,d,away,1,5,71,0.07042253521126761
2017,d,away,2,11,71,0.15492957746478872
2017,d,away,3,6,71,0.08450704225352113
2017,d,away,4,8,71,0.11267605633802817
2017,d,away,5,8,71,0.11267605633802817
2017,d,away,6,7,71,0.09859154929577464
2017,d,away,7,3,71,0.04225352112676056
2017,d,away,8,5,71,0.07042253521126761
2017,d,away,9,5,71,0.07042253521126761
2017,d,away,10,2,71,0.028169014084507043
2017,d,away,11,4,71,0.056338028169014086
2017,d,away,12,1,71,0.014084507042253521
2017,d,away,13,1,71,0.014084507042253521
2017,d,away,14,0,71,0.0
2017,d,away,15,0,71,0.0
2017,d,away,16,0,71,0.0
2017,d,away,17,0,71,0.0
2017,d,away,18,0,71,0.0
2017,d,away,19,0,71,0.0
2017,d,away,20,0,71,0.0
2017,d,away,21,0,71,0.0
2017,d,away,22,0,71,0.0
2017,db,home,0,4,71,0.056338028169014086
2017,db,home,1,7,71,0.09859154929577464
2017,db,home,2,9,71,0.1267605633802817
2017,db,home,3,12,71,0.16901408450704225
2017,db,home,4,13,71,0.18309859154929578
2017,db,home,5,7,71,0.09859154929577464
2017,db,home,6,4,71,0.056338028169014086
2017,db,home,7,5,71,0.07042253521126761
2017,db,home,8,4,71,0.056338028169014086
2017,db,home,9,2,71,0.028169014084507043
2017,db,home,10,1,71,0.014084507042253521
2017,db,home,11,2,71,0.028169014084507043
2017,db,home,12,1,71,0.014084507042253521
2017,db,home,13,0,71,0.0
2017,db,home,14,0,71,0.0
2017,db,home,15,0,71,0.0
2017,db,home,16,0,71,0.0
2017,db,home,17,0,71,0.0
2017,db,home,18,0,71,0.0
2017,db,home,19,0,71,0.0
2017,db,home,20,0,71,0.0
2017,db,home,21,0,71,0.0
2017,db,home,22,0,71,0.0
2017,db,away,0,9,72,0.125
2017,db,away,1,11,72,0.1527777777777778
2017,db,away,2,7,72,0.09722222222222222
2017,db,away,3,6,72,0.08333333333333333
2017,db,away,4,5,72,0.06944444444444445
2017,db,away,5,11,72,0.1527777777777778
2017,db,away,6,7,72,0.09722222222222222
2017,db,away,7,3,72,0.041666666666666664
2017,db,away,8,6,72,0.08333333333333333
2017,db,away,9,4,72,0.05555555555555555
2017,db,away,10,2,72,0.027777777777777776
2017,db,away,11,0,72,0.0
2017,db,away,12,1,72,0.013888888888888888
2017,db,away,13,0,72,0.0
2017,db,away,14,0,72,0.0
2017,db,away,15,0,72,0.0
2017,db,away,16,0,72,0.0
2017,db,away,17,0,72,0.0
2017,db,away,18,0,72,0.0
2017,db,away,19,0,72,0.0
2017,db,away,20,0,72,0.0
2017,db,away,21,0,72,0.0
2017,db,away,22,0,72,0.0
2017,g,home,0,9,71,0.1267605633802817
2017,g,home,1,16,71,0.22535211267605634
2017,g,home,2,8,71,0.11267605633802817
2017,g,home,3,8,71,0.11267605633802817
2017,g,home,4,6,71,0.08450704225352113
2017,g,home,5,7,71,0.09859154929577464
2017,g,home,6,3,71,0.04225352112676056
2017,g,home,7,6,71,0.08450704225352113
2017,g,home,8,3,71,0.04225352112676056
2017,g,home,9,4,71,0.056338028169014086
2017,g,home,10,0,71,0.0
2017,g,home,11,1,71,0.014084507042253521
2017,g,home,12,0,71,0.0
2017,g,home,13,0,71,0.0
2017,g,home,14,0,71,0.0
2017,g,home,15,0,71,0.0
2017,g,home,16,0,71,0.0
2017,g,home,17,0,71,0.0
2017,g,home,18,0,71,0.0
2017,g,home,19,0,71,0.0
2017,g,home,20,0,71,0.0
2017,g,home,21,0,71,0.0
2017,g,home,22,0,71,0.0
2017,g,away,0,9,72,0.125
2017,g,away,1,11,72,0.1527777777777778
2017,g,away,2,11,72,0.1527777777777778
2017,g,away,3,12,72,0.16666666666666666
2017,g,away,4,7,72,0.09722222222222222
2017,g,away,5,5,72,0.06944444444444445
2017,g,away,6,6,72,0.08333333333333333
2017,g,away,7,3,72,0.041666666666666664
2017,g,away,8,4,72,0.05555555555555555
2017,g,away,9,0,72,0.0
2017,g,away,10,1,72,0.013888888888888888
2017,g,away,11,1,72,0.013888888888888888
2017,g,away,12,0,72,0.0
2017,g,away,13,2,72,0.027777777777777776
2017,g,away,14,0,72,0.0
2017,g,away,15,0,72,0.0
2017,g,away,16,0,72,0.0
2017,g,away,17,0,72,0.0
2017,g,away,18,0,72,0.0
2017,g,away,19,0,72,0.0
2017,g,away,20,0,72,0.0
2017,g,away,21,0,72,0.0
2017,g,away,22,0,72,0.0
2017,s,home,0,2,72,0.027777777777777776
2017,s,home,1,5,72,0.06944444444444445
2017,s,home,2,11,72,0.1527777777777778
2017,s,home,3,7,72,0.09722222222222222
2017,s,home,4,5,72,0.06944444444444445
2017,s,home,5,9,72,0.125
2017,s,home,6,8,72,0.1111111111111111
2017,s,home,7,7,72,0.09722222222222222
2017,s,home,8,9,72,0.125
2017,s,home,9,2,72,0.027777777777777776
2017,s,home,10,4,72,0.05555555555555555
2017,s,home,11,2,72,0.027777777777777776
2017,s,home,12,1,72,0.013888888888888888
2017,s,home,13,0,72,0.0
2017,s,home,14,0,72,0.0
2017,s,home,15,0,72,0.0
2017,s,home,16,0,72,0.0
2017,s,home,17,0,72,0.0
2017,s,home,18,0,72,0.0
2017,s,home,19,0,72,0.0
2017,s,home,20,0,72,0.0
2017,s,home,21,0,72,0.0
2017,s,home,22,0,72,0.0
2017,s,away,0,4,71,0.056338028169014086
2017,s,away,1,9,71,0.1267605633802817
2017,s,away,2,8,71,0.11267605633802817
2017,s,away,3,13,71,0.18309859154929578
2017,s,away,4,14,71,0.19718309859154928
2017,s,away,5,5,71,0.07042253521126761
2017,s,away,6,10,71,0.14084507042253522
2017,s,away,7,4,71,0.056338028169014086
2017,s,away,8,1,71,0.014084507042253521
2017,s,away,9,1,71,0.014084507042253521
2017,s,away,10,0,71,0.0
2017,s,away,11,0,71,0.0
2017,s,away,12,0,71,0.0
2017,s,away,13,0,71,0.0
2017,s,away,14,1,71,0.014084507042253521
2017,s,away,15,1,71,0.014084507042253521
2017,s,away,16,0,71,0.0
2017,s,away,17,0,71,0.0
2017,s,away,18,0,71,0.0
2017,s,away,19,0,71,0.0
2017,s,away,20,0,71,0.0
2017,s,away,21,0,71,0.0
2017,s,away,22,0,71,0.0
2017,t,home,0,6,72,0.08333333333333333
2017,t,home,1,15,72,0.20833333333333334
2017,t,home,2,13,72,0.18055555555555555
2017,t,home,3,9,72,0.125
2017,t,home,4,8,72,0.1111111111111111
2017,t,home,5,7,72,0.09722222222222222
2017,t,home,6,5,72,0.06944444444444445
2017,t,home,7,3,72,0.041666666666666664
2017,t,home,8,2,72,0.027777777777777776
2017,t,home,9,2,72,0.027777777777777776
2017,t,home,10,0,72,0.0
2017,t,home,11,1,72,0.013888888888888888
2017,t,home,12,0,72,0.0
2017,t,home,13,0,72,0.0
2017,t,home,14,1,72,0.013888888888888888
2017,t,home,15,0,72,0.0
2017,t,home,16,0,72,0.0
2017,t,home,17,0,72,0.0
2017,t,home,18,0,72,0.0
2017,t,home,19,0,72,0.0
2017,t,home,20,0,72,0.0
2017,t,home,21,0,72,0.0
2017,t,home,22,0,72,0.0
2017,t,away,0,3,71,0.04225352112676056
2017,t,away,1,14,71,0.19718309859154928
2017,t,away,2,7,71,0.09859154929577464
2017,t,away,3,4,71,0.056338028169014086
2017,t,away,4,16,71,0.22535211267605634
2017,t,away,5,9,71,0.1267605633802817
2017,t,away,6,8,71,0.11267605633802817
2017,t,away,7,2,71,0.028169014084507043
2017,t,away,8,4,71,0.056338028169014086
2017,t,away,9,3,71,0.04225352112676056
2017,t,away,10,0,71,0.0
2017,t,away,11,0,71,0.0
2017,t,away,12,0,71,0.0
2017,t,away,13,1,71,0.014084507042253521
2017,t,away,14,0,71,0.0
2017,t,away,15,0,71,0.0
2017,t,away,16,0,71,0.0
2017,t,away,17,0,71,0.0
2017,t,away,18,0,71,0.0
2017,t,away,19,0,71,0.0
2017,t,away,20,0,71,0.0
2017,t,away,21,0,71,0.0
2017,t,away,22,0,71,0.0
2018,c,home,0,6,72,0.08333333333333333
2018,c,home,1,6,72,0.08333333333333333
2018,c,home,2,12,72,0.16666666666666666
2018,c,home,3,8,72,0.1111111111111111
2018,c,home,4,10,72,0.1388888888888889
2018,c,home,5,9,72,0.125
2018,c,home,6,3,72,0.041666666666666664
2018,c,home,7,5,72,0.06944444444444445
2018,c,home,8,4,72,0.05555555555555555
2018,c,home,9,3,72,0.041666666666666664
2018,c,home,10,1,72,0.013888888888888888
2018,c,home,11,2,72,0.027777777777777776
2018,c,home,12,1,72,0.013888888888888888
2018,c,home,13,2,72,0.027777777777777776
2018,c,home,14,0,72,0.0
2018,c,home,15,0,72,0.0
2018,c,home,16,0,72,0.0
2018,c,home,17,0,72,0.0
2018,c,home,18,0,72,0.0
2018,c,home,19,0,72,0.0
2018,c,home,20,0,72,0.0
2018,c,home,21,0,72,0.0
2018,c,home,22,0,72,0.0
2018,c,away,0,0,71,0.0
2018,c,away,1,7,71,0.09859154929577464
2018,c,away,2,8,71,0.11267605633802817
2018,c,away,3,12,71,0.16901408450704225
2018,c,away,4,13,71,0.18309859154929578
2018,c,away,5,8,71,0.11267605633802817
2018,c,away,6,5,71,0.07042253521126761
2018,c,away,7,8,71,0.11267605633802817
2018,c,away,8,5,71,0.07042253521126761
2018,c,away,9,0,71,0.0
2018,c,away,10,3,71,0.04225352112676056
2018,c,away,11,1,71,0.014084507042253521
2018,c,away,12,1,71,0.014084507042253521
2018,c,away,13,0,71,0.0
2018,c,away,14,0,71,0.0
2018,c,away,15,0,71,0.0
2018,c,away,16,0,71,0.0
2018,c,away,17,0,71,0.0
2018,c,away,18,0,71,0.0
2018,c,away,19,0,71,0.0
2018,c,away,20,0,71,0.0
2018,c,away,21,0,71,0.0
2018,c,away,22,0,71,0.0
2018,d,home,0,6,71,0.08450704225352113
2018,d,home,1,6,71,0.08450704225352113
2018,d,home,2,10,71,0.14084507042253522
2018,d,home,3,14,71,0.19718309859154928
2018,d,home,4,10,71,0.14084507042253522
2018,d,home,5,12,71,0.16901408450704225
2018,d,home,6,6,71,0.08450704225352113
2018,d,home,7,2,71,0.028169014084507043
2018,d,home,8,3,71,0.04225352112676056
2018,d,home,9,0,71,0.0
2018,d,home,10,1,71,0.014084507042253521
2018,d,home,11,0,71,0.0
2018,d,home,12,0,71,0.0
2018,d,home,13,1,71,0.014084507042253521
2018,d,home,14,0,71,0.0
2018,d,home,15,0,71,0.0
2018,d,home,16,0,71,0.0
2018,d,home,17,0,71,0.0
2018,d,home,18,0,71,0.0
2018,d,home,19,0,71,0.0
2018,d,home,20,0,71,0.0
2018,d,home,21,0,71,0.0
2018,d,home,22,0,71,0.0
2018,d,away,0,3,72,0.041666666666666664
2018,d,away,1,5,72,0.06944444444444445
2018,d,away,2,6,72,0.08333333333333333
2018,d,away,3,11,72,0.1527777777777778
2018,d,away,4,3,72,0.041666666666666664
2018,d,away,5,8,72,0.1111111111111111
2018,d,away,6,13,72,0.18055555555555555
2018,d,away,7,8,72,0.1111111111111111
2018,d,away,8,3,72,0.041666666666666664
2018,d,away,9,7,72,0.09722222222222222
2018,d,away,10,1,72,0.013888888888888888
2018,d,away,11,1,72,0.013888888888888888
2018,d,away,12,1,72,0.013888888888888888
2018,d,away,13,1,72,0.013888888888888888
2018,d,away,14,0,72,0.0
2018,d,away,15,0,72,0.0
2018,d,away,16,0,72,0.0
2018,d,away,17,0,72,0.0
2018,d,away,18,0,72,0.0
2018,d,away,19,0,72,0.0
2018,d,away,20,1,72,0.013888888888888888
2018,d,away,21,0,72,0.0
2018,d,away,22,0,72,0.0
2018,db,home,0,5,72,0.06944444444444445
2018,db,home,1,7,72,0.09722222222222222
2018,db,home,2,10,72,0.1388888888888889
2018,db,home,3,11,72,0.1527777777777778
2018,db,home,4,8,72,0.1111111111111111
2018,db,home,5,5,72,0.06944444444444445
2018,db,home,6,5,72,0.06944444444444445
2018,db,home,7,8,72,0.1111111111111111
2018,db,home,8,5,72,0.06944444444444445
2018,db,home,9,2,72,0.027777777777777776
2018,db,home,10,0,72,0.0
2018,db,home,11,2,72,0.027777777777777776
2018,db,home,12,0,72,0.0
2018,db,home,13,1,72,0.013888888888888888
2018,db,home,14,0,72,0.0
2018,db,home,15,1,72,0.013888888888888888
2018,db,home,16,1,72,0.013888888888888888
2018,db,home,17,0,72,0.0
2018,db,home,18,0,72,0.0
2018,db,home,19,0,72,0.0
2018,db,home,20,1,72,0.013888888888888888
2018,db,home,21,0,72,0.0
2018,db,home,22,0,72,0.0
2018,db,away,0,4,71,0.056338028169014086
2018,db,away,1,10,71,0.14084507042253522
2018,db,away,2,7,71,0.09859154929577464
2018,db,away,3,13,71,0.18309859154929578
2018,db,away,4,9,71,0.1267605633802817
2018,db,away,5,9,71,0.1267605633802817
2018,db,away,6,5,71,0.07042253521126761
2018,db,away,7,7,71,0.09859154929577464
2018,db,away,8,1,71,0.014084507042253521
2018,db,away,9,1,71,0.014084507042253521
2018,db,away,10,1,71,0.014084507042253521
2018,db,away,11,3,71,0.04225352112676056
2018,db,away,12,1,71,0.014084507042253521
2018,db,away,13,0,71,0.0
2018,db,away,14,0,71,0.0
2018,db,away,15,0,71,0.0
2018,db,away,16,0,71,0.0
2018,db,away,17,0,71,0.0
2018,db,away,18,0,71,0.0
2018,db,away,19,0,71,0.0
2018,db,away,20,0,71,0.0
2018,db,away,21,0,71,0.0
2018,db,away,22,0,71,0.0
2018,g,home,0,10,72,0.1388888888888889
2018,g,home,1,7,72,0.09722222222222222
2018,g,home,2,5,72,0.06944444444444445
2018,g,home,3,5,72,0.06944444444444445
2018,g,home,4,11,72,0.1527777777777778
2018,g,home,5,14,72,0.19444444444444445
2018,g,home,6,9,72,0.125
2018,g,home,7,1,72,0.013888888888888888
2018,g,home,8,4,72,0.05555555555555555
2018,g,home,9,4,72,0.05555555555555555
2018,g,home,10,2,72,0.027777777777777776
2018,g,home,11,0,72,0.0
2018,g,home,12,0,72,0.0
2018,g,home,13,0,72,0.0
2018,g,home,14,0,72,0.0
2018,g,home,15,0,72,0.0
2018,g,home,16,0,72,0.0
2018,g,home,17,0,72,0.0
2018,g,home,18,0,72,0.0
2018,g,home,19,0,72,0.0
2018,g,home,20,0,72,0.0
2018,g,home,21,0,72,0.0
2018,g,home,22,0,72,0.0
2018,g,away,0,8,71,0.11267605633802817
2018,g,away,1,7,71,0.09859154929577464
2018,g,away,2,12,71,0.16901408450704225
2018,g,away,3,11,71,0.15492957746478872
2018,g,away,4,11,71,0.15492957746478872
2018,g,away,5,5,71,0.07042253521126761
2018,g,away,6,4,71,0.056338028169014086
2018,g,away,7,3,71,0.04225352112676056
2018,g,away,8,3,71,0.04225352112676056
2018,g,away,9,3,71,0.04225352112676056
2018,g,away,10,1,71,0.014084507042253521
2018,g,away,11,0,71,0.0
2018,g,away,12,1,71,0.014084507042253521
2018,g,away,13,0,71,0.0
2018,g,away,14,1,71,0.014084507042253521
2018,g,away,15,1,71,0.014084507042253521
2018,g,away,16,0,71,0.0
2018,g,away,17,0,71,0.0
2018,g,away,18,0,71,0.0
2018,g,away,19,0,71,0.0
2018,g,away,20,0,71,0.0
2018,g,away,21,0,71,0.0
2018,g,away,22,0,71,0.0
2018,s,home,0,4,71,0.056338028169014086
2018,s,home,1,6,71,0.08450704225352113
2018,s,home,2,5,71,0.07042253521126761
2018,s,home,3,7,71,0.09859154929577464
2018,s,home,4,10,71,0.14084507042253522
2018,s,home,5,11,71,0.15492957746478872
2018,s,home,6,12,71,0.16901408450704225
2018,s,home,7,3,71,0.04225352112676056
2018,s,home,8,3,71,0.04225352112676056
2018,s,home,9,3,71,0.04225352112676056
2018,s,home,10,2,71,0.028169014084507043
2018,s,home,11,1,71,0.014084507042253521
2018,s,home,12,1,71,0.014084507042253521
2018,s,home,13,1,71,0.014084507042253521
2018,s,home,14,1,71,0.014084507042253521
2018,s,home,15,1,71,0.014084507042253521
2018,s,home,16,0,71,0.0
2018,s,home,17,0,71,0.0
2018,s,home,18,0,71,0.0
2018,s,home,19,0,71,0.0
2018,s,home,20,0,71,0.0
2018,s,home,21,0,71,0.0
2018,s,home,22,0,71,0.0
2018,s,away,0,5,72,0.06944444444444445
2018,s,away,1,10,72,0.1388888888888889
2018,s,away,2,11,72,0.1527777777777778
2018,s,away,3,12,72,0.16666666666666666
2018,s,away,4,5,72,0.06944444444444445
2018,s,away,5,7,72,0.09722222222222222
2018,s,away,6,2,72,0.027777777777777776
2018,s,away,7,8,72,0.1111111111111111
2018,s,away,8,4,72,0.05555555555555555
2018,s,away,9,2,72,0.027777777777777776
2018,s,away,10,3,72,0.041666666666666664
2018,s,away,11,3,72,0.041666666666666664
2018,s,away,12,0,72,0.0
2018,s,away,13,0,72,0.0
2018,s,away,14,0,72,0.0
2018,s,away,15,0,72,0.0
2018,s,away,16,0,72,0.0
2018,s,away,17,0,72,0.0
2018,s,away,18,0,72,0.0
2018,s,away,19,0,72,0.0
2018,s,away,20,0,72,0.0
2018,s,away,21,0,72,0.0
2018,s,away,22,0,72,0.0
2018,t,home,0,3,71,0.04225352112676056
2018,t,home,1,11,71,0.15492957746478872
2018,t,home,2,6,71,0.08450704225352113
2018,t,home,3,16,71,0.22535211267605634
2018,t,home,4,7,71,0.09859154929577464
2018,t,home,5,9,71,0.1267605633802817
2018,t,home,6,7,71,0.09859154929577464
2018,t,home,7,2,71,0.028169014084507043
2018,t,home,8,1,71,0.014084507042253521
2018,t,home,9,4,71,0.056338028169014086
2018,t,home,10,3,71,0.04225352112676056
2018,t,home,11,2,71,0.028169014084507043
2018,t,home,12,0,71,0.0
2018,t,home,13,0,71,0.0
2018,t,home,14,0,71,0.0
2018,t,home,15,0,71,0.0
2018,t,home,16,0,71,0.0
2018,t,home,17,0,71,0.0
2018,t,home,18,0,71,0.0
2018,t,home,19,0,71,0.0
2018,t,home,20,0,71,0.0
2018,t,home,21,0,71,0.0
2018,t,home,22,0,71,0.0
2018,t,away,0,5,72,0.06944444444444445
2018,t,away,1,7,72,0.09722222222222222
2018,t,away,2,8,72,0.1111111111111111
2018,t,away,3,10,72,0.1388888888888889
2018,t,away,4,10,72,0.1388888888888889
2018,t,away,5,6,72,0.08333333333333333
2018,t,away,6,7,72,0.09722222222222222
2018,t,away,7,5,72,0.06944444444444445
2018,t,away,8,7,72,0.09722222222222222
2018,t,away,9,1,72,0.013888888888888888
2018,t,away,10,3,72,0.041666666666666664
2018,t,away,11,1,72,0.013888888888888888
2018,t,away,12,1,72,0.013888888888888888
2018,t,away,13,0,72,0.0
2018,t,away,14,1,72,0.013888888888888888
2018,t,away,15,0,72,0.0
2018,t,away,16,0,72,0.0
2018,t,away,17,0,72,0.0
2018,t,away,18,0,72,0.0
2018,t,away,19,0,72,0.0
2018,t,away,20,0,72,0.0
2018,t,away,21,0,72,0.0
2018,t,away,22,0,72,0.0
2019,c,home,0,7,71,0.09859154929577464
2019,c,home,1,7,71,0.09859154929577464
2019,c,home,2,10,71,0.14084507042253522
2019,c,home,3,10,71,0.14084507042253522
2019,c,home,4,9,71,0.1267605633802817
2019,c,home,5,4,71,0.056338028169014086
2019,c,home,6,11,71,0.15492957746478872
2019,c,home,7,5,71,0.07042253521126761
2019,c,home,8,4,71,0.056338028169014086
2019,c,home,9,2,71,0.028169014084507043
2019,c,home,10,1,71,0.014084507042253521
2019,c,home,11,0,71,0.0
2019,c,home,12,0,71,0.0
2019,c,home,13,0,71,0.0
2019,c,home,14,0,71,0.0
2019,c,home,15,1,71,0.014084507042253521
2019,c,home,16,0,71,0.0
2019,c,home,17,0,71,0.0
2019,c,home,18,0,71,0.0
2019,c,home,19,0,71,0.0
2019,c,home,20,0,71,0.0
2019,c,home,21,0,71,0.0
2019,c,home,22,0,71,0.0
2019,c,away,0,7,72,0.09722222222222222
2019,c,away,1,6,72,0.08333333333333333
2019,c,away,2,14,72,0.19444444444444445
2019,c,away,3,7,72,0.09722222222222222
2019,c,away,4,6,72,0.08333333333333333
2019,c,away,5,9,72,0.125
2019,c,away,6,7,72,0.09722222222222222
2019,c,away,7,3,72,0.041666666666666664
2019,c,away,8,6,72,0.08333333333333333
2019,c,away,9,1,72,0.013888888888888888
2019,c,away,10,1,72,0.013888888888888888
2019,c,away,11,3,72,0.041666666666666664
2019,c,away,12,1,72,0.013888888888888888
2019,c,away,13,1,72,0.013888888888888888
2019,c,away,14,0,72,0.0
2019,c,away,15,0,72,0.0
2019,c,away,16,0,72,0.0
2019,c,away,17,0,72,0.0
2019,c,away,18,0,72,0.0
2019,c,away,19,0,72,0.0
2019,c,away,20,0,72,0.0
2019,c,away,21,0,72,0.0
2019,c,away,22,0,72,0.0
2019,d,home,0,6,72,0.08333333333333333
2019,d,home,1,12,72,0.16666666666666666
2019,d,home,2,15,72,0.20833333333333334
2019,d,home,3,9,72,0.125
2019,d,home,4,10,72,0.1388888888888889
2019,d,home,5,9,72,0.125
2019,d,home,6,2,72,0.027777777777777776
2019,d,home,7,4,72,0.05555555555555555
2019,d,home,8,2,72,0.027777777777777776
2019,d,home,9,1,72,0.013888888888888888
2019,d,home,10,0,72,0.0
2019,d,home,11,0,72,0.0
2019,d,home,12,1,72,0.013888888888888888
2019,d,home,13,0,72,0.0
2019,d,home,14,0,72,0.0
2019,d,home,15,0,72,0.0
2019,d,home,16,1,72,0.013888888888888888
2019,d,home,17,0,72,0.0
2019,d,home,18,0,72,0.0
2019,d,home,19,0,72,0.0
2019,d,home,20,0,72,0.0
2019,d,home,21,0,72,0.0
2019,d,home,22,0,72,0.0
2019,d,away,0,1,71,0.014084507042253521
2019,d,away,1,8,71,0.11267605633802817
2019,d,away,2,11,71,0.15492957746478872
2019,d,away,3,15,71,0.2112676056338028
2019,d,away,4,8,71,0.11267605633802817
2019,d,away,5,7,71,0.09859154929577464
2019,d,away,6,7,71,0.09859154929577464
2019,d,away,7,5,71,0.07042253521126761
2019,d,away,8,6,71,0.08450704225352113
2019,d,away,9,1,71,0.014084507042253521
2019,d,away,10,1,71,0.014084507042253521
2019,d,away,11,1,71,0.014084507042253521
2019,d,away,12,0,71,0.0
2019,d,away,13,0,71,0.0
2019,d,away,14,0,71,0.0
2019,d,away,15,0,71,0.0
2019,d,away,16,0,71,0.0
2019,d,away,17,0,71,0.0
2019,d,away,18,0,71,0.0
2019,d,away,19,0,71,0.0
2019,d,away,20,0,71,0.0
2019,d,away,21,0,71,0.0
2019,d,away,22,0,71,0.0
2019,db,home,0,7,72,0.09722222222222222
2019,db,home,1,5,72,0.06944444444444445
2019,db,home,2,13,72,0.18055555555555555
2019,db,home,3,11,72,0.1527777777777778
2019,db,home,4,9,72,0.125
2019,db,home,5,6,72,0.08333333333333333
2019,db,home,6,5,72,0.06944444444444445
2019,db,home,7,3,72,0.041666666666666664
2019,db,home,8,6,72,0.08333333333333333
2019,db,home,9,4,72,0.05555555555555555
2019,db,home,10,2,72,0.027777777777777776
2019,db,home,11,1,72,0.013888888888888888
2019,db,home,12,0,72,0.0
2019,db,home,13,0,72,0.0
2019,db,home,14,0,72,0.0
2019,db,home,15,0,72,0.0
2019,db,home,16,0,72,0.0
2019,db,home,17,0,72,0.0
2019,db,home,18,0,72,0.0
2019,db,home,19,0,72,0.0
2019,db,home,20,0,72,0.0
2019,db,home,21,0,72,0.0
2019,db,home,22,0,72,0.0
2019,db,away,0,5,71,0.07042253521126761
2019,db,away,1,8,71,0.11267605633802817
2019,db,away,2,7,71,0.09859154929577464
2019,db,away,3,9,71,0.1267605633802817
2019,db,away,4,10,71,0.14084507042253522
2019,db,away,5,10,71,0.14084507042253522
2019,db,away,6,3,71,0.04225352112676056
2019,db,away,7,6,71,0.08450704225352113
2019,db,away,8,10,71,0.14084507042253522
2019,db,away,9,1,71,0.014084507042253521
2019,db,away,10,0,71,0.0
2019,db,away,11,0,71,0.0
2019,db,away,12,1,71,0.014084507042253521
2019,db,away,13,0,71,0.0
2019,db,away,14,0,71,0.0
2019,db,away,15,1,71,0.014084507042253521
2019,db,away,16,0,71,0.0
2019,db,away,17,0,71,0.0
2019,db,away,18,0,71,0.0
2019,db,away,19,0,71,0.0
2019,db,away,20,0,71,0.0
2019,db,away,21,0,71,0.0
2019,db,away,22,0,71,0.0
2019,g,home,0,1,71,0.014084507042253521
2019,g,home,1,7,71,0.09859154929577464
2019,g,home,2,8,71,0.11267605633802817
2019,g,home,3,15,71,0.2112676056338028
2019,g,home,4,13,71,0.18309859154929578
2019,g,home,5,9,71,0.1267605633802817
2019,g,home,6,5,71,0.07042253521126761
2019,g,home,7,3,71,0.04225352112676056
2019,g,home,8,5,71,0.07042253521126761
2019,g,home,9,1,71,0.014084507042253521
2019,g,home,10,1,71,0.014084507042253521
2019,g,home,11,2,71,0.028169014084507043
2019,g,home,12,0,71,0.0
2019,g,home,13,1,71,0.014084507042253521
2019,g,home,14,0,71,0.0
2019,g,home,15,0,71,0.0
2019,g,home,16,0,71,0.0
2019,g,home,17,0,71,0.0
2019,g,home,18,0,71,0.0
2019,g,home,19,0,71,0.0
2019,g,home,20,0,71,0.0
2019,g,home,21,0,71,0.0
2019,g,home,22,0,71,0.0
2019,g,away,0,4,72,0.05555555555555555
2019,g,away,1,8,72,0.1111111111111111
2019,g,away,2,15,72,0.20833333333333334
2019,g,away,3,12,72,0.16666666666666666
2019,g,away,4,9,72,0.125
2019,g,away,5,12,72,0.16666666666666666
2019,g,away,6,4,72,0.05555555555555555
2019,g,away,7,3,72,0.041666666666666664
2019,g,away,8,1,72,0.013888888888888888
2019,g,away,9,1,72,0.013888888888888888
2019,g,away,10,2,72,0.027777777777777776
2019,g,away,11,1,72,0.013888888888888888
2019,g,away,12,0,72,0.0
2019,g,away,13,0,72,0.0
2019,g,away,14,0,72,0.0
2019,g,away,15,0,72,0.0
2019,g,away,16,0,72,0.0
2019,g,away,17,0,72,0.0
2019,g,away,18,0,72,0.0
2019,g,away,19,0,72,0.0
2019,g,away,20,0,72,0.0
2019,g,away,21,0,72,0.0
2019,g,away,22,0,72,0.0
2019,s,home,0,0,71,0.0
2019,s,home,1,2,71,0.028169014084507043
2019,s,home,2,14,71,0.19718309859154928
2019,s,home,3,8,71,0.11267605633802817
2019,s,home,4,8,71,0.11267605633802817
2019,s,home,5,6,71,0.08450704225352113
2019,s,home,6,7,71,0.09859154929577464
2019,s,home,7,8,71,0.11267605633802817
2019,s,home,8,4,71,0.056338028169014086
2019,s,home,9,3,71,0.04225352112676056
2019,s,home,10,4,71,0.056338028169014086
2019,s,home,11,1,71,0.014084507042253521
2019,s,home,12,3,71,0.04225352112676056
2019,s,home,13,2,71,0.028169014084507043
2019,s,home,14,1,71,0.014084507042253521
2019,s,home,15,0,71,0.0
2019,s,home,16,0,71,0.0
2019,s,home,17,0,71,0.0
2019,s,home,18,0,71,0.0
2019,s,home,19,0,71,0.0
2019,s,home,20,0,71,0.0
2019,s,home,21,0,71,0.0
2019,s,home,22,0,71,0.0
2019,s,away,0,2,72,0.027777777777777776
2019,s,away,1,10,72,0.1388888888888889
2019,s,away,2,10,72,0.1388888888888889
2019,s,away,3,9,72,0.125
2019,s,away,4,9,72,0.125
2019,s,away,5,5,72,0.06944444444444445
2019,s,away,6,6,72,0.08333333333333333
2019,s,away,7,10,72,0.1388888888888889
2019,s,away,8,2,72,0.027777777777777776
2019,s,away,9,3,72,0.041666666666666664
2019,s,away,10,3,72,0.041666666666666664
2019,s,away,11,1,72,0.013888888888888888
2019,s,away,12,1,72,0.013888888888888888
2019,s,away,13,0,72,0.0
2019,s,away,14,0,72,0.0
2019,s,away,15,0,72,0.0
2019,s,away,16,0,72,0.0
2019,s,away,17,0,72,0.0
2019,s,away,18,0,72,0.0
2019,s,away,19,1,72,0.013888888888888888
2019,s,away,20,0,72,0.0
2019,s,away,21,0,72,0.0
2019,s,away,22,0,72,0.0
2019,t,home,0,9,72,0.125
2019,t,home,1,7,72,0.09722222222222222
2019,t,home,2,14,72,0.19444444444444445
2019,t,home,3,12,72,0.16666666666666666
2019,t,home,4,6,72,0.08333333333333333
2019,t,home,5,10,72,0.1388888888888889
2019,t,home,6,3,72,0.041666666666666664
2019,t,home,7,1,72,0.013888888888888888
2019,t,home,8,2,72,0.027777777777777776
2019,t,home,9,2,72,0.027777777777777776
2019,t,home,10,3,72,0.041666666666666664
2019,t,home,11,1,72,0.013888888888888888
2019,t,home,12,2,72,0.027777777777777776
2019,t,home,13,0,72,0.0
2019,t,home,14,0,72,0.0
2019,t,home,15,0,72,0.0
2019,t,home,16,0,72,0.0
2019,t,home,17,0,72,0.0
2019,t,home,18,0,72,0.0
2019,t,home,19,0,72,0.0
2019,t,home,20,0,72,0.0
2019,t,home,21,0,72,0.0
2019,t,home,22,0,72,0.0
2019,t,away,0,5,71,0.07042253521126761
2019,t,away,1,6,71,0.08450704225352113
2019,t,away,2,12,71,0.16901408450704225
2019,t,away,3,14,71,0.19718309859154928
2019,t,away,4,6,71,0.08450704225352113
2019,t,away,5,7,71,0.09859154929577464
2019,t,away,6,8,71,0.11267605633802817
2019,t,away,7,5,71,0.07042253521126761
2019,t,away,8,1,71,0.014084507042253521
2019,t,away,9,2,71,0.028169014084507043
2019,t,away,10,3,71,0.04225352112676056
2019,t,away,11,1,71,0.014084507042253521
2019,t,away,12,0,71,0.0
2019,t,away,13,0,71,0.0
2019,t,away,14,0,71,0.0
2019,t,away,15,0,71,0.0
2019,t,away,16,1,71,0.014084507042253521
2019,t,away,17,0,71,0.0
2019,t,away,18,0,71,0.0
2019,t,away,19,0,71,0.0
2019,t,away,20,0,71,0.0
2019,t,away,21,0,71,0.0
2019,t,away,22,0,71,0.0
2020,c,home,0,5,60,0.08333333333333333
2020,c,home,1,7,60,0.11666666666666667
2020,c,home,2,6,60,0.1
2020,c,home,3,10,60,0.16666666666666666
2020,c,home,4,7,60,0.11666666666666667
2020,c,home,5,7,60,0.11666666666666667
2020,c,home,6,3,60,0.05
2020,c,home,7,1,60,0.016666666666666666
2020,c,home,8,4,60,0.06666666666666667
2020,c,home,9,4,60,0.06666666666666667
2020,c,home,10,3,60,0.05
2020,c,home,11,0,60,0.0
2020,c,home,12,3,60,0.05
2020,c,home,13,0,60,0.0
2020,c,home,14,0,60,0.0
2020,c,home,15,0,60,0.0
2020,c,home,16,0,60,0.0
2020,c,home,17,0,60,0.0
2020,c,home,18,0,60,0.0
2020,c,home,19,0,60,0.0
2020,c,home,20,0,60,0.0
2020,c,home,21,0,60,0.0
2020,c,home,22,0,60,0.0
2020,c,away,0,2,60,0.03333333333333333
2020,c,away,1,6,60,0.1
2020,c,away,2,11,60,0.18333333333333332
2020,c,away,3,12,60,0.2
2020,c,away,4,4,60,0.06666666666666667
2020,c,away,5,9,60,0.15
2020,c,away,6,5,60,0.08333333333333333
2020,c,away,7,2,60,0.03333333333333333
2020,c,away,8,1,60,0.016666666666666666
2020,c,away,9,4,60,0.06666666666666667
2020,c,away,10,2,60,0.03333333333333333
2020,c,away,11,1,60,0.016666666666666666
2020,c,away,12,0,60,0.0
2020,c,away,13,0,60,0.0
2020,c,away,14,1,60,0.016666666666666666
2020,c,away,15,0,60,0.0
2020,c,away,16,0,60,0.0
2020,c,away,17,0,60,0.0
2020,c,away,18,0,60,0.0
2020,c,away,19,0,60,0.0
2020,c,away,20,0,60,0.0
2020,c,away,21,0,60,0.0
2020,c,away,22,0,60,0.0
2020,d,home,0,15,60,0.25
2020,d,home,1,9,60,0.15
2020,d,home,2,10,60,0.16666666666666666
2020,d,home,3,5,60,0.08333333333333333
2020,d,home,4,3,60,0.05
2020,d,home,5,7,60,0.11666666666666667
2020,d,home,6,1,60,0.016666666666666666
2020,d,home,7,2,60,0.03333333333333333
2020,d,home,8,2,60,0.03333333333333333
2020,d,home,9,3,60,0.05
2020,d,home,10,1,60,0.016666666666666666
2020,d,home,11,0,60,0.0
2020,d,home,12,0,60,0.0
2020,d,home,13,0,60,0.0
2020,d,home,14,0,60,0.0
2020,d,home,15,0,60,0.0
2020,d,home,16,0,60,0.0
2020,d,home,17,1,60,0.016666666666666666
2020,d,home,18,0,60,0.0
2020,d,home,19,1,60,0.016666666666666666
2020,d,home,20,0,60,0.0
2020,d,home,21,0,60,0.0
2020,d,home,22,0,60,0.0
2020,d,away,0,2,60,0.03333333333333333
2020,d,away,1,5,60,0.08333333333333333
2020,d,away,2,10,60,0.16666666666666666
2020,d,away,3,9,60,0.15
2020,d,away,4,5,60,0.08333333333333333
2020,d,away,5,5,60,0.08333333333333333
2020,d,away,6,6,60,0.1
2020,d,away,7,6,60,0.1
2020,d,away,8,3,60,0.05
2020,d,away,9,4,60,0.06666666666666667
2020,d,away,10,2,60,0.03333333333333333
2020,d,away,11,2,60,0.03333333333333333
2020,d,away,12,1,60,0.016666666666666666
2020,d,away,13,0,60,0.0
2020,d,away,14,0,60,0.0
2020,d,away,15,0,60,0.0
2020,d,away,16,0,60,0.0
2020,d,away,17,0,60,0.0
2020,d,away,18,0,60,0.0
2020,d,away,19,0,60,0.0
2020,d,away,20,0,60,0.0
2020,d,away,21,0,60,0.0
2020,d,away,22,0,60,0.0
2020,db,home,0,8,60,0.13333333333333333
2020,db,home,1,5,60,0.08333333333333333
2020,db,home,2,12,60,0.2
2020,db,home,3,6,60,0.1
2020,db,home,4,6,60,0.1
2020,db,home,5,6,60,0.1
2020,db,home,6,5,60,0.08333333333333333
2020,db,home,7,3,60,0.05
2020,db,home,8,3,60,0.05
2020,db,home,9,3,60,0.05
2020,db,home,10,2,60,0.03333333333333333
2020,db,home,11,0,60,0.0
2020,db,home,12,0,60,0.0
2020,db,home,13,1,60,0.016666666666666666
2020,db,home,14,0,60,0.0
2020,db,home,15,0,60,0.0
2020,db,home,16,0,60,0.0
2020,db,home,17,0,60,0.0
2020,db,home,18,0,60,0.0
2020,db,home,19,0,60,0.0
2020,db,home,20,0,60,0.0
2020,db,home,21,0,60,0.0
2020,db,home,22,0,60,0.0
2020,db,away,0,2,60,0.03333333333333333
2020,db,away,1,8,60,0.13333333333333333
2020,db,away,2,8,60,0.13333333333333333
2020,db,away,3,15,60,0.25
2020,db,away,4,7,60,0.11666666666666667
2020,db,away,5,7,60,0.11666666666666667
2020,db,away,6,5,60,0.08333333333333333
2020,db,away,7,1,60,0.016666666666666666
2020,db,away,8,2,60,0.03333333333333333
2020,db,away,9,2,60,0.03333333333333333
2020,db,away,10,1,60,0.016666666666666666
2020,db,away,11,0,60,0.0
2020,db,away,12,1,60,0.016666666666666666
2020,db,away,13,1,60,0.016666666666666666
2020,db,away,14,0,60,0.0
2020,db,away,15,0,60,0.0
2020,db,away,16,0,60,0.0
2020,db,away,17,0,60,0.0
2020,db,away,18,0,60,0.0
2020,db,away,19,0,60,0.0
2020,db,away,20,0,60,0.0
2020,db,away,21,0,60,0.0
2020,db,away,22,0,60,0.0
2020,g,home,0,5,60,0.08333333333333333
2020,g,home,1,10,60,0.16666666666666666
2020,g,home,2,8,60,0.13333333333333333
2020,g,home,3,12,60,0.2
2020,g,home,4,11,60,0.18333333333333332
2020,g,home,5,6,60,0.1
2020,g,home,6,3,60,0.05
2020,g,home,7,2,60,0.03333333333333333
2020,g,home,8,0,60,0.0
2020,g,home,9,2,60,0.03333333333333333
2020,g,home,10,0,60,0.0
2020,g,home,11,1,60,0.016666666666666666
2020,g,home,12,0,60,0.0
2020,g,home,13,0,60,0.0
2020,g,home,14,0,60,0.0
2020,g,home,15,0,60,0.0
2020,g,home,16,0,60,0.0
2020,g,home,17,0,60,0.0
2020,g,home,18,0,60,0.0
2020,g,home,19,0,60,0.0
2020,g,home,20,0,60,0.0
2020,g,home,21,0,60,0.0
2020,g,home,22,0,60,0.0
2020,g,away,0,6,60,0.1
2020,g,away,1,8,60,0.13333333333333333
2020,g,away,2,13,60,0.21666666666666667
2020,g,away,3,4,60,0.06666666666666667
2020,g,away,4,7,60,0.11666666666666667
2020,g,away,5,9,60,0.15
2020,g,away,6,3,60,0.05
2020,g,away,7,4,60,0.06666666666666667
2020,g,away,8,0,60,0.0
2020,g,away,9,2,60,0.03333333333333333
2020,g,away,10,3,60,0.05
2020,g,away,11,1,60,0.016666666666666666
2020,g,away,12,0,60,0.0
2020,g,away,13,0,60,0.0
2020,g,away,14,0,60,0.0
2020,g,away,15,0,60,0.0
2020,g,away,16,0,60,0.0
2020,g,away,17,0,60,0.0
2020,g,away,18,0,60,0.0
2020,g,away,19,0,60,0.0
2020,g,away,20,0,60,0.0
2020,g,away,21,0,60,0.0
2020,g,away,22,0,60,0.0
2020,s,home,0,2,60,0.03333333333333333
2020,s,home,1,6,60,0.1
2020,s,home,2,4,60,0.06666666666666667
2020,s,home,3,8,60,0.13333333333333333
2020,s,home,4,5,60,0.08333333333333333
2020,s,home,5,10,60,0.16666666666666666
2020,s,home,6,6,60,0.1
2020,s,home,7,4,60,0.06666666666666667
2020,s,home,8,6,60,0.1
2020,s,home,9,4,60,0.06666666666666667
2020,s,home,10,0,60,0.0
2020,s,home,11,1,60,0.016666666666666666
2020,s,home,12,2,60,0.03333333333333333
2020,s,home,13,1,60,0.016666666666666666
2020,s,home,14,0,60,0.0
2020,s,home,15,0,60,0.0
2020,s,home,16,0,60,0.0
2020,s,home,17,0,60,0.0
2020,s,home,18,0,60,0.0
2020,s,home,19,0,60,0.0
2020,s,home,20,1,60,0.016666666666666666
2020,s,home,21,0,60,0.0
2020,s,home,22,0,60,0.0
2020,s,away,0,3,60,0.05
2020,s,away,1,3,60,0.05
2020,s,away,2,7,60,0.11666666666666667
2020,s,away,3,11,60,0.18333333333333332
2020,s,away,4,10,60,0.16666666666666666
2020,s,away,5,7,60,0.11666666666666667
2020,s,away,6,9,60,0.15
2020,s,away,7,2,60,0.03333333333333333
2020,s,away,8,3,60,0.05
2020,s,away,9,3,60,0.05
2020,s,away,10,1,60,0.016666666666666666
2020,s,away,11,1,60,0.016666666666666666
2020,s,away,12,0,60,0.0
2020,s,away,13,0,60,0.0
2020,s,away,14,0,60,0.0
2020,s,away,15,0,60,0.0
2020,s,away,16,0,60,0.0
2020,s,away,17,0,60,0.0
2020,s,away,18,0,60,0.0
2020,s,away,19,0,60,0.0
2020,s,away,20,0,60,0.0
2020,s,away,21,0,60,0.0
2020,s,away,22,0,60,0.0
2020,t,home,0,6,60,0.1
2020,t,home,1,13,60,0.21666666666666667
2020,t,home,2,4,60,0.06666666666666667
2020,t,home,3,14,60,0.23333333333333334
2020,t,home,4,9,60,0.15
2020,t,home,5,3,60,0.05
2020,t,home,6,2,60,0.03333333333333333
2020,t,home,7,5,60,0.08333333333333333
2020,t,home,8,0,60,0.0
2020,t,home,9,3,60,0.05
2020,t,home,10,0,60,0.0
2020,t,home,11,1,60,0.016666666666666666
2020,t,home,12,0,60,0.0
2020,t,home,13,0,60,0.0
2020,t,home,14,0,60,0.0
2020,t,home,15,0,60,0.0
2020,t,home,16,0,60,0.0
2020,t,home,17,0,60,0.0
2020,t,home,18,0,60,0.0
2020,t,home,19,0,60,0.0
2020,t,home,20,0,60,0.0
2020,t,home,21,0,60,0.0
2020,t,home,22,0,60,0.0
2020,t,away,0,2,60,0.03333333333333333
2020,t,away,1,6,60,0.1
2020,t,away,2,6,60,0.1
2020,t,away,3,10,60,0.16666666666666666
2020,t,away,4,9,60,0.15
2020,t,away,5,7,60,0.11666666666666667
2020,t,away,6,11,60,0.18333333333333332
2020,t,away,7,4,60,0.06666666666666667
2020,t,away,8,1,60,0.016666666666666666
2020,t,away,9,2,60,0.03333333333333333
2020,t,away,10,0,60,0.0
2020,t,away,11,2,60,0.03333333333333333
2020,t,away,12,0,60,0.0
2020,t,away,13,0,60,0.0
2020,t,away,14,0,60,0.0
2020,t,away,15,0,60,0.0
2020,t,away,16,0,60,0.0
2020,t,away,17,0,60,0.0
2020,t,away,18,0,60,0.0
2020,t,away,19,0,60,0.0
2020,t,away,20,0,60,0.0
2020,t,away,21,0,60,0.0
2020,t,away,22,0,60,0.0
2021,c,home,0,9,72,0.125
2021,c,home,1,10,72,0.1388888888888889
2021,c,home,2,7,72,0.09722222222222222
2021,c,home,3,9,72,0.125
2021,c,home,4,11,72,0.1527777777777778
2021,c,home,5,6,72,0.08333333333333333
2021,c,home,6,5,72,0.06944444444444445
2021,c,home,7,6,72,0.08333333333333333
2021,c,home,8,3,72,0.041666666666666664
2021,c,home,9,3,72,0.041666666666666664
2021,c,home,10,0,72,0.0
2021,c,home,11,0,72,0.0
2021,c,home,12,1,72,0.013888888888888888
2021,c,home,13,2,72,0.027777777777777776
2021,c,home,14,0,72,0.0
2021,c,home,15,0,72,0.0
2021,c,home,16,0,72,0.0
2021,c,home,17,0,72,0.0
2021,c,home,18,0,72,0.0
2021,c,home,19,0,72,0.0
2021,c,home,20,0,72,0.0
2021,c,home,21,0,72,0.0
2021,c,home,22,0,72,0.0
2021,c,away,0,6,71,0.08450704225352113
2021,c,away,1,4,71,0.056338028169014086
2021,c,away,2,13,71,0.18309859154929578
2021,c,away,3,16,71,0.22535211267605634
2021,c,away,4,7,71,0.09859154929577464
2021,c,away,5,3,71,0.04225352112676056
2021,c,away,6,1,71,0.014084507042253521
2021,c,away,7,9,71,0.1267605633802817
2021,c,away,8,4,71,0.056338028169014086
2021,c,away,9,2,71,0.028169014084507043
2021,c,away,10,3,71,0.04225352112676056
2021,c,away,11,3,71,0.04225352112676056
2021,c,away,12,0,71,0.0
2021,c,away,13,0,71,0.0
2021,c,away,14,0,71,0.0
2021,c,away,15,0,71,0.0
2021,c,away,16,0,71,0.0
2021,c,away,17,0,71,0.0
2021,c,away,18,0,71,0.0
2021,c,away,19,0,71,0.0
2021,c,away,20,0,71,0.0
2021,c,away,21,0,71,0.0
2021,c,away,22,0,71,0.0
2021,d,home,0,12,71,0.16901408450704225
2021,d,home,1,12,71,0.16901408450704225
2021,d,home,2,12,71,0.16901408450704225
2021,d,home,3,14,71,0.19718309859154928
2021,d,home,4,6,71,0.08450704225352113
2021,d,home,5,9,71,0.1267605633802817
2021,d,home,6,2,71,0.028169014084507043
2021,d,home,7,3,71,0.04225352112676056
2021,d,home,8,0,71,0.0
2021,d,home,9,1,71,0.014084507042253521
2021,d,home,10,0,71,0.0
2021,d,home,11,0,71,0.0
2021,d,home,12,0,71,0.0
2021,d,home,13,0,71,0.0
2021,d,home,14,0,71,0.0
2021,d,home,15,0,71,0.0
2021,d,home,16,0,71,0.0
2021,d,home,17,0,71,0.0
2021,d,home,18,0,71,0.0
2021,d,home,19,0,71,0.0
2021,d,home,20,0,71,0.0
2021,d,home,21,0,71,0.0
2021,d,home,22,0,71,0.0
2021,d,away,0,6,72,0.08333333333333333
2021,d,away,1,9,72,0.125
2021,d,away,2,10,72,0.1388888888888889
2021,d,away,3,11,72,0.1527777777777778
2021,d,away,4,10,72,0.1388888888888889
2021,d,away,5,8,72,0.1111111111111111
2021,d,away,6,8,72,0.1111111111111111
2021,d,away,7,1,72,0.013888888888888888
2021,d,away,8,2,72,0.027777777777777776
2021,d,away,9,3,72,0.041666666666666664
2021,d,away,10,1,72,0.013888888888888888
2021,d,away,11,1,72,0.013888888888888888
2021,d,away,12,1,72,0.013888888888888888
2021,d,away,13,0,72,0.0
2021,d,away,14,0,72,0.0
2021,d,away,15,0,72,0.0
2021,d,away,16,1,72,0.013888888888888888
2021,d,away,17,0,72,0.0
2021,d,away,18,0,72,0.0
2021,d,away,19,0,72,0.0
2021,d,away,20,0,72,0.0
2021,d,away,21,0,72,0.0
2021,d,away,22,0,72,0.0
2021,db,home,0,3,71,0.04225352112676056
2021,db,home,1,7,71,0.09859154929577464
2021,db,home,2,9,71,0.1267605633802817
2021,db,home,3,11,71,0.15492957746478872
2021,db,home,4,11,71,0.15492957746478872
2021,db,home,5,9,71,0.1267605633802817
2021,db,home,6,3,71,0.04225352112676056
2021,db,home,7,7,71,0.09859154929577464
2021,db,home,8,2,71,0.028169014084507043
2021,db,home,9,3,71,0.04225352112676056
2021,db,home,10,1,71,0.014084507042253521
2021,db,home,11,3,71,0.04225352112676056
2021,db,home,12,1,71,0.014084507042253521
2021,db,home,13,0,71,0.0
2021,db,home,14,1,71,0.014084507042253521
2021,db,home,15,0,71,0.0
2021,db,home,16,0,71,0.0
2021,db,home,17,0,71,0.0
2021,db,home,18,0,71,0.0
2021,db,home,19,0,71,0.0
2021,db,home,20,0,71,0.0
2021,db,home,21,0,71,0.0
2021,db,home,22,0,71,0.0
2021,db,away,0,4,72,0.05555555555555555
2021,db,away,1,10,72,0.1388888888888889
2021,db,away,2,11,72,0.1527777777777778
2021,db,away,3,13,72,0.18055555555555555
2021,db,away,4,5,72,0.06944444444444445
2021,db,away,5,9,72,0.125
2021,db,away,6,4,72,0.05555555555555555
2021,db,away,7,4,72,0.05555555555555555
2021,db,away,8,5,72,0.06944444444444445
2021,db,away,9,3,72,0.041666666666666664
2021,db,away,10,3,72,0.041666666666666664
2021,db,away,11,0,72,0.0
2021,db,away,12,0,72,0.0
2021,db,away,13,1,72,0.013888888888888888
2021,db,away,14,0,72,0.0
2021,db,away,15,0,72,0.0
2021,db,away,16,0,72,0.0
2021,db,away,17,0,72,0.0
2021,db,away,18,0,72,0.0
2021,db,away,19,0,72,0.0
2021,db,away,20,0,72,0.0
2021,db,away,21,0,72,0.0
2021,db,away,22,0,72,0.0
2021,g,home,0,2,72,0.027777777777777776
2021,g,home,1,13,72,0.18055555555555555
2021,g,home,2,14,72,0.19444444444444445
2021,g,home,3,10,72,0.1388888888888889
2021,g,home,4,8,72,0.1111111111111111
2021,g,home,5,3,72,0.041666666666666664
2021,g,home,6,8,72,0.1111111111111111
2021,g,home,7,2,72,0.027777777777777776
2021,g,home,8,4,72,0.05555555555555555
2021,g,home,9,2,72,0.027777777777777776
2021,g,home,10,3,72,0.041666666666666664
2021,g,home,11,2,72,0.027777777777777776
2021,g,home,12,0,72,0.0
2021,g,home,13,0,72,0.0
2021,g,home,14,1,72,0.013888888888888888
2021,g,home,15,0,72,0.0
2021,g,home,16,0,72,0.0
2021,g,home,17,0,72,0.0
2021,g,home,18,0,72,0.0
2021,g,home,19,0,72,0.0
2021,g,home,20,0,72,0.0
2021,g,home,21,0,72,0.0
2021,g,home,22,0,72,0.0
2021,g,away,0,7,71,0.09859154929577464
2021,g,away,1,14,71,0.19718309859154928
2021,g,away,2,10,71,0.14084507042253522
2021,g,away,3,10,71,0.14084507042253522
2021,g,away,4,9,71,0.1267605633802817
2021,g,away,5,6,71,0.08450704225352113
2021,g,away,6,5,71,0.07042253521126761
2021,g,away,7,4,71,0.056338028169014086
2021,g,away,8,3,71,0.04225352112676056
2021,g,away,9,1,71,0.014084507042253521
2021,g,away,10,0,71,0.0
2021,g,away,11,1,71,0.014084507042253521
2021,g,away,12,0,71,0.0
2021,g,away,13,1,71,0.014084507042253521
2021,g,away,14,0,71,0.0
2021,g,away,15,0,71,0.0
2021,g,away,16,0,71,0.0
2021,g,away,17,0,71,0.0
2021,g,away,18,0,71,0.0
2021,g,away,19,0,71,0.0
2021,g,away,20,0,71,0.0
2021,g,away,21,0,71,0.0
2021,g,away,22,0,71,0.0
2021,s,home,0,9,72,0.125
2021,s,home,1,8,72,0.1111111111111111
2021,s,home,2,11,72,0.1527777777777778
2021,s,home,3,9,72,0.125
2021,s,home,4,11,72,0.1527777777777778
2021,s,home,5,6,72,0.08333333333333333
2021,s,home,6,4,72,0.05555555555555555
2021,s,home,7,7,72,0.09722222222222222
2021,s,home,8,1,72,0.013888888888888888
2021,s,home,9,2,72,0.027777777777777776
2021,s,home,10,1,72,0.013888888888888888
2021,s,home,11,2,72,0.027777777777777776
2021,s,home,12,0,72,0.0
2021,s,home,13,0,72,0.0
2021,s,home,14,1,72,0.013888888888888888
2021,s,home,15,0,72,0.0
2021,s,home,16,0,72,0.0
2021,s,home,17,0,72,0.0
2021,s,home,18,0,72,0.0
2021,s,home,19,0,72,0.0
2021,s,home,20,0,72,0.0
2021,s,home,21,0,72,0.0
2021,s,home,22,0,72,0.0
2021,s,away,0,6,71,0.08450704225352113
2021,s,away,1,14,71,0.19718309859154928
2021,s,away,2,14,71,0.19718309859154928
2021,s,away,3,10,71,0.14084507042253522
2021,s,away,4,7,71,0.09859154929577464
2021,s,away,5,5,71,0.07042253521126761
2021,s,away,6,2,71,0.028169014084507043
2021,s,away,7,3,71,0.04225352112676056
2021,s,away,8,2,71,0.028169014084507043
2021,s,away,9,2,71,0.028169014084507043
2021,s,away,10,3,71,0.04225352112676056
2021,s,away,11,3,71,0.04225352112676056
2021,s,away,12,0,71,0.0
2021,s,away,13,0,71,0.0
2021,s,away,14,0,71,0.0
2021,s,away,15,0,71,0.0
2021,s,away,16,0,71,0.0
2021,s,away,17,0,71,0.0
2021,s,away,18,0,71,0.0
2021,s,away,19,0,71,0.0
2021,s,away,20,0,71,0.0
2021,s,away,21,0,71,0.0
2021,s,away,22,0,71,0.0
2021,t,home,0,10,71,0.14084507042253522
2021,t,home,1,13,71,0.18309859154929578
2021,t,home,2,8,71,0.11267605633802817
2021,t,home,3,11,71,0.15492957746478872
2021,t,home,4,4,71,0.056338028169014086
2021,t,home,5,4,71,0.056338028169014086
2021,t,home,6,5,71,0.07042253521126761
2021,t,home,7,3,71,0.04225352112676056
2021,t,home,8,7,71,0.09859154929577464
2021,t,home,9,1,71,0.014084507042253521
2021,t,home,10,2,71,0.028169014084507043
2021,t,home,11,0,71,0.0
2021,t,home,12,1,71,0.014084507042253521
2021,t,home,13,1,71,0.014084507042253521
2021,t,home,14,1,71,0.014084507042253521
2021,t,home,15,0,71,0.0
2021,t,home,16,0,71,0.0
2021,t,home,17,0,71,0.0
2021,t,home,18,0,71,0.0
2021,t,home,19,0,71,0.0
2021,t,home,20,0,71,0.0
2021,t,home,21,0,71,0.0
2021,t,home,22,0,71,0.0
2021,t,away,0,7,72,0.09722222222222222
2021,t,away,1,13,72,0.18055555555555555
2021,t,away,2,17,72,0.2361111111111111
2021,t,away,3,6,72,0.08333333333333333
2021,t,away,4,5,72,0.06944444444444445
2021,t,away,5,9,72,0.125
2021,t,away,6,8,72,0.1111111111111111
2021,t,away,7,3,72,0.041666666666666664
2021,t,away,8,3,72,0.041666666666666664
2021,t,away,9,0,72,0.0
2021,t,away,10,0,72,0.0
2021,t,away,11,0,72,0.0
2021,t,away,12,1,72,0.013888888888888888
2021,t,away,13,0,72,0.0
2021,t,away,14,0,72,0.0
2021,t,away,15,0,72,0.0
2021,t,away,16,0,72,0.0
2021,t,away,17,0,72,0.0
2021,t,away,18,0,72,0.0
2021,t,away,19,0,72,0.0
2021,t,away,20,0,72,0.0
2021,t,away,21,0,72,0.0
2021,t,away,22,0,72,0.0
2022,c,home,0,11,71,0.15492957746478872
2022,c,home,1,6,71,0.08450704225352113
2022,c,home,2,6,71,0.08450704225352113
2022,c,home,3,14,71,0.19718309859154928
2022,c,home,4,9,71,0.1267605633802817
2022,c,home,5,9,71,0.1267605633802817
2022,c,home,6,5,71,0.07042253521126761
2022,c,home,7,6,71,0.08450704225352113
2022,c,home,8,1,71,0.014084507042253521
2022,c,home,9,3,71,0.04225352112676056
2022,c,home,10,1,71,0.014084507042253521
2022,c,home,11,0,71,0.0
2022,c,home,12,0,71,0.0
2022,c,home,13,0,71,0.0
2022,c,home,14,0,71,0.0
2022,c,home,15,0,71,0.0
2022,c,home,16,0,71,0.0
2022,c,home,17,0,71,0.0
2022,c,home,18,0,71,0.0
2022,c,home,19,0,71,0.0
2022,c,home,20,0,71,0.0
2022,c,home,21,0,71,0.0
2022,c,home,22,0,71,0.0
2022,c,away,0,6,72,0.08333333333333333
2022,c,away,1,7,72,0.09722222222222222
2022,c,away,2,8,72,0.1111111111111111
2022,c,away,3,16,72,0.2222222222222222
2022,c,away,4,10,72,0.1388888888888889
2022,c,away,5,6,72,0.08333333333333333
2022,c,away,6,6,72,0.08333333333333333
2022,c,away,7,4,72,0.05555555555555555
2022,c,away,8,5,72,0.06944444444444445
2022,c,away,9,1,72,0.013888888888888888
2022,c,away,10,1,72,0.013888888888888888
2022,c,away,11,2,72,0.027777777777777776
2022,c,away,12,0,72,0.0
2022,c,away,13,0,72,0.0
2022,c,away,14,0,72,0.0
2022,c,away,15,0,72,0.0
2022,c,away,16,0,72,0.0
2022,c,away,17,0,72,0.0
2022,c,away,18,0,72,0.0
2022,c,away,19,0,72,0.0
2022,c,away,20,0,72,0.0
2022,c,away,21,0,72,0.0
2022,c,away,22,0,72,0.0
2022,d,home,0,9,71,0.1267605633802817
2022,d,home,1,15,71,0.2112676056338028
2022,d,home,2,14,71,0.19718309859154928
2022,d,home,3,10,71,0.14084507042253522
2022,d,home,4,5,71,0.07042253521126761
2022,d,home,5,3,71,0.04225352112676056
2022,d,home,6,5,71,0.07042253521126761
2022,d,home,7,6,71,0.08450704225352113
2022,d,home,8,1,71,0.014084507042253521
2022,d,home,9,1,71,0.014084507042253521
2022,d,home,10,1,71,0.014084507042253521
2022,d,home,11,0,71,0.0
2022,d,home,12,1,71,0.014084507042253521
2022,d,home,13,0,71,0.0
2022,d,home,14,0,71,0.0
2022,d,home,15,0,71,0.0
2022,d,home,16,0,71,0.0
2022,d,home,17,0,71,0.0
2022,d,home,18,0,71,0.0
2022,d,home,19,0,71,0.0
2022,d,home,20,0,71,0.0
2022,d,home,21,0,71,0.0
2022,d,home,22,0,71,0.0
2022,d,away,0,10,72,0.1388888888888889
2022,d,away,1,10,72,0.1388888888888889
2022,d,away,2,8,72,0.1111111111111111
2022,d,away,3,12,72,0.16666666666666666
2022,d,away,4,3,72,0.041666666666666664
2022,d,away,5,7,72,0.09722222222222222
2022,d,away,6,9,72,0.125
2022,d,away,7,4,72,0.05555555555555555
2022,d,away,8,2,72,0.027777777777777776
2022,d,away,9,2,72,0.027777777777777776
2022,d,away,10,4,72,0.05555555555555555
2022,d,away,11,1,72,0.013888888888888888
2022,d,away,12,0,72,0.0
2022,d,away,13,0,72,0.0
2022,d,away,14,0,72,0.0
2022,d,away,15,0,72,0.0
2022,d,away,16,0,72,0.0
2022,d,away,17,0,72,0.0
2022,d,away,18,0,72,0.0
2022,d,away,19,0,72,0.0
2022,d,away,20,0,72,0.0
2022,d,away,21,0,72,0.0
2022,d,away,22,0,72,0.0
2022,db,home,0,11,72,0.1527777777777778
2022,db,home,1,13,72,0.18055555555555555
2022,db,home,2,10,72,0.1388888888888889
2022,db,home,3,8,72,0.1111111111111111
2022,db,home,4,4,72,0.05555555555555555
2022,db,home,5,10,72,0.1388888888888889
2022,db,home,6,3,72,0.041666666666666664
2022,db,home,7,4,72,0.05555555555555555
2022,db,home,8,3,72,0.041666666666666664
2022,db,home,9,2,72,0.027777777777777776
2022,db,home,10,2,72,0.027777777777777776
2022,db,home,11,1,72,0.013888888888888888
2022,db,home,12,0,72,0.0
2022,db,home,13,0,72,0.0
2022,db,home,14,0,72,0.0
2022,db,home,15,0,72,0.0
2022,db,home,16,1,72,0.013888888888888888
2022,db,home,17,0,72,0.0
2022,db,home,18,0,72,0.0
2022,db,home,19,0,72,0.0
2022,db,home,20,0,72,0.0
2022,db,home,21,0,72,0.0
2022,db,home,22,0,72,0.0
2022,db,away,0,10,71,0.14084507042253522
2022,db,away,1,9,71,0.1267605633802817
2022,db,away,2,7,71,0.09859154929577464
2022,db,away,3,9,71,0.1267605633802817
2022,db,away,4,12,71,0.16901408450704225
2022,db,away,5,8,71,0.11267605633802817
2022,db,away,6,7,71,0.09859154929577464
2022,db,away,7,2,71,0.028169014084507043
2022,db,away,8,2,71,0.028169014084507043
2022,db,away,9,0,71,0.0
2022,db,away,10,2,71,0.028169014084507043
2022,db,away,11,1,71,0.014084507042253521
2022,db,away,12,0,71,0.0
2022,db,away,13,0,71,0.0
2022,db,away,14,0,71,0.0
2022,db,away,15,0,71,0.0
2022,db,away,16,0,71,0.0
2022,db,away,17,1,71,0.014084507042253521
2022,db,away,18,1,71,0.014084507042253521
2022,db,away,19,0,71,0.0
2022,db,away,20,0,71,0.0
2022,db,away,21,0,71,0.0
2022,db,away,22,0,71,0.0
2022,g,home,0,3,72,0.041666666666666664
2022,g,home,1,6,72,0.08333333333333333
2022,g,home,2,13,72,0.18055555555555555
2022,g,home,3,15,72,0.20833333333333334
2022,g,home,4,9,72,0.125
2022,g,home,5,6,72,0.08333333333333333
2022,g,home,6,7,72,0.09722222222222222
2022,g,home,7,3,72,0.041666666666666664
2022,g,home,8,3,72,0.041666666666666664
2022,g,home,9,1,72,0.013888888888888888
2022,g,home,10,3,72,0.041666666666666664
2022,g,home,11,2,72,0.027777777777777776
2022,g,home,12,0,72,0.0
2022,g,home,13,1,72,0.013888888888888888
2022,g,home,14,0,72,0.0
2022,g,home,15,0,72,0.0
2022,g,home,16,0,72,0.0
2022,g,home,17,0,72,0.0
2022,g,home,18,0,72,0.0
2022,g,home,19,0,72,0.0
2022,g,home,20,0,72,0.0
2022,g,home,21,0,72,0.0
2022,g,home,22,0,72,0.0
2022,g,away,0,5,71,0.07042253521126761
2022,g,away,1,10,71,0.14084507042253522
2022,g,away,2,11,71,0.15492957746478872
2022,g,away,3,16,71,0.22535211267605634
2022,g,away,4,6,71,0.08450704225352113
2022,g,away,5,5,71,0.07042253521126761
2022,g,away,6,3,71,0.04225352112676056
2022,g,away,7,5,71,0.07042253521126761
2022,g,away,8,3,71,0.04225352112676056
2022,g,away,9,3,71,0.04225352112676056
2022,g,away,10,0,71,0.0
2022,g,away,11,1,71,0.014084507042253521
2022,g,away,12,1,71,0.014084507042253521
2022,g,away,13,1,71,0.014084507042253521
2022,g,away,14,0,71,0.0
2022,g,away,15,0,71,0.0
2022,g,away,16,1,71,0.014084507042253521
2022,g,away,17,0,71,0.0
2022,g,away,18,0,71,0.0
2022,g,away,19,0,71,0.0
2022,g,away,20,0,71,0.0
2022,g,away,21,0,71,0.0
2022,g,away,22,0,71,0.0
2022,s,home,0,8,71,0.11267605633802817
2022,s,home,1,9,71,0.1267605633802817
2022,s,home,2,10,71,0.14084507042253522
2022,s,home,3,9,71,0.1267605633802817
2022,s,home,4,5,71,0.07042253521126761
2022,s,home,5,4,71,0.056338028169014086
2022,s,home,6,9,71,0.1267605633802817
2022,s,home,7,3,71,0.04225352112676056
2022,s,home,8,3,71,0.04225352112676056
2022,s,home,9,3,71,0.04225352112676056
2022,s,home,10,3,71,0.04225352112676056
2022,s,home,11,2,71,0.028169014084507043
2022,s,home,12,0,71,0.0
2022,s,home,13,0,71,0.0
2022,s,home,14,0,71,0.0
2022,s,home,15,2,71,0.028169014084507043
2022,s,home,16,0,71,0.0
2022,s,home,17,0,71,0.0
2022,s,home,18,0,71,0.0
2022,s,home,19,1,71,0.014084507042253521
2022,s,home,20,0,71,0.0
2022,s,home,21,0,71,0.0
2022,s,home,22,0,71,0.0
2022,s,away,0,8,72,0.1111111111111111
2022,s,away,1,5,72,0.06944444444444445
2022,s,away,2,14,72,0.19444444444444445
2022,s,away,3,15,72,0.20833333333333334
2022,s,away,4,13,72,0.18055555555555555
2022,s,away,5,4,72,0.05555555555555555
2022,s,away,6,6,72,0.08333333333333333
2022,s,away,7,2,72,0.027777777777777776
2022,s,away,8,3,72,0.041666666666666664
2022,s,away,9,1,72,0.013888888888888888
2022,s,away,10,1,72,0.013888888888888888
2022,s,away,11,0,72,0.0
2022,s,away,12,0,72,0.0
2022,s,away,13,0,72,0.0
2022,s,away,14,0,72,0.0
2022,s,away,15,0,72,0.0
2022,s,away,16,0,72,0.0
2022,s,away,17,0,72,0.0
2022,s,away,18,0,72,0.0
2022,s,away,19,0,72,0.0
2022,s,away,20,0,72,0.0
2022,s,away,21,0,72,0.0
2022,s,away,22,0,72,0.0
2022,t,home,0,13,72,0.18055555555555555
2022,t,home,1,13,72,0.18055555555555555
2022,t,home,2,8,72,0.1111111111111111
2022,t,home,3,12,72,0.16666666666666666
2022,t,home,4,8,72,0.1111111111111111
2022,t,home,5,6,72,0.08333333333333333
2022,t,home,6,5,72,0.06944444444444445
2022,t,home,7,3,72,0.041666666666666664
2022,t,home,8,1,72,0.013888888888888888
2022,t,home,9,1,72,0.013888888888888888
2022,t,home,10,2,72,0.027777777777777776
2022,t,home,11,0,72,0.0
2022,t,home,12,0,72,0.0
2022,t,home,13,0,72,0.0
2022,t,home,14,0,72,0.0
2022,t,home,15,0,72,0.0
2022,t,home,16,0,72,0.0
2022,t,home,17,0,72,0.0
2022,t,home,18,0,72,0.0
2022,t,home,19,0,72,0.0
2022,t,home,20,0,72,0.0
2022,t,home,21,0,72,0.0
2022,t,home,22,0,72,0.0
2022,t,away,0,7,71,0.09859154929577464
2022,t,away,1,16,71,0.22535211267605634
2022,t,away,2,10,71,0.14084507042253522
2022,t,away,3,14,71,0.19718309859154928
2022,t,away,4,6,71,0.08450704225352113
2022,t,away,5,8,71,0.11267605633802817
2022,t,away,6,4,71,0.056338028169014086
2022,t,away,7,3,71,0.04225352112676056
2022,t,away,8,1,71,0.014084507042253521
2022,t,away,9,2,71,0.028169014084507043
2022,t,away,10,0,71,0.0
2022,t,away,11,0,71,0.0
2022,t,away,12,0,71,0.0
2022,t,away,13,0,71,0.0
2022,t,away,14,0,71,0.0
2022,t,away,15,0,71,0.0
2022,t,away,16,0,71,0.0
2022,t,away,17,0,71,0.0
2022,t,away,18,0,71,0.0
2022,t,away,19,0,71,0.0
2022,t,away,20,0,71,0.0
2022,t,away,21,0,71,0.0
2022,t,away,22,0,71,0.0
2023,c,home,0,8,72,0.1111111111111111
2023,c,home,1,9,72,0.125
2023,c,home,2,10,72,0.1388888888888889
2023,c,home,3,17,72,0.2361111111111111
2023,c,home,4,5,72,0.06944444444444445
2023,c,home,5,12,72,0.16666666666666666
2023,c,home,6,5,72,0.06944444444444445
2023,c,home,7,1,72,0.013888888888888888
2023,c,home,8,1,72,0.013888888888888888
2023,c,home,9,1,72,0.013888888888888888
2023,c,home,10,0,72,0.0
2023,c,home,11,2,72,0.027777777777777776
2023,c,home,12,0,72,0.0
2023,c,home,13,1,72,0.013888888888888888
2023,c,home,14,0,72,0.0
2023,c,home,15,0,72,0.0
2023,c,home,16,0,72,0.0
2023,c,home,17,0,72,0.0
2023,c,home,18,0,72,0.0
2023,c,home,19,0,72,0.0
2023,c,home,20,0,72,0.0
2023,c,home,21,0,72,0.0
2023,c,home,22,0,72,0.0
2023,c,away,0,7,71,0.09859154929577464
2023,c,away,1,9,71,0.1267605633802817
2023,c,away,2,13,71,0.18309859154929578
2023,c,away,3,7,71,0.09859154929577464
2023,c,away,4,12,71,0.16901408450704225
2023,c,away,5,12,71,0.16901408450704225
2023,c,away,6,2,71,0.028169014084507043
2023,c,away,7,3,71,0.04225352112676056
2023,c,away,8,2,71,0.028169014084507043
2023,c,away,9,1,71,0.014084507042253521
2023,c,away,10,0,71,0.0
2023,c,away,11,1,71,0.014084507042253521
2023,c,away,12,0,71,0.0
2023,c,away,13,2,71,0.028169014084507043
2023,c,away,14,0,71,0.0
2023,c,away,15,0,71,0.0
2023,c,away,16,0,71,0.0
2023,c,away,17,0,71,0.0
2023,c,away,18,0,71,0.0
2023,c,away,19,0,71,0.0
2023,c,away,20,0,71,0.0
2023,c,away,21,0,71,0.0
2023,c,away,22,0,71,0.0
2023,d,home,0,6,72,0.08333333333333333
2023,d,home,1,21,72,0.2916666666666667
2023,d,home,2,13,72,0.18055555555555555
2023,d,home,3,9,72,0.125
2023,d,home,4,5,72,0.06944444444444445
2023,d,home,5,7,72,0.09722222222222222
2023,d,home,6,3,72,0.041666666666666664
2023,d,home,7,4,72,0.05555555555555555
2023,d,home,8,1,72,0.013888888888888888
2023,d,home,9,1,72,0.013888888888888888
2023,d,home,10,1,72,0.013888888888888888
2023,d,home,11,0,72,0.0
2023,d,home,12,0,72,0.0
2023,d,home,13,0,72,0.0
2023,d,home,14,0,72,0.0
2023,d,home,15,0,72,0.0
2023,d,home,16,0,72,0.0
2023,d,home,17,0,72,0.0
2023,d,home,18,1,72,0.013888888888888888
2023,d,home,19,0,72,0.0
2023,d,home,20,0,72,0.0
2023,d,home,21,0,72,0.0
2023,d,home,22,0,72,0.0
2023,d,away,0,3,71,0.04225352112676056
2023,d,away,1,12,71,0.16901408450704225
2023,d,away,2,13,71,0.18309859154929578
2023,d,away,3,13,71,0.18309859154929578
2023,d,away,4,6,71,0.08450704225352113
2023,d,away,5,6,71,0.08450704225352113
2023,d,away,6,4,71,0.056338028169014086
2023,d,away,7,2,71,0.028169014084507043
2023,d,away,8,8,71,0.11267605633802817
2023,d,away,9,0,71,0.0
2023,d,away,10,1,71,0.014084507042253521
2023,d,away,11,2,71,0.028169014084507043
2023,d,away,12,0,71,0.0
2023,d,away,13,1,71,0.014084507042253521
2023,d,away,14,0,71,0.0
2023,d,away,15,0,71,0.0
2023,d,away,16,0,71,0.0
2023,d,away,17,0,71,0.0
2023,d,away,18,0,71,0.0
2023,d,away,19,0,71,0.0
2023,d,away,20,0,71,0.0
2023,d,away,21,0,71,0.0
2023,d,away,22,0,71,0.0
2023,db,home,0,7,71,0.09859154929577464
2023,db,home,1,11,71,0.15492957746478872
2023,db,home,2,12,71,0.16901408450704225
2023,db,home,3,13,71,0.18309859154929578
2023,db,home,4,11,71,0.15492957746478872
2023,db,home,5,5,71,0.07042253521126761
2023,db,home,6,5,71,0.07042253521126761
2023,db,home,7,2,71,0.028169014084507043
2023,db,home,8,1,71,0.014084507042253521
2023,db,home,9,2,71,0.028169014084507043
2023,db,home,10,0,71,0.0
2023,db,home,11,1,71,0.014084507042253521
2023,db,home,12,0,71,0.0
2023,db,home,13,1,71,0.014084507042253521
2023,db,home,14,0,71,0.0
2023,db,home,15,0,71,0.0
2023,db,home,16,0,71,0.0
2023,db,home,17,0,71,0.0
2023,db,home,18,0,71,0.0
2023,db,home,19,0,71,0.0
2023,db,home,20,0,71,0.0
2023,db,home,21,0,71,0.0
2023,db,home,22,0,71,0.0
2023,db,away,0,9,72,0.125
2023,db,away,1,10,72,0.1388888888888889
2023,db,away,2,10,72,0.1388888888888889
2023,db,away,3,11,72,0.1527777777777778
2023,db,away,4,6,72,0.08333333333333333
2023,db,away,5,7,72,0.09722222222222222
2023,db,away,6,9,72,0.125
2023,db,away,7,6,72,0.08333333333333333
2023,db,away,8,2,72,0.027777777777777776
2023,db,away,9,0,72,0.0
2023,db,away,10,1,72,0.013888888888888888
2023,db,away,11,0,72,0.0
2023,db,away,12,0,72,0.0
2023,db,away,13,0,72,0.0
2023,db,away,14,0,72,0.0
2023,db,away,15,1,72,0.013888888888888888
2023,db,away,16,0,72,0.0
2023,db,away,17,0,72,0.0
2023,db,away,18,0,72,0.0
2023,db,away,19,0,72,0.0
2023,db,away,20,0,72,0.0
2023,db,away,21,0,72,0.0
2023,db,away,22,0,72,0.0
2023,g,home,0,11,71,0.15492957746478872
2023,g,home,1,10,71,0.14084507042253522
2023,g,home,2,17,71,0.23943661971830985
2023,g,home,3,6,71,0.08450704225352113
2023,g,home,4,6,71,0.08450704225352113
2023,g,home,5,5,71,0.07042253521126761
2023,g,home,6,4,71,0.056338028169014086
2023,g,home,7,6,71,0.08450704225352113
2023,g,home,8,2,71,0.028169014084507043
2023,g,home,9,2,71,0.028169014084507043
2023,g,home,10,1,71,0.014084507042253521
2023,g,home,11,1,71,0.014084507042253521
2023,g,home,12,0,71,0.0
2023,g,home,13,0,71,0.0
2023,g,home,14,0,71,0.0
2023,g,home,15,0,71,0.0
2023,g,home,16,0,71,0.0
2023,g,home,17,0,71,0.0
2023,g,home,18,0,71,0.0
2023,g,home,19,0,71,0.0
2023,g,home,20,0,71,0.0
2023,g,home,21,0,71,0.0
2023,g,home,22,0,71,0.0
2023,g,away,0,8,72,0.1111111111111111
2023,g,away,1,7,72,0.09722222222222222
2023,g,away,2,14,72,0.19444444444444445
2023,g,away,3,10,72,0.1388888888888889
2023,g,away,4,14,72,0.19444444444444445
2023,g,away,5,1,72,0.013888888888888888
2023,g,away,6,5,72,0.06944444444444445
2023,g,away,7,4,72,0.05555555555555555
2023,g,away,8,3,72,0.041666666666666664
2023,g,away,9,2,72,0.027777777777777776
2023,g,away,10,1,72,0.013888888888888888
2023,g,away,11,1,72,0.013888888888888888
2023,g,away,12,0,72,0.0
2023,g,away,13,1,72,0.013888888888888888
2023,g,away,14,0,72,0.0
2023,g,away,15,1,72,0.013888888888888888
2023,g,away,16,0,72,0.0
2023,g,away,17,0,72,0.0
2023,g,away,18,0,72,0.0
2023,g,away,19,0,72,0.0
2023,g,away,20,0,72,0.0
2023,g,away,21,0,72,0.0
2023,g,away,22,0,72,0.0
2023,s,home,0,6,72,0.08333333333333333
2023,s,home,1,4,72,0.05555555555555555
2023,s,home,2,9,72,0.125
2023,s,home,3,8,72,0.1111111111111111
2023,s,home,4,11,72,0.1527777777777778
2023,s,home,5,11,72,0.1527777777777778
2023,s,home,6,8,72,0.1111111111111111
2023,s,home,7,5,72,0.06944444444444445
2023,s,home,8,2,72,0.027777777777777776
2023,s,home,9,6,72,0.08333333333333333
2023,s,home,10,1,72,0.013888888888888888
2023,s,home,11,0,72,0.0
2023,s,home,12,0,72,0.0
2023,s,home,13,0,72,0.0
2023,s,home,14,0,72,0.0
2023,s,home,15,0,72,0.0
2023,s,home,16,0,72,0.0
2023,s,home,17,1,72,0.013888888888888888
2023,s,home,18,0,72,0.0
2023,s,home,19,0,72,0.0
2023,s,home,20,0,72,0.0
2023,s,home,21,0,72,0.0
2023,s,home,22,0,72,0.0
2023,s,away,0,9,71,0.1267605633802817
2023,s,away,1,10,71,0.14084507042253522
2023,s,away,2,9,71,0.1267605633802817
2023,s,away,3,12,71,0.16901408450704225
2023,s,away,4,8,71,0.11267605633802817
2023,s,away,5,10,71,0.14084507042253522
2023,s,away,6,4,71,0.056338028169014086
2023,s,away,7,4,71,0.056338028169014086
2023,s,away,8,3,71,0.04225352112676056
2023,s,away,9,1,71,0.014084507042253521
2023,s,away,10,0,71,0.0
2023,s,away,11,1,71,0.014084507042253521
2023,s,away,12,0,71,0.0
2023,s,away,13,0,71,0.0
2023,s,away,14,0,71,0.0
2023,s,away,15,0,71,0.0
2023,s,away,16,0,71,0.0
2023,s,away,17,0,71,0.0
2023,s,away,18,0,71,0.0
2023,s,away,19,0,71,0.0
2023,s,away,20,0,71,0.0
2023,s,away,21,0,71,0.0
2023,s,away,22,0,71,0.0
2023,t,home,0,9,71,0.1267605633802817
2023,t,home,1,15,71,0.2112676056338028
2023,t,home,2,11,71,0.15492957746478872
2023,t,home,3,16,71,0.22535211267605634
2023,t,home,4,4,71,0.056338028169014086
2023,t,home,5,5,71,0.07042253521126761
2023,t,home,6,2,71,0.028169014084507043
2023,t,home,7,5,71,0.07042253521126761
2023,t,home,8,1,71,0.014084507042253521
2023,t,home,9,2,71,0.028169014084507043
2023,t,home,10,1,71,0.014084507042253521
2023,t,home,11,0,71,0.0
2023,t,home,12,0,71,0.0
2023,t,home,13,0,71,0.0
2023,t,home,14,0,71,0.0
2023,t,home,15,0,71,0.0
2023,t,home,16,0,71,0.0
2023,t,home,17,0,71,0.0
2023,t,home,18,0,71,0.0
2023,t,home,19,0,71,0.0
2023,t,home,20,0,71,0.0
2023,t,home,21,0,71,0.0
2023,t,home,22,0,71,0.0
2023,t,away,0,10,72,0.1388888888888889
2023,t,away,1,7,72,0.09722222222222222
2023,t,away,2,18,72,0.25
2023,t,away,3,9,72,0.125
2023,t,away,4,12,72,0.16666666666666666
2023,t,away,5,6,72,0.08333333333333333
2023,t,away,6,6,72,0.08333333333333333
2023,t,away,7,2,72,0.027777777777777776
2023,t,away,8,1,72,0.013888888888888888
2023,t,away,9,1,72,0.013888888888888888
2023,t,away,10,0,72,0.0
2023,t,away,11,0,72,0.0
2023,t,away,12,0,72,0.0
2023,t,away,13,0,72,0.0
2023,t,away,14,0,72,0.0
2023,t,away,15,0,72,0.0
2023,t,away,16,0,72,0.0
2023,t,away,17,0,72,0.0
2023,t,away,18,0,72,0.0
2023,t,away,19,0,72,0.0
2023,t,away,20,0,72,0.0
2023,t,away,21,0,72,0.0
2023,t,away,22,0,72,0.0
2024,c,home,0,10,71,0.14084507042253522
2024,c,home,1,16,71,0.22535211267605634
2024,c,home,2,10,71,0.14084507042253522
2024,c,home,3,14,71,0.19718309859154928
2024,c,home,4,6,71,0.08450704225352113
2024,c,home,5,5,71,0.07042253521126761
2024,c,home,6,3,71,0.04225352112676056
2024,c,home,7,2,71,0.028169014084507043
2024,c,home,8,3,71,0.04225352112676056
2024,c,home,9,1,71,0.014084507042253521
2024,c,home,10,0,71,0.0
2024,c,home,11,1,71,0.014084507042253521
2024,c,home,12,0,71,0.0
2024,c,home,13,0,71,0.0
2024,c,home,14,0,71,0.0
2024,c,home,15,0,71,0.0
2024,c,home,16,0,71,0.0
2024,c,home,17,0,71,0.0
2024,c,home,18,0,71,0.0
2024,c,home,19,0,71,0.0
2024,c,home,20,0,71,0.0
2024,c,home,21,0,71,0.0
2024,c,home,22,0,71,0.0
2024,c,away,0,10,72,0.1388888888888889
2024,c,away,1,12,72,0.16666666666666666
2024,c,away,2,15,72,0.20833333333333334
2024,c,away,3,9,72,0.125
2024,c,away,4,6,72,0.08333333333333333
2024,c,away,5,10,72,0.1388888888888889
2024,c,away,6,6,72,0.08333333333333333
2024,c,away,7,1,72,0.013888888888888888
2024,c,away,8,0,72,0.0
2024,c,away,9,2,72,0.027777777777777776
2024,c,away,10,0,72,0.0
2024,c,away,11,0,72,0.0
2024,c,away,12,1,72,0.013888888888888888
2024,c,away,13,0,72,0.0
2024,c,away,14,0,72,0.0
2024,c,away,15,0,72,0.0
2024,c,away,16,0,72,0.0
2024,c,away,17,0,72,0.0
2024,c,away,18,0,72,0.0
2024,c,away,19,0,72,0.0
2024,c,away,20,0,72,0.0
2024,c,away,21,0,72,0.0
2024,c,away,22,0,72,0.0
2024,d,home,0,16,71,0.22535211267605634
2024,d,home,1,12,71,0.16901408450704225
2024,d,home,2,16,71,0.22535211267605634
2024,d,home,3,7,71,0.09859154929577464
2024,d,home,4,5,71,0.07042253521126761
2024,d,home,5,5,71,0.07042253521126761
2024,d,home,6,2,71,0.028169014084507043
2024,d,home,7,1,71,0.014084507042253521
2024,d,home,8,3,71,0.04225352112676056
2024,d,home,9,2,71,0.028169014084507043
2024,d,home,10,0,71,0.0
2024,d,home,11,1,71,0.014084507042253521
2024,d,home,12,1,71,0.014084507042253521
2024,d,home,13,0,71,0.0
2024,d,home,14,0,71,0.0
2024,d,home,15,0,71,0.0
2024,d,home,16,0,71,0.0
2024,d,home,17,0,71,0.0
2024,d,home,18,0,71,0.0
2024,d,home,19,0,71,0.0
2024,d,home,20,0,71,0.0
2024,d,home,21,0,71,0.0
2024,d,home,22,0,71,0.0
2024,d,away,0,7,72,0.09722222222222222
2024,d,away,1,9,72,0.125
2024,d,away,2,11,72,0.1527777777777778
2024,d,away,3,10,72,0.1388888888888889
2024,d,away,4,7,72,0.09722222222222222
2024,d,away,5,5,72,0.06944444444444445
2024,d,away,6,8,72,0.1111111111111111
2024,d,away,7,9,72,0.125
2024,d,away,8,2,72,0.027777777777777776
2024,d,away,9,2,72,0.027777777777777776
2024,d,away,10,1,72,0.013888888888888888
2024,d,away,11,0,72,0.0
2024,d,away,12,0,72,0.0
2024,d,away,13,0,72,0.0
2024,d,away,14,0,72,0.0
2024,d,away,15,1,72,0.013888888888888888
2024,d,away,16,0,72,0.0
2024,d,away,17,0,72,0.0
2024,d,away,18,0,72,0.0
2024,d,away,19,0,72,0.0
2024,d,away,20,0,72,0.0
2024,d,away,21,0,72,0.0
2024,d,away,22,0,72,0.0
2024,db,home,0,3,72,0.041666666666666664
2024,db,home,1,13,72,0.18055555555555555
2024,db,home,2,10,72,0.1388888888888889
2024,db,home,3,9,72,0.125
2024,db,home,4,12,72,0.16666666666666666
2024,db,home,5,11,72,0.1527777777777778
2024,db,home,6,7,72,0.09722222222222222
2024,db,home,7,0,72,0.0
2024,db,home,8,0,72,0.0
2024,db,home,9,4,72,0.05555555555555555
2024,db,home,10,1,72,0.013888888888888888
2024,db,home,11,1,72,0.013888888888888888
2024,db,home,12,1,72,0.013888888888888888
2024,db,home,13,0,72,0.0
2024,db,home,14,0,72,0.0
2024,db,home,15,0,72,0.0
2024,db,home,16,0,72,0.0
2024,db,home,17,0,72,0.0
2024,db,home,18,0,72,0.0
2024,db,home,19,0,72,0.0
2024,db,home,20,0,72,0.0
2024,db,home,21,0,72,0.0
2024,db,home,22,0,72,0.0
2024,db,away,0,12,71,0.16901408450704225
2024,db,away,1,11,71,0.15492957746478872
2024,db,away,2,10,71,0.14084507042253522
2024,db,away,3,12,71,0.16901408450704225
2024,db,away,4,9,71,0.1267605633802817
2024,db,away,5,2,71,0.028169014084507043
2024,db,away,6,6,71,0.08450704225352113
2024,db,away,7,3,71,0.04225352112676056
2024,db,away,8,1,71,0.014084507042253521
2024,db,away,9,1,71,0.014084507042253521
2024,db,away,10,2,71,0.028169014084507043
2024,db,away,11,2,71,0.028169014084507043
2024,db,away,12,0,71,0.0
2024,db,away,13,0,71,0.0
2024,db,away,14,0,71,0.0
2024,db,away,15,0,71,0.0
2024,db,away,16,0,71,0.0
2024,db,away,17,0,71,0.0
2024,db,away,18,0,71,0.0
2024,db,away,19,0,71,0.0
2024,db,away,20,0,71,0.0
2024,db,away,21,0,71,0.0
2024,db,away,22,0,71,0.0
2024,g,home,0,12,72,0.16666666666666666
2024,g,home,1,11,72,0.1527777777777778
2024,g,home,2,17,72,0.2361111111111111
2024,g,home,3,7,72,0.09722222222222222
2024,g,home,4,13,72,0.18055555555555555
2024,g,home,5,5,72,0.06944444444444445
2024,g,home,6,2,72,0.027777777777777776
2024,g,home,7,0,72,0.0
2024,g,home,8,4,72,0.05555555555555555
2024,g,home,9,1,72,0.013888888888888888
2024,g,home,10,0,72,0.0
2024,g,home,11,0,72,0.0
2024,g,home,12,0,72,0.0
2024,g,home,13,0,72,0.0
2024,g,home,14,0,72,0.0
2024,g,home,15,0,72,0.0
2024,g,home,16,0,72,0.0
2024,g,home,17,0,72,0.0
2024,g,home,18,0,72,0.0
2024,g,home,19,0,72,0.0
2024,g,home,20,0,72,0.0
2024,g,home,21,0,72,0.0
2024,g,home,22,0,72,0.0
2024,g,away,0,11,71,0.15492957746478872
2024,g,away,1,19,71,0.2676056338028169
2024,g,away,2,13,71,0.18309859154929578
2024,g,away,3,9,71,0.1267605633802817
2024,g,away,4,5,71,0.07042253521126761
2024,g,away,5,6,71,0.08450704225352113
2024,g,away,6,1,71,0.014084507042253521
2024,g,away,7,3,71,0.04225352112676056
2024,g,away,8,0,71,0.0
2024,g,away,9,4,71,0.056338028169014086
2024,g,away,10,0,71,0.0
2024,g,away,11,0,71,0.0
2024,g,away,12,0,71,0.0
2024,g,away,13,0,71,0.0
2024,g,away,14,0,71,0.0
2024,g,away,15,0,71,0.0
2024,g,away,16,0,71,0.0
2024,g,away,17,0,71,0.0
2024,g,away,18,0,71,0.0
2024,g,away,19,0,71,0.0
2024,g,away,20,0,71,0.0
2024,g,away,21,0,71,0.0
2024,g,away,22,0,71,0.0
2024,s,home,0,5,71,0.07042253521126761
2024,s,home,1,7,71,0.09859154929577464
2024,s,home,2,8,71,0.11267605633802817
2024,s,home,3,12,71,0.16901408450704225
2024,s,home,4,10,71,0.14084507042253522
2024,s,home,5,9,71,0.1267605633802817
2024,s,home,6,4,71,0.056338028169014086
2024,s,home,7,8,71,0.11267605633802817
2024,s,home,8,4,71,0.056338028169014086
2024,s,home,9,2,71,0.028169014084507043
2024,s,home,10,2,71,0.028169014084507043
2024,s,home,11,0,71,0.0
2024,s,home,12,0,71,0.0
2024,s,home,13,0,71,0.0
2024,s,home,14,0,71,0.0
2024,s,home,15,0,71,0.0
2024,s,home,16,0,71,0.0
2024,s,home,17,0,71,0.0
2024,s,home,18,0,71,0.0
2024,s,home,19,0,71,0.0
2024,s,home,20,0,71,0.0
2024,s,home,21,0,71,0.0
2024,s,home,22,0,71,0.0
2024,s,away,0,6,72,0.08333333333333333
2024,s,away,1,7,72,0.09722222222222222
2024,s,away,2,12,72,0.16666666666666666
2024,s,away,3,15,72,0.20833333333333334
2024,s,away,4,11,72,0.1527777777777778
2024,s,away,5,7,72,0.09722222222222222
2024,s,away,6,6,72,0.08333333333333333
2024,s,away,7,2,72,0.027777777777777776
2024,s,away,8,3,72,0.041666666666666664
2024,s,away,9,1,72,0.013888888888888888
2024,s,away,10,1,72,0.013888888888888888
2024,s,away,11,0,72,0.0
2024,s,away,12,0,72,0.0
2024,s,away,13,0,72,0.0
2024,s,away,14,1,72,0.013888888888888888
2024,s,away,15,0,72,0.0
2024,s,away,16,0,72,0.0
2024,s,away,17,0,72,0.0
2024,s,away,18,0,72,0.0
2024,s,away,19,0,72,0.0
2024,s,away,20,0,72,0.0
2024,s,away,21,0,72,0.0
2024,s,away,22,0,72,0.0
2024,t,home,0,11,72,0.1527777777777778
2024,t,home,1,21,72,0.2916666666666667
2024,t,home,2,10,72,0.1388888888888889
2024,t,home,3,12,72,0.16666666666666666
2024,t,home,4,6,72,0.08333333333333333
2024,t,home,5,5,72,0.06944444444444445
2024,t,home,6,5,72,0.06944444444444445
2024,t,home,7,0,72,0.0
2024,t,home,8,2,72,0.027777777777777776
2024,t,home,9,0,72,0.0
2024,t,home,10,0,72,0.0
2024,t,home,11,0,72,0.0
2024,t,home,12,0,72,0.0
2024,t,home,13,0,72,0.0
2024,t,home,14,0,72,0.0
2024,t,home,15,0,72,0.0
2024,t,home,16,0,72,0.0
2024,t,home,17,0,72,0.0
2024,t,home,18,0,72,0.0
2024,t,home,19,0,72,0.0
2024,t,home,20,0,72,0.0
2024,t,home,21,0,72,0.0
2024,t,home,22,0,72,0.0
2024,t,away,0,9,71,0.1267605633802817
2024,t,away,1,11,71,0.15492957746478872
2024,t,away,2,10,71,0.14084507042253522
2024,t,away,3,10,71,0.14084507042253522
2024,t,away,4,8,71,0.11267605633802817
2024,t,away,5,9,71,0.1267605633802817
2024,t,away,6,5,71,0.07042253521126761
2024,t,away,7,2,71,0.028169014084507043
2024,t,away,8,2,71,0.028169014084507043
2024,t,away,9,1,71,0.014084507042253521
2024,t,away,10,3,71,0.04225352112676056
2024,t,away,11,1,71,0.014084507042253521
2024,t,away,12,0,71,0.0
2024,t,away,13,0,71,0.0
2024,t,away,14,0,71,0.0
2024,t,away,15,0,71,0.0
2024,t,away,16,0,71,0.0
2024,t,away,17,0,71,0.0
2024,t,away,18,0,71,0.0
2024,t,away,19,0,71,0.0
2024,t,away,20,0,71,0.0
2024,t,away,21,0,71,0.0
2024,t,away,22,0,71,0.0
2025,c,home,0,9,72,0.125
2025,c,home,1,11,72,0.1527777777777778
2025,c,home,2,16,72,0.2222222222222222
2025,c,home,3,9,72,0.125
2025,c,home,4,7,72,0.09722222222222222
2025,c,home,5,4,72,0.05555555555555555
2025,c,home,6,8,72,0.1111111111111111
2025,c,home,7,3,72,0.041666666666666664
2025,c,home,8,3,72,0.041666666666666664
2025,c,home,9,0,72,0.0
2025,c,home,10,1,72,0.013888888888888888
2025,c,home,11,0,72,0.0
2025,c,home,12,0,72,0.0
2025,c,home,13,0,72,0.0
2025,c,home,14,0,72,0.0
2025,c,home,15,0,72,0.0
2025,c,home,16,1,72,0.013888888888888888
2025,c,home,17,0,72,0.0
2025,c,home,18,0,72,0.0
2025,c,home,19,0,72,0.0
2025,c,home,20,0,72,0.0
2025,c,home,21,0,72,0.0
2025,c,home,22,0,72,0.0
2025,c,away,0,3,71,0.04225352112676056
2025,c,away,1,8,71,0.11267605633802817
2025,c,away,2,17,71,0.23943661971830985
2025,c,away,3,11,71,0.15492957746478872
2025,c,away,4,8,71,0.11267605633802817
2025,c,away,5,10,71,0.14084507042253522
2025,c,away,6,4,71,0.056338028169014086
2025,c,away,7,5,71,0.07042253521126761
2025,c,away,8,3,71,0.04225352112676056
2025,c,away,9,1,71,0.014084507042253521
2025,c,away,10,0,71,0.0
2025,c,away,11,1,71,0.014084507042253521
2025,c,away,12,0,71,0.0
2025,c,away,13,0,71,0.0
2025,c,away,14,0,71,0.0
2025,c,away,15,0,71,0.0
2025,c,away,16,0,71,0.0
2025,c,away,17,0,71,0.0
2025,c,away,18,0,71,0.0
2025,c,away,19,0,71,0.0
2025,c,away,20,0,71,0.0
2025,c,away,21,0,71,0.0
2025,c,away,22,0,71,0.0
2025,d,home,0,7,72,0.09722222222222222
2025,d,home,1,12,72,0.16666666666666666
2025,d,home,2,18,72,0.25
2025,d,home,3,9,72,0.125
2025,d,home,4,5,72,0.06944444444444445
2025,d,home,5,9,72,0.125
2025,d,home,6,10,72,0.1388888888888889
2025,d,home,7,2,72,0.027777777777777776
2025,d,home,8,0,72,0.0
2025,d,home,9,0,72,0.0
2025,d,home,10,0,72,0.0
2025,d,home,11,0,72,0.0
2025,d,home,12,0,72,0.0
2025,d,home,13,0,72,0.0
2025,d,home,14,0,72,0.0
2025,d,home,15,0,72,0.0
2025,d,home,16,0,72,0.0
2025,d,home,17,0,72,0.0
2025,d,home,18,0,72,0.0
2025,d,home,19,0,72,0.0
2025,d,home,20,0,72,0.0
2025,d,home,21,0,72,0.0
2025,d,home,22,0,72,0.0
2025,d,away,0,8,71,0.11267605633802817
2025,d,away,1,8,71,0.11267605633802817
2025,d,away,2,16,71,0.22535211267605634
2025,d,away,3,7,71,0.09859154929577464
2025,d,away,4,8,71,0.11267605633802817
2025,d,away,5,10,71,0.14084507042253522
2025,d,away,6,4,71,0.056338028169014086
2025,d,away,7,2,71,0.028169014084507043
2025,d,away,8,5,71,0.07042253521126761
2025,d,away,9,2,71,0.028169014084507043
2025,d,away,10,1,71,0.014084507042253521
2025,d,away,11,0,71,0.0
2025,d,away,12,0,71,0.0
2025,d,away,13,0,71,0.0
2025,d,away,14,0,71,0.0
2025,d,away,15,0,71,0.0
2025,d,away,16,0,71,0.0
2025,d,away,17,0,71,0.0
2025,d,away,18,0,71,0.0
2025,d,away,19,0,71,0.0
2025,d,away,20,0,71,0.0
2025,d,away,21,0,71,0.0
2025,d,away,22,0,71,0.0
2025,db,home,0,8,71,0.11267605633802817
2025,db,home,1,7,71,0.09859154929577464
2025,db,home,2,14,71,0.19718309859154928
2025,db,home,3,12,71,0.16901408450704225
2025,db,home,4,9,71,0.1267605633802817
2025,db,home,5,7,71,0.09859154929577464
2025,db,home,6,5,71,0.07042253521126761
2025,db,home,7,3,71,0.04225352112676056
2025,db,home,8,1,71,0.014084507042253521
2025,db,home,9,3,71,0.04225352112676056
2025,db,home,10,1,71,0.014084507042253521
2025,db,home,11,0,71,0.0
2025,db,home,12,1,71,0.014084507042253521
2025,db,home,13,0,71,0.0
2025,db,home,14,0,71,0.0
2025,db,home,15,0,71,0.0
2025,db,home,16,0,71,0.0
2025,db,home,17,0,71,0.0
2025,db,home,18,0,71,0.0
2025,db,home,19,0,71,0.0
2025,db,home,20,0,71,0.0
2025,db,home,21,0,71,0.0
2025,db,home,22,0,71,0.0
2025,db,away,0,11,72,0.1527777777777778
2025,db,away,1,13,72,0.18055555555555555
2025,db,away,2,14,72,0.19444444444444445
2025,db,away,3,7,72,0.09722222222222222
2025,db,away,4,14,72,0.19444444444444445
2025,db,away,5,3,72,0.041666666666666664
2025,db,away,6,2,72,0.027777777777777776
2025,db,away,7,4,72,0.05555555555555555
2025,db,away,8,3,72,0.041666666666666664
2025,db,away,9,1,72,0.013888888888888888
2025,db,away,10,0,72,0.0
2025,db,away,11,0,72,0.0
2025,db,away,12,0,72,0.0
2025,db,away,13,0,72,0.0
2025,db,away,14,0,72,0.0
2025,db,away,15,0,72,0.0
2025,db,away,16,0,72,0.0
2025,db,away,17,0,72,0.0
2025,db,away,18,0,72,0.0
2025,db,away,19,0,72,0.0
2025,db,away,20,0,72,0.0
2025,db,away,21,0,72,0.0
2025,db,away,22,0,72,0.0
2025,g,home,0,17,71,0.23943661971830985
2025,g,home,1,9,71,0.1267605633802817
2025,g,home,2,11,71,0.15492957746478872
2025,g,home,3,11,71,0.15492957746478872
2025,g,home,4,10,71,0.14084507042253522
2025,g,home,5,4,71,0.056338028169014086
2025,g,home,6,0,71,0.0
2025,g,home,7,5,71,0.07042253521126761
2025,g,home,8,0,71,0.0
2025,g,home,9,1,71,0.014084507042253521
2025,g,home,10,2,71,0.028169014084507043
2025,g,home,11,0,71,0.0
2025,g,home,12,1,71,0.014084507042253521
2025,g,home,13,0,71,0.0
2025,g,home,14,0,71,0.0
2025,g,home,15,0,71,0.0
2025,g,home,16,0,71,0.0
2025,g,home,17,0,71,0.0
2025,g,home,18,0,71,0.0
2025,g,home,19,0,71,0.0
2025,g,home,20,0,71,0.0
2025,g,home,21,0,71,0.0
2025,g,home,22,0,71,0.0
2025,g,away,0,4,72,0.05555555555555555
2025,g,away,1,10,72,0.1388888888888889
2025,g,away,2,10,72,0.1388888888888889
2025,g,away,3,15,72,0.20833333333333334
2025,g,away,4,10,72,0.1388888888888889
2025,g,away,5,12,72,0.16666666666666666
2025,g,away,6,2,72,0.027777777777777776
2025,g,away,7,3,72,0.041666666666666664
2025,g,away,8,4,72,0.05555555555555555
2025,g,away,9,1,72,0.013888888888888888
2025,g,away,10,0,72,0.0
2025,g,away,11,0,72,0.0
2025,g,away,12,1,72,0.013888888888888888
2025,g,away,13,0,72,0.0
2025,g,away,14,0,72,0.0
2025,g,away,15,0,72,0.0
2025,g,away,16,0,72,0.0
2025,g,away,17,0,72,0.0
2025,g,away,18,0,72,0.0
2025,g,away,19,0,72,0.0
2025,g,away,20,0,72,0.0
2025,g,away,21,0,72,0.0
2025,g,away,22,0,72,0.0
2025,s,home,0,3,72,0.041666666666666664
2025,s,home,1,11,72,0.1527777777777778
2025,s,home,2,12,72,0.16666666666666666
2025,s,home,3,7,72,0.09722222222222222
2025,s,home,4,13,72,0.18055555555555555
2025,s,home,5,4,72,0.05555555555555555
2025,s,home,6,10,72,0.1388888888888889
2025,s,home,7,4,72,0.05555555555555555
2025,s,home,8,3,72,0.041666666666666664
2025,s,home,9,0,72,0.0
2025,s,home,10,4,72,0.05555555555555555
2025,s,home,11,0,72,0.0
2025,s,home,12,0,72,0.0
2025,s,home,13,0,72,0.0
2025,s,home,14,0,72,0.0
2025,s,home,15,1,72,0.013888888888888888
2025,s,home,16,0,72,0.0
2025,s,home,17,0,72,0.0
2025,s,home,18,0,72,0.0
2025,s,home,19,0,72,0.0
2025,s,home,20,0,72,0.0
2025,s,home,21,0,72,0.0
2025,s,home,22,0,72,0.0
2025,s,away,0,4,71,0.056338028169014086
2025,s,away,1,9,71,0.1267605633802817
2025,s,away,2,13,71,0.18309859154929578
2025,s,away,3,9,71,0.1267605633802817
2025,s,away,4,9,71,0.1267605633802817
2025,s,away,5,13,71,0.18309859154929578
2025,s,away,6,7,71,0.09859154929577464
2025,s,away,7,3,71,0.04225352112676056
2025,s,away,8,1,71,0.014084507042253521
2025,s,away,9,1,71,0.014084507042253521
2025,s,away,10,0,71,0.0
2025,s,away,11,0,71,0.0
2025,s,away,12,1,71,0.014084507042253521
2025,s,away,13,0,71,0.0
2025,s,away,14,1,71,0.014084507042253521
2025,s,away,15,0,71,0.0
2025,s,away,16,0,71,0.0
2025,s,away,17,0,71,0.0
2025,s,away,18,0,71,0.0
2025,s,away,19,0,71,0.0
2025,s,away,20,0,71,0.0
2025,s,away,21,0,71,0.0
2025,s,away,22,0,71,0.0
2025,t,home,0,16,71,0.22535211267605634
2025,t,home,1,13,71,0.18309859154929578
2025,t,home,2,14,71,0.19718309859154928
2025,t,home,3,9,71,0.1267605633802817
2025,t,home,4,6,71,0.08450704225352113
2025,t,home,5,7,71,0.09859154929577464
2025,t,home,6,5,71,0.07042253521126761
2025,t,home,7,1,71,0.014084507042253521
2025,t,home,8,0,71,0.0
2025,t,home,9,0,71,0.0
2025,t,home,10,0,71,0.0
2025,t,home,11,0,71,0.0
2025,t,home,12,0,71,0.0
2025,t,home,13,0,71,0.0
2025,t,home,14,0,71,0.0
2025,t,home,15,0,71,0.0
2025,t,home,16,0,71,0.0
2025,t,home,17,0,71,0.0
2025,t,home,18,0,71,0.0
2025,t,home,19,0,71,0.0
2025,t,home,20,0,71,0.0
2025,t,home,21,0,71,0.0
2025,t,home,22,0,71,0.0
2025,t,away,0,12,72,0.16666666666666666
2025,t,away,1,18,72,0.25
2025,t,away,2,14,72,0.19444444444444445
2025,t,away,3,8,72,0.1111111111111111
2025,t,away,4,4,72,0.05555555555555555
2025,t,away,5,8,72,0.1111111111111111
2025,t,away,6,3,72,0.041666666666666664
2025,t,away,7,0,72,0.0
2025,t,away,8,3,72,0.041666666666666664
2025,t,away,9,1,72,0.013888888888888888
2025,t,away,10,0,72,0.0
2025,t,away,11,1,72,0.013888888888888888
2025,t,away,12,0,72,0.0
2025,t,away,13,0,72,0.0
2025,t,away,14,0,72,0.0
2025,t,away,15,0,72,0.0
2025,t,away,16,0,72,0.0
2025,t,away,17,0,72,0.0
2025,t,away,18,0,72,0.0
2025,t,away,19,0,72,0.0
2025,t,away,20,0,72,0.0
2025,t,away,21,0,72,0.0
2025,t,away,22,0,72,0.0
