year,team,league,cutoff,home,deficit,G,level_or_better,led,W,L,T,no_runs,never_level,level_never_led,late_RF,late_RA,off_innings
2013,b,P,6,False,1,9,5,3,3,6,0,3,1,2,11,9,27
2013,b,P,6,False,2,8,2,1,1,6,1,3,3,1,13,3,27
2013,b,P,6,False,3,3,1,1,0,2,1,2,0,0,7,4,12
2013,b,P,6,False,4,5,0,0,0,5,0,1,4,0,6,9,15
2013,b,P,6,False,5,4,0,0,0,4,0,1,3,0,4,3,12
2013,b,P,6,False,6,1,0,0,0,1,0,1,0,0,0,3,3
2013,b,P,6,False,7,1,0,0,0,1,0,1,0,0,0,0,3
2013,b,P,6,False,10,1,0,0,0,1,0,1,0,0,0,1,3
2013,b,P,6,True,1,9,3,3,3,6,0,5,1,0,7,12,26
2013,b,P,6,True,2,7,0,0,0,7,0,5,2,0,3,12,21
2013,b,P,6,True,3,5,0,0,0,5,0,2,3,0,3,9,15
2013,b,P,6,True,4,3,0,0,0,3,0,1,2,0,8,10,9
2013,b,P,6,True,5,2,0,0,0,2,0,1,1,0,1,7,6
2013,b,P,6,True,7,3,0,0,0,3,0,2,1,0,2,0,9
2013,b,P,7,False,1,6,1,0,0,6,0,5,0,1,1,1,12
2013,b,P,7,False,2,8,2,1,0,6,2,3,3,1,9,3,22
2013,b,P,7,False,3,4,0,0,0,4,0,3,1,0,2,0,8
2013,b,P,7,False,4,3,0,0,0,3,0,1,2,0,2,2,6
2013,b,P,7,False,5,3,0,0,0,3,0,1,2,0,2,0,6
2013,b,P,7,False,6,2,0,0,0,2,0,1,1,0,1,4,4
2013,b,P,7,False,7,1,0,0,0,1,0,1,0,0,0,0,2
2013,b,P,7,False,10,1,0,0,0,1,0,1,0,0,0,1,2
2013,b,P,7,False,11,1,0,0,0,1,0,0,1,0,1,0,2
2013,b,P,7,True,1,7,2,2,2,5,0,4,1,0,5,4,14
2013,b,P,7,True,2,10,0,0,0,10,0,8,2,0,2,12,20
2013,b,P,7,True,3,5,0,0,0,5,0,3,2,0,2,4,10
2013,b,P,7,True,4,4,0,0,0,4,0,1,3,0,4,6,8
2013,b,P,7,True,5,2,0,0,0,2,0,2,0,0,0,1,4
2013,b,P,7,True,6,3,0,0,0,3,0,2,1,0,1,9,6
2013,b,P,7,True,7,2,0,0,0,2,0,2,0,0,0,0,4
2013,c,C,6,False,1,9,5,3,3,6,0,2,2,2,14,9,28
2013,c,C,6,False,2,7,1,1,1,6,0,2,4,0,10,9,21
2013,c,C,6,False,4,2,0,0,0,2,0,1,1,0,1,6,6
2013,c,C,6,False,5,2,0,0,0,2,0,0,2,0,2,2,6
2013,c,C,6,False,6,6,0,0,0,6,0,2,4,0,7,9,18
2013,c,C,6,False,7,3,0,0,0,3,0,1,2,0,3,1,9
2013,c,C,6,False,10,1,0,0,0,1,0,0,1,0,1,0,3
2013,c,C,6,True,1,11,2,2,2,9,0,6,3,0,12,24,32
2013,c,C,6,True,2,7,0,0,0,7,0,5,2,0,2,3,21
2013,c,C,6,True,3,3,1,1,1,2,0,1,1,0,7,1,9
2013,c,C,6,True,4,4,1,1,0,3,1,2,1,0,7,8,15
2013,c,C,6,True,5,3,0,0,0,3,0,3,0,0,0,2,9
2013,c,C,6,True,9,1,0,0,0,1,0,0,1,0,1,0,3
2013,c,C,7,False,1,11,6,4,3,8,0,5,0,2,11,7,26
2013,c,C,7,False,2,4,1,1,1,3,0,1,2,0,7,2,8
2013,c,C,7,False,3,2,0,0,0,2,0,1,1,0,2,2,4
2013,c,C,7,False,4,5,0,0,0,5,0,2,3,0,5,2,10
2013,c,C,7,False,5,1,0,0,0,1,0,0,1,0,1,0,2
2013,c,C,7,False,7,5,0,0,0,5,0,2,3,0,4,2,10
2013,c,C,7,False,8,3,0,0,0,3,0,2,1,0,2,0,6
2013,c,C,7,False,9,1,0,0,0,1,0,1,0,0,0,0,2
2013,c,C,7,False,10,1,0,0,0,1,0,0,1,0,1,0,2
2013,c,C,7,True,1,13,2,1,1,12,0,8,3,1,8,20,26
2013,c,C,7,True,2,8,0,0,0,8,0,6,2,0,2,5,16
2013,c,C,7,True,3,1,0,0,0,1,0,1,0,0,0,0,2
2013,c,C,7,True,4,4,1,1,1,3,0,3,0,0,5,5,8
2013,c,C,7,True,5,2,0,0,0,2,0,2,0,0,0,0,4
2013,c,C,7,True,7,1,0,0,0,1,0,1,0,0,0,0,2
2013,c,C,7,True,9,1,0,0,0,1,0,0,1,0,1,0,2
2013,d,C,6,False,1,7,5,1,1,5,1,2,0,4,6,5,29
2013,d,C,6,False,2,10,4,3,3,7,0,3,3,1,20,16,34
2013,d,C,6,False,3,2,0,0,0,2,0,0,2,0,2,1,6
2013,d,C,6,False,4,7,0,0,0,7,0,4,3,0,3,10,21
2013,d,C,6,False,5,3,0,0,0,3,0,0,3,0,4,2,9
2013,d,C,6,False,6,4,0,0,0,4,0,2,2,0,2,8,12
2013,d,C,6,False,7,1,0,0,0,1,0,0,1,0,2,0,3
2013,d,C,6,False,9,1,0,0,0,1,0,1,0,0,0,1,3
2013,d,C,6,True,1,11,5,3,3,7,1,6,0,2,16,10,37
2013,d,C,6,True,2,6,1,0,0,6,0,3,2,1,4,11,18
2013,d,C,6,True,3,5,0,0,0,5,0,3,2,0,3,5,15
2013,d,C,6,True,4,3,0,0,0,3,0,0,3,0,5,0,9
2013,d,C,6,True,6,1,0,0,0,1,0,1,0,0,0,0,3
2013,d,C,6,True,7,1,0,0,0,1,0,0,1,0,2,0,3
2013,d,C,6,True,11,1,0,0,0,1,0,0,1,0,1,0,3
2013,d,C,7,False,1,5,3,1,1,4,0,2,0,2,4,2,17
2013,d,C,7,False,2,7,3,3,3,4,0,2,2,0,12,6,14
2013,d,C,7,False,3,7,0,0,0,7,0,5,2,0,2,5,14
2013,d,C,7,False,4,4,0,0,0,4,0,3,1,0,2,1,8
2013,d,C,7,False,5,2,0,0,0,2,0,1,1,0,1,0,4
2013,d,C,7,False,6,4,0,0,0,4,0,3,1,0,1,5,8
2013,d,C,7,False,7,2,0,0,0,2,0,0,2,0,3,0,4
2013,d,C,7,False,8,2,0,0,0,2,0,0,2,0,2,1,4
2013,d,C,7,False,9,1,0,0,0,1,0,1,0,0,0,1,2
2013,d,C,7,True,1,11,4,3,3,8,0,7,0,1,10,3,23
2013,d,C,7,True,2,6,1,0,0,5,1,3,2,1,4,2,15
2013,d,C,7,True,3,3,0,0,0,3,0,3,0,0,0,1,6
2013,d,C,7,True,4,6,0,0,0,6,0,2,4,0,6,2,12
2013,d,C,7,True,5,1,0,0,0,1,0,1,0,0,0,0,2
2013,d,C,7,True,6,2,0,0,0,2,0,2,0,0,0,0,4
2013,d,C,7,True,7,1,0,0,0,1,0,0,1,0,2,0,2
2013,d,C,7,True,10,1,0,0,0,1,0,1,0,0,0,0,2
2013,db,C,6,False,1,15,9,6,5,9,1,6,0,3,28,25,51
2013,db,C,6,False,2,3,0,0,0,3,0,3,0,0,0,0,9
2013,db,C,6,False,3,5,0,0,0,5,0,2,3,0,5,2,15
2013,db,C,6,False,4,2,0,0,0,2,0,1,1,0,3,1,6
2013,db,C,6,False,5,3,1,1,1,2,0,0,2,0,12,5,9
2013,db,C,6,False,6,6,0,0,0,6,0,4,2,0,4,13,18
2013,db,C,6,False,9,1,0,0,0,1,0,0,1,0,4,0,3
2013,db,C,6,False,10,1,0,0,0,1,0,0,1,0,2,0,3
2013,db,C,6,True,1,13,6,4,4,9,0,5,2,2,21,20,39
2013,db,C,6,True,2,5,0,0,0,5,0,4,1,0,2,7,15
2013,db,C,6,True,3,4,0,0,0,4,0,3,1,0,2,5,12
2013,db,C,6,True,4,6,0,0,0,6,0,3,3,0,8,7,18
2013,db,C,6,True,5,1,1,1,1,0,0,0,0,0,9,2,3
2013,db,C,6,True,6,3,0,0,0,3,0,0,3,0,9,6,9
2013,db,C,6,True,7,3,0,0,0,3,0,2,1,0,2,2,9
2013,db,C,6,True,8,1,0,0,0,1,0,1,0,0,0,1,3
2013,db,C,6,True,10,1,0,0,0,1,0,0,1,0,1,5,3
2013,db,C,7,False,1,11,4,3,3,8,0,7,0,1,14,12,23
2013,db,C,7,False,2,8,1,0,0,8,0,5,2,1,4,1,18
2013,db,C,7,False,3,5,1,1,1,4,0,1,3,0,12,5,10
2013,db,C,7,False,4,2,0,0,0,2,0,2,0,0,0,0,4
2013,db,C,7,False,5,1,0,0,0,1,0,0,1,0,3,0,2
2013,db,C,7,False,6,6,0,0,0,6,0,4,2,0,4,3,12
2013,db,C,7,False,7,3,0,0,0,3,0,1,2,0,4,9,6
2013,db,C,7,False,10,1,0,0,0,1,0,0,1,0,2,0,2
2013,db,C,7,True,1,14,5,4,4,10,0,9,0,1,11,10,27
2013,db,C,7,True,2,7,0,0,0,7,0,5,2,0,2,9,14
2013,db,C,7,True,3,9,0,0,0,9,0,5,4,0,6,8,18
2013,db,C,7,True,4,2,0,0,0,2,0,2,0,0,0,2,4
2013,db,C,7,True,5,2,0,0,0,2,0,1,1,0,1,0,4
2013,db,C,7,True,6,1,0,0,0,1,0,0,1,0,4,0,2
2013,db,C,7,True,7,2,0,0,0,2,0,1,1,0,2,0,4
2013,db,C,7,True,8,1,0,0,0,1,0,1,0,0,0,1,2
2013,db,C,7,True,9,2,0,0,0,2,0,1,1,0,2,2,4
2013,db,C,7,True,11,1,0,0,0,1,0,1,0,0,0,3,2
2013,e,P,6,False,1,7,4,3,2,5,0,3,0,1,12,10,21
2013,e,P,6,False,2,4,2,2,2,2,0,2,0,0,10,5,12
2013,e,P,6,False,3,6,2,2,0,6,0,2,2,0,13,14,18
2013,e,P,6,False,4,4,0,0,0,4,0,3,1,0,1,2,12
2013,e,P,6,False,5,3,0,0,0,3,0,2,1,0,1,2,9
2013,e,P,6,False,7,1,0,0,0,1,0,0,1,0,1,1,3
2013,e,P,6,False,11,1,0,0,0,1,0,1,0,0,0,3,3
2013,e,P,6,True,1,5,2,2,2,3,0,3,0,0,4,8,14
2013,e,P,6,True,2,4,1,1,1,3,0,2,1,0,5,4,11
2013,e,P,6,True,3,3,0,0,0,3,0,1,2,0,2,5,9
2013,e,P,6,True,4,3,1,1,1,2,0,0,2,0,9,1,9
2013,e,P,6,True,5,2,0,0,0,2,0,1,1,0,1,5,6
2013,e,P,6,True,6,1,0,0,0,1,0,0,1,0,1,0,3
2013,e,P,6,True,7,1,0,0,0,1,0,0,1,0,1,5,3
2013,e,P,6,True,9,1,0,0,0,1,0,0,1,0,1,4,3
2013,e,P,6,True,11,2,0,0,0,2,0,1,1,0,2,0,6
2013,e,P,7,False,1,8,4,3,2,6,0,4,0,1,12,11,16
2013,e,P,7,False,2,1,0,0,0,1,0,1,0,0,0,1,2
2013,e,P,7,False,3,3,0,0,0,3,0,2,1,0,1,2,6
2013,e,P,7,False,4,5,0,0,0,5,0,4,1,0,1,0,10
2013,e,P,7,False,5,4,0,0,0,4,0,3,1,0,1,3,8
2013,e,P,7,False,6,2,0,0,0,2,0,1,1,0,1,1,4
2013,e,P,7,False,8,1,0,0,0,1,0,0,1,0,1,0,2
2013,e,P,7,False,12,1,0,0,0,1,0,1,0,0,0,2,2
2013,e,P,7,True,1,4,1,1,1,3,0,3,0,0,2,8,8
2013,e,P,7,True,2,4,1,1,1,3,0,2,1,0,5,4,7
2013,e,P,7,True,3,5,0,0,0,5,0,1,4,0,5,5,10
2013,e,P,7,True,4,3,0,0,0,3,0,2,1,0,1,6,6
2013,e,P,7,True,5,1,0,0,0,1,0,1,0,0,0,1,2
2013,e,P,7,True,6,1,0,0,0,1,0,0,1,0,1,0,2
2013,e,P,7,True,9,1,0,0,0,1,0,1,0,0,0,2,2
2013,e,P,7,True,10,1,0,0,0,1,0,0,1,0,1,3,2
2013,e,P,7,True,11,2,0,0,0,2,0,1,1,0,2,0,4
2013,f,P,6,False,1,13,4,3,3,10,0,9,0,1,10,6,41
2013,f,P,6,False,2,7,1,1,1,6,0,4,2,0,6,6,21
2013,f,P,6,False,3,8,1,0,0,8,0,5,2,1,7,11,24
2013,f,P,6,False,4,4,0,0,0,4,0,2,2,0,3,5,12
2013,f,P,6,False,5,3,0,0,0,3,0,2,1,0,3,1,9
2013,f,P,6,False,6,1,0,0,0,1,0,1,0,0,0,0,3
2013,f,P,6,True,1,9,2,1,1,7,1,6,1,1,7,16,29
2013,f,P,6,True,2,6,2,2,2,4,0,2,2,0,9,5,18
2013,f,P,6,True,3,5,1,1,1,4,0,3,1,0,5,5,14
2013,f,P,6,True,4,4,0,0,0,4,0,3,1,0,1,7,12
2013,f,P,6,True,5,4,0,0,0,4,0,3,1,0,2,1,12
2013,f,P,6,True,6,3,0,0,0,3,0,2,1,0,1,11,9
2013,f,P,6,True,7,1,0,0,0,1,0,1,0,0,0,1,3
2013,f,P,6,True,8,1,0,0,0,1,0,1,0,0,0,2,3
2013,f,P,6,True,9,2,0,0,0,2,0,2,0,0,0,2,6
2013,f,P,6,True,10,1,0,0,0,1,0,0,1,0,1,0,3
2013,f,P,7,False,1,10,1,1,1,9,0,9,0,0,3,2,20
2013,f,P,7,False,2,8,2,1,1,7,0,5,1,1,6,5,16
2013,f,P,7,False,3,5,0,0,0,5,0,4,1,0,1,1,10
2013,f,P,7,False,4,5,0,0,0,5,0,3,2,0,4,2,10
2013,f,P,7,False,5,2,0,0,0,2,0,1,1,0,2,0,4
2013,f,P,7,False,6,3,0,0,0,3,0,2,1,0,1,0,6
2013,f,P,7,False,8,1,0,0,0,1,0,1,0,0,0,0,2
2013,f,P,7,True,1,12,3,2,2,9,1,8,1,1,8,9,27
2013,f,P,7,True,2,7,1,1,1,6,0,4,2,0,6,13,13
2013,f,P,7,True,3,4,1,1,1,3,0,3,0,0,4,1,7
2013,f,P,7,True,4,4,0,0,0,4,0,4,0,0,0,5,8
2013,f,P,7,True,5,4,0,0,0,4,0,4,0,0,0,1,8
2013,f,P,7,True,6,1,0,0,0,1,0,1,0,0,0,0,2
2013,f,P,7,True,7,2,0,0,0,2,0,1,1,0,1,3,4
2013,f,P,7,True,9,2,0,0,0,2,0,2,0,0,0,2,4
2013,f,P,7,True,10,2,0,0,0,2,0,1,1,0,1,0,4
2013,f,P,7,True,11,1,0,0,0,1,0,1,0,0,0,3,2
2013,g,C,6,False,1,7,4,2,2,5,0,3,0,2,6,2,23
2013,g,C,6,False,2,6,1,1,1,5,0,4,1,0,5,1,18
2013,g,C,6,False,3,5,2,2,2,3,0,1,2,0,15,3,15
2013,g,C,6,False,4,1,0,0,0,1,0,0,1,0,3,0,3
2013,g,C,6,False,5,1,0,0,0,1,0,1,0,0,0,5,3
2013,g,C,6,False,6,6,0,0,0,6,0,1,5,0,12,9,18
2013,g,C,6,False,7,2,0,0,0,2,0,1,1,0,2,0,6
2013,g,C,6,False,9,1,0,0,0,1,0,0,1,0,3,1,3
2013,g,C,6,True,1,10,5,5,5,5,0,4,1,0,15,14,33
2013,g,C,6,True,2,9,4,2,2,5,2,4,1,2,12,8,34
2013,g,C,6,True,3,1,0,0,0,1,0,0,1,0,5,5,3
2013,g,C,6,True,4,1,0,0,0,1,0,1,0,0,0,1,3
2013,g,C,6,True,5,1,0,0,0,1,0,0,1,0,3,0,3
2013,g,C,6,True,6,1,0,0,0,1,0,0,1,0,1,1,3
2013,g,C,6,True,7,1,0,0,0,1,0,0,1,0,4,0,3
2013,g,C,6,True,8,2,0,0,0,2,0,1,1,0,1,1,6
2013,g,C,7,False,1,10,3,1,1,8,1,7,0,2,4,1,23
2013,g,C,7,False,2,8,1,1,1,7,0,6,1,0,5,2,16
2013,g,C,7,False,3,3,0,0,0,3,0,1,2,0,3,2,6
2013,g,C,7,False,4,1,0,0,0,1,0,1,0,0,0,0,2
2013,g,C,7,False,6,3,0,0,0,3,0,2,1,0,2,5,6
2013,g,C,7,False,7,4,0,0,0,4,0,1,3,0,5,1,8
2013,g,C,7,False,10,1,0,0,0,1,0,1,0,0,0,0,2
2013,g,C,7,True,1,9,6,4,4,3,2,3,0,2,14,4,25
2013,g,C,7,True,2,5,2,2,2,3,0,3,0,0,6,3,11
2013,g,C,7,True,3,2,0,0,0,2,0,1,1,0,1,0,4
2013,g,C,7,True,5,5,0,0,0,5,0,2,3,0,6,0,10
2013,g,C,7,True,6,2,0,0,0,2,0,1,1,0,1,2,4
2013,g,C,7,True,7,1,0,0,0,1,0,0,1,0,4,0,2
2013,g,C,7,True,8,2,0,0,0,2,0,1,1,0,1,1,4
2013,h,P,6,False,1,8,2,1,1,7,0,4,2,1,6,9,25
2013,h,P,6,False,2,5,0,0,0,5,0,3,2,0,2,11,15
2013,h,P,6,False,3,5,0,0,0,5,0,4,1,0,2,0,15
2013,h,P,6,False,4,2,0,0,0,2,0,1,1,0,2,0,6
2013,h,P,6,False,5,4,0,0,0,4,0,3,1,0,1,1,12
2013,h,P,6,False,6,4,1,1,1,3,0,0,3,0,14,9,12
2013,h,P,6,False,7,1,0,0,0,1,0,1,0,0,0,1,3
2013,h,P,6,True,1,8,3,3,3,5,0,4,1,0,10,3,21
2013,h,P,6,True,2,8,2,1,1,7,0,3,3,1,12,15,27
2013,h,P,6,True,3,5,1,1,1,4,0,0,4,0,12,4,17
2013,h,P,6,True,4,2,0,0,0,2,0,0,2,0,5,2,6
2013,h,P,6,True,5,1,0,0,0,1,0,0,1,0,1,0,3
2013,h,P,6,True,6,3,0,0,0,3,0,1,2,0,2,3,9
2013,h,P,6,True,7,2,0,0,0,2,0,0,2,0,6,5,6
2013,h,P,7,False,1,7,2,1,1,6,0,4,1,1,5,5,15
2013,h,P,7,False,2,5,0,0,0,5,0,4,1,0,1,5,10
2013,h,P,7,False,3,6,1,1,1,5,0,4,1,0,8,2,12
2013,h,P,7,False,4,4,0,0,0,4,0,2,2,0,2,5,8
2013,h,P,7,False,5,3,0,0,0,3,0,2,1,0,1,0,6
2013,h,P,7,False,6,2,0,0,0,2,0,1,1,0,1,4,4
2013,h,P,7,False,7,1,0,0,0,1,0,1,0,0,0,1,2
2013,h,P,7,False,8,1,0,0,0,1,0,0,1,0,2,1,2
2013,h,P,7,True,1,12,2,2,2,10,0,8,2,0,7,3,22
2013,h,P,7,True,2,9,1,1,1,8,0,5,3,0,9,11,19
2013,h,P,7,True,3,2,1,1,1,1,0,0,1,0,6,0,6
2013,h,P,7,True,4,2,0,0,0,2,0,1,1,0,2,1,4
2013,h,P,7,True,5,2,0,0,0,2,0,0,2,0,4,1,4
2013,h,P,7,True,6,3,0,0,0,3,0,1,2,0,2,3,6
2013,h,P,7,True,8,1,0,0,0,1,0,0,1,0,3,0,2
2013,h,P,7,True,10,1,0,0,0,1,0,0,1,0,2,0,2
2013,l,P,6,False,1,13,6,5,4,8,1,5,2,1,16,16,45
2013,l,P,6,False,2,7,0,0,0,7,0,4,3,0,3,7,21
2013,l,P,6,False,4,3,1,0,0,3,0,2,0,1,5,2,11
2013,l,P,6,False,5,1,0,0,0,1,0,0,1,0,2,0,3
2013,l,P,6,False,6,1,0,0,0,1,0,0,1,0,4,2,3
2013,l,P,6,False,7,1,0,0,0,1,0,0,1,0,2,2,3
2013,l,P,6,False,8,2,0,0,0,2,0,2,0,0,0,2,6
2013,l,P,6,False,13,1,0,0,0,1,0,0,1,0,2,0,3
2013,l,P,6,False,15,1,0,0,0,1,0,1,0,0,0,2,3
2013,l,P,6,True,1,6,3,2,2,4,0,2,1,1,10,12,21
2013,l,P,6,True,2,2,0,0,0,2,0,2,0,0,0,3,6
2013,l,P,6,True,3,3,0,0,0,3,0,3,0,0,0,5,9
2013,l,P,6,True,4,4,0,0,0,4,0,4,0,0,0,7,12
2013,l,P,6,True,7,2,0,0,0,2,0,1,1,0,1,3,6
2013,l,P,6,True,8,1,0,0,0,1,0,1,0,0,0,0,3
2013,l,P,6,True,9,1,0,0,0,1,0,1,0,0,0,2,3
2013,l,P,6,True,10,1,0,0,0,1,0,1,0,0,0,2,3
2013,l,P,7,False,1,11,3,2,2,9,0,7,1,1,8,10,28
2013,l,P,7,False,2,7,0,0,0,7,0,3,4,0,6,4,14
2013,l,P,7,False,3,2,0,0,0,2,0,2,0,0,0,0,4
2013,l,P,7,False,4,4,1,0,0,4,0,2,1,1,6,3,10
2013,l,P,7,False,5,3,0,0,0,3,0,2,1,0,2,0,6
2013,l,P,7,False,6,1,0,0,0,1,0,0,1,0,1,2,2
2013,l,P,7,False,8,1,0,0,0,1,0,1,0,0,0,0,2
2013,l,P,7,False,10,1,0,0,0,1,0,1,0,0,0,0,2
2013,l,P,7,False,12,1,0,0,0,1,0,0,1,0,1,0,2
2013,l,P,7,False,17,1,0,0,0,1,0,1,0,0,0,0,2
2013,l,P,7,True,1,6,1,1,1,5,0,5,0,0,3,1,12
2013,l,P,7,True,2,5,2,1,1,4,0,3,0,1,6,8,11
2013,l,P,7,True,3,4,0,0,0,4,0,3,1,0,2,6,8
2013,l,P,7,True,4,3,0,0,0,3,0,3,0,0,0,6,6
2013,l,P,7,True,5,2,0,0,0,2,0,2,0,0,0,0,4
2013,l,P,7,True,7,1,0,0,0,1,0,0,1,0,1,1,2
2013,l,P,7,True,8,2,0,0,0,2,0,2,0,0,0,1,4
2013,l,P,7,True,10,1,0,0,0,1,0,1,0,0,0,1,2
2013,l,P,7,True,12,1,0,0,0,1,0,1,0,0,0,0,2
2013,m,P,6,False,1,8,5,4,4,4,0,2,1,1,14,5,25
2013,m,P,6,False,2,4,1,1,1,3,0,2,1,0,4,6,12
2013,m,P,6,False,3,5,0,0,0,5,0,2,3,0,5,6,15
2013,m,P,6,False,4,4,0,0,0,4,0,4,0,0,0,3,12
2013,m,P,6,False,5,3,0,0,0,3,0,2,1,0,3,2,9
2013,m,P,6,False,6,5,0,0,0,5,0,2,3,0,4,4,15
2013,m,P,6,False,7,3,0,0,0,3,0,2,1,0,2,1,9
2013,m,P,6,False,8,3,0,0,0,3,0,0,3,0,10,10,9
2013,m,P,6,True,1,8,4,3,3,5,0,4,0,1,7,9,31
2013,m,P,6,True,2,6,3,1,1,4,1,2,1,2,16,7,23
2013,m,P,6,True,3,2,0,0,0,2,0,0,2,0,2,2,6
2013,m,P,6,True,4,4,0,0,0,4,0,3,1,0,2,3,12
2013,m,P,6,True,5,2,0,0,0,2,0,0,2,0,2,3,6
2013,m,P,6,True,6,2,0,0,0,2,0,0,2,0,4,0,6
2013,m,P,6,True,7,1,0,0,0,1,0,1,0,0,0,0,3
2013,m,P,6,True,8,1,0,0,0,1,0,1,0,0,0,0,3
2013,m,P,6,True,10,1,0,0,0,1,0,0,1,0,4,0,3
2013,m,P,7,False,1,7,4,3,3,4,0,3,0,1,8,3,15
2013,m,P,7,False,2,2,0,0,0,2,0,2,0,0,0,6,4
2013,m,P,7,False,3,3,0,0,0,3,0,1,2,0,3,0,6
2013,m,P,7,False,4,5,0,0,0,5,0,3,2,0,4,2,10
2013,m,P,7,False,5,7,0,0,0,7,0,6,1,0,3,3,14
2013,m,P,7,False,6,3,0,0,0,3,0,1,2,0,2,3,6
2013,m,P,7,False,7,3,0,0,0,3,0,3,0,0,0,1,6
2013,m,P,7,False,8,2,0,0,0,2,0,1,1,0,5,1,4
2013,m,P,7,False,9,1,0,0,0,1,0,0,1,0,3,6,2
2013,m,P,7,True,1,8,3,3,3,5,0,4,1,0,7,10,23
2013,m,P,7,True,2,8,1,0,0,7,1,5,2,1,4,2,19
2013,m,P,7,True,3,2,0,0,0,2,0,2,0,0,0,0,4
2013,m,P,7,True,4,5,0,0,0,5,0,4,1,0,2,4,10
2013,m,P,7,True,5,2,1,0,0,2,0,0,1,1,9,4,7
2013,m,P,7,True,6,2,0,0,0,2,0,1,1,0,1,0,4
2013,m,P,7,True,7,1,0,0,0,1,0,1,0,0,0,0,2
2013,m,P,7,True,8,1,0,0,0,1,0,1,0,0,0,0,2
2013,m,P,7,True,9,1,0,0,0,1,0,0,1,0,3,0,2
2013,s,C,6,False,1,10,3,2,2,8,0,6,1,1,9,9,30
2013,s,C,6,False,2,9,2,1,1,8,0,5,2,1,11,6,28
2013,s,C,6,False,3,4,0,0,0,4,0,4,0,0,0,2,12
2013,s,C,6,False,4,4,0,0,0,4,0,2,2,0,2,3,12
2013,s,C,6,False,5,8,0,0,0,8,0,3,5,0,11,15,24
2013,s,C,6,False,7,1,0,0,0,1,0,1,0,0,0,0,3
2013,s,C,6,False,11,1,0,0,0,1,0,1,0,0,0,0,3
2013,s,C,6,True,1,12,3,2,2,10,0,7,2,1,14,24,37
2013,s,C,6,True,2,6,1,1,1,5,0,4,1,0,6,4,21
2013,s,C,6,True,3,4,0,0,0,4,0,2,2,0,4,7,12
2013,s,C,6,True,4,2,0,0,0,2,0,1,1,0,1,2,6
2013,s,C,6,True,5,5,0,0,0,5,0,2,3,0,5,9,15
2013,s,C,6,True,6,2,0,0,0,2,0,0,2,0,3,5,6
2013,s,C,6,True,7,4,0,0,0,4,0,1,3,0,6,4,12
2013,s,C,7,False,1,8,3,2,2,6,0,5,0,1,8,3,17
2013,s,C,7,False,2,7,2,1,1,6,0,4,1,1,9,2,15
2013,s,C,7,False,3,8,0,0,0,8,0,6,2,0,4,2,16
2013,s,C,7,False,4,6,0,0,0,6,0,4,2,0,2,4,12
2013,s,C,7,False,5,4,0,0,0,4,0,1,3,0,4,1,8
2013,s,C,7,False,6,1,0,0,0,1,0,0,1,0,1,0,2
2013,s,C,7,False,7,3,0,0,0,3,0,3,0,0,0,0,6
2013,s,C,7,False,11,1,0,0,0,1,0,1,0,0,0,0,2
2013,s,C,7,False,12,1,0,0,0,1,0,1,0,0,0,0,2
2013,s,C,7,True,1,11,2,1,1,10,0,8,1,1,6,14,22
2013,s,C,7,True,2,6,1,0,0,6,0,4,1,1,3,6,14
2013,s,C,7,True,3,4,1,1,1,3,0,3,0,0,4,1,8
2013,s,C,7,True,4,4,0,0,0,4,0,1,3,0,4,4,8
2013,s,C,7,True,5,5,0,0,0,5,0,2,3,0,4,2,10
2013,s,C,7,True,6,1,0,0,0,1,0,1,0,0,0,0,2
2013,s,C,7,True,7,1,0,0,0,1,0,0,1,0,2,1,2
2013,s,C,7,True,8,2,0,0,0,2,0,1,1,0,2,0,4
2013,s,C,7,True,9,1,0,0,0,1,0,0,1,0,1,2,2
2013,s,C,7,True,11,1,0,0,0,1,0,1,0,0,0,1,2
2013,t,C,6,False,1,10,3,2,2,8,0,7,0,1,10,7,30
2013,t,C,6,False,2,5,1,1,1,4,0,4,0,0,4,1,15
2013,t,C,6,False,3,3,0,0,0,3,0,1,2,0,5,3,9
2013,t,C,6,False,4,3,1,1,1,2,0,2,0,0,6,2,12
2013,t,C,6,False,5,2,0,0,0,2,0,1,1,0,1,0,6
2013,t,C,6,False,6,4,0,0,0,4,0,2,2,0,2,9,12
2013,t,C,6,False,8,1,0,0,0,1,0,0,1,0,1,1,3
2013,t,C,6,False,10,1,0,0,0,1,0,0,1,0,1,3,3
2013,t,C,6,False,12,1,0,0,0,1,0,1,0,0,0,0,3
2013,t,C,6,True,1,12,3,2,2,9,1,7,2,1,8,8,39
2013,t,C,6,True,2,5,0,0,0,5,0,4,1,0,1,5,15
2013,t,C,6,True,3,6,4,3,3,3,0,2,0,1,23,5,19
2013,t,C,6,True,4,1,0,0,0,1,0,1,0,0,0,1,3
2013,t,C,6,True,5,2,0,0,0,2,0,2,0,0,0,1,6
2013,t,C,6,True,6,2,0,0,0,2,0,2,0,0,0,4,6
2013,t,C,6,True,7,1,0,0,0,1,0,1,0,0,0,0,3
2013,t,C,6,True,8,1,0,0,0,1,0,0,1,0,5,0,3
2013,t,C,7,False,1,8,2,2,2,6,0,6,0,0,8,2,16
2013,t,C,7,False,2,8,1,0,0,8,0,7,0,1,2,2,16
2013,t,C,7,False,3,3,0,0,0,3,0,1,2,0,5,3,6
2013,t,C,7,False,4,3,0,0,0,3,0,3,0,0,0,1,6
2013,t,C,7,False,5,1,0,0,0,1,0,1,0,0,0,0,2
2013,t,C,7,False,6,1,0,0,0,1,0,0,1,0,1,0,2
2013,t,C,7,False,7,2,0,0,0,2,0,2,0,0,0,5,4
2013,t,C,7,False,8,2,0,0,0,2,0,0,2,0,2,1,4
2013,t,C,7,False,12,2,0,0,0,2,0,2,0,0,0,0,4
2013,t,C,7,True,1,10,3,2,2,7,1,7,0,1,5,6,23
2013,t,C,7,True,2,9,1,1,1,8,0,5,3,0,10,5,17
2013,t,C,7,True,3,3,1,1,1,2,0,2,0,0,4,0,5
2013,t,C,7,True,4,1,0,0,0,1,0,1,0,0,0,1,2
2013,t,C,7,True,5,3,0,0,0,3,0,3,0,0,0,1,6
2013,t,C,7,True,6,1,0,0,0,1,0,1,0,0,0,0,2
2013,t,C,7,True,7,1,0,0,0,1,0,1,0,0,0,0,2
2013,t,C,7,True,8,2,0,0,0,2,0,1,1,0,5,2,4
2014,b,P,6,False,1,12,7,2,2,9,1,5,0,5,15,22,45
2014,b,P,6,False,2,12,3,2,2,10,0,5,4,1,15,5,36
2014,b,P,6,False,3,4,0,0,0,4,0,3,1,0,2,4,12
2014,b,P,6,False,4,1,0,0,0,1,0,0,1,0,1,0,3
2014,b,P,6,False,5,3,0,0,0,3,0,2,1,0,1,3,9
2014,b,P,6,False,7,1,0,0,0,1,0,1,0,0,0,1,3
2014,b,P,6,True,1,8,2,2,2,6,0,3,3,0,10,9,26
2014,b,P,6,True,2,7,1,1,1,6,0,5,1,0,6,8,20
2014,b,P,6,True,3,5,0,0,0,5,0,3,2,0,2,15,15
2014,b,P,6,True,4,2,0,0,0,2,0,1,1,0,3,4,6
2014,b,P,6,True,5,2,0,0,0,2,0,1,1,0,3,1,6
2014,b,P,7,False,1,10,4,0,0,9,1,6,0,4,4,4,27
2014,b,P,7,False,2,9,1,0,0,9,0,6,2,1,4,6,18
2014,b,P,7,False,3,4,1,1,1,3,0,3,0,0,4,0,8
2014,b,P,7,False,4,3,0,0,0,3,0,2,1,0,1,3,6
2014,b,P,7,False,5,3,0,0,0,3,0,2,1,0,1,5,6
2014,b,P,7,False,6,1,0,0,0,1,0,1,0,0,0,0,2
2014,b,P,7,False,7,1,0,0,0,1,0,1,0,0,0,1,2
2014,b,P,7,True,1,7,0,0,0,7,0,5,2,0,2,7,14
2014,b,P,7,True,2,5,0,0,0,5,0,4,1,0,1,4,10
2014,b,P,7,True,3,1,0,0,0,1,0,1,0,0,0,2,2
2014,b,P,7,True,4,3,0,0,0,3,0,3,0,0,0,1,6
2014,b,P,7,True,5,4,0,0,0,4,0,2,2,0,4,2,8
2014,b,P,7,True,6,1,0,0,0,1,0,1,0,0,0,0,2
2014,b,P,7,True,7,2,0,0,0,2,0,2,0,0,0,0,4
2014,c,C,6,False,1,11,5,2,2,9,0,5,1,3,13,19,37
2014,c,C,6,False,2,10,1,1,1,9,0,5,4,0,9,11,31
2014,c,C,6,False,3,3,1,1,1,2,0,0,2,0,9,0,9
2014,c,C,6,False,4,4,0,0,0,4,0,2,2,0,2,6,12
2014,c,C,6,False,5,2,0,0,0,2,0,0,2,0,8,0,6
2014,c,C,6,False,6,3,0,0,0,3,0,1,2,0,5,6,9
2014,c,C,6,False,7,4,0,0,0,4,0,3,1,0,1,1,12
2014,c,C,6,True,1,6,4,3,3,3,0,1,1,1,13,5,19
2014,c,C,6,True,2,10,3,2,1,8,1,3,4,1,18,19,32
2014,c,C,6,True,3,3,0,0,0,3,0,1,2,0,2,4,9
2014,c,C,6,True,4,1,0,0,0,1,0,1,0,0,0,2,3
2014,c,C,6,True,6,3,0,0,0,3,0,0,3,0,9,2,9
2014,c,C,6,True,7,1,0,0,0,1,0,1,0,0,0,0,3
2014,c,C,6,True,8,1,0,0,0,1,0,0,1,0,1,0,3
2014,c,C,6,True,9,1,0,0,0,1,0,0,1,0,5,0,3
2014,c,C,6,True,11,1,0,0,0,1,0,0,1,0,4,4,3
2014,c,C,7,False,1,9,4,3,3,6,0,5,0,1,11,3,21
2014,c,C,7,False,2,3,0,0,0,3,0,2,1,0,1,0,6
2014,c,C,7,False,3,9,1,0,0,9,0,4,4,1,8,9,18
2014,c,C,7,False,4,8,0,0,0,8,0,4,4,0,7,4,16
2014,c,C,7,False,5,1,0,0,0,1,0,0,1,0,4,0,2
2014,c,C,7,False,6,2,0,0,0,2,0,2,0,0,0,0,4
2014,c,C,7,False,7,4,0,0,0,4,0,2,2,0,3,5,8
2014,c,C,7,False,8,2,0,0,0,2,0,2,0,0,0,1,4
2014,c,C,7,True,1,5,2,1,1,4,0,2,1,1,5,4,9
2014,c,C,7,True,2,5,1,1,1,4,0,2,2,0,7,4,9
2014,c,C,7,True,3,4,0,0,0,4,0,2,2,0,2,6,8
2014,c,C,7,True,6,4,0,0,0,4,0,1,3,0,5,1,8
2014,c,C,7,True,7,1,0,0,0,1,0,1,0,0,0,0,2
2014,c,C,7,True,8,2,0,0,0,2,0,0,2,0,6,0,4
2014,c,C,7,True,9,1,0,0,0,1,0,0,1,0,5,0,2
2014,c,C,7,True,12,1,0,0,0,1,0,0,1,0,4,3,2
2014,d,C,6,False,1,14,10,5,5,8,1,4,0,5,25,19,46
2014,d,C,6,False,2,5,3,2,2,3,0,1,1,1,15,5,18
2014,d,C,6,False,3,4,0,0,0,4,0,2,2,0,4,3,12
2014,d,C,6,False,4,4,0,0,0,4,0,0,4,0,6,1,12
2014,d,C,6,False,5,2,0,0,0,2,0,0,2,0,3,0,6
2014,d,C,6,False,6,4,0,0,0,4,0,2,2,0,4,5,12
2014,d,C,6,False,7,2,0,0,0,2,0,1,1,0,4,3,6
2014,d,C,6,False,8,2,0,0,0,2,0,1,1,0,1,7,6
2014,d,C,6,True,1,6,0,0,0,6,0,4,2,0,2,10,18
2014,d,C,6,True,2,12,2,0,0,11,1,7,3,2,11,33,41
2014,d,C,6,True,3,3,2,0,0,3,0,0,1,2,7,8,12
2014,d,C,6,True,4,4,0,0,0,4,0,2,2,0,3,3,12
2014,d,C,6,True,5,4,0,0,0,4,0,1,3,0,6,4,12
2014,d,C,6,True,6,1,0,0,0,1,0,0,1,0,1,2,3
2014,d,C,7,False,1,13,6,2,2,10,1,7,0,4,12,14,32
2014,d,C,7,False,2,6,1,0,0,6,0,4,1,1,3,6,12
2014,d,C,7,False,3,5,0,0,0,5,0,2,3,0,4,0,10
2014,d,C,7,False,4,2,0,0,0,2,0,1,1,0,1,0,4
2014,d,C,7,False,5,4,0,0,0,4,0,0,4,0,5,0,8
2014,d,C,7,False,6,2,0,0,0,2,0,2,0,0,0,0,4
2014,d,C,7,False,7,3,0,0,0,3,0,2,1,0,1,4,6
2014,d,C,7,False,8,1,0,0,0,1,0,0,1,0,1,0,2
2014,d,C,7,False,14,1,0,0,0,1,0,1,0,0,0,1,2
2014,d,C,7,True,1,15,5,2,2,12,1,7,3,3,13,25,36
2014,d,C,7,True,2,6,0,0,0,6,0,6,0,0,0,6,12
2014,d,C,7,True,3,2,0,0,0,2,0,2,0,0,0,4,4
2014,d,C,7,True,4,4,0,0,0,4,0,3,1,0,2,1,8
2014,d,C,7,True,5,1,0,0,0,1,0,0,1,0,2,0,2
2014,d,C,7,True,6,2,0,0,0,2,0,1,1,0,1,2,4
2014,d,C,7,True,7,1,0,0,0,1,0,1,0,0,0,0,2
2014,d,C,7,True,12,1,0,0,0,1,0,1,0,0,0,2,2
2014,db,C,6,False,1,7,3,0,0,7,0,4,0,3,3,6,24
2014,db,C,6,False,2,6,1,1,1,5,0,4,1,0,4,8,18
2014,db,C,6,False,3,4,0,0,0,4,0,2,2,0,5,6,12
2014,db,C,6,False,4,6,1,1,1,5,0,3,2,0,9,1,18
2014,db,C,6,False,5,4,0,0,0,4,0,2,2,0,4,7,12
2014,db,C,6,False,7,1,0,0,0,1,0,1,0,0,0,1,3
2014,db,C,6,False,8,1,0,0,0,1,0,1,0,0,0,0,3
2014,db,C,6,True,1,9,6,2,2,7,0,3,0,4,16,14,26
2014,db,C,6,True,2,6,1,1,1,5,0,4,1,0,5,3,19
2014,db,C,6,True,3,5,0,0,0,5,0,4,1,0,5,15,15
2014,db,C,6,True,4,8,0,0,0,8,0,4,4,0,5,13,24
2014,db,C,6,True,5,1,0,0,0,1,0,1,0,0,0,3,3
2014,db,C,6,True,7,3,0,0,0,3,0,2,1,0,1,8,9
2014,db,C,6,True,9,1,0,0,0,1,0,0,1,0,1,1,3
2014,db,C,7,False,1,6,1,0,0,6,0,5,0,1,1,4,14
2014,db,C,7,False,2,6,1,1,1,5,0,3,2,0,7,4,12
2014,db,C,7,False,3,5,0,0,0,5,0,5,0,0,0,5,10
2014,db,C,7,False,4,6,0,0,0,6,0,4,2,0,3,1,12
2014,db,C,7,False,6,2,0,0,0,2,0,1,1,0,1,0,4
2014,db,C,7,False,7,2,0,0,0,2,0,1,1,0,3,1,4
2014,db,C,7,False,8,2,0,0,0,2,0,2,0,0,0,0,4
2014,db,C,7,True,1,4,1,1,1,3,0,3,0,0,2,2,9
2014,db,C,7,True,2,7,1,0,0,7,0,5,1,1,4,6,14
2014,db,C,7,True,3,5,0,0,0,5,0,5,0,0,0,9,10
2014,db,C,7,True,4,7,0,0,0,7,0,5,2,0,3,10,14
2014,db,C,7,True,5,1,0,0,0,1,0,0,1,0,5,6,2
2014,db,C,7,True,6,2,0,0,0,2,0,2,0,0,0,2,4
2014,db,C,7,True,7,1,0,0,0,1,0,1,0,0,0,3,2
2014,db,C,7,True,8,1,0,0,0,1,0,1,0,0,0,0,2
2014,db,C,7,True,9,1,0,0,0,1,0,0,1,0,1,1,2
2014,db,C,7,True,10,1,0,0,0,1,0,0,1,0,1,1,2
2014,e,P,6,False,1,7,1,0,0,7,0,6,0,1,1,6,22
2014,e,P,6,False,2,10,2,2,2,8,0,6,2,0,13,14,30
2014,e,P,6,False,3,6,2,2,2,4,0,4,0,0,10,8,18
2014,e,P,6,False,4,6,0,0,0,6,0,3,3,0,3,7,18
2014,e,P,6,False,5,1,0,0,0,1,0,0,1,0,2,0,3
2014,e,P,6,False,6,2,0,0,0,2,0,0,2,0,4,0,6
2014,e,P,6,False,7,1,0,0,0,1,0,0,1,0,3,0,3
2014,e,P,6,False,9,2,0,0,0,2,0,1,1,0,3,2,6
2014,e,P,6,False,10,1,0,0,0,1,0,0,1,0,2,1,3
2014,e,P,6,True,1,10,3,3,3,7,0,5,2,0,10,8,36
2014,e,P,6,True,2,8,2,1,0,8,0,4,2,1,10,16,24
2014,e,P,6,True,3,10,1,1,1,9,0,7,2,0,6,20,30
2014,e,P,6,True,4,2,0,0,0,2,0,1,1,0,1,1,6
2014,e,P,6,True,5,1,0,0,0,1,0,0,1,0,1,3,3
2014,e,P,6,True,6,2,0,0,0,2,0,1,1,0,2,1,6
2014,e,P,6,True,8,2,0,0,0,2,0,1,1,0,1,3,6
2014,e,P,7,False,1,6,1,0,0,6,0,5,0,1,1,4,13
2014,e,P,7,False,2,8,1,1,1,7,0,6,1,0,6,3,16
2014,e,P,7,False,3,6,2,2,2,4,0,4,0,0,9,0,12
2014,e,P,7,False,4,6,0,0,0,6,0,3,3,0,3,2,12
2014,e,P,7,False,5,3,0,0,0,3,0,1,2,0,4,0,6
2014,e,P,7,False,6,3,0,0,0,3,0,3,0,0,0,1,6
2014,e,P,7,False,7,2,0,0,0,2,0,1,1,0,3,0,4
2014,e,P,7,False,8,1,0,0,0,1,0,1,0,0,0,0,2
2014,e,P,7,False,11,2,0,0,0,2,0,1,1,0,2,0,4
2014,e,P,7,True,1,8,4,3,3,5,0,4,0,1,9,3,22
2014,e,P,7,True,2,8,1,1,0,8,0,5,2,0,5,8,16
2014,e,P,7,True,3,8,1,1,1,7,0,6,1,0,8,11,16
2014,e,P,7,True,4,7,0,0,0,7,0,5,2,0,2,12,14
2014,e,P,7,True,5,1,0,0,0,1,0,1,0,0,0,2,2
2014,e,P,7,True,6,1,0,0,0,1,0,1,0,0,0,0,2
2014,e,P,7,True,7,2,0,0,0,2,0,1,1,0,2,3,4
2014,e,P,7,True,8,1,0,0,0,1,0,1,0,0,0,0,2
2014,f,P,6,False,1,10,5,4,1,7,2,5,0,1,16,10,36
2014,f,P,6,False,2,9,3,2,2,7,0,3,3,1,18,6,30
2014,f,P,6,False,3,6,1,0,0,6,0,2,3,1,7,14,19
2014,f,P,6,False,4,2,0,0,0,2,0,1,1,0,1,6,6
2014,f,P,6,False,5,3,0,0,0,3,0,1,2,0,2,0,9
2014,f,P,6,False,6,1,0,0,0,1,0,1,0,0,0,0,3
2014,f,P,6,False,7,1,0,0,0,1,0,1,0,0,0,0,3
2014,f,P,6,False,10,2,0,0,0,2,0,1,1,0,3,2,6
2014,f,P,6,True,1,12,6,5,5,7,0,5,1,1,17,14,38
2014,f,P,6,True,2,6,3,3,3,3,0,1,2,0,15,4,17
2014,f,P,6,True,3,1,0,0,0,1,0,1,0,0,0,2,3
2014,f,P,6,True,4,5,0,0,0,5,0,4,1,0,1,7,15
2014,f,P,6,True,5,1,0,0,0,1,0,0,1,0,1,4,3
2014,f,P,6,True,7,1,0,0,0,1,0,0,1,0,1,4,3
2014,f,P,7,False,1,10,3,2,0,8,2,7,0,1,7,7,26
2014,f,P,7,False,2,6,1,1,1,5,0,5,0,0,6,3,15
2014,f,P,7,False,3,4,1,0,0,4,0,2,1,1,4,8,9
2014,f,P,7,False,4,2,0,0,0,2,0,2,0,0,0,0,4
2014,f,P,7,False,5,4,0,0,0,4,0,1,3,0,3,3,8
2014,f,P,7,False,6,2,0,0,0,2,0,2,0,0,0,0,4
2014,f,P,7,False,7,1,0,0,0,1,0,1,0,0,0,0,2
2014,f,P,7,False,10,1,0,0,0,1,0,0,1,0,3,0,2
2014,f,P,7,False,11,1,0,0,0,1,0,1,0,0,0,1,2
2014,f,P,7,True,1,7,0,0,0,7,0,7,0,0,0,6,14
2014,f,P,7,True,2,4,0,0,0,4,0,2,2,0,3,4,8
2014,f,P,7,True,3,3,0,0,0,3,0,3,0,0,0,9,6
2014,f,P,7,True,4,3,0,0,0,3,0,3,0,0,0,6,6
2014,f,P,7,True,5,2,0,0,0,2,0,1,1,0,1,4,4
2014,f,P,7,True,6,1,0,0,0,1,0,0,1,0,2,0,2
2014,f,P,7,True,7,1,0,0,0,1,0,0,1,0,1,4,2
2014,g,C,6,False,1,8,5,3,3,5,0,3,0,2,12,13,31
2014,g,C,6,False,2,8,3,3,3,5,0,3,2,0,16,4,25
2014,g,C,6,False,3,7,1,1,0,7,0,3,3,0,8,8,22
2014,g,C,6,False,4,3,0,0,0,3,0,1,2,0,5,3,9
2014,g,C,6,False,5,6,2,2,1,5,0,1,3,0,21,16,21
2014,g,C,6,False,6,1,0,0,0,1,0,0,1,0,1,0,3
2014,g,C,6,False,10,1,0,0,0,1,0,1,0,0,0,0,3
2014,g,C,6,True,1,7,2,1,1,6,0,4,1,1,5,12,21
2014,g,C,6,True,2,2,0,0,0,2,0,1,1,0,1,0,6
2014,g,C,6,True,3,4,2,2,2,2,0,1,1,0,12,6,16
2014,g,C,6,True,4,4,0,0,0,4,0,2,2,0,5,12,12
2014,g,C,6,True,5,2,0,0,0,2,0,2,0,0,0,9,6
2014,g,C,6,True,7,2,0,0,0,2,0,0,2,0,3,4,6
2014,g,C,6,True,10,1,0,0,0,1,0,0,1,0,3,0,3
2014,g,C,7,False,1,11,8,5,4,7,0,3,0,3,17,12,32
2014,g,C,7,False,2,7,2,2,2,5,0,3,2,0,10,1,15
2014,g,C,7,False,3,6,0,0,0,6,0,3,3,0,4,9,12
2014,g,C,7,False,4,3,0,0,0,3,0,3,0,0,0,3,6
2014,g,C,7,False,5,4,2,2,1,3,0,0,2,0,22,3,11
2014,g,C,7,False,6,2,0,0,0,2,0,0,2,0,3,0,4
2014,g,C,7,False,7,1,0,0,0,1,0,1,0,0,0,2,2
2014,g,C,7,False,8,1,0,0,0,1,0,1,0,0,0,0,2
2014,g,C,7,False,9,1,0,0,0,1,0,0,1,0,1,1,2
2014,g,C,7,False,10,1,0,0,0,1,0,1,0,0,0,0,2
2014,g,C,7,True,1,7,1,1,1,6,0,6,0,0,2,6,14
2014,g,C,7,True,2,3,0,0,0,3,0,2,1,0,1,1,6
2014,g,C,7,True,3,3,1,1,1,2,0,2,0,0,4,3,9
2014,g,C,7,True,4,2,0,0,0,2,0,2,0,0,0,1,4
2014,g,C,7,True,5,2,0,0,0,2,0,1,1,0,2,7,4
2014,g,C,7,True,6,2,0,0,0,2,0,1,1,0,2,5,4
2014,g,C,7,True,7,2,0,0,0,2,0,1,1,0,2,6,4
2014,g,C,7,True,9,1,0,0,0,1,0,0,1,0,2,0,2
2014,h,P,6,False,1,6,4,1,1,5,0,2,0,3,8,8,18
2014,h,P,6,False,2,11,3,1,1,10,0,4,4,2,16,15,40
2014,h,P,6,False,3,2,0,0,0,2,0,2,0,0,0,0,6
2014,h,P,6,False,4,6,0,0,0,6,0,5,1,0,1,4,18
2014,h,P,6,False,5,4,0,0,0,4,0,1,3,0,8,6,12
2014,h,P,6,False,6,2,0,0,0,2,0,0,2,0,6,1,6
2014,h,P,6,False,11,1,0,0,0,1,0,1,0,0,0,2,3
2014,h,P,6,True,1,5,3,3,3,2,0,2,0,0,6,0,16
2014,h,P,6,True,2,10,3,2,2,8,0,3,4,1,13,9,29
2014,h,P,6,True,3,5,0,0,0,5,0,1,4,0,8,10,15
2014,h,P,6,True,4,1,0,0,0,1,0,0,1,0,3,0,3
2014,h,P,6,True,7,1,0,0,0,1,0,0,1,0,1,0,3
2014,h,P,6,True,8,1,0,0,0,1,0,0,1,0,1,0,3
2014,h,P,7,False,1,4,2,1,1,3,0,2,0,1,3,3,8
2014,h,P,7,False,2,10,3,1,1,9,0,4,3,2,14,11,27
2014,h,P,7,False,3,5,0,0,0,5,0,3,2,0,2,0,10
2014,h,P,7,False,4,7,0,0,0,7,0,5,2,0,2,3,14
2014,h,P,7,False,5,4,0,0,0,4,0,1,3,0,7,6,8
2014,h,P,7,False,6,1,0,0,0,1,0,1,0,0,0,0,2
2014,h,P,7,False,7,1,0,0,0,1,0,0,1,0,2,0,2
2014,h,P,7,False,11,1,0,0,0,1,0,1,0,0,0,2,2
2014,h,P,7,True,1,7,3,3,3,4,0,4,0,0,6,0,15
2014,h,P,7,True,2,10,2,2,2,8,0,5,3,0,10,9,19
2014,h,P,7,True,3,5,0,0,0,5,0,2,3,0,4,4,10
2014,h,P,7,True,4,1,0,0,0,1,0,0,1,0,3,0,2
2014,h,P,7,True,6,1,0,0,0,1,0,1,0,0,0,0,2
2014,h,P,7,True,8,1,0,0,0,1,0,0,1,0,1,0,2
2014,l,P,6,False,1,9,5,3,2,6,1,4,0,2,13,10,33
2014,l,P,6,False,2,7,2,1,1,6,0,1,4,1,12,4,21
2014,l,P,6,False,3,9,2,2,1,8,0,3,4,0,16,13,28
2014,l,P,6,False,4,6,0,0,0,6,0,3,3,0,4,6,18
2014,l,P,6,False,5,2,0,0,0,2,0,1,1,0,1,2,6
2014,l,P,6,False,7,2,0,0,0,2,0,1,1,0,1,5,6
2014,l,P,6,True,1,12,6,3,3,9,0,5,1,3,12,11,43
2014,l,P,6,True,2,5,0,0,0,5,0,3,2,0,3,8,15
2014,l,P,6,True,3,3,0,0,0,3,0,2,1,0,1,7,9
2014,l,P,6,True,4,6,0,0,0,6,0,2,4,0,6,7,18
2014,l,P,6,True,5,3,0,0,0,3,0,2,1,0,1,4,9
2014,l,P,6,True,6,1,0,0,0,1,0,1,0,0,0,1,3
2014,l,P,6,True,8,1,0,0,0,1,0,0,1,0,2,4,3
2014,l,P,6,True,15,1,0,0,0,1,0,0,1,0,1,0,3
2014,l,P,7,False,1,10,5,4,3,7,0,5,0,1,16,4,22
2014,l,P,7,False,2,6,0,0,0,6,0,3,3,0,3,2,12
2014,l,P,7,False,3,9,1,1,0,9,0,5,3,0,9,4,19
2014,l,P,7,False,4,3,0,0,0,3,0,3,0,0,0,3,6
2014,l,P,7,False,5,2,0,0,0,2,0,0,2,0,2,1,4
2014,l,P,7,False,6,3,0,0,0,3,0,2,1,0,2,1,6
2014,l,P,7,False,7,1,0,0,0,1,0,0,1,0,1,1,2
2014,l,P,7,False,8,1,0,0,0,1,0,0,1,0,1,0,2
2014,l,P,7,False,11,1,0,0,0,1,0,1,0,0,0,0,2
2014,l,P,7,True,1,11,4,2,2,9,0,7,0,2,8,4,26
2014,l,P,7,True,2,5,0,0,0,5,0,5,0,0,0,7,10
2014,l,P,7,True,3,4,0,0,0,4,0,2,2,0,3,7,8
2014,l,P,7,True,4,7,0,0,0,7,0,5,2,0,2,9,14
2014,l,P,7,True,5,3,0,0,0,3,0,2,1,0,1,3,6
2014,l,P,7,True,6,1,0,0,0,1,0,1,0,0,0,4,2
2014,l,P,7,True,7,1,0,0,0,1,0,1,0,0,0,0,2
2014,l,P,7,True,14,1,0,0,0,1,0,1,0,0,0,0,2
2014,m,P,6,False,1,12,5,3,2,10,0,7,0,2,9,14,36
2014,m,P,6,False,2,3,0,0,0,3,0,3,0,0,0,5,9
2014,m,P,6,False,3,10,1,1,1,9,0,4,5,0,11,12,30
2014,m,P,6,False,4,6,0,0,0,6,0,2,4,0,6,4,18
2014,m,P,6,False,5,5,0,0,0,5,0,3,2,0,2,8,15
2014,m,P,6,False,6,1,0,0,0,1,0,0,1,0,2,0,3
2014,m,P,6,False,7,2,0,0,0,2,0,0,2,0,5,1,6
2014,m,P,6,False,8,1,0,0,0,1,0,0,1,0,1,0,3
2014,m,P,6,False,9,1,0,0,0,1,0,1,0,0,0,1,3
2014,m,P,6,False,12,1,0,0,0,1,0,0,1,0,3,2,3
2014,m,P,6,True,1,4,2,1,1,2,1,2,0,1,6,2,16
2014,m,P,6,True,2,11,3,2,1,10,0,6,2,1,15,14,35
2014,m,P,6,True,3,5,0,0,0,5,0,4,1,0,4,18,15
2014,m,P,6,True,4,2,0,0,0,2,0,1,1,0,1,2,6
2014,m,P,6,True,5,1,0,0,0,1,0,0,1,0,3,4,3
2014,m,P,6,True,6,3,0,0,0,3,0,2,1,0,5,10,9
2014,m,P,6,True,7,2,0,0,0,2,0,1,1,0,1,1,3
2014,m,P,7,False,1,7,0,0,0,7,0,7,0,0,0,1,14
2014,m,P,7,False,2,4,1,1,1,3,0,3,0,0,4,1,8
2014,m,P,7,False,3,8,0,0,0,8,0,5,3,0,3,5,16
2014,m,P,7,False,4,6,0,0,0,6,0,3,3,0,4,2,12
2014,m,P,7,False,5,2,0,0,0,2,0,1,1,0,1,2,4
2014,m,P,7,False,6,5,0,0,0,5,0,2,3,0,4,3,10
2014,m,P,7,False,7,1,0,0,0,1,0,0,1,0,1,1,2
2014,m,P,7,False,8,2,0,0,0,2,0,0,2,0,4,0,4
2014,m,P,7,False,9,1,0,0,0,1,0,1,0,0,0,0,2
2014,m,P,7,False,10,1,0,0,0,1,0,1,0,0,0,0,2
2014,m,P,7,False,13,1,0,0,0,1,0,0,1,0,2,0,2
2014,m,P,7,True,1,6,3,2,2,3,1,3,0,1,7,3,16
2014,m,P,7,True,2,9,1,0,0,8,1,6,2,1,5,7,21
2014,m,P,7,True,3,3,0,0,0,3,0,3,0,0,0,3,6
2014,m,P,7,True,4,3,0,0,0,3,0,2,1,0,1,2,6
2014,m,P,7,True,5,4,1,1,1,3,0,1,2,0,10,8,8
2014,m,P,7,True,6,2,0,0,0,2,0,1,1,0,4,9,4
2014,m,P,7,True,7,1,0,0,0,1,0,1,0,0,0,0,2
2014,m,P,7,True,8,1,0,0,0,1,0,1,0,0,0,2,2
2014,s,C,6,False,1,13,7,4,3,9,1,4,2,3,17,16,42
2014,s,C,6,False,2,9,1,1,1,8,0,6,2,0,6,8,29
2014,s,C,6,False,3,3,0,0,0,3,0,2,1,0,1,5,9
2014,s,C,6,False,4,4,0,0,0,4,0,1,3,0,6,2,12
2014,s,C,6,False,5,4,0,0,0,4,0,0,4,0,7,0,12
2014,s,C,6,False,6,4,0,0,0,4,0,3,1,0,2,0,12
2014,s,C,6,False,9,1,0,0,0,1,0,0,1,0,6,1,3
2014,s,C,6,False,10,1,0,0,0,1,0,0,1,0,5,0,3
2014,s,C,6,True,1,7,3,3,3,4,0,3,1,0,12,5,18
2014,s,C,6,True,2,5,2,2,1,4,0,1,2,0,12,12,15
2014,s,C,6,True,3,5,0,0,0,5,0,4,1,0,1,10,15
2014,s,C,6,True,4,1,0,0,0,1,0,1,0,0,0,5,3
2014,s,C,6,True,5,2,0,0,0,2,0,1,1,0,3,5,6
2014,s,C,6,True,6,3,0,0,0,3,0,1,2,0,3,1,9
2014,s,C,6,True,7,3,0,0,0,3,0,1,2,0,4,9,9
2014,s,C,6,True,9,3,0,0,0,3,0,1,2,0,7,3,9
2014,s,C,7,False,1,8,4,3,2,6,0,3,1,1,10,6,19
2014,s,C,7,False,2,11,1,1,1,10,0,6,4,0,9,3,24
2014,s,C,7,False,3,3,0,0,0,3,0,3,0,0,0,5,6
2014,s,C,7,False,4,5,0,0,0,5,0,2,3,0,3,3,10
2014,s,C,7,False,5,6,0,0,0,6,0,1,5,0,10,1,12
2014,s,C,7,False,6,4,0,0,0,4,0,4,0,0,0,0,8
2014,s,C,7,False,8,1,0,0,0,1,0,0,1,0,3,0,2
2014,s,C,7,True,1,6,0,0,0,6,0,4,2,0,2,7,12
2014,s,C,7,True,2,6,2,2,1,5,0,2,2,0,12,14,12
2014,s,C,7,True,3,5,0,0,0,5,0,4,1,0,1,3,10
2014,s,C,7,True,4,2,0,0,0,2,0,2,0,0,0,5,4
2014,s,C,7,True,5,2,0,0,0,2,0,2,0,0,0,1,4
2014,s,C,7,True,6,3,0,0,0,3,0,2,1,0,2,4,6
2014,s,C,7,True,7,1,0,0,0,1,0,1,0,0,0,0,2
2014,s,C,7,True,8,4,0,0,0,4,0,2,2,0,4,4,8
2014,s,C,7,True,9,2,0,0,0,2,0,1,1,0,2,0,4
2014,t,C,6,False,1,9,4,2,2,7,0,5,0,2,16,16,30
2014,t,C,6,False,2,7,3,3,3,4,0,3,1,0,13,7,22
2014,t,C,6,False,3,3,0,0,0,3,0,1,2,0,3,5,9
2014,t,C,6,False,4,6,1,1,1,5,0,3,2,0,19,10,18
2014,t,C,6,False,5,4,0,0,0,4,0,2,2,0,2,3,12
2014,t,C,6,False,6,2,0,0,0,2,0,1,1,0,2,11,6
2014,t,C,6,False,7,1,0,0,0,1,0,1,0,0,0,0,3
2014,t,C,6,False,8,2,0,0,0,2,0,1,1,0,1,2,6
2014,t,C,6,False,10,1,0,0,0,1,0,1,0,0,0,0,3
2014,t,C,6,True,1,4,1,1,1,3,0,3,0,0,2,6,12
2014,t,C,6,True,2,5,0,0,0,5,0,4,1,0,1,17,15
2014,t,C,6,True,3,5,0,0,0,5,0,3,2,0,3,11,15
2014,t,C,6,True,4,2,0,0,0,2,0,1,1,0,2,0,6
2014,t,C,6,True,5,1,0,0,0,1,0,1,0,0,0,1,3
2014,t,C,6,True,6,4,0,0,0,4,0,1,3,0,5,8,12
2014,t,C,6,True,7,1,0,0,0,1,0,1,0,0,0,1,3
2014,t,C,7,False,1,7,3,3,3,4,0,4,0,0,14,7,17
2014,t,C,7,False,2,9,3,2,2,7,0,4,2,1,11,11,19
2014,t,C,7,False,3,2,1,1,1,1,0,0,1,0,11,1,4
2014,t,C,7,False,4,3,0,0,0,3,0,2,1,0,3,0,6
2014,t,C,7,False,5,3,0,0,0,3,0,2,1,0,1,1,6
2014,t,C,7,False,6,2,0,0,0,2,0,2,0,0,0,0,4
2014,t,C,7,False,7,2,0,0,0,2,0,1,1,0,1,0,4
2014,t,C,7,False,8,2,0,0,0,2,0,1,1,0,3,0,4
2014,t,C,7,False,9,1,0,0,0,1,0,1,0,0,0,3,2
2014,t,C,7,False,10,3,0,0,0,3,0,1,2,0,2,0,6
2014,t,C,7,True,1,5,1,1,1,4,0,3,1,0,3,7,10
2014,t,C,7,True,2,6,0,0,0,6,0,6,0,0,0,16,12
2014,t,C,7,True,3,4,0,0,0,4,0,2,2,0,2,1,8
2014,t,C,7,True,4,2,0,0,0,2,0,2,0,0,0,0,4
2014,t,C,7,True,5,3,0,0,0,3,0,2,1,0,2,7,6
2014,t,C,7,True,6,2,0,0,0,2,0,1,1,0,1,0,4
2014,t,C,7,True,7,1,0,0,0,1,0,1,0,0,0,1,2
2014,t,C,7,True,8,1,0,0,0,1,0,0,1,0,2,6,2
2015,b,P,6,False,1,9,1,0,0,9,0,7,1,1,3,4,27
2015,b,P,6,False,2,6,1,1,1,5,0,4,1,0,8,4,18
2015,b,P,6,False,3,6,1,0,0,6,0,0,5,1,12,8,18
2015,b,P,6,False,4,5,1,0,0,5,0,3,1,1,8,11,15
2015,b,P,6,False,5,4,0,0,0,4,0,1,3,0,7,1,12
2015,b,P,6,False,6,1,0,0,0,1,0,0,1,0,2,3,3
2015,b,P,6,False,7,1,0,0,0,1,0,1,0,0,0,0,3
2015,b,P,6,False,10,1,0,0,0,1,0,0,1,0,1,0,3
2015,b,P,6,True,1,10,4,3,3,7,0,6,0,1,12,14,28
2015,b,P,6,True,2,3,0,0,0,3,0,2,1,0,1,4,9
2015,b,P,6,True,3,4,1,1,1,3,0,0,3,0,15,4,11
2015,b,P,6,True,4,4,0,0,0,4,0,3,1,0,1,14,12
2015,b,P,6,True,5,4,0,0,0,4,0,3,1,0,4,8,12
2015,b,P,6,True,6,1,0,0,0,1,0,1,0,0,0,0,3
2015,b,P,6,True,8,2,0,0,0,2,0,2,0,0,0,7,6
2015,b,P,7,False,1,11,2,1,1,10,0,9,0,1,4,3,23
2015,b,P,7,False,2,7,1,0,0,7,0,3,3,1,5,4,14
2015,b,P,7,False,3,6,1,0,0,6,0,3,2,1,6,4,12
2015,b,P,7,False,4,5,0,0,0,5,0,4,1,0,3,4,10
2015,b,P,7,False,5,1,0,0,0,1,0,1,0,0,0,0,2
2015,b,P,7,False,6,1,0,0,0,1,0,0,1,0,1,0,2
2015,b,P,7,False,7,2,0,0,0,2,0,1,1,0,3,0,4
2015,b,P,7,False,9,1,0,0,0,1,0,0,1,0,2,0,2
2015,b,P,7,False,10,1,0,0,0,1,0,0,1,0,1,0,2
2015,b,P,7,True,1,9,2,1,1,8,0,7,0,1,3,11,18
2015,b,P,7,True,2,3,0,0,0,3,0,3,0,0,0,1,6
2015,b,P,7,True,3,4,1,1,1,3,0,2,1,0,12,1,7
2015,b,P,7,True,4,4,0,0,0,4,0,2,2,0,2,7,8
2015,b,P,7,True,5,6,0,0,0,6,0,5,1,0,4,12,12
2015,b,P,7,True,6,1,0,0,0,1,0,1,0,0,0,0,2
2015,b,P,7,True,7,1,0,0,0,1,0,1,0,0,0,0,2
2015,b,P,7,True,8,1,0,0,0,1,0,1,0,0,0,1,2
2015,b,P,7,True,12,1,0,0,0,1,0,1,0,0,0,2,2
2015,c,C,6,False,1,14,4,3,3,11,0,10,0,1,11,14,45
2015,c,C,6,False,2,7,1,1,1,6,0,5,1,0,4,1,21
2015,c,C,6,False,3,4,0,0,0,4,0,2,2,0,3,5,12
2015,c,C,6,False,4,4,0,0,0,4,0,2,2,0,2,4,12
2015,c,C,6,False,5,3,0,0,0,3,0,1,2,0,6,2,9
2015,c,C,6,False,6,2,0,0,0,2,0,1,1,0,1,1,6
2015,c,C,6,True,1,7,2,1,1,6,0,5,0,1,6,10,22
2015,c,C,6,True,2,3,1,0,0,2,1,2,0,1,2,4,12
2015,c,C,6,True,3,1,0,0,0,1,0,1,0,0,0,0,3
2015,c,C,6,True,4,3,0,0,0,3,0,1,2,0,3,1,9
2015,c,C,6,True,5,3,0,0,0,3,0,1,2,0,3,4,9
2015,c,C,6,True,6,2,0,0,0,2,0,1,1,0,1,1,6
2015,c,C,6,True,7,2,0,0,0,2,0,0,2,0,10,2,6
2015,c,C,7,False,1,11,2,1,1,10,0,9,0,1,3,8,25
2015,c,C,7,False,2,7,1,1,1,6,0,4,2,0,5,4,14
2015,c,C,7,False,3,4,0,0,0,4,0,2,2,0,3,2,8
2015,c,C,7,False,4,5,0,0,0,5,0,3,2,0,2,0,10
2015,c,C,7,False,5,2,0,0,0,2,0,2,0,0,0,0,4
2015,c,C,7,False,6,5,0,0,0,5,0,3,2,0,4,1,10
2015,c,C,7,True,1,4,0,0,0,4,0,4,0,0,0,3,8
2015,c,C,7,True,2,3,2,0,0,2,1,1,0,2,4,2,11
2015,c,C,7,True,3,2,0,0,0,2,0,1,1,0,1,0,4
2015,c,C,7,True,4,2,0,0,0,2,0,1,1,0,1,1,4
2015,c,C,7,True,5,3,0,0,0,3,0,3,0,0,0,1,6
2015,c,C,7,True,6,3,0,0,0,3,0,1,2,0,2,1,6
2015,c,C,7,True,7,1,0,0,0,1,0,0,1,0,3,0,2
2015,c,C,7,True,8,2,0,0,0,2,0,0,2,0,9,1,4
2015,d,C,6,False,1,12,4,3,2,10,0,6,2,1,10,14,39
2015,d,C,6,False,2,10,0,0,0,10,0,5,5,0,5,11,30
2015,d,C,6,False,3,4,0,0,0,4,0,2,2,0,2,2,12
2015,d,C,6,False,4,4,0,0,0,4,0,3,1,0,4,3,12
2015,d,C,6,False,6,2,0,0,0,2,0,0,2,0,9,1,6
2015,d,C,6,False,7,3,0,0,0,3,0,1,2,0,5,2,9
2015,d,C,6,False,10,1,0,0,0,1,0,1,0,0,0,1,3
2015,d,C,6,True,1,9,3,2,2,7,0,5,1,1,11,10,25
2015,d,C,6,True,2,5,1,1,1,4,0,2,2,0,6,2,18
2015,d,C,6,True,3,2,0,0,0,2,0,2,0,0,0,2,6
2015,d,C,6,True,4,3,0,0,0,3,0,2,1,0,2,1,9
2015,d,C,6,True,6,1,0,0,0,1,0,0,1,0,1,2,3
2015,d,C,6,True,7,1,0,0,0,1,0,0,1,0,1,0,3
2015,d,C,7,False,1,11,2,2,1,10,0,7,2,0,6,9,22
2015,d,C,7,False,2,10,0,0,0,10,0,9,1,0,1,5,20
2015,d,C,7,False,3,5,1,1,1,4,0,2,2,0,9,3,11
2015,d,C,7,False,4,6,0,0,0,6,0,3,3,0,6,2,12
2015,d,C,7,False,5,1,0,0,0,1,0,0,1,0,1,2,2
2015,d,C,7,False,6,1,0,0,0,1,0,1,0,0,0,1,2
2015,d,C,7,False,7,1,0,0,0,1,0,1,0,0,0,0,2
2015,d,C,7,False,8,1,0,0,0,1,0,0,1,0,4,0,2
2015,d,C,7,False,10,1,0,0,0,1,0,1,0,0,0,1,2
2015,d,C,7,True,1,7,2,2,2,5,0,5,0,0,4,2,16
2015,d,C,7,True,2,10,0,0,0,10,0,5,5,0,6,11,20
2015,d,C,7,True,3,3,1,1,1,2,0,2,0,0,5,2,5
2015,d,C,7,True,4,2,0,0,0,2,0,2,0,0,0,0,4
2015,d,C,7,True,6,1,0,0,0,1,0,1,0,0,0,0,2
2015,d,C,7,True,8,1,0,0,0,1,0,0,1,0,1,0,2
2015,db,C,6,False,1,11,8,2,2,9,0,3,0,6,16,19,39
2015,db,C,6,False,2,11,3,3,2,9,0,3,5,0,19,7,36
2015,db,C,6,False,3,6,0,0,0,6,0,2,4,0,4,4,18
2015,db,C,6,False,4,5,0,0,0,5,0,3,2,0,2,2,15
2015,db,C,6,False,7,3,0,0,0,3,0,0,3,0,8,6,9
2015,db,C,6,False,8,1,0,0,0,1,0,0,1,0,1,1,3
2015,db,C,6,False,11,1,0,0,0,1,0,0,1,0,3,0,3
2015,db,C,6,True,1,8,5,5,5,3,0,3,0,0,12,5,21
2015,db,C,6,True,2,7,1,1,0,7,0,0,6,0,14,12,21
2015,db,C,6,True,3,7,2,1,1,6,0,2,3,1,13,16,21
2015,db,C,6,True,4,5,0,0,0,5,0,3,2,0,4,15,15
2015,db,C,6,True,5,3,0,0,0,3,0,1,2,0,5,5,9
2015,db,C,6,True,8,1,0,0,0,1,0,1,0,0,0,0,3
2015,db,C,7,False,1,11,6,3,3,8,0,5,0,3,13,10,25
2015,db,C,7,False,2,11,2,1,1,10,0,6,3,1,8,4,22
2015,db,C,7,False,3,6,1,0,0,6,0,3,2,1,5,4,14
2015,db,C,7,False,4,7,0,0,0,7,0,3,4,0,7,4,14
2015,db,C,7,False,7,1,0,0,0,1,0,1,0,0,0,0,2
2015,db,C,7,False,8,1,0,0,0,1,0,1,0,0,0,0,2
2015,db,C,7,False,9,1,0,0,0,1,0,0,1,0,1,0,2
2015,db,C,7,False,11,1,0,0,0,1,0,0,1,0,3,0,2
2015,db,C,7,True,1,4,2,1,1,3,0,2,0,1,4,5,7
2015,db,C,7,True,2,5,1,1,1,4,0,1,3,0,7,3,10
2015,db,C,7,True,3,12,2,2,1,11,0,5,5,0,17,16,24
2015,db,C,7,True,4,4,0,0,0,4,0,2,2,0,4,10,8
2015,db,C,7,True,6,4,0,0,0,4,0,4,0,0,0,2,8
2015,db,C,7,True,8,1,0,0,0,1,0,1,0,0,0,0,2
2015,e,P,6,False,1,10,4,1,1,9,0,5,1,3,8,12,32
2015,e,P,6,False,2,11,2,1,1,10,0,5,4,1,9,16,34
2015,e,P,6,False,3,3,0,0,0,3,0,2,1,0,2,3,9
2015,e,P,6,False,4,3,1,1,1,2,0,0,2,0,9,0,11
2015,e,P,6,False,5,5,0,0,0,5,0,2,3,0,5,9,15
2015,e,P,6,False,6,1,0,0,0,1,0,1,0,0,0,0,3
2015,e,P,6,False,8,1,0,0,0,1,0,1,0,0,0,0,3
2015,e,P,6,False,10,2,0,0,0,2,0,1,1,0,1,2,6
2015,e,P,6,False,11,1,0,0,0,1,0,0,1,0,1,0,3
2015,e,P,6,True,1,10,6,4,4,6,0,3,1,2,16,11,31
2015,e,P,6,True,2,4,1,1,1,3,0,3,0,0,4,3,11
2015,e,P,6,True,3,4,0,0,0,4,0,2,2,0,3,5,12
2015,e,P,6,True,4,9,0,0,0,9,0,3,6,0,8,6,27
2015,e,P,6,True,5,3,0,0,0,3,0,0,3,0,5,6,9
2015,e,P,6,True,6,1,0,0,0,1,0,0,1,0,1,2,3
2015,e,P,6,True,7,2,0,0,0,2,0,2,0,0,0,4,6
2015,e,P,6,True,8,1,0,0,0,1,0,1,0,0,0,4,3
2015,e,P,7,False,1,8,3,1,1,7,0,4,1,2,6,10,17
2015,e,P,7,False,2,11,1,1,1,10,0,7,3,0,6,5,22
2015,e,P,7,False,3,4,0,0,0,4,0,3,1,0,2,4,8
2015,e,P,7,False,4,4,1,1,1,3,0,1,2,0,9,2,10
2015,e,P,7,False,5,3,0,0,0,3,0,2,1,0,1,4,6
2015,e,P,7,False,6,1,0,0,0,1,0,1,0,0,0,0,2
2015,e,P,7,False,7,1,0,0,0,1,0,1,0,0,0,0,2
2015,e,P,7,False,8,2,0,0,0,2,0,1,1,0,2,0,4
2015,e,P,7,False,10,2,0,0,0,2,0,1,1,0,1,0,4
2015,e,P,7,False,11,1,0,0,0,1,0,1,0,0,0,1,2
2015,e,P,7,True,1,11,6,5,5,6,0,5,0,1,15,8,23
2015,e,P,7,True,2,5,1,0,0,4,1,3,1,1,3,3,13
2015,e,P,7,True,3,3,0,0,0,3,0,1,2,0,3,3,6
2015,e,P,7,True,4,10,0,0,0,10,0,4,6,0,8,7,20
2015,e,P,7,True,5,2,0,0,0,2,0,0,2,0,2,1,4
2015,e,P,7,True,6,1,0,0,0,1,0,1,0,0,0,1,2
2015,e,P,7,True,7,1,0,0,0,1,0,0,1,0,1,1,2
2015,e,P,7,True,8,3,0,0,0,3,0,3,0,0,0,6,6
2015,f,P,6,False,1,9,6,3,3,6,0,3,0,3,11,10,29
2015,f,P,6,False,2,6,3,3,3,3,0,3,0,0,15,3,18
2015,f,P,6,False,3,4,0,0,0,4,0,3,1,0,1,4,12
2015,f,P,6,False,4,2,1,0,0,2,0,1,0,1,4,1,6
2015,f,P,6,False,6,4,0,0,0,4,0,0,4,0,8,4,12
2015,f,P,6,False,7,2,0,0,0,2,0,0,2,0,3,0,6
2015,f,P,6,False,8,1,0,0,0,1,0,1,0,0,0,2,3
2015,f,P,6,False,9,2,0,0,0,2,0,0,2,0,5,2,6
2015,f,P,6,True,1,7,3,2,2,5,0,2,2,1,10,10,21
2015,f,P,6,True,2,8,2,1,1,7,0,3,3,1,9,13,25
2015,f,P,6,True,3,4,0,0,0,4,0,1,3,0,4,6,12
2015,f,P,6,True,4,4,0,0,0,4,0,2,2,0,3,6,12
2015,f,P,6,True,5,1,0,0,0,1,0,0,1,0,1,4,3
2015,f,P,6,True,7,2,0,0,0,2,0,1,1,0,4,5,6
2015,f,P,6,True,12,1,0,0,0,1,0,0,1,0,1,0,3
2015,f,P,6,True,16,1,0,0,0,1,0,0,1,0,3,0,3
2015,f,P,7,False,1,4,1,0,0,4,0,3,0,1,1,1,8
2015,f,P,7,False,2,6,2,2,2,4,0,4,0,0,8,0,12
2015,f,P,7,False,3,5,1,1,1,4,0,3,1,0,7,2,10
2015,f,P,7,False,4,4,1,0,0,4,0,3,0,1,4,2,8
2015,f,P,7,False,5,3,0,0,0,3,0,3,0,0,0,1,6
2015,f,P,7,False,6,1,0,0,0,1,0,0,1,0,1,1,2
2015,f,P,7,False,7,3,0,0,0,3,0,0,3,0,7,0,6
2015,f,P,7,False,8,1,0,0,0,1,0,1,0,0,0,2,2
2015,f,P,7,False,9,1,0,0,0,1,0,0,1,0,1,0,2
2015,f,P,7,False,10,1,0,0,0,1,0,0,1,0,3,0,2
2015,f,P,7,True,1,6,2,2,2,4,0,4,0,0,4,10,12
2015,f,P,7,True,2,12,2,2,2,10,0,6,4,0,10,5,25
2015,f,P,7,True,3,3,0,0,0,3,0,1,2,0,3,3,6
2015,f,P,7,True,4,4,0,0,0,4,0,3,1,0,1,2,8
2015,f,P,7,True,5,2,0,0,0,2,0,1,1,0,1,4,4
2015,f,P,7,True,6,1,0,0,0,1,0,0,1,0,3,0,2
2015,f,P,7,True,7,1,0,0,0,1,0,1,0,0,0,2,2
2015,f,P,7,True,11,1,0,0,0,1,0,1,0,0,0,1,2
2015,f,P,7,True,12,1,0,0,0,1,0,0,1,0,1,0,2
2015,f,P,7,True,16,1,0,0,0,1,0,0,1,0,3,0,2
2015,g,C,6,False,1,19,8,6,6,13,0,10,1,2,19,14,65
2015,g,C,6,False,2,8,1,0,0,8,0,4,3,1,6,7,24
2015,g,C,6,False,3,5,1,0,0,5,0,2,2,1,6,2,15
2015,g,C,6,False,4,1,0,0,0,1,0,1,0,0,0,0,3
2015,g,C,6,False,5,4,0,0,0,4,0,3,1,0,2,4,12
2015,g,C,6,False,7,1,0,0,0,1,0,1,0,0,0,0,3
2015,g,C,6,False,13,1,0,0,0,1,0,0,1,0,1,0,3
2015,g,C,6,True,1,6,1,1,1,5,0,4,1,0,3,3,17
2015,g,C,6,True,2,5,1,1,0,5,0,2,2,0,5,7,15
2015,g,C,6,True,3,2,0,0,0,2,0,0,2,0,2,1,6
2015,g,C,6,True,4,2,0,0,0,2,0,1,1,0,1,2,6
2015,g,C,6,True,6,1,0,0,0,1,0,0,1,0,1,2,3
2015,g,C,6,True,7,1,0,0,0,1,0,1,0,0,0,1,3
2015,g,C,7,False,1,16,6,5,5,11,0,10,0,1,14,3,41
2015,g,C,7,False,2,8,1,0,0,8,0,4,3,1,5,2,16
2015,g,C,7,False,3,7,0,0,0,7,0,5,2,0,3,3,14
2015,g,C,7,False,4,3,0,0,0,3,0,2,1,0,1,1,6
2015,g,C,7,False,5,2,0,0,0,2,0,2,0,0,0,0,4
2015,g,C,7,False,7,1,0,0,0,1,0,1,0,0,0,0,2
2015,g,C,7,False,9,1,0,0,0,1,0,1,0,0,0,0,2
2015,g,C,7,False,13,1,0,0,0,1,0,0,1,0,1,0,2
2015,g,C,7,True,1,3,0,0,0,3,0,3,0,0,0,1,6
2015,g,C,7,True,2,7,1,1,1,6,0,3,3,0,6,3,14
2015,g,C,7,True,3,1,0,0,0,1,0,1,0,0,0,1,2
2015,g,C,7,True,4,3,0,0,0,3,0,2,1,0,1,1,6
2015,g,C,7,True,7,2,0,0,0,2,0,1,1,0,1,2,4
2015,h,P,6,False,1,10,8,7,5,5,0,2,0,1,30,15,33
2015,h,P,6,False,2,5,1,1,1,4,0,2,2,0,5,2,15
2015,h,P,6,False,3,6,2,2,1,5,0,2,2,0,13,9,18
2015,h,P,6,False,4,2,0,0,0,2,0,0,2,0,2,0,6
2015,h,P,6,False,5,2,0,0,0,2,0,1,1,0,1,1,6
2015,h,P,6,False,6,1,0,0,0,1,0,0,1,0,1,0,3
2015,h,P,6,False,9,1,0,0,0,1,0,1,0,0,0,0,3
2015,h,P,6,False,11,1,0,0,0,1,0,0,1,0,2,1,3
2015,h,P,6,True,1,13,6,3,2,10,1,6,1,3,12,14,46
2015,h,P,6,True,2,5,2,2,2,3,0,0,3,0,10,1,15
2015,h,P,6,True,3,1,1,1,1,0,0,0,0,0,5,1,3
2015,h,P,6,True,4,2,0,0,0,2,0,0,2,0,3,4,6
2015,h,P,6,True,5,3,0,0,0,3,0,2,1,0,1,7,9
2015,h,P,6,True,6,2,0,0,0,2,0,0,2,0,5,2,6
2015,h,P,7,False,1,8,5,4,4,4,0,3,0,1,17,2,19
2015,h,P,7,False,2,3,1,1,1,2,0,2,0,0,3,2,6
2015,h,P,7,False,3,3,0,0,0,3,0,1,2,0,3,1,6
2015,h,P,7,False,4,2,0,0,0,2,0,1,1,0,1,0,4
2015,h,P,7,False,5,2,0,0,0,2,0,2,0,0,0,0,4
2015,h,P,7,False,6,2,0,0,0,2,0,0,2,0,2,0,4
2015,h,P,7,False,7,1,0,0,0,1,0,1,0,0,0,0,2
2015,h,P,7,False,9,1,0,0,0,1,0,1,0,0,0,0,2
2015,h,P,7,False,10,1,0,0,0,1,0,0,1,0,1,1,2
2015,h,P,7,True,1,10,2,1,1,9,0,8,0,1,4,7,22
2015,h,P,7,True,2,3,0,0,0,3,0,2,1,0,1,1,6
2015,h,P,7,True,3,3,1,1,1,2,0,1,1,0,6,5,6
2015,h,P,7,True,4,2,0,0,0,2,0,0,2,0,4,1,4
2015,h,P,7,True,5,4,0,0,0,4,0,2,2,0,3,7,8
2015,h,P,7,True,6,1,0,0,0,1,0,0,1,0,2,2,2
2015,l,P,6,False,1,7,2,1,1,5,1,4,1,1,4,11,24
2015,l,P,6,False,2,8,0,0,0,8,0,5,3,0,4,7,24
2015,l,P,6,False,3,5,0,0,0,5,0,4,1,0,2,2,15
2015,l,P,6,False,4,8,1,0,0,8,0,4,3,1,8,8,24
2015,l,P,6,False,5,1,0,0,0,1,0,1,0,0,0,0,3
2015,l,P,6,False,9,3,0,0,0,3,0,1,2,0,3,4,9
2015,l,P,6,False,11,1,0,0,0,1,0,0,1,0,1,0,3
2015,l,P,6,True,1,8,2,1,1,7,0,5,1,1,5,15,26
2015,l,P,6,True,2,6,1,0,0,6,0,3,2,1,4,9,19
2015,l,P,6,True,3,2,1,1,1,1,0,1,0,0,8,1,5
2015,l,P,6,True,4,3,0,0,0,3,0,2,1,0,3,1,9
2015,l,P,6,True,5,1,0,0,0,1,0,0,1,0,4,3,3
2015,l,P,6,True,6,2,0,0,0,2,0,1,1,0,2,0,6
2015,l,P,6,True,8,1,0,0,0,1,0,0,1,0,4,2,3
2015,l,P,6,True,9,1,0,0,0,1,0,1,0,0,0,0,3
2015,l,P,7,False,1,9,1,0,0,8,1,7,1,1,2,10,21
2015,l,P,7,False,2,6,0,0,0,6,0,6,0,0,0,3,12
2015,l,P,7,False,3,4,0,0,0,4,0,4,0,0,0,0,8
2015,l,P,7,False,4,8,0,0,0,8,0,3,5,0,7,3,16
2015,l,P,7,False,5,2,0,0,0,2,0,2,0,0,0,0,4
2015,l,P,7,False,6,1,0,0,0,1,0,1,0,0,0,2,2
2015,l,P,7,False,7,1,0,0,0,1,0,1,0,0,0,1,2
2015,l,P,7,False,9,1,0,0,0,1,0,1,0,0,0,1,2
2015,l,P,7,False,11,2,0,0,0,2,0,0,2,0,2,0,4
2015,l,P,7,True,1,10,2,1,1,9,0,8,0,1,4,7,20
2015,l,P,7,True,2,6,1,0,0,6,0,4,1,1,3,11,13
2015,l,P,7,True,3,4,0,0,0,4,0,2,2,0,4,3,8
2015,l,P,7,True,4,4,0,0,0,4,0,3,1,0,1,2,8
2015,l,P,7,True,6,2,0,0,0,2,0,1,1,0,2,0,4
2015,l,P,7,True,7,1,0,0,0,1,0,0,1,0,3,2,2
2015,l,P,7,True,9,1,0,0,0,1,0,1,0,0,0,0,2
2015,m,P,6,False,1,7,4,2,2,4,1,3,0,2,12,5,24
2015,m,P,6,False,2,8,3,3,3,5,0,3,2,0,18,6,26
2015,m,P,6,False,3,7,0,0,0,7,0,4,3,0,8,8,21
2015,m,P,6,False,4,3,0,0,0,3,0,2,1,0,3,1,9
2015,m,P,6,False,5,2,0,0,0,2,0,1,1,0,3,1,6
2015,m,P,6,False,6,3,0,0,0,3,0,2,1,0,2,2,9
2015,m,P,6,False,7,3,0,0,0,3,0,3,0,0,0,0,9
2015,m,P,6,False,8,2,1,0,0,2,0,1,0,1,8,1,7
2015,m,P,6,True,1,9,1,1,1,8,0,5,3,0,5,10,26
2015,m,P,6,True,2,3,2,2,2,1,0,1,0,0,6,0,8
2015,m,P,6,True,3,7,0,0,0,7,0,3,4,0,5,10,21
2015,m,P,6,True,4,1,0,0,0,1,0,0,1,0,2,1,3
2015,m,P,6,True,5,1,0,0,0,1,0,0,1,0,3,1,3
2015,m,P,6,True,6,4,0,0,0,4,0,4,0,0,0,1,12
2015,m,P,6,True,7,1,0,0,0,1,0,0,1,0,1,2,3
2015,m,P,6,True,11,1,0,0,0,1,0,1,0,0,0,1,3
2015,m,P,7,False,1,6,2,2,2,4,0,4,0,0,6,0,12
2015,m,P,7,False,2,5,0,0,0,5,0,3,2,0,4,4,10
2015,m,P,7,False,3,7,0,0,0,7,0,5,2,0,3,1,14
2015,m,P,7,False,4,3,0,0,0,3,0,1,2,0,3,1,6
2015,m,P,7,False,5,3,0,0,0,3,0,2,1,0,3,1,6
2015,m,P,7,False,6,3,0,0,0,3,0,2,1,0,5,0,6
2015,m,P,7,False,7,4,0,0,0,4,0,3,1,0,1,0,8
2015,m,P,7,False,8,2,0,0,0,2,0,1,1,0,2,0,4
2015,m,P,7,True,1,8,0,0,0,8,0,7,1,0,1,6,16
2015,m,P,7,True,2,10,2,2,2,8,0,7,1,0,7,6,19
2015,m,P,7,True,3,4,0,0,0,4,0,3,1,0,2,5,8
2015,m,P,7,True,4,2,0,0,0,2,0,1,1,0,1,2,4
2015,m,P,7,True,5,1,0,0,0,1,0,0,1,0,3,1,2
2015,m,P,7,True,6,3,0,0,0,3,0,3,0,0,0,0,6
2015,m,P,7,True,7,1,0,0,0,1,0,1,0,0,0,0,2
2015,m,P,7,True,9,1,0,0,0,1,0,0,1,0,1,0,2
2015,m,P,7,True,11,1,0,0,0,1,0,1,0,0,0,1,2
2015,s,C,6,False,1,15,5,4,4,11,0,9,1,1,19,5,48
2015,s,C,6,False,2,10,4,3,3,6,1,3,3,1,17,4,37
2015,s,C,6,False,3,7,1,1,1,6,0,5,1,0,12,7,21
2015,s,C,6,False,4,3,0,0,0,3,0,1,2,0,3,5,9
2015,s,C,6,False,5,2,0,0,0,2,0,0,2,0,4,2,6
2015,s,C,6,False,6,2,0,0,0,2,0,0,2,0,5,2,6
2015,s,C,6,False,7,2,0,0,0,2,0,0,2,0,2,2,6
2015,s,C,6,False,8,1,0,0,0,1,0,0,1,0,4,1,3
2015,s,C,6,True,1,10,3,2,2,7,1,3,4,1,14,19,33
2015,s,C,6,True,2,4,0,0,0,4,0,2,2,0,2,1,12
2015,s,C,6,True,3,5,0,0,0,5,0,3,2,0,2,7,15
2015,s,C,6,True,4,3,0,0,0,3,0,2,1,0,4,6,9
2015,s,C,6,True,5,1,0,0,0,1,0,0,1,0,1,3,3
2015,s,C,6,True,6,1,0,0,0,1,0,0,1,0,1,4,3
2015,s,C,7,False,1,12,2,1,1,10,1,10,0,1,8,2,27
2015,s,C,7,False,2,11,3,3,3,8,0,5,3,0,20,4,24
2015,s,C,7,False,3,8,1,1,1,7,0,5,2,0,7,0,18
2015,s,C,7,False,4,1,0,0,0,1,0,1,0,0,0,0,2
2015,s,C,7,False,5,4,0,0,0,4,0,3,1,0,3,5,8
2015,s,C,7,False,6,3,0,0,0,3,0,1,2,0,5,2,6
2015,s,C,7,False,8,2,0,0,0,2,0,1,1,0,3,0,4
2015,s,C,7,False,9,1,0,0,0,1,0,0,1,0,1,0,2
2015,s,C,7,True,1,10,2,1,1,8,1,6,2,1,5,9,24
2015,s,C,7,True,2,3,0,0,0,3,0,2,1,0,1,1,6
2015,s,C,7,True,3,8,1,1,1,7,0,5,2,0,6,8,19
2015,s,C,7,True,4,3,0,0,0,3,0,2,1,0,2,1,6
2015,s,C,7,True,5,2,0,0,0,2,0,2,0,0,0,5,4
2015,s,C,7,True,6,1,0,0,0,1,0,0,1,0,1,4,2
2015,t,C,6,False,1,12,7,2,2,10,0,5,0,5,9,8,38
2015,t,C,6,False,2,7,1,0,0,7,0,3,3,1,7,15,23
2015,t,C,6,False,3,4,0,0,0,4,0,1,3,0,4,6,12
2015,t,C,6,False,4,5,0,0,0,5,0,2,3,0,5,11,15
2015,t,C,6,False,5,1,0,0,0,1,0,1,0,0,0,4,3
2015,t,C,6,False,6,2,0,0,0,2,0,0,2,0,3,0,6
2015,t,C,6,False,7,2,0,0,0,2,0,2,0,0,0,0,6
2015,t,C,6,False,8,1,0,0,0,1,0,1,0,0,0,0,3
2015,t,C,6,False,9,2,0,0,0,2,0,1,1,0,1,1,6
2015,t,C,6,False,12,1,0,0,0,1,0,1,0,0,0,2,3
2015,t,C,6,True,1,6,3,3,3,3,0,3,0,0,6,3,18
2015,t,C,6,True,2,5,1,1,1,4,0,4,0,0,3,4,15
2015,t,C,6,True,3,6,1,1,1,5,0,4,1,0,8,15,19
2015,t,C,6,True,4,2,0,0,0,2,0,1,1,0,1,2,6
2015,t,C,6,True,5,3,0,0,0,3,0,0,3,0,3,4,9
2015,t,C,6,True,6,1,0,0,0,1,0,1,0,0,0,0,3
2015,t,C,6,True,7,1,0,0,0,1,0,0,1,0,7,3,3
2015,t,C,6,True,8,1,0,0,0,1,0,1,0,0,0,0,3
2015,t,C,7,False,1,15,7,2,1,13,1,8,0,5,10,11,35
2015,t,C,7,False,2,8,1,0,0,8,0,5,2,1,6,14,18
2015,t,C,7,False,3,5,0,0,0,5,0,3,2,0,3,10,10
2015,t,C,7,False,4,5,0,0,0,5,0,4,1,0,1,9,10
2015,t,C,7,False,6,1,0,0,0,1,0,0,1,0,1,0,2
2015,t,C,7,False,7,2,0,0,0,2,0,2,0,0,0,0,4
2015,t,C,7,False,8,1,0,0,0,1,0,1,0,0,0,0,2
2015,t,C,7,False,9,3,0,0,0,3,0,3,0,0,0,0,6
2015,t,C,7,False,12,1,0,0,0,1,0,1,0,0,0,2,2
2015,t,C,7,True,1,7,3,3,3,4,0,3,1,0,7,4,14
2015,t,C,7,True,2,6,2,2,2,4,0,4,0,0,7,7,13
2015,t,C,7,True,3,3,0,0,0,3,0,3,0,0,0,0,6
2015,t,C,7,True,4,5,0,0,0,5,0,5,0,0,0,3,10
2015,t,C,7,True,5,2,0,0,0,2,0,2,0,0,0,5,4
2015,t,C,7,True,6,3,0,0,0,3,0,1,2,0,2,2,6
2015,t,C,7,True,7,1,0,0,0,1,0,0,1,0,7,3,2
2015,t,C,7,True,8,1,0,0,0,1,0,1,0,0,0,0,2
2016,b,P,6,False,1,8,5,4,3,5,0,3,0,1,13,8,24
2016,b,P,6,False,2,4,1,1,1,3,0,2,1,0,4,4,14
2016,b,P,6,False,3,6,0,0,0,6,0,5,1,0,1,12,18
2016,b,P,6,False,4,3,0,0,0,3,0,2,1,0,1,0,9
2016,b,P,6,False,5,2,0,0,0,2,0,0,2,0,6,1,6
2016,b,P,6,False,6,3,0,0,0,3,0,1,2,0,3,0,9
2016,b,P,6,False,7,1,0,0,0,1,0,1,0,0,0,3,3
2016,b,P,6,False,9,1,0,0,0,1,0,0,1,0,1,1,3
2016,b,P,6,False,10,2,0,0,0,2,0,2,0,0,0,2,6
2016,b,P,6,False,16,1,0,0,0,1,0,0,1,0,1,1,3
2016,b,P,6,True,1,10,6,3,3,6,1,4,0,3,13,12,35
2016,b,P,6,True,2,8,1,1,1,7,0,2,5,0,10,8,23
2016,b,P,6,True,3,2,0,0,0,2,0,1,1,0,4,4,6
2016,b,P,6,True,4,6,0,0,0,6,0,4,2,0,3,9,18
2016,b,P,6,True,5,4,0,0,0,4,0,2,2,0,4,5,12
2016,b,P,6,True,6,3,1,0,0,2,1,1,1,1,7,4,12
2016,b,P,6,True,7,1,0,0,0,1,0,1,0,0,0,1,3
2016,b,P,6,True,8,1,0,0,0,1,0,1,0,0,0,3,3
2016,b,P,6,True,11,1,0,0,0,1,0,1,0,0,0,0,3
2016,b,P,7,False,1,6,3,3,3,3,0,3,0,0,7,1,14
2016,b,P,7,False,2,6,0,0,0,6,0,5,1,0,1,2,12
2016,b,P,7,False,3,5,0,0,0,5,0,5,0,0,0,8,10
2016,b,P,7,False,4,5,0,0,0,5,0,4,1,0,1,0,10
2016,b,P,7,False,5,4,0,0,0,4,0,2,2,0,6,3,8
2016,b,P,7,False,6,1,0,0,0,1,0,1,0,0,0,0,2
2016,b,P,7,False,8,1,0,0,0,1,0,1,0,0,0,1,2
2016,b,P,7,False,10,3,0,0,0,3,0,3,0,0,0,2,6
2016,b,P,7,False,16,1,0,0,0,1,0,0,1,0,1,1,2
2016,b,P,7,True,1,10,4,2,2,7,1,6,0,2,8,11,26
2016,b,P,7,True,2,8,0,0,0,8,0,5,3,0,3,7,16
2016,b,P,7,True,3,2,0,0,0,2,0,1,1,0,1,2,4
2016,b,P,7,True,4,4,0,0,0,4,0,4,0,0,0,6,8
2016,b,P,7,True,5,5,0,0,0,5,0,3,2,0,6,6,10
2016,b,P,7,True,6,1,0,0,0,1,0,0,1,0,2,1,2
2016,b,P,7,True,7,1,0,0,0,1,0,0,1,0,1,0,2
2016,b,P,7,True,8,3,0,0,0,3,0,3,0,0,0,3,6
2016,b,P,7,True,11,1,0,0,0,1,0,1,0,0,0,0,2
2016,c,C,6,False,1,8,5,4,4,4,0,3,0,1,13,9,28
2016,c,C,6,False,2,8,1,1,1,7,0,6,1,0,7,8,25
2016,c,C,6,False,3,5,1,1,1,4,0,3,1,0,7,10,15
2016,c,C,6,False,5,2,0,0,0,2,0,0,2,0,3,1,6
2016,c,C,6,False,6,1,0,0,0,1,0,0,1,0,4,0,3
2016,c,C,6,False,8,1,0,0,0,1,0,0,1,0,2,3,3
2016,c,C,6,True,1,3,1,0,0,3,0,2,0,1,1,1,12
2016,c,C,6,True,2,9,5,5,5,4,0,2,2,0,21,5,25
2016,c,C,6,True,3,4,1,1,1,3,0,1,2,0,8,6,15
2016,c,C,6,True,4,4,0,0,0,4,0,2,2,0,6,6,12
2016,c,C,6,True,5,1,0,0,0,1,0,1,0,0,0,1,3
2016,c,C,6,True,17,1,0,0,0,1,0,0,1,0,1,0,3
2016,c,C,7,False,1,9,7,5,5,4,0,2,0,2,18,6,23
2016,c,C,7,False,2,11,2,2,2,9,0,9,0,0,10,3,23
2016,c,C,7,False,3,3,0,0,0,3,0,3,0,0,0,4,6
2016,c,C,7,False,4,2,0,0,0,2,0,1,1,0,1,1,4
2016,c,C,7,False,6,1,0,0,0,1,0,0,1,0,4,0,2
2016,c,C,7,False,8,3,0,0,0,3,0,3,0,0,0,3,6
2016,c,C,7,True,1,5,3,2,2,3,0,2,0,1,6,2,13
2016,c,C,7,True,2,6,1,1,1,5,0,3,2,0,6,10,11
2016,c,C,7,True,3,1,1,1,1,0,0,0,0,0,6,1,5
2016,c,C,7,True,4,4,0,0,0,4,0,2,2,0,3,3,8
2016,c,C,7,True,5,2,0,0,0,2,0,1,1,0,1,1,4
2016,c,C,7,True,6,2,0,0,0,2,0,1,1,0,4,0,4
2016,c,C,7,True,17,1,0,0,0,1,0,0,1,0,1,0,2
2016,d,C,6,False,1,4,2,2,2,2,0,2,0,0,5,1,12
2016,d,C,6,False,2,10,2,1,1,9,0,5,3,1,11,10,32
2016,d,C,6,False,3,5,1,1,1,4,0,2,2,0,8,3,15
2016,d,C,6,False,4,5,0,0,0,5,0,2,3,0,9,10,15
2016,d,C,6,False,5,5,0,0,0,5,0,2,3,0,3,2,15
2016,d,C,6,False,6,2,0,0,0,2,0,1,1,0,3,4,6
2016,d,C,6,False,7,2,0,0,0,2,0,0,2,0,2,4,6
2016,d,C,6,False,8,2,0,0,0,2,0,1,1,0,1,0,6
2016,d,C,6,False,9,1,0,0,0,1,0,1,0,0,0,0,3
2016,d,C,6,True,1,8,1,1,1,7,0,6,1,0,5,4,23
2016,d,C,6,True,2,5,2,2,2,3,0,3,0,0,8,1,13
2016,d,C,6,True,3,7,1,1,1,6,0,3,3,0,7,6,21
2016,d,C,6,True,4,3,0,0,0,3,0,2,1,0,1,0,9
2016,d,C,6,True,5,2,1,1,1,1,0,1,0,0,9,0,5
2016,d,C,6,True,6,1,0,0,0,1,0,1,0,0,0,0,3
2016,d,C,6,True,7,1,0,0,0,1,0,1,0,0,0,2,3
2016,d,C,6,True,8,1,0,0,0,1,0,0,1,0,2,2,3
2016,d,C,7,False,1,7,2,1,1,6,0,5,0,1,4,6,16
2016,d,C,7,False,2,6,2,1,1,5,0,3,1,1,7,3,14
2016,d,C,7,False,3,6,1,1,1,5,0,4,1,0,7,1,12
2016,d,C,7,False,4,7,0,0,0,7,0,4,3,0,4,4,14
2016,d,C,7,False,5,6,0,0,0,6,0,4,2,0,3,0,12
2016,d,C,7,False,6,2,0,0,0,2,0,2,0,0,0,4,4
2016,d,C,7,False,7,2,0,0,0,2,0,1,1,0,5,2,4
2016,d,C,7,False,8,2,0,0,0,2,0,2,0,0,0,0,4
2016,d,C,7,False,9,1,0,0,0,1,0,1,0,0,0,0,2
2016,d,C,7,True,1,8,0,0,0,8,0,7,1,0,2,4,16
2016,d,C,7,True,2,7,2,1,1,6,0,5,0,1,7,5,15
2016,d,C,7,True,3,6,1,1,1,5,0,5,0,0,4,0,12
2016,d,C,7,True,4,4,0,0,0,4,0,3,1,0,1,2,8
2016,d,C,7,True,5,2,0,0,0,2,0,2,0,0,0,0,4
2016,d,C,7,True,6,1,0,0,0,1,0,1,0,0,0,0,2
2016,d,C,7,True,8,1,0,0,0,1,0,0,1,0,2,2,2
2016,d,C,7,True,9,1,0,0,0,1,0,1,0,0,0,0,2
2016,db,C,6,False,1,10,3,1,1,8,1,7,0,2,4,11,33
2016,db,C,6,False,2,4,0,0,0,4,0,2,2,0,2,4,12
2016,db,C,6,False,3,9,0,0,0,9,0,3,6,0,9,12,27
2016,db,C,6,False,4,1,0,0,0,1,0,1,0,0,0,0,3
2016,db,C,6,False,5,4,0,0,0,4,0,1,3,0,8,7,12
2016,db,C,6,False,12,1,0,0,0,1,0,0,1,0,1,2,3
2016,db,C,6,True,1,9,5,5,5,4,0,3,1,0,16,10,24
2016,db,C,6,True,2,4,1,0,0,4,0,1,2,1,7,12,14
2016,db,C,6,True,4,7,1,0,0,6,1,4,2,1,10,14,24
2016,db,C,6,True,5,4,0,0,0,4,0,2,2,0,3,7,12
2016,db,C,6,True,6,3,0,0,0,3,0,3,0,0,0,2,9
2016,db,C,6,True,8,2,0,0,0,2,0,0,2,0,6,1,6
2016,db,C,7,False,1,11,2,1,1,9,1,9,0,1,3,5,25
2016,db,C,7,False,2,6,0,0,0,6,0,5,1,0,1,4,12
2016,db,C,7,False,3,6,0,0,0,6,0,5,1,0,2,0,12
2016,db,C,7,False,4,4,0,0,0,4,0,1,3,0,5,5,8
2016,db,C,7,False,5,1,0,0,0,1,0,0,1,0,2,0,2
2016,db,C,7,False,6,2,0,0,0,2,0,2,0,0,0,0,4
2016,db,C,7,False,7,1,0,0,0,1,0,1,0,0,0,0,2
2016,db,C,7,False,8,1,0,0,0,1,0,1,0,0,0,0,2
2016,db,C,7,False,11,1,0,0,0,1,0,1,0,0,0,2,2
2016,db,C,7,True,1,9,6,5,5,4,0,3,0,1,14,7,15
2016,db,C,7,True,2,3,0,0,0,3,0,2,1,0,2,6,6
2016,db,C,7,True,3,3,0,0,0,3,0,3,0,0,0,2,6
2016,db,C,7,True,4,6,1,0,0,5,1,3,2,1,8,6,15
2016,db,C,7,True,5,4,0,0,0,4,0,2,2,0,5,4,8
2016,db,C,7,True,6,5,0,0,0,5,0,5,0,0,0,6,10
2016,db,C,7,True,7,1,0,0,0,1,0,1,0,0,0,0,2
2016,db,C,7,True,8,1,0,0,0,1,0,0,1,0,4,1,2
2016,e,P,6,False,1,8,5,2,2,6,0,3,0,3,11,11,24
2016,e,P,6,False,2,9,2,2,1,8,0,4,3,0,12,13,29
2016,e,P,6,False,3,9,1,0,0,9,0,1,7,1,11,11,29
2016,e,P,6,False,4,5,0,0,0,5,0,2,3,0,3,6,15
2016,e,P,6,False,5,3,0,0,0,3,0,2,1,0,2,5,9
2016,e,P,6,False,6,2,0,0,0,2,0,2,0,0,0,2,6
2016,e,P,6,False,9,2,0,0,0,2,0,0,2,0,3,2,6
2016,e,P,6,True,1,8,5,4,4,4,0,2,1,1,14,12,21
2016,e,P,6,True,2,5,3,2,2,2,1,1,1,1,10,7,16
2016,e,P,6,True,3,8,0,0,0,8,0,5,3,0,4,16,24
2016,e,P,6,True,4,2,0,0,0,2,0,1,1,0,1,6,6
2016,e,P,6,True,6,4,0,0,0,4,0,1,3,0,6,6,12
2016,e,P,6,True,8,1,0,0,0,1,0,0,1,0,1,6,3
2016,e,P,6,True,9,2,0,0,0,2,0,0,2,0,2,3,6
2016,e,P,6,True,10,1,0,0,0,1,0,0,1,0,2,1,3
2016,e,P,6,True,13,1,0,0,0,1,0,1,0,0,0,0,3
2016,e,P,7,False,1,7,2,1,1,6,0,4,1,1,6,6,14
2016,e,P,7,False,2,10,1,1,1,9,0,8,1,0,5,5,22
2016,e,P,7,False,3,7,2,0,0,7,0,3,2,2,8,4,16
2016,e,P,7,False,4,3,0,0,0,3,0,1,2,0,3,0,6
2016,e,P,7,False,5,4,0,0,0,4,0,2,2,0,2,1,8
2016,e,P,7,False,6,3,0,0,0,3,0,3,0,0,0,2,6
2016,e,P,7,False,7,1,0,0,0,1,0,1,0,0,0,0,2
2016,e,P,7,False,8,1,0,0,0,1,0,1,0,0,0,0,2
2016,e,P,7,False,9,2,0,0,0,2,0,0,2,0,3,2,4
2016,e,P,7,False,10,1,0,0,0,1,0,0,1,0,1,1,2
2016,e,P,7,True,1,5,2,2,2,3,0,3,0,0,4,1,9
2016,e,P,7,True,2,4,2,1,1,2,1,2,0,1,5,2,10
2016,e,P,7,True,3,6,1,0,0,6,0,5,0,1,3,5,12
2016,e,P,7,True,4,4,0,0,0,4,0,2,2,0,2,9,8
2016,e,P,7,True,5,2,0,0,0,2,0,2,0,0,0,6,4
2016,e,P,7,True,6,3,0,0,0,3,0,2,1,0,2,2,6
2016,e,P,7,True,7,2,0,0,0,2,0,1,1,0,1,0,4
2016,e,P,7,True,9,1,0,0,0,1,0,0,1,0,1,0,2
2016,e,P,7,True,11,2,0,0,0,2,0,1,1,0,2,2,4
2016,e,P,7,True,12,1,0,0,0,1,0,0,1,0,1,0,2
2016,e,P,7,True,13,1,0,0,0,1,0,1,0,0,0,0,2
2016,f,P,6,False,1,11,1,1,1,10,0,7,3,0,6,6,34
2016,f,P,6,False,2,6,2,1,1,5,0,3,1,1,6,4,19
2016,f,P,6,False,3,4,0,0,0,4,0,1,3,0,4,1,12
2016,f,P,6,False,4,1,0,0,0,1,0,0,1,0,1,1,3
2016,f,P,6,False,5,3,0,0,0,3,0,1,2,0,5,1,9
2016,f,P,6,False,7,1,0,0,0,1,0,0,1,0,2,0,3
2016,f,P,6,False,9,1,0,0,0,1,0,1,0,0,0,1,3
2016,f,P,6,True,1,7,5,4,4,3,0,1,1,1,22,12,23
2016,f,P,6,True,2,7,2,2,2,5,0,2,3,0,11,4,20
2016,f,P,6,True,3,4,0,0,0,4,0,2,2,0,3,0,12
2016,f,P,6,True,4,3,1,1,1,2,0,0,2,0,8,1,8
2016,f,P,6,True,5,1,0,0,0,1,0,0,1,0,4,3,3
2016,f,P,6,True,6,2,0,0,0,2,0,0,2,0,3,7,6
2016,f,P,6,True,7,2,0,0,0,2,0,2,0,0,0,3,6
2016,f,P,7,False,1,11,1,1,1,10,0,9,1,0,4,3,23
2016,f,P,7,False,2,7,2,1,1,6,0,3,2,1,7,4,15
2016,f,P,7,False,3,4,0,0,0,4,0,1,3,0,4,1,8
2016,f,P,7,False,4,3,0,0,0,3,0,1,2,0,4,1,6
2016,f,P,7,False,5,1,0,0,0,1,0,0,1,0,1,0,2
2016,f,P,7,False,6,1,0,0,0,1,0,1,0,0,0,0,2
2016,f,P,7,False,7,1,0,0,0,1,0,0,1,0,2,0,2
2016,f,P,7,False,9,1,0,0,0,1,0,1,0,0,0,1,2
2016,f,P,7,True,1,7,4,3,3,4,0,2,1,1,9,4,20
2016,f,P,7,True,2,5,1,1,1,4,0,2,2,0,7,4,9
2016,f,P,7,True,3,6,0,0,0,6,0,2,4,0,5,1,12
2016,f,P,7,True,4,1,0,0,0,1,0,0,1,0,3,3,2
2016,f,P,7,True,5,1,0,0,0,1,0,0,1,0,1,0,2
2016,f,P,7,True,6,1,0,0,0,1,0,0,1,0,1,4,2
2016,f,P,7,True,7,2,0,0,0,2,0,2,0,0,0,0,4
2016,f,P,7,True,10,1,0,0,0,1,0,1,0,0,0,0,2
2016,g,C,6,False,1,8,4,2,2,6,0,4,0,2,11,8,24
2016,g,C,6,False,2,4,2,1,1,3,0,1,1,1,8,2,16
2016,g,C,6,False,3,5,0,0,0,5,0,4,1,0,1,6,15
2016,g,C,6,False,4,6,0,0,0,6,0,5,1,0,1,8,18
2016,g,C,6,False,6,2,0,0,0,2,0,0,2,0,6,2,6
2016,g,C,6,False,8,1,0,0,0,1,0,0,1,0,2,0,3
2016,g,C,6,False,9,2,0,0,0,2,0,1,1,0,4,2,6
2016,g,C,6,True,1,6,2,2,2,4,0,4,0,0,7,6,17
2016,g,C,6,True,2,7,0,0,0,7,0,4,3,0,4,17,21
2016,g,C,6,True,3,5,0,0,0,5,0,2,3,0,5,9,15
2016,g,C,6,True,4,2,0,0,0,2,0,1,1,0,1,2,6
2016,g,C,6,True,5,2,0,0,0,2,0,1,1,0,4,0,6
2016,g,C,6,True,6,1,0,0,0,1,0,1,0,0,0,0,3
2016,g,C,6,True,7,2,0,0,0,2,0,1,1,0,1,0,6
2016,g,C,6,True,8,1,0,0,0,1,0,1,0,0,0,1,3
2016,g,C,7,False,1,9,3,2,2,7,0,6,0,1,7,3,21
2016,g,C,7,False,2,2,0,0,0,2,0,2,0,0,0,3,4
2016,g,C,7,False,3,8,0,0,0,8,0,6,2,0,3,4,16
2016,g,C,7,False,4,4,0,0,0,4,0,3,1,0,1,2,8
2016,g,C,7,False,5,3,0,0,0,3,0,2,1,0,3,1,6
2016,g,C,7,False,6,1,0,0,0,1,0,0,1,0,2,2,2
2016,g,C,7,False,7,1,0,0,0,1,0,1,0,0,0,2,2
2016,g,C,7,False,8,1,0,0,0,1,0,0,1,0,2,0,2
2016,g,C,7,False,10,2,0,0,0,2,0,1,1,0,4,0,4
2016,g,C,7,True,1,6,1,1,1,5,0,4,1,0,3,4,12
2016,g,C,7,True,2,5,0,0,0,5,0,2,3,0,4,10,10
2016,g,C,7,True,3,6,0,0,0,6,0,4,2,0,3,4,12
2016,g,C,7,True,4,2,0,0,0,2,0,2,0,0,0,2,4
2016,g,C,7,True,5,4,0,0,0,4,0,4,0,0,0,3,8
2016,g,C,7,True,6,3,0,0,0,3,0,2,1,0,2,3,6
2016,g,C,7,True,7,1,0,0,0,1,0,1,0,0,0,0,2
2016,g,C,7,True,8,1,0,0,0,1,0,1,0,0,0,1,2
2016,h,P,6,False,1,4,3,1,1,2,1,1,0,2,4,4,15
2016,h,P,6,False,2,6,1,0,0,6,0,4,1,1,3,7,18
2016,h,P,6,False,3,4,1,1,1,3,0,1,2,0,8,1,13
2016,h,P,6,False,4,3,0,0,0,3,0,2,1,0,1,1,9
2016,h,P,6,True,1,8,4,2,2,5,1,3,1,2,9,7,25
2016,h,P,6,True,2,4,0,0,0,4,0,3,1,0,1,4,12
2016,h,P,6,True,3,3,2,2,2,1,0,1,0,0,12,5,13
2016,h,P,6,True,4,4,1,1,1,3,0,1,2,0,8,7,12
2016,h,P,6,True,5,5,0,0,0,5,0,3,2,0,4,2,15
2016,h,P,6,True,9,2,0,0,0,2,0,0,2,0,11,5,6
2016,h,P,7,False,1,4,2,1,1,2,1,2,0,1,3,1,11
2016,h,P,7,False,2,6,2,0,0,6,0,3,1,2,5,7,13
2016,h,P,7,False,3,4,0,0,0,4,0,2,2,0,3,0,8
2016,h,P,7,False,4,4,1,1,1,3,0,3,0,0,5,0,9
2016,h,P,7,False,5,1,0,0,0,1,0,0,1,0,1,0,2
2016,h,P,7,True,1,7,5,3,3,3,1,2,0,2,10,1,15
2016,h,P,7,True,2,4,0,0,0,4,0,3,1,0,1,4,8
2016,h,P,7,True,3,4,1,1,1,3,0,3,0,0,6,5,11
2016,h,P,7,True,4,1,0,0,0,1,0,1,0,0,0,0,2
2016,h,P,7,True,5,6,1,1,1,5,0,3,2,0,10,2,13
2016,h,P,7,True,6,3,0,0,0,3,0,1,2,0,4,6,6
2016,h,P,7,True,7,1,0,0,0,1,0,0,1,0,4,0,2
2016,l,P,6,False,1,7,5,4,4,3,0,2,0,1,13,3,21
2016,l,P,6,False,2,9,2,0,0,8,1,3,4,2,10,7,30
2016,l,P,6,False,3,3,0,0,0,3,0,2,1,0,1,1,9
2016,l,P,6,False,4,9,0,0,0,9,0,1,8,0,14,4,27
2016,l,P,6,False,5,2,0,0,0,2,0,0,2,0,5,0,6
2016,l,P,6,False,6,2,0,0,0,2,0,1,1,0,1,0,6
2016,l,P,6,False,11,1,0,0,0,1,0,0,1,0,2,2,3
2016,l,P,6,True,1,13,3,2,2,10,1,7,3,1,14,31,40
2016,l,P,6,True,2,8,1,1,1,7,0,4,3,0,8,7,24
2016,l,P,6,True,3,5,1,1,1,4,0,1,3,0,12,6,15
2016,l,P,6,True,4,5,0,0,0,5,0,1,4,0,8,8,15
2016,l,P,6,True,5,4,0,0,0,4,0,2,2,0,7,6,12
2016,l,P,6,True,6,1,0,0,0,1,0,1,0,0,0,0,3
2016,l,P,6,True,8,2,0,0,0,2,0,0,2,0,3,2,6
2016,l,P,7,False,1,11,4,3,3,8,0,7,0,1,10,1,22
2016,l,P,7,False,2,5,0,0,0,5,0,3,2,0,2,2,10
2016,l,P,7,False,3,9,0,0,0,9,0,6,3,0,5,3,18
2016,l,P,7,False,4,8,0,0,0,8,0,3,5,0,9,2,16
2016,l,P,7,False,5,2,0,0,0,2,0,1,1,0,2,0,4
2016,l,P,7,False,6,1,0,0,0,1,0,1,0,0,0,0,2
2016,l,P,7,False,11,1,0,0,0,1,0,0,1,0,2,2,2
2016,l,P,7,True,1,9,1,1,1,8,0,7,1,0,5,16,19
2016,l,P,7,True,2,9,1,1,1,8,0,4,4,0,8,9,18
2016,l,P,7,True,3,5,0,0,0,5,0,4,1,0,1,4,10
2016,l,P,7,True,4,6,0,0,0,6,0,2,4,0,6,1,12
2016,l,P,7,True,5,3,0,0,0,3,0,2,1,0,4,5,6
2016,l,P,7,True,6,1,0,0,0,1,0,1,0,0,0,0,2
2016,l,P,7,True,8,3,0,0,0,3,0,1,2,0,3,2,6
2016,m,P,6,False,1,9,5,5,4,4,1,4,0,0,11,8,32
2016,m,P,6,False,2,9,2,1,1,7,1,5,2,1,9,5,30
2016,m,P,6,False,3,5,2,1,0,5,0,0,3,1,11,4,19
2016,m,P,6,False,4,3,0,0,0,3,0,1,2,0,8,8,9
2016,m,P,6,False,5,2,0,0,0,2,0,1,1,0,2,5,6
2016,m,P,6,False,6,2,0,0,0,2,0,0,2,0,5,9,6
2016,m,P,6,False,7,1,0,0,0,1,0,0,1,0,3,1,3
2016,m,P,6,False,8,1,0,0,0,1,0,1,0,0,0,1,3
2016,m,P,6,False,10,2,0,0,0,2,0,1,1,0,1,3,6
2016,m,P,6,False,11,1,0,0,0,1,0,0,1,0,3,2,3
2016,m,P,6,True,1,12,7,2,2,10,0,4,1,5,13,12,36
2016,m,P,6,True,2,10,4,3,3,7,0,6,0,1,13,11,33
2016,m,P,6,True,3,6,0,0,0,6,0,6,0,0,0,4,18
2016,m,P,6,True,4,3,0,0,0,3,0,2,1,0,1,5,9
2016,m,P,6,True,5,1,0,0,0,1,0,1,0,0,0,3,3
2016,m,P,7,False,1,3,1,1,0,2,1,2,0,0,3,3,9
2016,m,P,7,False,2,13,3,2,2,10,1,8,2,1,19,6,29
2016,m,P,7,False,3,3,0,0,0,3,0,1,2,0,2,3,6
2016,m,P,7,False,4,2,0,0,0,2,0,1,1,0,2,1,4
2016,m,P,7,False,6,1,0,0,0,1,0,1,0,0,0,0,2
2016,m,P,7,False,7,2,0,0,0,2,0,1,1,0,4,1,4
2016,m,P,7,False,8,1,0,0,0,1,0,0,1,0,3,0,2
2016,m,P,7,False,9,3,0,0,0,3,0,1,2,0,5,3,6
2016,m,P,7,False,10,1,0,0,0,1,0,0,1,0,1,2,2
2016,m,P,7,False,11,1,0,0,0,1,0,1,0,0,0,0,2
2016,m,P,7,False,13,1,0,0,0,1,0,0,1,0,3,0,2
2016,m,P,7,True,1,10,3,1,1,9,0,7,0,2,5,4,21
2016,m,P,7,True,2,7,1,1,1,6,0,6,0,0,3,6,15
2016,m,P,7,True,3,8,1,0,0,8,0,7,0,1,3,4,17
2016,m,P,7,True,4,1,0,0,0,1,0,1,0,0,0,1,2
2016,m,P,7,True,5,2,0,0,0,2,0,2,0,0,0,3,4
2016,m,P,7,True,7,1,0,0,0,1,0,1,0,0,0,1,2
2016,s,C,6,False,1,9,3,1,0,9,0,5,1,2,5,11,30
2016,s,C,6,False,2,11,2,2,2,9,0,6,3,0,16,11,35
2016,s,C,6,False,3,5,1,1,1,4,0,3,1,0,6,4,15
2016,s,C,6,False,4,5,0,0,0,5,0,3,2,0,5,3,15
2016,s,C,6,False,5,4,0,0,0,4,0,0,4,0,5,3,12
2016,s,C,6,False,6,1,0,0,0,1,0,1,0,0,0,1,3
2016,s,C,6,False,7,2,0,0,0,2,0,1,1,0,4,4,6
2016,s,C,6,False,8,2,0,0,0,2,0,1,1,0,3,3,6
2016,s,C,6,False,9,3,0,0,0,3,0,2,1,0,5,1,9
2016,s,C,6,True,1,7,5,4,4,3,0,2,0,1,12,10,20
2016,s,C,6,True,2,9,4,4,4,5,0,4,1,0,17,20,30
2016,s,C,6,True,3,5,0,0,0,5,0,2,3,0,9,12,15
2016,s,C,6,True,4,7,1,0,0,7,0,2,4,1,10,17,21
2016,s,C,6,True,5,1,0,0,0,1,0,0,1,0,2,6,3
2016,s,C,6,True,7,1,0,0,0,1,0,1,0,0,0,1,3
2016,s,C,6,True,8,1,0,0,0,1,0,1,0,0,0,0,3
2016,s,C,6,True,10,1,0,0,0,1,0,0,1,0,2,0,3
2016,s,C,6,True,11,1,0,0,0,1,0,0,1,0,8,2,3
2016,s,C,7,False,1,5,1,1,0,5,0,4,0,0,2,3,13
2016,s,C,7,False,2,10,1,1,1,9,0,8,1,0,5,2,20
2016,s,C,7,False,3,6,0,0,0,6,0,4,2,0,3,1,12
2016,s,C,7,False,4,5,0,0,0,5,0,3,2,0,5,2,10
2016,s,C,7,False,5,5,0,0,0,5,0,3,2,0,3,2,10
2016,s,C,7,False,6,3,0,0,0,3,0,2,1,0,1,1,6
2016,s,C,7,False,7,1,0,0,0,1,0,0,1,0,1,1,2
2016,s,C,7,False,8,2,0,0,0,2,0,1,1,0,3,1,4
2016,s,C,7,False,9,3,0,0,0,3,0,3,0,0,0,0,6
2016,s,C,7,True,1,6,3,3,3,3,0,3,0,0,8,7,12
2016,s,C,7,True,2,7,2,1,1,6,0,4,1,1,9,9,13
2016,s,C,7,True,3,4,0,0,0,4,0,2,2,0,4,6,8
2016,s,C,7,True,4,2,0,0,0,2,0,1,1,0,1,2,4
2016,s,C,7,True,5,4,0,0,0,4,0,1,3,0,4,9,8
2016,s,C,7,True,6,2,0,0,0,2,0,2,0,0,0,8,4
2016,s,C,7,True,7,2,0,0,0,2,0,1,1,0,1,3,4
2016,s,C,7,True,8,2,0,0,0,2,0,1,1,0,4,1,4
2016,s,C,7,True,9,1,0,0,0,1,0,0,1,0,1,0,2
2016,t,C,6,False,1,9,6,4,3,5,1,2,1,2,20,11,31
2016,t,C,6,False,2,6,0,0,0,6,0,5,1,0,1,12,18
2016,t,C,6,False,3,7,0,0,0,7,0,4,3,0,5,7,21
2016,t,C,6,False,4,5,0,0,0,5,0,2,3,0,5,8,15
2016,t,C,6,False,5,2,0,0,0,2,0,2,0,0,0,1,6
2016,t,C,6,False,6,2,0,0,0,2,0,1,1,0,3,1,6
2016,t,C,6,False,7,1,0,0,0,1,0,1,0,0,0,0,3
2016,t,C,6,True,1,7,3,3,3,4,0,3,1,0,13,5,19
2016,t,C,6,True,2,12,2,1,0,11,1,5,5,1,10,16,39
2016,t,C,6,True,3,4,0,0,0,4,0,3,1,0,1,6,12
2016,t,C,6,True,4,4,0,0,0,4,0,1,3,0,5,1,12
2016,t,C,6,True,5,4,1,1,1,3,0,2,1,0,10,3,11
2016,t,C,6,True,6,1,0,0,0,1,0,1,0,0,0,3,3
2016,t,C,6,True,9,2,0,0,0,2,0,2,0,0,0,1,6
2016,t,C,7,False,1,10,6,4,3,7,0,3,1,2,16,8,22
2016,t,C,7,False,2,10,1,1,1,9,0,7,2,0,6,1,21
2016,t,C,7,False,3,2,0,0,0,2,0,2,0,0,0,0,4
2016,t,C,7,False,4,3,0,0,0,3,0,2,1,0,1,4,6
2016,t,C,7,False,5,1,0,0,0,1,0,1,0,0,0,0,2
2016,t,C,7,False,6,5,0,0,0,5,0,4,1,0,2,2,10
2016,t,C,7,False,7,4,0,0,0,4,0,3,1,0,3,2,8
2016,t,C,7,True,1,6,2,2,2,4,0,3,1,0,7,5,11
2016,t,C,7,True,2,12,1,0,0,11,1,7,4,1,6,9,27
2016,t,C,7,True,3,3,0,0,0,3,0,2,1,0,2,6,6
2016,t,C,7,True,4,4,0,0,0,4,0,1,3,0,5,1,8
2016,t,C,7,True,5,4,0,0,0,4,0,3,1,0,1,0,8
2016,t,C,7,True,6,2,0,0,0,2,0,2,0,0,0,3,4
2016,t,C,7,True,9,2,0,0,0,2,0,2,0,0,0,1,4
2017,b,P,6,False,1,12,4,2,2,10,0,8,0,2,8,13,36
2017,b,P,6,False,2,11,0,0,0,11,0,8,3,0,4,19,33
2017,b,P,6,False,3,2,0,0,0,2,0,1,1,0,2,8,6
2017,b,P,6,False,4,8,2,1,1,7,0,4,2,1,18,6,24
2017,b,P,6,False,5,4,1,0,0,4,0,1,2,1,9,3,15
2017,b,P,6,False,7,1,0,0,0,1,0,0,1,0,2,0,3
2017,b,P,6,False,8,1,0,0,0,1,0,1,0,0,0,0,3
2017,b,P,6,True,1,8,3,1,1,7,0,4,1,2,7,16,29
2017,b,P,6,True,2,2,0,0,0,2,0,2,0,0,0,7,6
2017,b,P,6,True,3,8,0,0,0,8,0,5,3,0,4,16,24
2017,b,P,6,True,4,3,1,1,1,2,0,0,2,0,10,2,8
2017,b,P,6,True,5,2,0,0,0,2,0,1,1,0,3,3,6
2017,b,P,6,True,6,2,0,0,0,2,0,1,1,0,4,7,6
2017,b,P,6,True,8,1,0,0,0,1,0,1,0,0,0,0,3
2017,b,P,6,True,9,1,0,0,0,1,0,0,1,0,2,0,3
2017,b,P,7,False,1,11,5,3,3,8,0,6,0,2,13,8,22
2017,b,P,7,False,2,7,0,0,0,7,0,4,3,0,3,4,14
2017,b,P,7,False,3,5,2,1,1,4,0,3,0,1,8,2,15
2017,b,P,7,False,4,8,0,0,0,8,0,7,1,0,2,2,16
2017,b,P,7,False,5,2,0,0,0,2,0,2,0,0,0,0,4
2017,b,P,7,False,6,2,0,0,0,2,0,1,1,0,3,0,4
2017,b,P,7,False,7,2,0,0,0,2,0,1,1,0,2,0,4
2017,b,P,7,False,8,2,0,0,0,2,0,2,0,0,0,1,4
2017,b,P,7,True,1,9,2,2,2,7,0,7,0,0,5,15,18
2017,b,P,7,True,2,8,0,0,0,8,0,6,2,0,2,13,16
2017,b,P,7,True,3,5,2,1,1,4,0,3,0,1,8,5,11
2017,b,P,7,True,4,3,0,0,0,3,0,1,2,0,4,2,6
2017,b,P,7,True,5,3,0,0,0,3,0,2,1,0,2,9,6
2017,b,P,7,True,6,1,0,0,0,1,0,0,1,0,3,0,2
2017,b,P,7,True,7,1,0,0,0,1,0,1,0,0,0,4,2
2017,b,P,7,True,8,2,0,0,0,2,0,1,1,0,4,0,4
2017,b,P,7,True,9,1,0,0,0,1,0,0,1,0,2,0,2
2017,c,C,6,False,1,11,8,4,4,5,2,3,0,4,20,4,41
2017,c,C,6,False,2,9,4,4,4,5,0,3,2,0,17,1,28
2017,c,C,6,False,3,3,0,0,0,3,0,0,3,0,10,7,9
2017,c,C,6,False,4,2,0,0,0,2,0,2,0,0,0,4,6
2017,c,C,6,False,5,2,0,0,0,2,0,1,1,0,1,6,6
2017,c,C,6,False,6,3,1,1,1,2,0,1,1,0,11,1,9
2017,c,C,6,False,9,1,0,0,0,1,0,1,0,0,0,1,3
2017,c,C,6,True,1,9,6,5,4,5,0,3,0,1,20,18,31
2017,c,C,6,True,2,3,0,0,0,3,0,3,0,0,0,1,9
2017,c,C,6,True,3,6,3,2,2,3,1,2,1,1,15,4,21
2017,c,C,6,True,4,3,0,0,0,3,0,0,3,0,7,3,9
2017,c,C,6,True,5,1,0,0,0,1,0,1,0,0,0,3,3
2017,c,C,6,True,7,1,0,0,0,1,0,1,0,0,0,0,3
2017,c,C,7,False,1,10,6,1,1,7,2,4,0,5,12,5,30
2017,c,C,7,False,2,5,0,0,0,5,0,4,1,0,1,2,10
2017,c,C,7,False,3,1,0,0,0,1,0,0,1,0,2,2,2
2017,c,C,7,False,4,4,0,0,0,4,0,2,2,0,6,6,8
2017,c,C,7,False,5,4,1,1,1,3,0,1,2,0,9,6,8
2017,c,C,7,False,6,1,0,0,0,1,0,1,0,0,0,0,2
2017,c,C,7,False,9,1,0,0,0,1,0,1,0,0,0,1,2
2017,c,C,7,True,1,4,3,3,3,1,0,1,0,0,7,0,6
2017,c,C,7,True,2,4,1,1,1,3,0,3,0,0,4,2,10
2017,c,C,7,True,3,6,1,0,0,5,1,3,2,1,6,7,15
2017,c,C,7,True,4,3,1,1,1,2,0,0,2,0,9,0,7
2017,c,C,7,True,5,2,0,0,0,2,0,2,0,0,0,3,4
2017,c,C,7,True,7,1,0,0,0,1,0,1,0,0,0,0,2
2017,d,C,6,False,1,9,4,3,2,7,0,5,0,1,11,14,28
2017,d,C,6,False,2,5,3,3,0,5,0,1,1,0,12,14,17
2017,d,C,6,False,3,5,0,0,0,5,0,1,4,0,4,6,15
2017,d,C,6,False,4,6,0,0,0,6,0,3,3,0,3,3,18
2017,d,C,6,False,5,2,0,0,0,2,0,1,1,0,1,6,6
2017,d,C,6,False,6,1,0,0,0,1,0,1,0,0,0,2,3
2017,d,C,6,False,7,3,0,0,0,3,0,2,1,0,1,0,9
2017,d,C,6,False,8,2,0,0,0,2,0,1,1,0,1,0,6
2017,d,C,6,False,9,2,0,0,0,2,0,1,1,0,1,1,6
2017,d,C,6,False,10,1,0,0,0,1,0,0,1,0,1,2,3
2017,d,C,6,True,1,6,3,3,3,3,0,3,0,0,10,6,15
2017,d,C,6,True,2,5,2,1,1,4,0,3,0,1,5,7,16
2017,d,C,6,True,3,2,1,0,0,2,0,1,0,1,3,3,8
2017,d,C,6,True,4,4,0,0,0,4,0,2,2,0,3,7,12
2017,d,C,6,True,5,3,0,0,0,3,0,1,2,0,8,7,9
2017,d,C,6,True,6,2,0,0,0,2,0,2,0,0,0,0,6
2017,d,C,6,True,8,2,0,0,0,2,0,1,1,0,1,0,6
2017,d,C,6,True,9,1,0,0,0,1,0,1,0,0,0,0,3
2017,d,C,6,True,12,1,0,0,0,1,0,0,1,0,5,1,3
2017,d,C,7,False,1,4,0,0,0,4,0,4,0,0,0,0,8
2017,d,C,7,False,2,4,2,2,1,3,0,1,1,0,7,2,9
2017,d,C,7,False,3,3,0,0,0,3,0,3,0,0,0,1,6
2017,d,C,7,False,4,6,0,0,0,6,0,3,3,0,3,1,12
2017,d,C,7,False,5,2,0,0,0,2,0,2,0,0,0,0,4
2017,d,C,7,False,6,3,0,0,0,3,0,2,1,0,1,1,6
2017,d,C,7,False,7,4,0,0,0,4,0,2,2,0,2,2,8
2017,d,C,7,False,8,3,0,0,0,3,0,2,1,0,1,0,6
2017,d,C,7,False,9,1,0,0,0,1,0,1,0,0,0,0,2
2017,d,C,7,False,10,2,0,0,0,2,0,1,1,0,1,1,4
2017,d,C,7,True,1,6,2,1,1,5,0,4,0,1,3,3,14
2017,d,C,7,True,2,8,3,2,2,6,0,5,0,1,8,9,18
2017,d,C,7,True,4,5,0,0,0,5,0,5,0,0,0,5,10
2017,d,C,7,True,5,3,0,0,0,3,0,1,2,0,6,3,6
2017,d,C,7,True,6,2,0,0,0,2,0,2,0,0,0,0,4
2017,d,C,7,True,8,3,0,0,0,3,0,1,2,0,3,0,6
2017,d,C,7,True,9,1,0,0,0,1,0,1,0,0,0,0,2
2017,d,C,7,True,11,1,0,0,0,1,0,0,1,0,3,0,2
2017,db,C,6,False,1,10,4,1,0,9,1,5,1,3,6,26,36
2017,db,C,6,False,2,8,1,1,1,7,0,4,3,0,7,7,24
2017,db,C,6,False,3,1,0,0,0,1,0,1,0,0,0,1,3
2017,db,C,6,False,4,3,0,0,0,3,0,2,1,0,1,8,9
2017,db,C,6,False,5,1,0,0,0,1,0,0,1,0,1,0,3
2017,db,C,6,False,6,3,0,0,0,3,0,1,2,0,2,1,9
2017,db,C,6,False,7,2,0,0,0,2,0,1,1,0,1,0,6
2017,db,C,6,False,8,1,0,0,0,1,0,1,0,0,0,0,3
2017,db,C,6,True,1,7,1,1,1,6,0,6,0,0,2,9,21
2017,db,C,6,True,2,6,3,3,3,3,0,3,0,0,12,7,20
2017,db,C,6,True,3,4,1,1,1,3,0,0,3,0,8,4,12
2017,db,C,6,True,4,3,0,0,0,3,0,1,2,0,2,4,9
2017,db,C,6,True,5,2,0,0,0,2,0,0,2,0,5,4,6
2017,db,C,6,True,6,2,0,0,0,2,0,1,1,0,1,3,6
2017,db,C,6,True,8,1,0,0,0,1,0,0,1,0,1,3,3
2017,db,C,6,True,10,1,0,0,0,1,0,0,1,0,1,0,3
2017,db,C,7,False,1,6,1,1,1,5,0,4,1,0,3,12,12
2017,db,C,7,False,2,5,0,0,0,5,0,4,1,0,1,4,10
2017,db,C,7,False,3,4,1,1,1,3,0,2,1,0,5,1,9
2017,db,C,7,False,4,3,0,0,0,3,0,3,0,0,0,8,6
2017,db,C,7,False,5,4,0,0,0,4,0,3,1,0,1,0,8
2017,db,C,7,False,6,4,0,0,0,4,0,1,3,0,3,1,8
2017,db,C,7,False,7,2,0,0,0,2,0,1,1,0,1,0,4
2017,db,C,7,False,8,1,0,0,0,1,0,1,0,0,0,0,2
2017,db,C,7,True,1,7,2,2,2,5,0,5,0,0,4,6,15
2017,db,C,7,True,2,4,0,0,0,4,0,4,0,0,0,4,7
2017,db,C,7,True,3,4,0,0,0,4,0,1,3,0,3,0,8
2017,db,C,7,True,4,5,1,1,1,4,0,1,3,0,8,6,10
2017,db,C,7,True,5,3,1,1,1,2,0,1,1,0,8,6,8
2017,db,C,7,True,7,1,0,0,0,1,0,1,0,0,0,0,2
2017,db,C,7,True,9,1,0,0,0,1,0,1,0,0,0,0,2
2017,db,C,7,True,11,1,0,0,0,1,0,0,1,0,1,0,2
2017,e,P,6,False,1,6,1,1,0,6,0,3,2,0,7,15,18
2017,e,P,6,False,2,7,3,1,1,6,0,1,3,2,11,3,22
2017,e,P,6,False,3,7,1,1,1,6,0,2,4,0,8,13,21
2017,e,P,6,False,4,3,1,1,1,2,0,0,2,0,8,7,9
2017,e,P,6,False,5,3,0,0,0,3,0,1,2,0,4,6,9
2017,e,P,6,False,7,1,0,0,0,1,0,1,0,0,0,0,3
2017,e,P,6,False,8,1,0,0,0,1,0,1,0,0,0,0,3
2017,e,P,6,True,1,9,4,3,2,7,0,4,1,1,8,11,29
2017,e,P,6,True,2,9,2,2,2,7,0,4,3,0,9,6,28
2017,e,P,6,True,3,6,1,1,1,5,0,1,4,0,10,8,18
2017,e,P,6,True,4,4,1,0,0,3,1,0,3,1,8,9,11
2017,e,P,6,True,5,1,0,0,0,1,0,1,0,0,0,0,3
2017,e,P,6,True,6,1,0,0,0,1,0,0,1,0,4,0,3
2017,e,P,6,True,8,1,0,0,0,1,0,1,0,0,0,0,3
2017,e,P,6,True,9,1,0,0,0,1,0,0,1,0,1,3,3
2017,e,P,7,False,1,6,3,1,1,4,1,2,1,2,5,4,16
2017,e,P,7,False,2,5,0,0,0,5,0,3,2,0,2,5,10
2017,e,P,7,False,3,4,0,0,0,4,0,1,3,0,6,3,8
2017,e,P,7,False,4,5,1,1,1,4,0,3,1,0,7,3,10
2017,e,P,7,False,5,3,0,0,0,3,0,1,2,0,2,5,6
2017,e,P,7,False,6,1,0,0,0,1,0,1,0,0,0,0,2
2017,e,P,7,False,7,2,0,0,0,2,0,2,0,0,0,0,4
2017,e,P,7,False,8,1,0,0,0,1,0,1,0,0,0,0,2
2017,e,P,7,True,1,7,3,3,3,4,0,3,1,0,7,2,16
2017,e,P,7,True,2,12,2,1,1,10,1,8,2,1,7,7,27
2017,e,P,7,True,3,3,1,1,1,2,0,2,0,0,4,0,6
2017,e,P,7,True,4,6,1,0,0,5,1,2,3,1,9,9,11
2017,e,P,7,True,5,1,0,0,0,1,0,1,0,0,0,0,2
2017,e,P,7,True,6,1,0,0,0,1,0,0,1,0,3,1,2
2017,e,P,7,True,8,1,0,0,0,1,0,1,0,0,0,0,2
2017,e,P,7,True,9,1,0,0,0,1,0,0,1,0,1,3,2
2017,f,P,6,False,1,15,5,4,3,12,0,9,1,1,16,21,50
2017,f,P,6,False,2,10,1,1,1,9,0,5,4,0,10,14,30
2017,f,P,6,False,3,5,0,0,0,5,0,3,2,0,4,3,15
2017,f,P,6,False,4,3,0,0,0,3,0,2,1,0,1,1,9
2017,f,P,6,False,5,1,0,0,0,1,0,0,1,0,2,0,3
2017,f,P,6,False,6,4,0,0,0,4,0,3,1,0,1,3,12
2017,f,P,6,False,7,4,0,0,0,4,0,3,1,0,3,6,12
2017,f,P,6,False,9,1,0,0,0,1,0,0,1,0,1,0,3
2017,f,P,6,True,1,8,1,0,0,8,0,5,2,1,5,20,24
2017,f,P,6,True,2,7,0,0,0,7,0,3,4,0,5,13,21
2017,f,P,6,True,3,9,1,1,1,8,0,6,2,0,8,3,29
2017,f,P,6,True,4,4,0,0,0,4,0,2,2,0,2,4,12
2017,f,P,6,True,5,2,0,0,0,2,0,2,0,0,0,2,6
2017,f,P,7,False,1,12,3,2,2,10,0,9,0,1,6,2,26
2017,f,P,7,False,2,9,0,0,0,9,0,5,4,0,5,6,18
2017,f,P,7,False,3,6,0,0,0,6,0,5,1,0,1,0,12
2017,f,P,7,False,4,3,0,0,0,3,0,3,0,0,0,0,6
2017,f,P,7,False,5,3,0,0,0,3,0,1,2,0,3,5,6
2017,f,P,7,False,6,3,0,0,0,3,0,3,0,0,0,1,6
2017,f,P,7,False,7,3,0,0,0,3,0,3,0,0,0,4,6
2017,f,P,7,False,8,1,0,0,0,1,0,0,1,0,1,0,2
2017,f,P,7,False,9,1,0,0,0,1,0,0,1,0,1,0,2
2017,f,P,7,False,11,1,0,0,0,1,0,1,0,0,0,0,2
2017,f,P,7,True,1,9,2,2,2,7,0,6,1,0,5,11,16
2017,f,P,7,True,2,10,0,0,0,10,0,8,2,0,3,13,20
2017,f,P,7,True,3,8,1,1,1,7,0,5,2,0,9,5,18
2017,f,P,7,True,4,4,0,0,0,4,0,3,1,0,1,3,8
2017,f,P,7,True,5,3,0,0,0,3,0,3,0,0,0,0,6
2017,f,P,7,True,6,1,0,0,0,1,0,1,0,0,0,1,2
2017,g,C,6,False,1,11,6,4,2,8,1,5,0,2,11,6,36
2017,g,C,6,False,2,4,1,0,0,3,1,3,0,1,2,5,15
2017,g,C,6,False,3,8,1,0,0,8,0,5,2,1,7,12,24
2017,g,C,6,False,4,2,1,0,0,2,0,1,0,1,4,4,6
2017,g,C,6,False,5,2,0,0,0,2,0,2,0,0,0,0,6
2017,g,C,6,False,8,2,0,0,0,2,0,1,1,0,1,0,6
2017,g,C,6,False,9,1,0,0,0,1,0,0,1,0,1,0,3
2017,g,C,6,False,11,1,0,0,0,1,0,1,0,0,0,0,3
2017,g,C,6,True,1,13,6,5,2,11,0,7,0,1,20,19,43
2017,g,C,6,True,2,6,1,1,1,5,0,2,3,0,9,15,18
2017,g,C,6,True,3,5,0,0,0,5,0,3,2,0,3,1,15
2017,g,C,6,True,4,2,0,0,0,2,0,1,1,0,2,3,6
2017,g,C,6,True,5,1,0,0,0,1,0,0,1,0,2,2,3
2017,g,C,6,True,6,1,0,0,0,1,0,1,0,0,0,2,3
2017,g,C,6,True,7,1,0,0,0,1,0,1,0,0,0,0,3
2017,g,C,6,True,9,1,0,0,0,1,0,1,0,0,0,0,3
2017,g,C,7,False,1,10,3,2,2,7,1,7,0,1,6,0,24
2017,g,C,7,False,2,9,2,0,0,8,1,5,2,2,6,2,24
2017,g,C,7,False,3,6,1,0,0,6,0,5,0,1,3,9,12
2017,g,C,7,False,4,3,1,0,0,3,0,2,0,1,4,5,6
2017,g,C,7,False,5,2,0,0,0,2,0,2,0,0,0,0,4
2017,g,C,7,False,6,1,0,0,0,1,0,1,0,0,0,0,2
2017,g,C,7,False,8,3,0,0,0,3,0,2,1,0,1,0,6
2017,g,C,7,False,11,1,0,0,0,1,0,1,0,0,0,0,2
2017,g,C,7,True,1,9,3,3,2,7,0,6,0,0,8,4,18
2017,g,C,7,True,2,5,0,0,0,5,0,5,0,0,0,4,10
2017,g,C,7,True,3,9,2,2,2,7,0,4,3,0,15,6,20
2017,g,C,7,True,4,3,0,0,0,3,0,1,2,0,2,4,6
2017,g,C,7,True,7,3,0,0,0,3,0,2,1,0,2,2,6
2017,g,C,7,True,9,1,0,0,0,1,0,1,0,0,0,0,2
2017,h,P,6,False,1,7,2,2,1,6,0,4,1,0,5,9,22
2017,h,P,6,False,2,9,2,2,2,7,0,3,4,0,11,6,27
2017,h,P,6,False,3,3,1,0,0,3,0,1,1,1,4,1,12
2017,h,P,6,False,4,3,0,0,0,3,0,2,1,0,2,2,9
2017,h,P,6,False,5,2,0,0,0,2,0,0,2,0,6,0,6
2017,h,P,6,False,6,1,0,0,0,1,0,1,0,0,0,0,3
2017,h,P,6,False,9,1,0,0,0,1,0,0,1,0,6,6,3
2017,h,P,6,True,1,2,1,1,1,1,0,1,0,0,3,0,5
2017,h,P,6,True,2,9,2,2,2,7,0,4,3,0,12,10,30
2017,h,P,6,True,3,2,0,0,0,2,0,2,0,0,0,2,6
2017,h,P,6,True,4,2,0,0,0,2,0,1,1,0,1,2,6
2017,h,P,6,True,6,1,0,0,0,1,0,1,0,0,0,3,3
2017,h,P,6,True,7,3,0,0,0,3,0,0,3,0,8,7,9
2017,h,P,6,True,8,1,0,0,0,1,0,0,1,0,2,3,3
2017,h,P,7,False,1,4,1,1,0,4,0,3,0,0,2,5,9
2017,h,P,7,False,2,10,2,2,2,8,0,6,2,0,9,2,20
2017,h,P,7,False,3,5,1,0,0,5,0,1,3,1,6,1,13
2017,h,P,7,False,4,3,0,0,0,3,0,3,0,0,0,7,6
2017,h,P,7,False,5,3,0,0,0,3,0,0,3,0,5,0,6
2017,h,P,7,False,6,1,0,0,0,1,0,1,0,0,0,0,2
2017,h,P,7,True,1,3,2,2,2,1,0,1,0,0,5,1,9
2017,h,P,7,True,2,7,1,0,0,7,0,4,2,1,6,10,15
2017,h,P,7,True,3,4,0,0,0,4,0,3,1,0,2,2,8
2017,h,P,7,True,4,1,0,0,0,1,0,1,0,0,0,2,2
2017,h,P,7,True,7,3,0,0,0,3,0,1,2,0,4,5,6
2017,h,P,7,True,8,2,0,0,0,2,0,0,2,0,2,2,4
2017,l,P,6,False,1,12,6,4,4,8,0,6,0,2,16,12,36
2017,l,P,6,False,2,6,2,1,1,5,0,4,0,1,5,8,18
2017,l,P,6,False,3,3,0,0,0,3,0,2,1,0,1,2,9
2017,l,P,6,False,4,1,0,0,0,1,0,0,1,0,3,2,3
2017,l,P,6,False,5,4,0,0,0,4,0,2,2,0,6,5,12
2017,l,P,6,False,6,1,0,0,0,1,0,0,1,0,3,3,3
2017,l,P,6,False,7,1,0,0,0,1,0,0,1,0,2,5,3
2017,l,P,6,False,8,1,0,0,0,1,0,1,0,0,0,1,3
2017,l,P,6,False,9,1,0,0,0,1,0,1,0,0,0,0,3
2017,l,P,6,False,10,2,0,0,0,2,0,2,0,0,0,1,6
2017,l,P,6,True,1,6,3,2,1,5,0,3,0,1,9,11,22
2017,l,P,6,True,2,8,2,1,0,8,0,5,1,1,6,6,26
2017,l,P,6,True,3,5,1,1,1,4,0,2,2,0,9,3,16
2017,l,P,6,True,4,2,1,0,0,2,0,0,1,1,9,5,7
2017,l,P,6,True,5,3,0,0,0,3,0,1,2,0,3,9,9
2017,l,P,6,True,7,1,0,0,0,1,0,0,1,0,3,1,3
2017,l,P,6,True,9,1,0,0,0,1,0,0,1,0,2,0,3
2017,l,P,7,False,1,14,6,4,4,10,0,8,0,2,15,9,28
2017,l,P,7,False,2,6,1,0,0,6,0,5,0,1,2,3,12
2017,l,P,7,False,3,3,0,0,0,3,0,3,0,0,0,3,6
2017,l,P,7,False,4,1,0,0,0,1,0,1,0,0,0,0,2
2017,l,P,7,False,5,4,0,0,0,4,0,3,1,0,2,5,8
2017,l,P,7,False,6,1,0,0,0,1,0,1,0,0,0,0,2
2017,l,P,7,False,7,1,0,0,0,1,0,0,1,0,2,5,2
2017,l,P,7,False,9,2,0,0,0,2,0,2,0,0,0,0,4
2017,l,P,7,False,10,2,0,0,0,2,0,2,0,0,0,1,4
2017,l,P,7,True,1,7,1,1,1,6,0,6,0,0,4,8,15
2017,l,P,7,True,2,8,1,1,1,7,0,7,0,0,3,1,19
2017,l,P,7,True,3,3,1,0,0,3,0,2,0,1,3,2,7
2017,l,P,7,True,4,1,0,0,0,1,0,0,1,0,3,2,2
2017,l,P,7,True,6,3,1,0,0,3,0,1,1,1,8,4,7
2017,l,P,7,True,7,1,0,0,0,1,0,0,1,0,1,2,2
2017,l,P,7,True,8,1,0,0,0,1,0,0,1,0,3,0,2
2017,l,P,7,True,9,1,0,0,0,1,0,0,1,0,2,0,2
2017,m,P,6,False,1,11,6,5,4,7,0,4,1,1,18,14,35
2017,m,P,6,False,2,8,1,1,0,8,0,5,2,0,6,14,27
2017,m,P,6,False,3,7,0,0,0,7,0,4,3,0,6,5,21
2017,m,P,6,False,4,6,0,0,0,6,0,3,3,0,6,14,18
2017,m,P,6,False,5,2,0,0,0,2,0,2,0,0,0,1,6
2017,m,P,6,False,8,2,0,0,0,2,0,0,2,0,8,6,6
2017,m,P,6,False,9,1,0,0,0,1,0,0,1,0,1,0,3
2017,m,P,6,False,11,2,0,0,0,2,0,1,1,0,2,1,6
2017,m,P,6,False,14,1,0,0,0,1,0,1,0,0,0,0,3
2017,m,P,6,True,1,12,2,2,2,10,0,8,2,0,7,24,34
2017,m,P,6,True,2,6,0,0,0,6,0,3,3,0,4,6,18
2017,m,P,6,True,3,2,0,0,0,2,0,1,1,0,2,4,6
2017,m,P,6,True,4,5,0,0,0,5,0,3,2,0,3,8,15
2017,m,P,6,True,5,3,0,0,0,3,0,1,2,0,2,9,9
2017,m,P,6,True,6,1,0,0,0,1,0,0,1,0,2,4,3
2017,m,P,6,True,8,1,0,0,0,1,0,0,1,0,6,1,3
2017,m,P,7,False,1,4,1,1,1,3,0,3,0,0,4,1,8
2017,m,P,7,False,2,13,2,2,1,12,0,8,3,0,11,12,29
2017,m,P,7,False,3,6,0,0,0,6,0,5,1,0,1,2,12
2017,m,P,7,False,4,7,0,0,0,7,0,3,4,0,7,11,14
2017,m,P,7,False,5,4,0,0,0,4,0,4,0,0,0,4,8
2017,m,P,7,False,6,1,0,0,0,1,0,0,1,0,4,0,2
2017,m,P,7,False,7,1,0,0,0,1,0,1,0,0,0,3,2
2017,m,P,7,False,9,1,0,0,0,1,0,0,1,0,1,0,2
2017,m,P,7,False,10,2,0,0,0,2,0,1,1,0,6,0,4
2017,m,P,7,False,11,1,0,0,0,1,0,1,0,0,0,0,2
2017,m,P,7,False,14,1,0,0,0,1,0,1,0,0,0,0,2
2017,m,P,7,True,1,12,2,2,2,10,0,9,1,0,7,16,26
2017,m,P,7,True,2,6,0,0,0,6,0,4,2,0,2,2,12
2017,m,P,7,True,3,4,0,0,0,4,0,2,2,0,4,8,8
2017,m,P,7,True,4,5,0,0,0,5,0,3,2,0,2,5,10
2017,m,P,7,True,5,4,0,0,0,4,0,2,2,0,5,1,8
2017,m,P,7,True,6,5,0,0,0,5,0,2,3,0,8,7,10
2017,m,P,7,True,10,1,0,0,0,1,0,0,1,0,1,1,2
2017,s,C,6,False,1,14,2,1,0,14,0,11,1,1,5,22,43
2017,s,C,6,False,2,13,2,2,2,11,0,7,4,0,12,12,41
2017,s,C,6,False,3,5,0,0,0,5,0,3,2,0,2,1,15
2017,s,C,6,False,4,4,0,0,0,4,0,2,2,0,3,4,12
2017,s,C,6,False,5,5,0,0,0,5,0,3,2,0,2,1,15
2017,s,C,6,False,7,1,0,0,0,1,0,0,1,0,2,0,3
2017,s,C,6,False,9,1,0,0,0,1,0,0,1,0,1,5,3
2017,s,C,6,False,14,1,0,0,0,1,0,1,0,0,0,1,3
2017,s,C,6,True,1,6,0,0,0,6,0,2,4,0,11,25,18
2017,s,C,6,True,2,4,1,0,0,4,0,2,1,1,3,8,13
2017,s,C,6,True,3,3,0,0,0,3,0,2,1,0,1,9,9
2017,s,C,6,True,4,3,0,0,0,3,0,0,3,0,5,7,9
2017,s,C,6,True,5,2,0,0,0,2,0,1,1,0,1,0,6
2017,s,C,6,True,6,8,1,0,0,7,1,4,3,1,12,12,27
2017,s,C,6,True,7,3,0,0,0,3,0,1,2,0,2,4,9
2017,s,C,6,True,10,1,1,1,1,0,0,0,0,0,11,0,4
2017,s,C,7,False,1,12,1,0,0,12,0,11,0,1,2,8,25
2017,s,C,7,False,2,11,0,0,0,11,0,6,5,0,5,4,22
2017,s,C,7,False,3,10,1,1,1,9,0,8,1,0,6,4,22
2017,s,C,7,False,4,5,0,0,0,5,0,4,1,0,2,2,10
2017,s,C,7,False,5,5,0,0,0,5,0,4,1,0,1,1,10
2017,s,C,7,False,7,1,0,0,0,1,0,0,1,0,2,0,2
2017,s,C,7,False,8,1,0,0,0,1,0,1,0,0,0,0,2
2017,s,C,7,False,9,1,0,0,0,1,0,0,1,0,1,5,2
2017,s,C,7,False,14,1,0,0,0,1,0,1,0,0,0,1,2
2017,s,C,7,True,1,6,0,0,0,6,0,4,2,0,4,11,12
2017,s,C,7,True,2,2,0,0,0,2,0,1,1,0,1,1,4
2017,s,C,7,True,3,4,0,0,0,4,0,3,1,0,2,1,8
2017,s,C,7,True,4,2,0,0,0,2,0,0,2,0,2,5,4
2017,s,C,7,True,5,5,0,0,0,5,0,2,3,0,5,3,10
2017,s,C,7,True,6,7,1,0,0,6,1,5,1,1,9,4,17
2017,s,C,7,True,7,5,0,0,0,5,0,3,2,0,3,4,10
2017,s,C,7,True,8,2,1,1,1,1,0,0,1,0,10,3,5
2017,t,C,6,False,1,5,2,1,1,3,1,3,0,1,3,3,19
2017,t,C,6,False,2,7,1,1,1,6,0,2,4,0,7,5,21
2017,t,C,6,False,3,5,0,0,0,5,0,4,1,0,1,9,15
2017,t,C,6,False,4,2,0,0,0,2,0,2,0,0,0,1,6
2017,t,C,6,False,6,4,0,0,0,4,0,1,3,0,5,2,12
2017,t,C,6,False,7,1,0,0,0,1,0,0,1,0,1,0,3
2017,t,C,6,False,12,1,0,0,0,1,0,0,1,0,2,0,3
2017,t,C,6,True,1,10,5,4,4,6,0,4,1,1,17,8,29
2017,t,C,6,True,2,5,0,0,0,5,0,4,1,0,1,2,15
2017,t,C,6,True,3,2,0,0,0,2,0,1,1,0,4,6,6
2017,t,C,6,True,5,4,0,0,0,4,0,2,2,0,3,2,12
2017,t,C,6,True,6,1,0,0,0,1,0,1,0,0,0,0,3
2017,t,C,6,True,7,1,0,0,0,1,0,0,1,0,2,0,3
2017,t,C,6,True,8,1,0,0,0,1,0,0,1,0,5,1,3
2017,t,C,7,False,1,9,4,3,2,6,1,5,0,1,7,7,22
2017,t,C,7,False,2,6,0,0,0,6,0,4,2,0,2,5,12
2017,t,C,7,False,3,4,0,0,0,4,0,3,1,0,1,4,8
2017,t,C,7,False,4,2,0,0,0,2,0,2,0,0,0,1,4
2017,t,C,7,False,5,2,0,0,0,2,0,1,1,0,1,0,4
2017,t,C,7,False,6,3,0,0,0,3,0,2,1,0,1,1,6
2017,t,C,7,False,7,1,0,0,0,1,0,0,1,0,1,0,2
2017,t,C,7,False,8,1,0,0,0,1,0,1,0,0,0,0,2
2017,t,C,7,False,12,1,0,0,0,1,0,0,1,0,2,0,2
2017,t,C,7,True,1,9,2,2,2,7,0,6,1,0,8,4,19
2017,t,C,7,True,2,5,0,0,0,5,0,5,0,0,0,0,10
2017,t,C,7,True,3,3,0,0,0,3,0,2,1,0,1,5,6
2017,t,C,7,True,4,2,0,0,0,2,0,1,1,0,1,0,4
2017,t,C,7,True,5,1,0,0,0,1,0,1,0,0,0,0,2
2017,t,C,7,True,6,2,0,0,0,2,0,2,0,0,0,1,4
2017,t,C,7,True,7,1,0,0,0,1,0,0,1,0,2,0,2
2017,t,C,7,True,9,1,0,0,0,1,0,0,1,0,5,0,2
2018,b,P,6,False,1,12,5,4,3,8,1,7,0,1,14,8,43
2018,b,P,6,False,2,5,2,2,2,3,0,1,2,0,10,14,15
2018,b,P,6,False,3,7,0,0,0,7,0,5,2,0,3,1,21
2018,b,P,6,False,4,2,1,0,0,2,0,0,1,1,6,6,6
2018,b,P,6,False,5,2,0,0,0,2,0,0,2,0,6,1,6
2018,b,P,6,False,7,1,0,0,0,1,0,0,1,0,4,1,3
2018,b,P,6,False,8,1,0,0,0,1,0,0,1,0,6,1,3
2018,b,P,6,False,11,2,0,0,0,2,0,1,1,0,2,3,6
2018,b,P,6,True,1,8,4,3,3,4,1,2,2,1,12,6,28
2018,b,P,6,True,2,8,1,1,1,7,0,3,4,0,10,20,23
2018,b,P,6,True,3,7,0,0,0,7,0,6,1,0,1,14,21
2018,b,P,6,True,4,2,0,0,0,2,0,2,0,0,0,5,6
2018,b,P,6,True,5,3,1,1,1,2,0,1,1,0,9,0,9
2018,b,P,6,True,6,1,0,0,0,1,0,1,0,0,0,2,3
2018,b,P,6,True,7,1,0,0,0,1,0,1,0,0,0,0,3
2018,b,P,7,False,1,10,3,3,2,7,1,7,0,0,10,4,23
2018,b,P,7,False,2,9,2,2,2,7,0,4,3,0,11,13,18
2018,b,P,7,False,3,6,0,0,0,6,0,5,1,0,2,1,12
2018,b,P,7,False,4,3,0,0,0,3,0,1,2,0,2,3,6
2018,b,P,7,False,5,2,0,0,0,2,0,0,2,0,4,4,4
2018,b,P,7,False,7,1,0,0,0,1,0,0,1,0,4,1,2
2018,b,P,7,False,8,1,0,0,0,1,0,0,1,0,6,1,2
2018,b,P,7,False,11,1,0,0,0,1,0,1,0,0,0,1,2
2018,b,P,7,False,12,1,0,0,0,1,0,0,1,0,1,0,2
2018,b,P,7,True,1,8,4,3,2,5,1,3,1,1,11,9,17
2018,b,P,7,True,2,7,0,0,0,7,0,3,4,0,5,9,14
2018,b,P,7,True,3,7,1,1,1,6,0,4,2,0,7,2,14
2018,b,P,7,True,4,1,0,0,0,1,0,1,0,0,0,4,2
2018,b,P,7,True,5,4,0,0,0,4,0,3,1,0,2,7,8
2018,b,P,7,True,6,4,0,0,0,4,0,4,0,0,0,3,8
2018,b,P,7,True,7,1,0,0,0,1,0,1,0,0,0,0,2
2018,c,C,6,False,1,8,3,1,1,7,0,5,0,2,11,14,27
2018,c,C,6,False,2,6,1,1,0,6,0,4,1,0,6,14,18
2018,c,C,6,False,3,4,0,0,0,4,0,3,1,0,2,7,12
2018,c,C,6,False,4,4,0,0,0,4,0,1,3,0,7,9,12
2018,c,C,6,False,5,2,0,0,0,2,0,1,1,0,2,6,6
2018,c,C,6,False,7,2,0,0,0,2,0,1,1,0,1,3,6
2018,c,C,6,True,1,8,6,6,6,2,0,0,2,0,25,8,29
2018,c,C,6,True,2,7,0,0,0,7,0,3,4,0,9,18,21
2018,c,C,6,True,3,2,0,0,0,2,0,1,1,0,1,7,6
2018,c,C,6,True,4,3,1,1,1,2,0,1,1,0,8,3,9
2018,c,C,6,True,6,2,0,0,0,2,0,0,2,0,5,2,6
2018,c,C,6,True,7,2,0,0,0,2,0,1,1,0,3,2,6
2018,c,C,6,True,8,1,0,0,0,1,0,0,1,0,2,4,3
2018,c,C,6,True,10,1,0,0,0,1,0,1,0,0,0,0,3
2018,c,C,7,False,1,6,1,0,0,6,0,5,0,1,1,3,12
2018,c,C,7,False,2,4,0,0,0,4,0,3,1,0,1,3,8
2018,c,C,7,False,3,7,1,0,0,7,0,6,0,1,3,11,16
2018,c,C,7,False,4,6,1,1,1,5,0,3,2,0,8,3,13
2018,c,C,7,False,5,2,0,0,0,2,0,1,1,0,2,3,4
2018,c,C,7,False,7,3,0,0,0,3,0,2,1,0,3,3,6
2018,c,C,7,False,9,1,0,0,0,1,0,0,1,0,1,0,2
2018,c,C,7,True,1,5,3,3,3,2,0,1,1,0,9,4,16
2018,c,C,7,True,2,6,0,0,0,6,0,3,3,0,3,9,12
2018,c,C,7,True,3,5,1,1,1,4,0,1,3,0,7,7,10
2018,c,C,7,True,4,3,0,0,0,3,0,3,0,0,0,2,6
2018,c,C,7,True,7,2,0,0,0,2,0,0,2,0,6,1,4
2018,c,C,7,True,8,2,0,0,0,2,0,1,1,0,1,4,4
2018,c,C,7,True,10,1,0,0,0,1,0,1,0,0,0,0,2
2018,d,C,6,False,1,6,1,1,1,5,0,4,1,0,5,16,18
2018,d,C,6,False,2,10,2,1,1,9,0,7,1,1,7,14,30
2018,d,C,6,False,3,4,0,0,0,4,0,4,0,0,0,7,12
2018,d,C,6,False,4,3,1,1,1,2,0,0,2,0,9,3,9
2018,d,C,6,False,5,4,0,0,0,4,0,1,3,0,4,3,12
2018,d,C,6,False,6,3,0,0,0,3,0,0,3,0,8,0,9
2018,d,C,6,False,7,1,0,0,0,1,0,0,1,0,1,2,3
2018,d,C,6,False,8,3,0,0,0,3,0,1,2,0,5,4,9
2018,d,C,6,False,9,1,0,0,0,1,0,1,0,0,0,1,3
2018,d,C,6,False,18,1,0,0,0,1,0,0,1,0,2,0,3
2018,d,C,6,True,1,14,6,4,4,10,0,8,0,2,14,23,42
2018,d,C,6,True,2,6,0,0,0,6,0,4,2,0,2,4,18
2018,d,C,6,True,3,2,0,0,0,2,0,2,0,0,0,0,6
2018,d,C,6,True,4,4,1,0,0,3,1,1,2,1,7,1,15
2018,d,C,6,True,10,1,0,0,0,1,0,0,1,0,7,1,3
2018,d,C,7,False,1,10,3,3,2,8,0,6,1,0,9,10,20
2018,d,C,7,False,2,7,2,2,2,5,0,5,0,0,7,4,14
2018,d,C,7,False,3,2,0,0,0,2,0,2,0,0,0,3,4
2018,d,C,7,False,4,5,0,0,0,5,0,4,1,0,1,1,10
2018,d,C,7,False,5,5,0,0,0,5,0,3,2,0,3,0,10
2018,d,C,7,False,6,5,0,0,0,5,0,1,4,0,9,3,10
2018,d,C,7,False,7,2,0,0,0,2,0,1,1,0,1,2,4
2018,d,C,7,False,8,3,0,0,0,3,0,1,2,0,5,4,6
2018,d,C,7,False,9,1,0,0,0,1,0,1,0,0,0,1,2
2018,d,C,7,False,18,1,0,0,0,1,0,0,1,0,2,0,2
2018,d,C,7,True,1,10,4,2,2,8,0,6,0,2,9,10,21
2018,d,C,7,True,2,9,1,0,0,8,1,7,1,1,3,13,18
2018,d,C,7,True,3,4,0,0,0,4,0,4,0,0,0,0,8
2018,d,C,7,True,4,2,0,0,0,2,0,1,1,0,1,0,4
2018,d,C,7,True,10,1,0,0,0,1,0,0,1,0,7,1,2
2018,db,C,6,False,1,12,9,7,7,4,1,2,1,2,24,7,45
2018,db,C,6,False,2,9,0,0,0,9,0,5,4,0,5,12,27
2018,db,C,6,False,3,4,1,0,0,4,0,2,1,1,4,4,13
2018,db,C,6,False,4,3,0,0,0,3,0,3,0,0,0,1,9
2018,db,C,6,False,5,3,0,0,0,3,0,0,3,0,6,6,9
2018,db,C,6,False,6,1,0,0,0,1,0,1,0,0,0,2,3
2018,db,C,6,False,7,3,0,0,0,3,0,1,2,0,4,2,9
2018,db,C,6,False,8,2,0,0,0,2,0,0,2,0,3,0,6
2018,db,C,6,True,1,8,2,0,0,8,0,5,1,2,4,16,25
2018,db,C,6,True,2,6,2,2,2,4,0,1,3,0,10,12,16
2018,db,C,6,True,3,9,2,2,2,7,0,4,3,0,14,13,26
2018,db,C,6,True,4,5,0,0,0,5,0,1,4,0,10,9,15
2018,db,C,6,True,5,2,0,0,0,2,0,1,1,0,5,3,6
2018,db,C,6,True,6,5,0,0,0,5,0,1,4,0,8,11,15
2018,db,C,6,True,7,2,0,0,0,2,0,1,1,0,1,9,6
2018,db,C,7,False,1,8,6,4,4,3,1,2,0,2,13,2,22
2018,db,C,7,False,2,10,1,1,1,9,0,4,5,0,10,4,21
2018,db,C,7,False,3,5,0,0,0,5,0,3,2,0,2,4,10
2018,db,C,7,False,4,4,0,0,0,4,0,4,0,0,0,0,8
2018,db,C,7,False,5,4,0,0,0,4,0,2,2,0,5,1,8
2018,db,C,7,False,6,4,0,0,0,4,0,3,1,0,2,2,8
2018,db,C,7,False,7,1,0,0,0,1,0,0,1,0,1,0,2
2018,db,C,7,False,8,2,0,0,0,2,0,1,1,0,1,1,4
2018,db,C,7,False,9,1,0,0,0,1,0,1,0,0,0,0,2
2018,db,C,7,True,1,8,1,0,0,8,0,7,0,1,2,9,17
2018,db,C,7,True,2,5,0,0,0,5,0,2,3,0,3,12,10
2018,db,C,7,True,3,9,2,2,2,7,0,5,2,0,12,11,17
2018,db,C,7,True,4,1,0,0,0,1,0,0,1,0,2,2,2
2018,db,C,7,True,5,5,0,0,0,5,0,5,0,0,0,6,10
2018,db,C,7,True,6,4,0,0,0,4,0,1,3,0,7,1,8
2018,db,C,7,True,7,1,0,0,0,1,0,1,0,0,0,9,2
2018,db,C,7,True,8,1,0,0,0,1,0,0,1,0,5,1,2
2018,db,C,7,True,12,1,0,0,0,1,0,1,0,0,0,2,2
2018,e,P,6,False,1,15,10,9,7,7,1,5,0,1,33,14,55
2018,e,P,6,False,2,8,2,1,1,7,0,2,4,1,15,16,24
2018,e,P,6,False,3,2,1,1,1,1,0,1,0,0,6,0,6
2018,e,P,6,False,4,4,0,0,0,4,0,3,1,0,1,3,12
2018,e,P,6,False,5,3,0,0,0,3,0,1,2,0,3,1,9
2018,e,P,6,False,6,1,0,0,0,1,0,1,0,0,0,0,3
2018,e,P,6,False,7,1,0,0,0,1,0,0,1,0,5,3,3
2018,e,P,6,False,9,1,0,0,0,1,0,0,1,0,2,5,3
2018,e,P,6,True,1,14,7,3,2,12,0,5,2,4,20,21,48
2018,e,P,6,True,2,9,2,1,1,8,0,5,2,1,7,12,26
2018,e,P,6,True,3,5,0,0,0,5,0,2,3,0,3,6,15
2018,e,P,6,True,4,4,0,0,0,4,0,4,0,0,0,13,12
2018,e,P,6,True,5,5,0,0,0,5,0,3,2,0,3,18,15
2018,e,P,6,True,9,1,0,0,0,1,0,1,0,0,0,2,3
2018,e,P,6,True,10,1,0,0,0,1,0,1,0,0,0,0,3
2018,e,P,7,False,1,10,4,3,3,7,0,6,0,1,9,2,26
2018,e,P,7,False,2,9,4,3,3,6,0,3,2,1,17,8,18
2018,e,P,7,False,3,4,0,0,0,4,0,4,0,0,0,0,8
2018,e,P,7,False,4,6,1,0,0,6,0,3,2,1,6,4,12
2018,e,P,7,False,5,2,0,0,0,2,0,1,1,0,1,1,4
2018,e,P,7,False,6,1,0,0,0,1,0,1,0,0,0,0,2
2018,e,P,7,False,7,2,0,0,0,2,0,0,2,0,7,2,4
2018,e,P,7,False,14,1,0,0,0,1,0,0,1,0,2,0,2
2018,e,P,7,True,1,11,5,3,3,8,0,5,1,2,15,14,24
2018,e,P,7,True,2,7,0,0,0,7,0,5,2,0,2,9,14
2018,e,P,7,True,3,5,0,0,0,5,0,3,2,0,2,2,10
2018,e,P,7,True,4,5,0,0,0,5,0,4,1,0,1,8,10
2018,e,P,7,True,5,2,0,0,0,2,0,2,0,0,0,3,4
2018,e,P,7,True,6,2,0,0,0,2,0,2,0,0,0,4,4
2018,e,P,7,True,7,2,0,0,0,2,0,2,0,0,0,9,4
2018,e,P,7,True,9,1,0,0,0,1,0,1,0,0,0,2,2
2018,e,P,7,True,10,1,0,0,0,1,0,1,0,0,0,0,2
2018,f,P,6,False,1,7,2,2,2,5,0,5,0,0,6,3,22
2018,f,P,6,False,2,3,1,1,1,2,0,1,1,0,4,1,9
2018,f,P,6,False,3,5,1,1,1,4,0,1,3,0,9,1,16
2018,f,P,6,False,4,1,0,0,0,1,0,1,0,0,0,1,3
2018,f,P,6,False,5,4,0,0,0,4,0,3,1,0,1,2,12
2018,f,P,6,False,6,3,0,0,0,3,0,1,2,0,7,3,9
2018,f,P,6,False,8,3,0,0,0,3,0,1,2,0,3,0,9
2018,f,P,6,False,9,1,0,0,0,1,0,0,1,0,2,1,3
2018,f,P,6,False,10,1,0,0,0,1,0,1,0,0,0,1,3
2018,f,P,6,True,1,5,2,2,2,3,0,2,1,0,8,4,14
2018,f,P,6,True,2,4,0,0,0,4,0,3,1,0,2,12,12
2018,f,P,6,True,3,4,0,0,0,4,0,1,3,0,4,3,12
2018,f,P,6,True,4,4,1,1,1,3,0,2,1,0,9,10,12
2018,f,P,6,True,5,3,0,0,0,3,0,0,3,0,5,0,9
2018,f,P,6,True,6,3,0,0,0,3,0,1,2,0,7,8,9
2018,f,P,6,True,7,1,0,0,0,1,0,1,0,0,0,3,3
2018,f,P,6,True,8,1,0,0,0,1,0,1,0,0,0,2,3
2018,f,P,7,False,1,9,2,2,2,7,0,7,0,0,5,2,18
2018,f,P,7,False,2,4,1,1,1,3,0,2,1,0,5,1,9
2018,f,P,7,False,3,5,1,1,1,4,0,2,2,0,7,1,13
2018,f,P,7,False,4,2,0,0,0,2,0,1,1,0,1,1,4
2018,f,P,7,False,5,5,0,0,0,5,0,3,2,0,3,2,10
2018,f,P,7,False,6,1,0,0,0,1,0,1,0,0,0,2,2
2018,f,P,7,False,7,1,0,0,0,1,0,1,0,0,0,0,2
2018,f,P,7,False,8,2,0,0,0,2,0,1,1,0,2,0,4
2018,f,P,7,False,9,1,0,0,0,1,0,0,1,0,2,1,2
2018,f,P,7,False,11,1,0,0,0,1,0,1,0,0,0,0,2
2018,f,P,7,True,1,3,1,1,1,2,0,2,0,0,3,1,6
2018,f,P,7,True,2,4,0,0,0,4,0,3,1,0,1,3,8
2018,f,P,7,True,3,5,0,0,0,5,0,2,3,0,5,7,10
2018,f,P,7,True,4,3,0,0,0,3,0,2,1,0,1,1,6
2018,f,P,7,True,5,4,1,1,1,3,0,1,2,0,10,1,8
2018,f,P,7,True,6,3,0,0,0,3,0,1,2,0,5,6,6
2018,f,P,7,True,7,2,0,0,0,2,0,2,0,0,0,6,4
2018,f,P,7,True,8,1,0,0,0,1,0,1,0,0,0,2,2
2018,g,C,6,False,1,4,0,0,0,4,0,4,0,0,0,3,12
2018,g,C,6,False,2,9,4,1,0,8,1,3,2,3,12,8,31
2018,g,C,6,False,3,2,0,0,0,2,0,1,1,0,1,2,6
2018,g,C,6,False,4,6,1,1,0,6,0,1,4,0,12,13,18
2018,g,C,6,False,5,1,0,0,0,1,0,1,0,0,0,1,3
2018,g,C,6,False,7,4,0,0,0,4,0,1,3,0,9,2,12
2018,g,C,6,False,8,1,0,0,0,1,0,1,0,0,0,1,3
2018,g,C,6,True,1,10,4,3,2,8,0,4,2,1,18,25,29
2018,g,C,6,True,2,10,1,1,1,9,0,3,6,0,14,16,29
2018,g,C,6,True,3,3,1,0,0,3,0,1,1,1,5,5,9
2018,g,C,6,True,4,3,0,0,0,3,0,0,3,0,4,6,9
2018,g,C,6,True,5,1,0,0,0,1,0,0,1,0,4,0,3
2018,g,C,6,True,6,2,0,0,0,2,0,1,1,0,1,0,6
2018,g,C,6,True,7,3,0,0,0,3,0,2,1,0,4,4,9
2018,g,C,7,False,1,5,2,0,0,5,0,3,0,2,2,3,13
2018,g,C,7,False,2,8,2,0,0,7,1,5,1,2,5,2,19
2018,g,C,7,False,3,5,0,0,0,5,0,3,2,0,2,2,10
2018,g,C,7,False,4,2,1,1,0,2,0,1,0,0,5,4,4
2018,g,C,7,False,5,1,0,0,0,1,0,0,1,0,1,0,2
2018,g,C,7,False,6,4,0,0,0,4,0,2,2,0,5,4,8
2018,g,C,7,False,7,2,0,0,0,2,0,1,1,0,1,1,4
2018,g,C,7,False,9,1,0,0,0,1,0,1,0,0,0,0,2
2018,g,C,7,True,1,8,1,1,1,7,0,6,1,0,6,14,16
2018,g,C,7,True,2,6,0,0,0,6,0,3,3,0,4,11,12
2018,g,C,7,True,3,7,0,0,0,7,0,2,5,0,7,2,14
2018,g,C,7,True,4,1,0,0,0,1,0,1,0,0,0,0,2
2018,g,C,7,True,5,4,0,0,0,4,0,2,2,0,5,5,8
2018,g,C,7,True,6,1,0,0,0,1,0,1,0,0,0,0,2
2018,g,C,7,True,7,2,0,0,0,2,0,2,0,0,0,2,4
2018,g,C,7,True,8,1,0,0,0,1,0,0,1,0,4,1,2
2018,h,P,6,False,1,5,3,2,2,3,0,1,1,1,7,4,15
2018,h,P,6,False,2,10,4,4,4,6,0,3,3,0,21,1,31
2018,h,P,6,False,3,3,0,0,0,3,0,1,2,0,4,4,9
2018,h,P,6,False,4,3,0,0,0,3,0,1,2,0,5,2,9
2018,h,P,6,False,5,3,0,0,0,3,0,1,2,0,3,3,9
2018,h,P,6,False,6,3,0,0,0,3,0,1,2,0,4,4,9
2018,h,P,6,False,7,2,0,0,0,2,0,1,1,0,4,2,6
2018,h,P,6,False,8,1,0,0,0,1,0,1,0,0,0,0,3
2018,h,P,6,False,9,1,0,0,0,1,0,0,1,0,3,0,3
2018,h,P,6,True,1,7,2,2,2,5,0,5,0,0,8,10,19
2018,h,P,6,True,2,10,3,2,2,7,1,3,4,1,19,20,33
2018,h,P,6,True,3,3,0,0,0,3,0,1,2,0,2,12,9
2018,h,P,6,True,4,2,1,1,1,1,0,0,1,0,7,1,7
2018,h,P,6,True,5,1,0,0,0,1,0,0,1,0,1,2,3
2018,h,P,6,True,6,2,0,0,0,2,0,0,2,0,4,8,6
2018,h,P,6,True,7,1,0,0,0,1,0,0,1,0,1,0,3
2018,h,P,6,True,8,1,0,0,0,1,0,0,1,0,2,0,3
2018,h,P,6,True,11,1,0,0,0,1,0,0,1,0,3,1,3
2018,h,P,7,False,1,8,4,2,1,7,0,4,0,2,6,5,17
2018,h,P,7,False,2,8,2,2,2,6,0,3,3,0,13,1,17
2018,h,P,7,False,3,1,0,0,0,1,0,0,1,0,2,0,2
2018,h,P,7,False,4,2,0,0,0,2,0,1,1,0,2,1,4
2018,h,P,7,False,5,3,0,0,0,3,0,2,1,0,2,0,6
2018,h,P,7,False,6,3,0,0,0,3,0,1,2,0,3,5,6
2018,h,P,7,False,7,1,0,0,0,1,0,0,1,0,4,0,2
2018,h,P,7,False,8,2,0,0,0,2,0,2,0,0,0,0,4
2018,h,P,7,False,9,2,0,0,0,2,0,1,1,0,3,0,4
2018,h,P,7,True,1,4,0,0,0,4,0,4,0,0,0,1,8
2018,h,P,7,True,2,8,1,1,1,7,0,6,1,0,5,11,16
2018,h,P,7,True,3,5,1,1,1,4,0,0,4,0,8,5,10
2018,h,P,7,True,4,3,1,1,1,2,0,1,1,0,7,4,7
2018,h,P,7,True,5,1,0,0,0,1,0,1,0,0,0,4,2
2018,h,P,7,True,6,4,0,0,0,4,0,1,3,0,6,11,8
2018,h,P,7,True,7,1,0,0,0,1,0,0,1,0,1,0,2
2018,h,P,7,True,8,1,0,0,0,1,0,0,1,0,2,0,2
2018,h,P,7,True,11,1,0,0,0,1,0,0,1,0,3,1,2
2018,l,P,6,False,1,5,2,2,2,3,0,1,2,0,10,5,15
2018,l,P,6,False,2,4,1,1,1,3,0,3,0,0,4,2,12
2018,l,P,6,False,3,6,0,0,0,6,0,3,3,0,5,7,18
2018,l,P,6,False,4,4,1,1,0,4,0,1,2,0,8,8,15
2018,l,P,6,False,5,1,0,0,0,1,0,0,1,0,3,0,3
2018,l,P,6,False,6,1,0,0,0,1,0,1,0,0,0,1,3
2018,l,P,6,False,10,2,0,0,0,2,0,0,2,0,6,4,6
2018,l,P,6,True,1,10,7,6,6,3,1,3,0,1,28,15,32
2018,l,P,6,True,2,9,5,4,4,4,1,2,2,1,20,5,28
2018,l,P,6,True,3,2,1,1,1,1,0,0,1,0,5,3,5
2018,l,P,6,True,4,2,0,0,0,2,0,0,2,0,4,4,6
2018,l,P,6,True,6,3,0,0,0,3,0,0,3,0,4,8,9
2018,l,P,6,True,7,2,0,0,0,2,0,0,2,0,2,10,6
2018,l,P,6,True,8,1,0,0,0,1,0,1,0,0,0,1,3
2018,l,P,6,True,12,1,0,0,0,1,0,0,1,0,4,0,3
2018,l,P,7,False,1,5,2,2,1,4,0,3,0,0,6,4,11
2018,l,P,7,False,2,9,1,1,1,8,0,5,3,0,8,11,18
2018,l,P,7,False,3,3,0,0,0,3,0,2,1,0,1,2,6
2018,l,P,7,False,4,5,0,0,0,5,0,3,2,0,4,1,10
2018,l,P,7,False,5,1,0,0,0,1,0,0,1,0,3,0,2
2018,l,P,7,False,6,2,0,0,0,2,0,1,1,0,1,2,4
2018,l,P,7,False,13,1,0,0,0,1,0,0,1,0,1,0,2
2018,l,P,7,True,1,10,6,4,4,5,1,4,0,2,14,7,24
2018,l,P,7,True,2,4,2,2,2,2,0,2,0,0,6,0,8
2018,l,P,7,True,3,3,1,1,1,2,0,2,0,0,4,2,6
2018,l,P,7,True,4,2,0,0,0,2,0,0,2,0,4,2,4
2018,l,P,7,True,5,2,1,1,1,1,0,0,1,0,10,4,4
2018,l,P,7,True,6,3,0,0,0,3,0,2,1,0,2,11,6
2018,l,P,7,True,8,2,0,0,0,2,0,1,1,0,1,3,4
2018,l,P,7,True,9,1,0,0,0,1,0,0,1,0,1,0,2
2018,l,P,7,True,12,1,0,0,0,1,0,0,1,0,4,0,2
2018,m,P,6,False,1,5,2,1,1,4,0,3,0,1,5,8,15
2018,m,P,6,False,2,11,2,0,0,11,0,4,5,2,10,17,37
2018,m,P,6,False,3,3,0,0,0,3,0,1,2,0,3,2,9
2018,m,P,6,False,4,3,0,0,0,3,0,3,0,0,0,4,9
2018,m,P,6,False,5,2,1,1,1,1,0,1,0,0,8,4,6
2018,m,P,6,False,6,2,0,0,0,2,0,1,1,0,2,0,6
2018,m,P,6,False,9,2,0,0,0,2,0,0,2,0,4,0,6
2018,m,P,6,False,13,1,0,0,0,1,0,0,1,0,1,1,3
2018,m,P,6,True,1,6,4,2,2,3,1,1,1,2,7,9,20
2018,m,P,6,True,2,6,1,1,1,5,0,4,1,0,6,5,20
2018,m,P,6,True,3,6,0,0,0,6,0,4,2,0,6,6,18
2018,m,P,6,True,4,6,0,0,0,6,0,3,3,0,3,9,18
2018,m,P,6,True,5,7,0,0,0,7,0,6,1,0,1,5,21
2018,m,P,6,True,8,1,0,0,0,1,0,0,1,0,3,0,3
2018,m,P,7,False,1,4,0,0,0,4,0,4,0,0,0,5,8
2018,m,P,7,False,2,6,2,0,0,6,0,4,0,2,4,3,16
2018,m,P,7,False,3,4,0,0,0,4,0,2,2,0,3,2,8
2018,m,P,7,False,4,3,0,0,0,3,0,3,0,0,0,1,6
2018,m,P,7,False,5,3,0,0,0,3,0,2,1,0,2,3,6
2018,m,P,7,False,6,6,1,1,1,5,0,4,1,0,10,1,12
2018,m,P,7,False,7,1,0,0,0,1,0,1,0,0,0,0,2
2018,m,P,7,False,9,1,0,0,0,1,0,0,1,0,1,0,2
2018,m,P,7,False,13,1,0,0,0,1,0,0,1,0,1,1,2
2018,m,P,7,True,1,6,3,1,1,4,1,3,0,2,4,8,15
2018,m,P,7,True,2,8,1,1,1,7,0,6,1,0,6,5,18
2018,m,P,7,True,3,6,0,0,0,6,0,4,2,0,3,3,12
2018,m,P,7,True,4,5,0,0,0,5,0,2,3,0,3,6,10
2018,m,P,7,True,5,8,0,0,0,8,0,7,1,0,1,6,16
2018,m,P,7,True,6,1,0,0,0,1,0,1,0,0,0,0,2
2018,m,P,7,True,8,1,0,0,0,1,0,0,1,0,3,0,2
2018,s,C,6,False,1,11,7,5,5,5,1,2,2,2,21,8,38
2018,s,C,6,False,2,6,3,3,2,3,1,3,0,0,13,4,20
2018,s,C,6,False,3,6,0,0,0,6,0,5,1,0,2,6,18
2018,s,C,6,False,4,6,0,0,0,6,0,4,2,0,5,7,16
2018,s,C,6,False,5,1,0,0,0,1,0,0,1,0,3,1,3
2018,s,C,6,False,6,1,0,0,0,1,0,0,1,0,2,1,3
2018,s,C,6,False,7,1,0,0,0,1,0,0,1,0,1,0,3
2018,s,C,6,False,8,2,0,0,0,2,0,1,1,0,3,2,6
2018,s,C,6,False,10,1,0,0,0,1,0,1,0,0,0,0,3
2018,s,C,6,True,1,7,2,2,2,5,0,1,4,0,13,14,23
2018,s,C,6,True,2,4,0,0,0,4,0,2,2,0,4,10,12
2018,s,C,6,True,3,6,0,0,0,6,0,3,3,0,5,6,18
2018,s,C,6,True,4,3,0,0,0,3,0,2,1,0,2,6,9
2018,s,C,6,True,5,2,1,1,1,1,0,0,1,0,10,3,8
2018,s,C,6,True,6,1,0,0,0,1,0,1,0,0,0,3,3
2018,s,C,6,True,7,1,0,0,0,1,0,0,1,0,3,4,3
2018,s,C,6,True,10,1,0,0,0,1,0,0,1,0,6,2,3
2018,s,C,6,True,12,1,0,0,0,1,0,0,1,0,6,2,3
2018,s,C,7,False,1,10,6,5,4,5,1,3,1,1,19,14,28
2018,s,C,7,False,2,9,3,3,3,6,0,4,2,0,14,2,19
2018,s,C,7,False,3,4,0,0,0,4,0,4,0,0,0,0,8
2018,s,C,7,False,4,5,0,0,0,5,0,2,3,0,6,3,10
2018,s,C,7,False,5,3,0,0,0,3,0,2,1,0,3,1,6
2018,s,C,7,False,6,2,0,0,0,2,0,1,1,0,1,0,4
2018,s,C,7,False,7,1,0,0,0,1,0,0,1,0,2,0,2
2018,s,C,7,False,8,1,0,0,0,1,0,0,1,0,3,0,2
2018,s,C,7,False,10,2,0,0,0,2,0,2,0,0,0,0,4
2018,s,C,7,True,1,3,1,1,1,2,0,1,1,0,4,4,8
2018,s,C,7,True,2,4,0,0,0,4,0,3,1,0,2,3,8
2018,s,C,7,True,3,8,0,0,0,8,0,4,4,0,6,8,16
2018,s,C,7,True,4,5,0,0,0,5,0,3,2,0,2,6,10
2018,s,C,7,True,5,1,0,0,0,1,0,0,1,0,2,0,2
2018,s,C,7,True,6,2,1,1,1,1,0,1,0,0,9,3,6
2018,s,C,7,True,7,2,0,0,0,2,0,0,2,0,2,0,4
2018,s,C,7,True,10,1,0,0,0,1,0,0,1,0,4,2,2
2018,s,C,7,True,11,1,0,0,0,1,0,0,1,0,3,0,2
2018,t,C,6,False,1,11,4,3,3,8,0,7,0,1,8,8,38
2018,t,C,6,False,2,6,0,0,0,6,0,5,1,0,1,3,18
2018,t,C,6,False,3,2,0,0,0,2,0,1,1,0,1,3,6
2018,t,C,6,False,4,4,0,0,0,4,0,2,2,0,4,9,12
2018,t,C,6,False,5,5,1,1,1,4,0,2,2,0,14,2,15
2018,t,C,6,False,6,3,0,0,0,3,0,0,3,0,8,3,9
2018,t,C,6,False,7,2,0,0,0,2,0,0,2,0,4,2,6
2018,t,C,6,False,8,1,0,0,0,1,0,1,0,0,0,0,3
2018,t,C,6,False,9,1,0,0,0,1,0,1,0,0,0,4,3
2018,t,C,6,True,1,10,2,0,0,10,0,5,3,2,8,16,31
2018,t,C,6,True,2,5,0,0,0,5,0,4,1,0,3,5,15
2018,t,C,6,True,3,8,1,0,0,8,0,2,5,1,14,12,24
2018,t,C,6,True,4,4,1,1,0,4,0,3,0,0,6,5,12
2018,t,C,6,True,5,3,0,0,0,3,0,1,2,0,2,8,9
2018,t,C,6,True,6,4,0,0,0,4,0,1,3,0,6,10,12
2018,t,C,6,True,7,1,0,0,0,1,0,0,1,0,2,0,3
2018,t,C,7,False,1,8,1,1,1,7,0,7,0,0,2,7,18
2018,t,C,7,False,2,6,0,0,0,6,0,4,2,0,2,0,12
2018,t,C,7,False,3,5,0,0,0,5,0,3,2,0,3,3,10
2018,t,C,7,False,4,2,0,0,0,2,0,1,1,0,1,1,4
2018,t,C,7,False,5,5,1,1,1,4,0,3,1,0,10,0,10
2018,t,C,7,False,6,3,0,0,0,3,0,2,1,0,3,0,6
2018,t,C,7,False,7,2,0,0,0,2,0,0,2,0,4,2,4
2018,t,C,7,False,8,2,0,0,0,2,0,1,1,0,3,3,4
2018,t,C,7,False,9,1,0,0,0,1,0,0,1,0,2,0,2
2018,t,C,7,False,13,1,0,0,0,1,0,1,0,0,0,0,2
2018,t,C,7,True,1,7,1,0,0,7,0,4,2,1,6,8,15
2018,t,C,7,True,2,8,0,0,0,8,0,7,1,0,1,9,16
2018,t,C,7,True,3,5,0,0,0,5,0,3,2,0,4,7,10
2018,t,C,7,True,4,5,0,0,0,5,0,3,2,0,5,1,10
2018,t,C,7,True,5,3,0,0,0,3,0,2,1,0,1,7,6
2018,t,C,7,True,6,3,0,0,0,3,0,0,3,0,4,2,6
2018,t,C,7,True,7,1,0,0,0,1,0,0,1,0,2,0,2
2018,t,C,7,True,8,1,0,0,0,1,0,1,0,0,0,1,2
2019,b,P,6,False,1,8,4,3,3,5,0,4,0,1,9,9,25
2019,b,P,6,False,2,10,3,1,1,9,0,5,2,2,14,17,30
2019,b,P,6,False,3,3,1,1,0,3,0,1,1,0,5,3,12
2019,b,P,6,False,4,6,0,0,0,6,0,3,3,0,5,6,18
2019,b,P,6,False,5,6,0,0,0,6,0,2,4,0,6,9,18
2019,b,P,6,False,6,1,0,0,0,1,0,1,0,0,0,1,3
2019,b,P,6,False,9,1,0,0,0,1,0,0,1,0,2,0,3
2019,b,P,6,True,1,7,2,2,2,5,0,4,1,0,6,25,21
2019,b,P,6,True,2,8,2,1,1,7,0,4,2,1,11,15,24
2019,b,P,6,True,3,6,0,0,0,6,0,2,4,0,5,7,18
2019,b,P,6,True,4,4,0,0,0,4,0,1,3,0,7,7,12
2019,b,P,6,True,5,1,0,0,0,1,0,0,1,0,2,0,3
2019,b,P,6,True,6,2,0,0,0,2,0,2,0,0,0,2,6
2019,b,P,7,False,1,8,4,3,3,5,0,4,0,1,12,3,17
2019,b,P,7,False,2,3,1,0,0,3,0,2,0,1,2,1,6
2019,b,P,7,False,3,10,1,1,0,10,0,7,2,0,6,10,23
2019,b,P,7,False,4,4,0,0,0,4,0,3,1,0,3,7,8
2019,b,P,7,False,5,5,0,0,0,5,0,3,2,0,3,2,10
2019,b,P,7,False,6,3,0,0,0,3,0,1,2,0,3,3,6
2019,b,P,7,False,8,1,0,0,0,1,0,1,0,0,0,0,2
2019,b,P,7,False,9,1,0,0,0,1,0,0,1,0,2,0,2
2019,b,P,7,True,1,11,3,3,3,8,0,7,1,0,8,18,23
2019,b,P,7,True,2,6,2,2,2,4,0,3,1,0,10,10,10
2019,b,P,7,True,3,7,0,0,0,7,0,4,3,0,3,4,14
2019,b,P,7,True,4,4,0,0,0,4,0,2,2,0,4,8,8
2019,b,P,7,True,5,2,0,0,0,2,0,1,1,0,1,4,4
2019,b,P,7,True,6,1,0,0,0,1,0,1,0,0,0,0,2
2019,b,P,7,True,8,1,0,0,0,1,0,1,0,0,0,0,2
2019,c,C,6,False,1,8,6,5,4,3,1,2,0,1,26,9,28
2019,c,C,6,False,2,5,1,0,0,5,0,2,2,1,4,7,15
2019,c,C,6,False,3,8,1,0,0,8,0,3,4,1,11,7,24
2019,c,C,6,False,4,7,0,0,0,7,0,5,2,0,4,14,21
2019,c,C,6,False,5,2,0,0,0,2,0,1,1,0,3,4,6
2019,c,C,6,False,6,1,0,0,0,1,0,0,1,0,4,1,3
2019,c,C,6,False,7,1,0,0,0,1,0,1,0,0,0,0,3
2019,c,C,6,False,9,1,0,0,0,1,0,1,0,0,0,0,3
2019,c,C,6,False,10,1,0,0,0,1,0,0,1,0,2,0,3
2019,c,C,6,True,1,5,2,1,1,4,0,3,0,1,3,6,16
2019,c,C,6,True,2,6,2,2,2,4,0,2,2,0,14,5,18
2019,c,C,6,True,3,4,0,0,0,4,0,2,2,0,3,6,12
2019,c,C,6,True,4,8,1,1,1,7,0,5,2,0,11,8,23
2019,c,C,6,True,5,1,0,0,0,1,0,0,1,0,1,0,3
2019,c,C,6,True,7,1,0,0,0,1,0,0,1,0,6,0,3
2019,c,C,6,True,8,1,0,0,0,1,0,1,0,0,0,1,3
2019,c,C,7,False,1,6,2,2,2,4,0,4,0,0,15,1,13
2019,c,C,7,False,2,4,0,0,0,4,0,3,1,0,1,0,8
2019,c,C,7,False,3,6,0,0,0,6,0,3,3,0,5,1,12
2019,c,C,7,False,4,5,0,0,0,5,0,4,1,0,1,2,10
2019,c,C,7,False,6,5,0,0,0,5,0,3,2,0,7,3,10
2019,c,C,7,False,7,2,0,0,0,2,0,1,1,0,3,1,4
2019,c,C,7,False,9,3,0,0,0,3,0,2,1,0,1,1,6
2019,c,C,7,True,1,8,3,2,2,6,0,5,0,1,6,7,16
2019,c,C,7,True,2,6,0,0,0,6,0,4,2,0,3,7,12
2019,c,C,7,True,3,4,0,0,0,4,0,3,1,0,2,3,8
2019,c,C,7,True,4,5,1,1,1,4,0,3,1,0,8,2,11
2019,c,C,7,True,5,3,1,1,1,2,0,0,2,0,10,0,7
2019,c,C,7,True,6,1,0,0,0,1,0,1,0,0,0,3,2
2019,c,C,7,True,8,1,0,0,0,1,0,1,0,0,0,1,2
2019,d,C,6,False,1,8,4,2,0,8,0,3,1,2,8,14,24
2019,d,C,6,False,2,6,1,0,0,6,0,2,3,1,7,4,21
2019,d,C,6,False,3,6,0,0,0,6,0,1,5,0,8,5,18
2019,d,C,6,False,4,7,0,0,0,7,0,3,4,0,7,8,21
2019,d,C,6,False,5,2,0,0,0,2,0,1,1,0,1,0,6
2019,d,C,6,False,6,2,0,0,0,2,0,0,2,0,4,2,6
2019,d,C,6,True,1,8,2,2,2,6,0,6,0,0,5,3,22
2019,d,C,6,True,2,7,3,0,0,6,1,3,1,3,8,9,25
2019,d,C,6,True,3,3,0,0,0,3,0,2,1,0,1,4,9
2019,d,C,6,True,4,2,0,0,0,2,0,1,1,0,1,0,6
2019,d,C,6,True,5,4,0,0,0,4,0,1,3,0,4,3,12
2019,d,C,6,True,6,2,0,0,0,2,0,2,0,0,0,9,6
2019,d,C,6,True,12,1,0,0,0,1,0,0,1,0,3,0,3
2019,d,C,7,False,1,7,5,1,0,7,0,1,1,4,7,10,17
2019,d,C,7,False,2,10,1,1,1,9,0,5,4,0,9,9,20
2019,d,C,7,False,3,7,0,0,0,7,0,4,3,0,6,1,14
2019,d,C,7,False,4,1,0,0,0,1,0,1,0,0,0,2,2
2019,d,C,7,False,5,4,0,0,0,4,0,3,1,0,1,1,8
2019,d,C,7,False,6,2,0,0,0,2,0,1,1,0,3,0,4
2019,d,C,7,False,7,1,0,0,0,1,0,0,1,0,3,0,2
2019,d,C,7,False,8,1,0,0,0,1,0,0,1,0,1,0,2
2019,d,C,7,True,1,9,2,1,1,8,0,7,0,1,3,4,17
2019,d,C,7,True,2,7,2,0,0,6,1,4,1,2,6,3,18
2019,d,C,7,True,3,2,0,0,0,2,0,2,0,0,0,0,4
2019,d,C,7,True,4,2,0,0,0,2,0,1,1,0,1,0,4
2019,d,C,7,True,5,4,0,0,0,4,0,1,3,0,4,3,8
2019,d,C,7,True,6,3,0,0,0,3,0,3,0,0,0,1,6
2019,d,C,7,True,9,1,0,0,0,1,0,1,0,0,0,0,2
2019,d,C,7,True,14,1,0,0,0,1,0,1,0,0,0,0,2
2019,db,C,6,False,1,2,2,2,1,1,0,0,0,0,5,4,6
2019,db,C,6,False,2,9,1,1,0,8,1,7,1,0,7,7,30
2019,db,C,6,False,3,5,1,1,0,5,0,3,1,0,6,9,17
2019,db,C,6,False,4,9,0,0,0,9,0,1,8,0,16,5,27
2019,db,C,6,False,5,3,0,0,0,3,0,1,2,0,4,4,9
2019,db,C,6,False,6,5,0,0,0,5,0,0,5,0,6,6,15
2019,db,C,6,False,7,1,0,0,0,1,0,1,0,0,0,0,3
2019,db,C,6,False,14,1,0,0,0,1,0,0,1,0,2,1,3
2019,db,C,6,True,1,6,3,3,3,3,0,2,1,0,11,8,18
2019,db,C,6,True,2,2,0,0,0,2,0,2,0,0,0,0,6
2019,db,C,6,True,3,3,0,0,0,3,0,0,3,0,6,8,9
2019,db,C,6,True,4,5,0,0,0,5,0,2,3,0,6,9,15
2019,db,C,6,True,5,1,0,0,0,1,0,1,0,0,0,0,3
2019,db,C,6,True,6,2,0,0,0,2,0,1,1,0,3,3,6
2019,db,C,6,True,7,2,0,0,0,2,0,1,1,0,1,3,6
2019,db,C,7,False,1,4,2,2,1,3,0,2,0,0,5,8,8
2019,db,C,7,False,2,8,0,0,0,8,0,7,1,0,1,1,16
2019,db,C,7,False,3,6,1,1,0,6,0,3,2,0,8,9,14
2019,db,C,7,False,4,7,0,0,0,7,0,3,4,0,7,2,14
2019,db,C,7,False,5,3,0,0,0,3,0,2,1,0,2,1,6
2019,db,C,7,False,6,4,0,0,0,4,0,0,4,0,7,4,8
2019,db,C,7,False,7,3,0,0,0,3,0,2,1,0,2,1,6
2019,db,C,7,False,15,1,0,0,0,1,0,0,1,0,2,0,2
2019,db,C,7,True,1,11,4,3,3,7,1,5,2,1,12,9,28
2019,db,C,7,True,2,4,1,1,1,3,0,3,0,0,3,2,8
2019,db,C,7,True,3,5,0,0,0,5,0,3,2,0,4,7,10
2019,db,C,7,True,4,2,0,0,0,2,0,1,1,0,1,3,4
2019,db,C,7,True,5,4,0,0,0,4,0,3,1,0,3,2,8
2019,db,C,7,True,6,1,0,0,0,1,0,1,0,0,0,2,2
2019,db,C,7,True,7,1,0,0,0,1,0,1,0,0,0,0,2
2019,db,C,7,True,8,1,0,0,0,1,0,1,0,0,0,0,2
2019,e,P,6,False,1,7,3,3,1,6,0,4,0,0,8,9,21
2019,e,P,6,False,2,10,3,2,1,8,1,5,2,1,12,11,36
2019,e,P,6,False,3,7,3,1,1,6,0,1,3,2,16,4,22
2019,e,P,6,False,4,5,2,1,0,4,1,2,1,1,10,4,18
2019,e,P,6,False,5,2,0,0,0,2,0,1,1,0,2,11,6
2019,e,P,6,False,9,1,0,0,0,1,0,0,1,0,2,3,3
2019,e,P,6,True,1,10,5,3,3,7,0,5,0,2,16,8,29
2019,e,P,6,True,2,9,1,0,0,9,0,5,3,1,7,19,27
2019,e,P,6,True,3,2,0,0,0,2,0,1,1,0,2,4,6
2019,e,P,6,True,4,2,2,2,2,0,0,0,0,0,10,0,8
2019,e,P,6,True,5,1,0,0,0,1,0,1,0,0,0,0,3
2019,e,P,6,True,6,1,0,0,0,1,0,0,1,0,1,2,3
2019,e,P,6,True,8,2,0,0,0,2,0,1,1,0,2,4,6
2019,e,P,7,False,1,9,3,3,0,9,0,5,1,0,8,15,18
2019,e,P,7,False,2,9,3,3,1,8,0,5,1,0,12,8,24
2019,e,P,7,False,3,8,3,1,1,6,1,2,3,2,16,2,20
2019,e,P,7,False,4,4,0,0,0,4,0,1,3,0,3,7,8
2019,e,P,7,False,5,1,0,0,0,1,0,1,0,0,0,0,2
2019,e,P,7,False,6,1,0,0,0,1,0,0,1,0,1,0,2
2019,e,P,7,False,9,1,0,0,0,1,0,1,0,0,0,0,2
2019,e,P,7,False,11,1,0,0,0,1,0,0,1,0,2,1,2
2019,e,P,7,True,1,9,3,3,3,6,0,6,0,0,10,4,19
2019,e,P,7,True,2,7,0,0,0,7,0,6,1,0,1,3,14
2019,e,P,7,True,3,3,0,0,0,3,0,2,1,0,2,13,6
2019,e,P,7,True,4,3,2,2,2,1,0,0,1,0,12,0,8
2019,e,P,7,True,5,1,0,0,0,1,0,1,0,0,0,0,2
2019,e,P,7,True,6,1,0,0,0,1,0,0,1,0,1,2,2
2019,e,P,7,True,8,2,0,0,0,2,0,1,1,0,2,4,4
2019,f,P,6,False,1,9,3,1,0,7,2,4,2,2,9,11,31
2019,f,P,6,False,2,9,2,1,1,8,0,4,3,1,10,6,27
2019,f,P,6,False,3,6,0,0,0,6,0,0,6,0,10,9,18
2019,f,P,6,False,4,4,1,0,0,4,0,3,0,1,4,3,13
2019,f,P,6,False,5,4,0,0,0,4,0,3,1,0,2,0,12
2019,f,P,6,False,6,1,0,0,0,1,0,0,1,0,1,0,3
2019,f,P,6,False,8,1,0,0,0,1,0,1,0,0,0,1,3
2019,f,P,6,False,9,1,0,0,0,1,0,1,0,0,0,0,3
2019,f,P,6,True,1,10,4,4,4,6,0,6,0,0,13,13,26
2019,f,P,6,True,2,7,1,1,1,6,0,4,2,0,11,6,22
2019,f,P,6,True,3,2,0,0,0,2,0,0,2,0,3,6,6
2019,f,P,6,True,4,6,0,0,0,6,0,2,4,0,6,5,18
2019,f,P,6,True,5,2,0,0,0,2,0,2,0,0,0,1,6
2019,f,P,6,True,6,4,0,0,0,4,0,1,3,0,6,10,12
2019,f,P,6,True,8,1,0,0,0,1,0,0,1,0,5,0,3
2019,f,P,6,True,10,1,0,0,0,1,0,1,0,0,0,3,3
2019,f,P,7,False,1,9,3,1,0,8,1,4,2,2,8,10,21
2019,f,P,7,False,2,9,0,0,0,9,0,7,2,0,3,7,18
2019,f,P,7,False,3,4,0,0,0,4,0,2,2,0,2,0,8
2019,f,P,7,False,4,6,1,0,0,6,0,3,2,1,8,3,13
2019,f,P,7,False,5,4,0,0,0,4,0,4,0,0,0,0,8
2019,f,P,7,False,6,1,0,0,0,1,0,0,1,0,1,0,2
2019,f,P,7,False,8,1,0,0,0,1,0,1,0,0,0,1,2
2019,f,P,7,False,9,1,0,0,0,1,0,1,0,0,0,0,2
2019,f,P,7,True,1,7,1,1,1,6,0,6,0,0,4,8,11
2019,f,P,7,True,2,6,1,1,1,5,0,5,0,0,6,1,13
2019,f,P,7,True,3,1,0,0,0,1,0,1,0,0,0,0,2
2019,f,P,7,True,4,6,0,0,0,6,0,4,2,0,3,5,12
2019,f,P,7,True,5,3,0,0,0,3,0,2,1,0,4,2,6
2019,f,P,7,True,6,3,0,0,0,3,0,1,2,0,3,8,6
2019,f,P,7,True,7,2,0,0,0,2,0,0,2,0,6,0,4
2019,f,P,7,True,8,1,0,0,0,1,0,0,1,0,2,0,2
2019,f,P,7,True,10,1,0,0,0,1,0,1,0,0,0,3,2
2019,g,C,6,False,1,10,6,3,2,7,1,3,1,3,15,12,38
2019,g,C,6,False,2,8,2,1,1,7,0,4,2,1,8,7,25
2019,g,C,6,False,3,2,1,0,0,2,0,1,0,1,3,6,6
2019,g,C,6,False,4,5,1,1,1,4,0,3,1,0,8,1,15
2019,g,C,6,False,5,2,0,0,0,2,0,2,0,0,0,4,4
2019,g,C,6,False,8,1,0,0,0,1,0,0,1,0,2,3,3
2019,g,C,6,True,1,5,2,1,1,4,0,3,0,1,5,9,15
2019,g,C,6,True,2,6,1,0,0,6,0,4,1,1,4,5,18
2019,g,C,6,True,3,7,1,1,1,6,0,3,3,0,9,5,22
2019,g,C,6,True,4,2,0,0,0,2,0,0,2,0,3,4,6
2019,g,C,6,True,5,4,0,0,0,4,0,2,2,0,5,4,12
2019,g,C,6,True,6,1,0,0,0,1,0,0,1,0,4,3,3
2019,g,C,7,False,1,14,7,4,4,9,1,5,2,3,18,12,36
2019,g,C,7,False,2,5,1,0,0,5,0,3,1,1,3,1,10
2019,g,C,7,False,3,3,0,0,0,3,0,3,0,0,0,3,6
2019,g,C,7,False,4,3,0,0,0,3,0,3,0,0,0,2,6
2019,g,C,7,False,5,1,0,0,0,1,0,1,0,0,0,0,2
2019,g,C,7,False,6,1,0,0,0,1,0,1,0,0,0,1,2
2019,g,C,7,False,11,1,0,0,0,1,0,0,1,0,2,0,2
2019,g,C,7,True,1,3,1,1,1,2,0,2,0,0,2,0,5
2019,g,C,7,True,2,9,0,0,0,9,0,8,1,0,1,9,18
2019,g,C,7,True,3,5,1,1,1,4,0,2,2,0,8,3,11
2019,g,C,7,True,4,4,0,0,0,4,0,1,3,0,3,7,8
2019,g,C,7,True,5,5,0,0,0,5,0,2,3,0,6,3,10
2019,g,C,7,True,6,1,0,0,0,1,0,1,0,0,0,0,2
2019,h,P,6,False,1,10,4,2,2,7,1,5,1,2,9,9,33
2019,h,P,6,False,2,3,1,1,1,2,0,2,0,0,4,3,9
2019,h,P,6,False,3,8,1,0,0,8,0,2,5,1,13,12,24
2019,h,P,6,False,4,2,0,0,0,2,0,0,2,0,2,2,6
2019,h,P,6,False,5,2,0,0,0,2,0,0,2,0,4,0,6
2019,h,P,6,False,6,2,0,0,0,2,0,1,1,0,1,0,5
2019,h,P,6,False,7,1,0,0,0,1,0,0,1,0,1,0,3
2019,h,P,6,True,1,7,4,2,2,3,2,2,1,2,11,14,25
2019,h,P,6,True,2,3,1,1,1,2,0,2,0,0,5,5,8
2019,h,P,6,True,3,3,0,0,0,3,0,1,2,0,3,6,9
2019,h,P,6,True,4,5,0,0,0,5,0,3,2,0,3,2,15
2019,h,P,6,True,5,4,0,0,0,4,0,1,3,0,6,5,12
2019,h,P,6,True,7,1,0,0,0,1,0,0,1,0,4,2,3
2019,h,P,6,True,9,1,0,0,0,1,0,0,1,0,1,0,3
2019,h,P,6,True,13,1,0,0,0,1,0,0,1,0,8,0,3
2019,h,P,7,False,1,10,4,3,3,7,0,6,0,1,7,4,22
2019,h,P,7,False,2,2,0,0,0,2,0,2,0,0,0,1,4
2019,h,P,7,False,3,7,1,0,0,7,0,2,4,1,8,2,14
2019,h,P,7,False,4,6,0,0,0,6,0,2,4,0,6,4,12
2019,h,P,7,False,5,1,0,0,0,1,0,0,1,0,1,0,2
2019,h,P,7,False,6,4,0,0,0,4,0,2,2,0,2,0,7
2019,h,P,7,True,1,3,2,0,0,1,2,1,0,2,2,0,12
2019,h,P,7,True,2,3,0,0,0,3,0,2,1,0,1,6,6
2019,h,P,7,True,3,1,0,0,0,1,0,0,1,0,2,0,2
2019,h,P,7,True,4,7,0,0,0,7,0,7,0,0,0,2,14
2019,h,P,7,True,5,5,0,0,0,5,0,1,4,0,8,6,10
2019,h,P,7,True,6,1,0,0,0,1,0,0,1,0,3,2,2
2019,h,P,7,True,8,1,0,0,0,1,0,1,0,0,0,0,2
2019,h,P,7,True,9,1,0,0,0,1,0,1,0,0,0,0,2
2019,h,P,7,True,13,1,0,0,0,1,0,0,1,0,8,0,2
2019,l,P,6,False,1,10,3,3,2,8,0,7,0,0,7,4,31
2019,l,P,6,False,2,6,4,4,3,2,1,1,1,0,18,2,21
2019,l,P,6,False,3,6,0,0,0,6,0,1,5,0,8,11,18
2019,l,P,6,False,4,4,2,1,0,4,0,0,2,1,12,4,17
2019,l,P,6,False,5,1,0,0,0,1,0,0,1,0,1,2,3
2019,l,P,6,False,8,2,0,0,0,2,0,1,1,0,1,0,6
2019,l,P,6,False,9,1,0,0,0,1,0,0,1,0,1,0,3
2019,l,P,6,True,1,4,1,1,1,3,0,2,1,0,3,11,11
2019,l,P,6,True,2,5,1,0,0,5,0,2,2,1,7,11,17
2019,l,P,6,True,3,3,1,1,0,3,0,0,2,0,8,4,9
2019,l,P,6,True,4,3,1,1,1,2,0,2,0,0,5,4,11
2019,l,P,6,True,5,4,0,0,0,4,0,2,2,0,4,9,12
2019,l,P,6,True,6,2,0,0,0,2,0,1,1,0,2,7,6
2019,l,P,6,True,7,2,0,0,0,2,0,0,2,0,3,7,6
2019,l,P,6,True,9,1,0,0,0,1,0,1,0,0,0,1,3
2019,l,P,6,True,10,1,0,0,0,1,0,0,1,0,2,4,3
2019,l,P,7,False,1,11,2,2,1,10,0,9,0,0,4,7,25
2019,l,P,7,False,2,5,2,2,2,3,0,2,1,0,9,0,10
2019,l,P,7,False,3,5,1,1,0,4,1,1,3,0,7,6,13
2019,l,P,7,False,4,4,1,0,0,4,0,1,2,1,6,1,10
2019,l,P,7,False,5,1,0,0,0,1,0,0,1,0,3,0,2
2019,l,P,7,False,6,1,0,0,0,1,0,0,1,0,1,1,2
2019,l,P,7,False,7,2,0,0,0,2,0,1,1,0,1,0,4
2019,l,P,7,False,8,2,0,0,0,2,0,2,0,0,0,0,4
2019,l,P,7,True,1,7,2,2,2,5,0,5,0,0,5,8,15
2019,l,P,7,True,2,4,1,1,1,3,0,2,1,0,5,2,10
2019,l,P,7,True,3,5,2,2,1,4,0,1,2,0,11,11,12
2019,l,P,7,True,4,1,0,0,0,1,0,1,0,0,0,2,2
2019,l,P,7,True,5,4,0,0,0,4,0,3,1,0,3,7,8
2019,l,P,7,True,6,2,0,0,0,2,0,2,0,0,0,6,4
2019,l,P,7,True,7,3,0,0,0,3,0,1,2,0,4,4,6
2019,l,P,7,True,8,1,0,0,0,1,0,0,1,0,2,1,2
2019,l,P,7,True,9,1,0,0,0,1,0,1,0,0,0,1,2
2019,l,P,7,True,10,1,0,0,0,1,0,0,1,0,1,3,2
2019,m,P,6,False,1,9,6,5,5,4,0,3,0,1,20,7,30
2019,m,P,6,False,2,8,2,1,0,8,0,2,4,1,9,6,26
2019,m,P,6,False,3,6,1,1,1,5,0,2,3,0,9,1,18
2019,m,P,6,False,4,5,0,0,0,5,0,1,4,0,9,10,15
2019,m,P,6,False,5,4,0,0,0,4,0,2,2,0,6,8,12
2019,m,P,6,False,6,4,1,0,0,4,0,1,2,1,11,1,12
2019,m,P,6,False,8,1,0,0,0,1,0,1,0,0,0,0,3
2019,m,P,6,True,1,13,8,4,4,9,0,4,1,4,18,17,37
2019,m,P,6,True,2,4,1,1,1,3,0,3,0,0,3,3,13
2019,m,P,6,True,3,4,1,0,0,4,0,1,2,1,6,6,13
2019,m,P,6,True,4,2,0,0,0,2,0,1,1,0,1,1,6
2019,m,P,6,True,5,4,1,1,1,3,0,2,1,0,9,7,12
2019,m,P,6,True,6,1,0,0,0,1,0,0,1,0,1,2,3
2019,m,P,7,False,1,4,1,1,1,3,0,3,0,0,4,3,8
2019,m,P,7,False,2,10,3,1,1,9,0,4,3,2,11,6,21
2019,m,P,7,False,3,7,0,0,0,7,0,2,5,0,8,5,14
2019,m,P,7,False,4,5,0,0,0,5,0,1,4,0,5,5,10
2019,m,P,7,False,5,2,0,0,0,2,0,1,1,0,1,5,4
2019,m,P,7,False,6,3,0,0,0,3,0,2,1,0,1,0,6
2019,m,P,7,False,8,1,0,0,0,1,0,1,0,0,0,0,2
2019,m,P,7,True,1,12,5,2,2,10,0,7,0,3,9,16,26
2019,m,P,7,True,2,4,1,1,1,3,0,3,0,0,3,5,9
2019,m,P,7,True,3,4,0,0,0,4,0,3,1,0,1,3,8
2019,m,P,7,True,4,1,1,1,1,0,0,0,0,0,7,2,2
2019,m,P,7,True,5,2,0,0,0,2,0,2,0,0,0,0,4
2019,m,P,7,True,6,2,0,0,0,2,0,1,1,0,1,2,4
2019,m,P,7,True,9,1,0,0,0,1,0,0,1,0,1,0,2
2019,s,C,6,False,1,7,3,3,2,5,0,3,1,0,23,11,21
2019,s,C,6,False,2,8,1,0,0,8,0,4,3,1,5,8,24
2019,s,C,6,False,3,2,0,0,0,2,0,2,0,0,0,6,6
2019,s,C,6,False,4,3,1,0,0,3,0,0,2,1,7,11,9
2019,s,C,6,False,5,2,0,0,0,2,0,1,1,0,1,0,6
2019,s,C,6,False,6,5,0,0,0,5,0,3,2,0,5,6,15
2019,s,C,6,False,7,1,0,0,0,1,0,1,0,0,0,0,3
2019,s,C,6,False,8,1,0,0,0,1,0,0,1,0,4,0,3
2019,s,C,6,False,10,1,0,0,0,1,0,1,0,0,0,0,3
2019,s,C,6,True,1,9,0,0,0,9,0,6,3,0,4,13,27
2019,s,C,6,True,2,9,1,0,0,8,1,3,5,1,8,17,30
2019,s,C,6,True,3,9,2,1,1,7,1,3,4,1,18,18,30
2019,s,C,6,True,4,3,0,0,0,3,0,1,2,0,4,15,9
2019,s,C,6,True,5,3,0,0,0,3,0,2,1,0,2,3,9
2019,s,C,6,True,7,2,0,0,0,2,0,1,1,0,2,2,6
2019,s,C,6,True,8,1,0,0,0,1,0,1,0,0,0,4,3
2019,s,C,6,True,10,2,0,0,0,2,0,1,1,0,3,4,6
2019,s,C,7,False,1,6,1,1,1,5,0,5,0,0,9,3,12
2019,s,C,7,False,2,11,2,1,0,11,0,7,2,1,9,11,22
2019,s,C,7,False,3,4,1,0,0,4,0,1,2,1,6,5,8
2019,s,C,7,False,4,4,0,0,0,4,0,3,1,0,1,1,8
2019,s,C,7,False,5,2,0,0,0,2,0,1,1,0,2,0,4
2019,s,C,7,False,6,2,0,0,0,2,0,2,0,0,0,0,4
2019,s,C,7,False,7,1,0,0,0,1,0,1,0,0,0,0,2
2019,s,C,7,False,8,1,0,0,0,1,0,0,1,0,4,0,2
2019,s,C,7,False,10,1,0,0,0,1,0,1,0,0,0,0,2
2019,s,C,7,False,11,1,0,0,0,1,0,1,0,0,0,1,2
2019,s,C,7,False,12,1,0,0,0,1,0,1,0,0,0,0,2
2019,s,C,7,True,1,12,1,1,1,11,0,9,2,0,4,11,23
2019,s,C,7,True,2,7,1,0,0,6,1,6,0,1,2,8,17
2019,s,C,7,True,3,8,2,1,1,6,1,5,1,1,12,18,19
2019,s,C,7,True,4,2,0,0,0,2,0,2,0,0,0,4,4
2019,s,C,7,True,5,5,0,0,0,5,0,3,2,0,3,3,10
2019,s,C,7,True,6,1,0,0,0,1,0,0,1,0,2,0,2
2019,s,C,7,True,7,1,0,0,0,1,0,0,1,0,2,0,2
2019,s,C,7,True,8,3,0,0,0,3,0,2,1,0,3,7,6
2019,s,C,7,True,10,1,0,0,0,1,0,0,1,0,2,0,2
2019,s,C,7,True,11,1,0,0,0,1,0,1,0,0,0,2,2
2019,t,C,6,False,1,8,4,3,3,5,0,3,1,1,10,7,28
2019,t,C,6,False,2,5,1,1,1,4,0,2,2,0,5,2,17
2019,t,C,6,False,3,7,0,0,0,7,0,4,3,0,5,8,21
2019,t,C,6,False,4,1,0,0,0,1,0,0,1,0,3,2,3
2019,t,C,6,False,5,3,1,0,0,2,1,0,2,1,8,6,12
2019,t,C,6,False,6,3,0,0,0,3,0,1,2,0,6,0,9
2019,t,C,6,False,7,1,0,0,0,1,0,1,0,0,0,0,3
2019,t,C,6,False,8,3,0,0,0,3,0,1,2,0,4,1,9
2019,t,C,6,False,12,1,0,0,0,1,0,0,1,0,1,1,3
2019,t,C,6,True,1,11,5,4,4,7,0,5,1,1,16,13,35
2019,t,C,6,True,2,6,2,2,2,4,0,2,2,0,12,12,18
2019,t,C,6,True,3,4,1,1,1,3,0,2,1,0,5,2,11
2019,t,C,6,True,4,4,1,1,1,3,0,2,1,0,10,5,11
2019,t,C,6,True,5,3,0,0,0,3,0,1,2,0,4,6,9
2019,t,C,6,True,6,2,0,0,0,2,0,0,2,0,6,6,6
2019,t,C,6,True,8,1,0,0,0,1,0,0,1,0,2,4,3
2019,t,C,7,False,1,5,2,1,1,4,0,3,0,1,4,1,12
2019,t,C,7,False,2,5,2,1,1,3,1,2,1,1,6,2,15
2019,t,C,7,False,3,8,0,0,0,8,0,7,1,0,2,4,16
2019,t,C,7,False,4,1,0,0,0,1,0,0,1,0,2,0,2
2019,t,C,7,False,5,2,0,0,0,2,0,2,0,0,0,0,4
2019,t,C,7,False,6,6,0,0,0,6,0,1,5,0,12,4,12
2019,t,C,7,False,7,1,0,0,0,1,0,1,0,0,0,0,2
2019,t,C,7,False,8,2,0,0,0,2,0,1,1,0,1,1,4
2019,t,C,7,False,12,1,0,0,0,1,0,0,1,0,1,1,2
2019,t,C,7,True,1,11,3,3,2,8,1,7,1,0,12,12,28
2019,t,C,7,True,2,7,2,2,2,5,0,5,0,0,9,8,13
2019,t,C,7,True,3,6,1,1,1,5,0,3,2,0,6,8,11
2019,t,C,7,True,4,2,0,0,0,2,0,2,0,0,0,4,4
2019,t,C,7,True,5,2,0,0,0,2,0,0,2,0,2,0,4
2019,t,C,7,True,6,1,0,0,0,1,0,1,0,0,0,4,2
2019,t,C,7,True,7,1,0,0,0,1,0,1,0,0,0,1,2
2019,t,C,7,True,9,1,0,0,0,1,0,0,1,0,5,1,2
2020,b,P,6,False,1,6,3,1,1,4,1,3,0,2,7,8,19
2020,b,P,6,False,2,15,4,1,1,13,1,7,4,3,13,11,46
2020,b,P,6,False,3,5,0,0,0,5,0,2,3,0,6,4,15
2020,b,P,6,False,5,6,1,1,1,5,0,3,2,0,12,5,18
2020,b,P,6,False,6,2,0,0,0,2,0,1,1,0,2,0,6
2020,b,P,6,True,1,9,3,2,2,6,1,5,1,1,13,15,26
2020,b,P,6,True,2,2,0,0,0,2,0,1,1,0,2,1,6
2020,b,P,6,True,3,4,1,1,1,3,0,0,3,0,9,3,12
2020,b,P,6,True,4,2,1,0,0,1,1,0,1,1,5,4,7
2020,b,P,6,True,5,2,0,0,0,2,0,1,1,0,2,5,6
2020,b,P,6,True,6,1,0,0,0,1,0,0,1,0,3,3,3
2020,b,P,6,True,7,2,0,0,0,2,0,0,2,0,3,4,6
2020,b,P,6,True,10,1,0,0,0,1,0,1,0,0,0,1,3
2020,b,P,7,False,1,5,1,0,0,4,1,4,0,1,1,0,11
2020,b,P,7,False,2,14,3,1,1,12,1,8,3,2,10,9,29
2020,b,P,7,False,3,5,0,0,0,5,0,3,2,0,3,2,10
2020,b,P,7,False,4,3,0,0,0,3,0,3,0,0,0,5,6
2020,b,P,7,False,5,5,1,1,1,4,0,3,1,0,10,4,10
2020,b,P,7,False,6,2,0,0,0,2,0,1,1,0,2,0,4
2020,b,P,7,True,1,7,2,0,0,5,2,5,0,2,2,7,16
2020,b,P,7,True,2,4,1,0,0,3,1,2,1,1,3,1,9
2020,b,P,7,True,3,6,1,1,1,5,0,1,4,0,11,6,12
2020,b,P,7,True,4,2,0,0,0,2,0,2,0,0,0,1,4
2020,b,P,7,True,5,1,0,0,0,1,0,1,0,0,0,3,2
2020,b,P,7,True,6,2,0,0,0,2,0,0,2,0,4,5,4
2020,b,P,7,True,7,2,0,0,0,2,0,0,2,0,2,3,4
2020,b,P,7,True,11,1,0,0,0,1,0,1,0,0,0,0,2
2020,c,C,6,False,1,11,7,4,3,6,2,4,0,3,31,10,36
2020,c,C,6,False,2,6,2,1,1,5,0,3,1,1,12,6,18
2020,c,C,6,False,3,4,1,1,1,3,0,2,1,0,7,3,12
2020,c,C,6,False,4,2,0,0,0,2,0,2,0,0,0,1,6
2020,c,C,6,False,5,2,0,0,0,2,0,0,2,0,5,4,6
2020,c,C,6,False,6,4,1,1,1,3,0,2,1,0,15,3,12
2020,c,C,6,False,7,2,0,0,0,2,0,0,2,0,2,4,6
2020,c,C,6,False,10,1,0,0,0,1,0,0,1,0,2,0,3
2020,c,C,6,True,1,7,1,1,0,7,0,3,3,0,8,17,21
2020,c,C,6,True,2,6,2,1,0,4,2,3,1,1,6,7,20
2020,c,C,6,True,3,6,2,0,0,4,2,2,2,2,13,18,20
2020,c,C,6,True,4,3,0,0,0,3,0,1,2,0,4,1,9
2020,c,C,6,True,5,1,0,0,0,1,0,1,0,0,0,0,3
2020,c,C,6,True,6,3,0,0,0,3,0,0,3,0,6,3,9
2020,c,C,6,True,8,1,0,0,0,1,0,1,0,0,0,1,3
2020,c,C,6,True,9,1,0,0,0,1,0,0,1,0,1,0,3
2020,c,C,6,True,10,1,0,0,0,1,0,0,1,0,1,2,3
2020,c,C,7,False,1,10,5,3,3,6,1,5,0,2,20,6,22
2020,c,C,7,False,2,3,0,0,0,3,0,3,0,0,0,3,6
2020,c,C,7,False,3,3,0,0,0,3,0,2,1,0,1,2,6
2020,c,C,7,False,4,2,0,0,0,2,0,2,0,0,0,1,4
2020,c,C,7,False,5,2,0,0,0,2,0,2,0,0,0,0,4
2020,c,C,7,False,6,4,1,1,1,3,0,2,1,0,12,2,8
2020,c,C,7,False,7,2,0,0,0,2,0,0,2,0,6,1,4
2020,c,C,7,False,9,2,0,0,0,2,0,1,1,0,1,0,4
2020,c,C,7,True,1,9,2,1,1,7,1,4,3,1,14,17,18
2020,c,C,7,True,2,5,2,1,1,3,1,3,0,1,5,1,12
2020,c,C,7,True,3,3,0,0,0,3,0,3,0,0,0,6,6
2020,c,C,7,True,4,4,0,0,0,4,0,2,2,0,2,5,8
2020,c,C,7,True,5,3,0,0,0,3,0,3,0,0,0,4,6
2020,c,C,7,True,6,1,0,0,0,1,0,0,1,0,2,1,2
2020,c,C,7,True,8,1,0,0,0,1,0,1,0,0,0,1,2
2020,c,C,7,True,9,1,0,0,0,1,0,0,1,0,1,0,2
2020,c,C,7,True,11,1,0,0,0,1,0,0,1,0,1,1,2
2020,d,C,6,False,1,5,1,1,1,4,0,4,0,0,4,5,15
2020,d,C,6,False,2,6,1,0,0,5,1,5,0,1,2,9,19
2020,d,C,6,False,3,10,1,1,1,9,0,6,3,0,9,9,31
2020,d,C,6,False,4,9,0,0,0,9,0,5,4,0,7,24,27
2020,d,C,6,False,5,4,0,0,0,4,0,1,3,0,4,7,12
2020,d,C,6,False,6,1,0,0,0,1,0,0,1,0,1,0,3
2020,d,C,6,False,7,2,0,0,0,2,0,0,2,0,5,4,6
2020,d,C,6,True,1,10,6,4,3,7,0,3,1,2,15,18,31
2020,d,C,6,True,2,1,0,0,0,1,0,1,0,0,0,2,3
2020,d,C,6,True,3,2,0,0,0,2,0,1,1,0,1,0,6
2020,d,C,6,True,4,1,0,0,0,1,0,1,0,0,0,0,3
2020,d,C,6,True,6,1,0,0,0,1,0,0,1,0,1,1,3
2020,d,C,6,True,7,2,0,0,0,2,0,0,2,0,4,12,6
2020,d,C,7,False,1,5,2,2,2,3,0,3,0,0,6,2,10
2020,d,C,7,False,2,5,0,0,0,5,0,5,0,0,0,5,10
2020,d,C,7,False,3,7,0,0,0,7,0,6,1,0,1,5,14
2020,d,C,7,False,4,8,0,0,0,8,0,7,1,0,1,9,16
2020,d,C,7,False,5,4,0,0,0,4,0,2,2,0,2,2,8
2020,d,C,7,False,6,4,0,0,0,4,0,0,4,0,7,7,8
2020,d,C,7,False,7,1,0,0,0,1,0,0,1,0,2,3,2
2020,d,C,7,False,8,1,0,0,0,1,0,0,1,0,1,1,2
2020,d,C,7,False,11,1,0,0,0,1,0,0,1,0,2,0,2
2020,d,C,7,True,1,6,3,2,1,5,0,3,0,1,6,9,14
2020,d,C,7,True,2,1,1,0,0,1,0,0,0,1,2,1,3
2020,d,C,7,True,3,5,0,0,0,5,0,4,1,0,1,11,10
2020,d,C,7,True,4,3,0,0,0,3,0,3,0,0,0,1,6
2020,d,C,7,True,6,1,0,0,0,1,0,0,1,0,1,1,2
2020,d,C,7,True,10,2,0,0,0,2,0,0,2,0,4,6,4
2020,db,C,6,False,1,12,3,2,1,11,0,7,2,1,10,15,36
2020,db,C,6,False,2,8,3,2,2,5,1,3,2,1,15,13,25
2020,db,C,6,False,3,3,0,0,0,3,0,2,1,0,1,1,9
2020,db,C,6,False,4,2,0,0,0,2,0,0,2,0,6,2,6
2020,db,C,6,False,5,3,0,0,0,3,0,3,0,0,0,5,9
2020,db,C,6,False,7,1,0,0,0,1,0,0,1,0,5,0,3
2020,db,C,6,False,12,1,0,0,0,1,0,0,1,0,3,0,3
2020,db,C,6,True,1,7,3,3,3,4,0,3,1,0,14,10,21
2020,db,C,6,True,2,5,1,0,0,4,1,2,2,1,4,6,16
2020,db,C,6,True,3,1,0,0,0,1,0,0,1,0,1,0,3
2020,db,C,6,True,4,4,0,0,0,4,0,1,3,0,7,3,12
2020,db,C,6,True,5,1,1,1,1,0,0,0,0,0,10,1,2
2020,db,C,6,True,6,1,0,0,0,1,0,1,0,0,0,3,3
2020,db,C,6,True,7,1,0,0,0,1,0,0,1,0,5,0,3
2020,db,C,6,True,10,1,0,0,0,1,0,0,1,0,2,0,3
2020,db,C,7,False,1,12,2,1,1,11,0,8,2,1,7,10,24
2020,db,C,7,False,2,5,1,1,1,4,0,2,2,0,7,2,10
2020,db,C,7,False,3,4,0,0,0,4,0,2,2,0,4,4,8
2020,db,C,7,False,4,2,0,0,0,2,0,1,1,0,2,0,4
2020,db,C,7,False,5,3,0,0,0,3,0,3,0,0,0,4,6
2020,db,C,7,False,7,1,0,0,0,1,0,0,1,0,5,0,2
2020,db,C,7,False,9,1,0,0,0,1,0,1,0,0,0,0,2
2020,db,C,7,False,10,1,0,0,0,1,0,0,1,0,1,0,2
2020,db,C,7,True,1,7,3,3,3,4,0,4,0,0,11,7,14
2020,db,C,7,True,2,5,1,0,0,4,1,2,2,1,4,0,11
2020,db,C,7,True,3,3,0,0,0,3,0,0,3,0,3,6,6
2020,db,C,7,True,4,2,0,0,0,2,0,0,2,0,4,0,4
2020,db,C,7,True,5,2,0,0,0,2,0,1,1,0,3,0,4
2020,db,C,7,True,9,1,0,0,0,1,0,1,0,0,0,0,2
2020,db,C,7,True,10,1,0,0,0,1,0,0,1,0,2,0,2
2020,e,P,6,False,1,4,1,0,0,3,1,3,0,1,1,1,13
2020,e,P,6,False,2,3,1,0,0,2,1,2,0,1,3,10,10
2020,e,P,6,False,3,6,2,1,1,4,1,2,2,1,12,1,19
2020,e,P,6,False,4,7,0,0,0,7,0,5,2,0,4,4,21
2020,e,P,6,False,5,3,0,0,0,3,0,2,1,0,3,4,9
2020,e,P,6,False,6,1,0,0,0,1,0,1,0,0,0,4,3
2020,e,P,6,False,8,1,0,0,0,1,0,0,1,0,3,0,3
2020,e,P,6,True,1,7,2,1,1,6,0,4,1,1,7,15,20
2020,e,P,6,True,2,8,2,2,2,6,0,3,3,0,15,14,20
2020,e,P,6,True,3,2,0,0,0,2,0,2,0,0,0,5,6
2020,e,P,6,True,4,2,0,0,0,2,0,0,2,0,4,1,6
2020,e,P,6,True,5,2,0,0,0,2,0,0,2,0,4,1,6
2020,e,P,6,True,8,1,0,0,0,1,0,0,1,0,1,0,3
2020,e,P,7,False,1,4,0,0,0,4,0,4,0,0,0,3,8
2020,e,P,7,False,2,3,0,0,0,3,0,3,0,0,0,5,6
2020,e,P,7,False,3,9,3,1,1,6,2,3,3,2,16,9,20
2020,e,P,7,False,4,7,0,0,0,7,0,7,0,0,0,1,14
2020,e,P,7,False,5,3,0,0,0,3,0,2,1,0,2,0,6
2020,e,P,7,False,7,1,0,0,0,1,0,1,0,0,0,3,2
2020,e,P,7,False,8,2,0,0,0,2,0,1,1,0,3,3,4
2020,e,P,7,True,1,6,1,0,0,6,0,5,0,1,1,15,12
2020,e,P,7,True,2,7,1,1,1,6,0,3,3,0,7,6,13
2020,e,P,7,True,3,2,0,0,0,2,0,1,1,0,1,1,4
2020,e,P,7,True,4,3,0,0,0,3,0,2,1,0,2,4,6
2020,e,P,7,True,5,2,0,0,0,2,0,0,2,0,3,0,4
2020,e,P,7,True,6,1,0,0,0,1,0,1,0,0,0,1,0
2020,e,P,7,True,8,1,0,0,0,1,0,0,1,0,1,0,2
2020,f,P,6,False,1,9,4,3,2,6,1,5,0,1,7,4,29
2020,f,P,6,False,2,6,2,2,1,5,0,2,2,0,10,5,19
2020,f,P,6,False,3,7,1,1,1,6,0,4,2,0,8,6,21
2020,f,P,6,False,4,6,0,0,0,6,0,5,1,0,2,5,18
2020,f,P,6,False,6,4,0,0,0,4,0,3,1,0,4,11,12
2020,f,P,6,False,7,2,0,0,0,2,0,1,1,0,1,8,6
2020,f,P,6,False,8,1,0,0,0,1,0,1,0,0,0,0,3
2020,f,P,6,True,1,8,1,1,1,7,0,4,3,0,7,18,24
2020,f,P,6,True,2,4,0,0,0,4,0,3,1,0,2,4,12
2020,f,P,6,True,3,5,0,0,0,5,0,4,1,0,3,4,15
2020,f,P,6,True,4,2,1,1,1,1,0,0,1,0,7,0,5
2020,f,P,6,True,5,1,0,0,0,1,0,1,0,0,0,2,3
2020,f,P,6,True,6,1,0,0,0,1,0,0,1,0,3,2,3
2020,f,P,6,True,7,1,0,0,0,1,0,0,1,0,2,4,3
2020,f,P,6,True,9,1,0,0,0,1,0,0,1,0,1,2,3
2020,f,P,7,False,1,11,3,2,1,9,1,8,0,1,5,4,24
2020,f,P,7,False,2,5,2,2,1,4,0,2,1,0,9,5,11
2020,f,P,7,False,3,6,0,0,0,6,0,4,2,0,2,1,12
2020,f,P,7,False,4,3,0,0,0,3,0,3,0,0,0,0,6
2020,f,P,7,False,5,2,0,0,0,2,0,1,1,0,2,1,4
2020,f,P,7,False,6,3,0,0,0,3,0,2,1,0,1,2,6
2020,f,P,7,False,7,2,0,0,0,2,0,2,0,0,0,0,4
2020,f,P,7,False,8,2,0,0,0,2,0,2,0,0,0,0,4
2020,f,P,7,False,9,1,0,0,0,1,0,1,0,0,0,5,2
2020,f,P,7,False,13,1,0,0,0,1,0,0,1,0,4,0,2
2020,f,P,7,True,1,3,1,1,1,2,0,2,0,0,2,0,6
2020,f,P,7,True,2,6,0,0,0,6,0,1,5,0,6,5,12
2020,f,P,7,True,3,6,0,0,0,6,0,5,1,0,3,3,12
2020,f,P,7,True,4,4,0,0,0,4,0,3,1,0,2,4,8
2020,f,P,7,True,5,2,0,0,0,2,0,2,0,0,0,2,4
2020,f,P,7,True,6,1,0,0,0,1,0,0,1,0,3,2,2
2020,f,P,7,True,9,1,0,0,0,1,0,0,1,0,2,2,2
2020,f,P,7,True,10,1,0,0,0,1,0,0,1,0,1,1,2
2020,g,C,6,False,1,6,2,2,1,4,1,2,2,0,7,8,19
2020,g,C,6,False,2,3,1,0,0,2,1,2,0,1,2,9,10
2020,g,C,6,False,3,6,2,0,0,5,1,2,2,2,8,10,19
2020,g,C,6,False,4,5,1,1,1,4,0,3,1,0,6,10,15
2020,g,C,6,False,5,3,0,0,0,3,0,0,3,0,10,1,9
2020,g,C,6,False,6,1,0,0,0,1,0,1,0,0,0,0,3
2020,g,C,6,False,8,1,0,0,0,1,0,0,1,0,2,0,3
2020,g,C,6,True,1,3,1,1,1,2,0,2,0,0,2,0,8
2020,g,C,6,True,2,5,1,0,0,5,0,1,3,1,8,12,15
2020,g,C,6,True,3,2,0,0,0,2,0,1,1,0,2,0,6
2020,g,C,6,True,4,2,0,0,0,2,0,1,1,0,2,0,6
2020,g,C,6,True,5,1,0,0,0,1,0,0,1,0,1,3,3
2020,g,C,6,True,6,1,0,0,0,1,0,1,0,0,0,5,3
2020,g,C,7,False,1,5,2,2,1,3,1,2,1,0,6,5,11
2020,g,C,7,False,2,5,1,0,0,5,0,3,1,1,3,8,10
2020,g,C,7,False,3,5,1,1,1,4,0,1,3,0,8,7,10
2020,g,C,7,False,4,4,0,0,0,4,0,2,2,0,2,8,8
2020,g,C,7,False,5,3,0,0,0,3,0,1,2,0,6,1,6
2020,g,C,7,False,6,3,0,0,0,3,0,3,0,0,0,0,6
2020,g,C,7,False,8,1,0,0,0,1,0,0,1,0,2,0,2
2020,g,C,7,True,1,5,1,0,0,4,1,3,1,1,2,2,11
2020,g,C,7,True,2,4,0,0,0,4,0,2,2,0,4,6,8
2020,g,C,7,True,3,2,0,0,0,2,0,1,1,0,2,0,4
2020,g,C,7,True,4,3,0,0,0,3,0,1,2,0,4,3,6
2020,g,C,7,True,7,1,0,0,0,1,0,1,0,0,0,4,2
2020,g,C,7,True,8,1,0,0,0,1,0,0,1,0,1,0,2
2020,h,P,6,False,1,4,2,2,2,2,0,1,1,0,8,6,12
2020,h,P,6,False,2,8,2,2,1,7,0,3,3,0,12,11,24
2020,h,P,6,False,3,2,0,0,0,2,0,1,1,0,2,3,6
2020,h,P,6,False,4,2,0,0,0,2,0,1,1,0,3,2,6
2020,h,P,6,False,5,2,0,0,0,2,0,2,0,0,0,4,6
2020,h,P,6,False,7,1,0,0,0,1,0,0,1,0,2,1,3
2020,h,P,6,True,1,5,2,2,2,3,0,3,0,0,5,1,15
2020,h,P,6,True,2,3,1,1,1,2,0,2,0,0,3,0,8
2020,h,P,6,True,4,2,0,0,0,2,0,1,1,0,1,1,6
2020,h,P,6,True,5,1,0,0,0,1,0,0,1,0,1,2,3
2020,h,P,6,True,6,2,0,0,0,2,0,1,1,0,2,1,6
2020,h,P,6,True,8,1,0,0,0,1,0,1,0,0,0,0,3
2020,h,P,7,False,1,3,0,0,0,3,0,2,1,0,1,4,6
2020,h,P,7,False,2,5,0,0,0,5,0,3,2,0,3,4,10
2020,h,P,7,False,3,2,0,0,0,2,0,1,1,0,2,2,4
2020,h,P,7,False,4,3,0,0,0,3,0,2,1,0,1,1,6
2020,h,P,7,False,5,2,0,0,0,2,0,1,1,0,3,1,4
2020,h,P,7,False,7,1,0,0,0,1,0,0,1,0,2,1,2
2020,h,P,7,False,8,1,0,0,0,1,0,1,0,0,0,0,2
2020,h,P,7,True,1,8,1,1,1,7,0,6,1,0,4,3,16
2020,h,P,7,True,2,4,0,0,0,4,0,3,1,0,1,0,8
2020,h,P,7,True,3,1,0,0,0,1,0,1,0,0,0,1,2
2020,h,P,7,True,4,2,0,0,0,2,0,2,0,0,0,1,4
2020,h,P,7,True,6,1,0,0,0,1,0,1,0,0,0,0,2
2020,h,P,7,True,7,1,0,0,0,1,0,0,1,0,1,0,2
2020,h,P,7,True,8,1,0,0,0,1,0,1,0,0,0,0,2
2020,l,P,6,False,1,6,2,2,2,4,0,4,0,0,7,2,18
2020,l,P,6,False,2,5,4,3,3,1,1,0,1,1,13,2,16
2020,l,P,6,False,3,8,0,0,0,8,0,2,6,0,8,5,24
2020,l,P,6,False,4,9,0,0,0,9,0,5,4,0,10,13,27
2020,l,P,6,False,5,3,0,0,0,3,0,2,1,0,1,8,9
2020,l,P,6,False,6,3,0,0,0,3,0,2,1,0,1,1,9
2020,l,P,6,False,7,1,0,0,0,1,0,0,1,0,2,0,3
2020,l,P,6,False,8,1,0,0,0,1,0,0,1,0,2,0,3
2020,l,P,6,True,1,5,1,1,1,4,0,2,2,0,4,5,14
2020,l,P,6,True,2,5,1,1,1,4,0,1,3,0,9,8,14
2020,l,P,6,True,3,8,2,1,1,6,1,0,6,1,19,22,24
2020,l,P,6,True,4,1,0,0,0,1,0,1,0,0,0,0,3
2020,l,P,6,True,5,1,0,0,0,1,0,1,0,0,0,5,3
2020,l,P,6,True,6,2,0,0,0,2,0,1,1,0,1,2,6
2020,l,P,6,True,7,1,0,0,0,1,0,0,1,0,1,3,3
2020,l,P,6,True,9,1,0,0,0,1,0,0,1,0,1,0,3
2020,l,P,7,False,1,9,3,3,3,6,0,6,0,0,10,5,18
2020,l,P,7,False,2,4,2,2,2,2,0,2,0,0,6,1,8
2020,l,P,7,False,3,7,0,0,0,7,0,2,5,0,6,0,14
2020,l,P,7,False,4,8,0,0,0,8,0,7,1,0,2,9,16
2020,l,P,7,False,5,5,0,0,0,5,0,2,3,0,4,2,10
2020,l,P,7,False,6,2,0,0,0,2,0,2,0,0,0,1,4
2020,l,P,7,False,7,1,0,0,0,1,0,0,1,0,2,0,2
2020,l,P,7,False,8,1,0,0,0,1,0,0,1,0,2,0,2
2020,l,P,7,False,11,1,0,0,0,1,0,1,0,0,0,0,2
2020,l,P,7,True,1,6,1,1,1,5,0,5,0,0,4,7,11
2020,l,P,7,True,2,4,1,1,1,3,0,2,1,0,4,2,7
2020,l,P,7,True,3,3,0,0,0,3,0,1,2,0,5,2,6
2020,l,P,7,True,4,3,0,0,0,3,0,2,1,0,2,8,6
2020,l,P,7,True,5,2,0,0,0,2,0,0,2,0,5,6,4
2020,l,P,7,True,6,2,0,0,0,2,0,1,1,0,1,2,4
2020,l,P,7,True,7,1,0,0,0,1,0,1,0,0,0,2,2
2020,l,P,7,True,9,2,0,0,0,2,0,1,1,0,1,1,4
2020,m,P,6,False,1,8,4,3,3,5,0,3,1,1,13,11,25
2020,m,P,6,False,2,8,1,1,1,7,0,6,1,0,5,5,22
2020,m,P,6,False,3,7,0,0,0,7,0,3,4,0,4,3,21
2020,m,P,6,False,4,2,0,0,0,2,0,2,0,0,0,3,6
2020,m,P,6,False,5,3,0,0,0,3,0,2,1,0,1,1,9
2020,m,P,6,False,7,2,0,0,0,2,0,1,1,0,2,10,6
2020,m,P,6,False,12,1,0,0,0,1,0,0,1,0,1,0,3
2020,m,P,6,True,1,6,1,0,0,5,1,4,1,1,3,7,19
2020,m,P,6,True,2,9,5,4,4,5,0,3,1,1,19,9,27
2020,m,P,6,True,3,4,0,0,0,4,0,2,2,0,6,11,12
2020,m,P,6,True,4,3,0,0,0,3,0,1,2,0,2,5,9
2020,m,P,6,True,6,1,0,0,0,1,0,1,0,0,0,0,3
2020,m,P,6,True,8,1,0,0,0,1,0,1,0,0,0,0,3
2020,m,P,6,True,9,1,0,0,0,1,0,0,1,0,1,0,3
2020,m,P,7,False,1,3,2,1,1,2,0,1,0,1,4,1,7
2020,m,P,7,False,2,9,0,0,0,9,0,8,1,0,1,2,18
2020,m,P,7,False,3,5,0,0,0,5,0,2,3,0,3,2,10
2020,m,P,7,False,4,3,0,0,0,3,0,3,0,0,0,4,6
2020,m,P,7,False,5,4,0,0,0,4,0,2,2,0,3,1,8
2020,m,P,7,False,7,1,0,0,0,1,0,1,0,0,0,0,2
2020,m,P,7,False,9,2,0,0,0,2,0,1,1,0,2,6,4
2020,m,P,7,False,12,1,0,0,0,1,0,0,1,0,1,0,2
2020,m,P,7,True,1,7,2,2,2,5,0,4,1,0,6,7,13
2020,m,P,7,True,2,4,1,1,1,3,0,3,0,0,4,2,8
2020,m,P,7,True,3,4,1,1,1,3,0,3,0,0,4,6,7
2020,m,P,7,True,4,5,0,0,0,5,0,2,3,0,4,5,10
2020,m,P,7,True,6,1,0,0,0,1,0,1,0,0,0,0,2
2020,m,P,7,True,8,1,0,0,0,1,0,1,0,0,0,0,2
2020,m,P,7,True,9,1,0,0,0,1,0,0,1,0,1,0,2
2020,s,C,6,False,1,8,4,1,1,6,1,3,1,3,9,9,26
2020,s,C,6,False,2,7,1,1,1,6,0,3,3,0,8,5,21
2020,s,C,6,False,3,7,0,0,0,7,0,4,3,0,3,8,21
2020,s,C,6,False,4,5,0,0,0,5,0,3,2,0,3,7,15
2020,s,C,6,False,6,3,0,0,0,3,0,2,1,0,3,1,9
2020,s,C,6,False,7,2,1,0,0,1,1,1,0,1,7,0,7
2020,s,C,6,True,1,8,4,2,2,5,1,3,1,2,10,10,25
2020,s,C,6,True,2,6,0,0,0,6,0,4,2,0,4,16,18
2020,s,C,6,True,3,5,0,0,0,5,0,2,3,0,4,6,15
2020,s,C,6,True,4,5,0,0,0,5,0,2,3,0,3,6,15
2020,s,C,6,True,5,1,0,0,0,1,0,1,0,0,0,4,3
2020,s,C,6,True,7,3,0,0,0,3,0,0,3,0,10,0,9
2020,s,C,6,True,8,1,0,0,0,1,0,0,1,0,5,0,3
2020,s,C,6,True,9,1,0,0,0,1,0,1,0,0,0,3,3
2020,s,C,6,True,16,1,0,0,0,1,0,0,1,0,2,1,3
2020,s,C,7,False,1,8,3,0,0,6,2,5,0,3,3,2,18
2020,s,C,7,False,2,8,1,1,1,7,0,5,2,0,6,4,16
2020,s,C,7,False,3,6,1,0,0,5,1,4,1,1,4,3,13
2020,s,C,7,False,4,5,0,0,0,5,0,2,3,0,3,2,10
2020,s,C,7,False,5,2,0,0,0,2,0,0,2,0,2,0,4
2020,s,C,7,False,6,4,0,0,0,4,0,4,0,0,0,1,8
2020,s,C,7,False,7,1,0,0,0,1,0,1,0,0,0,0,2
2020,s,C,7,True,1,4,2,0,0,3,1,2,0,2,2,2,10
2020,s,C,7,True,2,6,0,0,0,6,0,5,1,0,2,12,12
2020,s,C,7,True,3,4,0,0,0,4,0,3,1,0,2,2,8
2020,s,C,7,True,4,5,0,0,0,5,0,1,4,0,5,5,10
2020,s,C,7,True,5,1,0,0,0,1,0,0,1,0,2,1,2
2020,s,C,7,True,6,4,0,0,0,4,0,1,3,0,7,8,8
2020,s,C,7,True,7,4,0,0,0,4,0,2,2,0,5,2,8
2020,s,C,7,True,8,1,0,0,0,1,0,0,1,0,5,0,2
2020,s,C,7,True,9,1,0,0,0,1,0,1,0,0,0,3,2
2020,s,C,7,True,15,1,0,0,0,1,0,0,1,0,1,1,2
2020,t,C,6,False,1,12,4,4,4,8,0,8,0,0,16,18,36
2020,t,C,6,False,2,11,3,2,0,11,0,7,1,1,10,22,33
2020,t,C,6,False,3,4,0,0,0,4,0,3,1,0,1,13,12
2020,t,C,6,False,4,2,0,0,0,2,0,0,2,0,4,0,6
2020,t,C,6,False,5,1,0,0,0,1,0,1,0,0,0,0,3
2020,t,C,6,False,6,1,0,0,0,1,0,1,0,0,0,0,3
2020,t,C,6,False,7,2,0,0,0,2,0,0,2,0,8,0,6
2020,t,C,6,True,1,4,0,0,0,4,0,4,0,0,0,13,12
2020,t,C,6,True,2,2,1,0,0,2,0,1,0,1,2,1,7
2020,t,C,6,True,3,3,0,0,0,3,0,1,2,0,3,3,9
2020,t,C,6,True,4,2,0,0,0,2,0,0,2,0,4,3,6
2020,t,C,6,True,5,2,0,0,0,2,0,0,2,0,5,2,6
2020,t,C,6,True,6,1,0,0,0,1,0,1,0,0,0,0,3
2020,t,C,6,True,8,1,0,0,0,1,0,1,0,0,0,1,3
2020,t,C,6,True,11,1,0,0,0,1,0,0,1,0,2,0,3
2020,t,C,7,False,1,13,3,2,2,11,0,10,0,1,11,10,26
2020,t,C,7,False,2,6,2,2,0,5,1,4,0,0,6,5,13
2020,t,C,7,False,3,3,0,0,0,3,0,3,0,0,0,2,6
2020,t,C,7,False,4,4,0,0,0,4,0,1,3,0,5,2,8
2020,t,C,7,False,5,4,0,0,0,4,0,4,0,0,0,1,8
2020,t,C,7,False,6,2,0,0,0,2,0,2,0,0,0,2,4
2020,t,C,7,False,7,1,0,0,0,1,0,0,1,0,6,0,2
2020,t,C,7,False,8,1,0,0,0,1,0,1,0,0,0,0,2
2020,t,C,7,False,10,1,0,0,0,1,0,1,0,0,0,0,2
2020,t,C,7,True,1,3,0,0,0,3,0,3,0,0,0,10,6
2020,t,C,7,True,2,3,0,0,0,3,0,2,1,0,1,0,6
2020,t,C,7,True,4,5,0,0,0,5,0,3,2,0,2,3,10
2020,t,C,7,True,5,2,0,0,0,2,0,0,2,0,5,2,4
2020,t,C,7,True,6,1,0,0,0,1,0,1,0,0,0,0,2
2020,t,C,7,True,8,1,0,0,0,1,0,1,0,0,0,1,2
2020,t,C,7,True,10,1,0,0,0,1,0,0,1,0,1,0,2
2021,b,P,6,False,1,10,2,1,1,8,1,7,1,1,6,8,30
2021,b,P,6,False,2,10,2,1,0,8,2,3,5,1,11,16,30
2021,b,P,6,False,3,9,1,0,0,8,1,0,8,1,16,9,27
2021,b,P,6,False,4,1,0,0,0,1,0,0,1,0,1,1,3
2021,b,P,6,False,5,1,0,0,0,1,0,1,0,0,0,2,3
2021,b,P,6,False,6,1,0,0,0,1,0,0,1,0,2,4,3
2021,b,P,6,False,7,4,0,0,0,4,0,2,2,0,4,2,12
2021,b,P,6,False,8,1,0,0,0,1,0,0,1,0,1,4,3
2021,b,P,6,True,1,2,0,0,0,2,0,2,0,0,0,1,6
2021,b,P,6,True,2,8,6,3,2,2,4,1,1,3,17,6,24
2021,b,P,6,True,3,5,1,1,1,4,0,1,3,0,9,0,14
2021,b,P,6,True,6,4,0,0,0,4,0,0,4,0,8,5,12
2021,b,P,6,True,9,1,0,0,0,1,0,1,0,0,0,4,3
2021,b,P,7,False,1,8,2,1,1,6,1,6,0,1,5,3,16
2021,b,P,7,False,2,10,2,1,0,8,2,5,3,1,8,3,20
2021,b,P,7,False,3,6,1,0,0,5,1,1,4,1,8,3,12
2021,b,P,7,False,4,3,0,0,0,3,0,2,1,0,1,0,6
2021,b,P,7,False,5,1,0,0,0,1,0,0,1,0,1,0,2
2021,b,P,7,False,6,2,0,0,0,2,0,1,1,0,1,1,4
2021,b,P,7,False,7,5,0,0,0,5,0,3,2,0,4,2,10
2021,b,P,7,False,10,2,0,0,0,2,0,0,2,0,3,2,4
2021,b,P,7,True,1,2,1,0,0,1,1,1,0,1,3,2,4
2021,b,P,7,True,2,9,5,4,3,4,2,3,1,1,15,4,17
2021,b,P,7,True,3,6,0,0,0,6,0,2,4,0,5,1,12
2021,b,P,7,True,6,3,0,0,0,3,0,0,3,0,4,4,6
2021,b,P,7,True,9,1,0,0,0,1,0,1,0,0,0,4,2
2021,c,C,6,False,1,10,3,1,1,8,1,6,1,2,6,13,30
2021,c,C,6,False,2,4,1,1,1,3,0,2,1,0,5,4,12
2021,c,C,6,False,3,5,1,1,1,4,0,2,2,0,10,2,15
2021,c,C,6,False,4,6,1,0,0,6,0,3,2,1,7,5,18
2021,c,C,6,False,5,4,0,0,0,4,0,2,2,0,3,6,12
2021,c,C,6,False,6,3,0,0,0,3,0,2,1,0,4,0,9
2021,c,C,6,True,1,7,3,1,0,6,1,3,1,2,7,16,21
2021,c,C,6,True,2,8,2,1,1,6,1,5,1,1,9,18,24
2021,c,C,6,True,3,3,0,0,0,3,0,2,1,0,1,13,8
2021,c,C,6,True,4,1,0,0,0,1,0,0,1,0,2,0,3
2021,c,C,6,True,5,2,0,0,0,2,0,2,0,0,0,0,6
2021,c,C,6,True,6,4,0,0,0,4,0,1,3,0,9,2,12
2021,c,C,6,True,7,2,0,0,0,2,0,2,0,0,0,8,6
2021,c,C,7,False,1,8,3,3,2,6,0,5,0,0,9,6,16
2021,c,C,7,False,2,5,0,0,0,5,0,4,1,0,1,2,10
2021,c,C,7,False,3,6,0,0,0,6,0,4,2,0,2,4,12
2021,c,C,7,False,4,6,1,0,0,6,0,4,1,1,6,2,12
2021,c,C,7,False,5,2,0,0,0,2,0,1,1,0,2,5,4
2021,c,C,7,False,6,6,0,0,0,6,0,4,2,0,5,0,12
2021,c,C,7,True,1,7,3,1,1,4,2,4,0,2,7,3,14
2021,c,C,7,True,2,9,0,0,0,9,0,9,0,0,0,17,18
2021,c,C,7,True,3,3,0,0,0,3,0,1,2,0,3,4,6
2021,c,C,7,True,4,2,0,0,0,2,0,1,1,0,1,0,4
2021,c,C,7,True,5,2,0,0,0,2,0,2,0,0,0,0,4
2021,c,C,7,True,6,1,0,0,0,1,0,1,0,0,0,0,2
2021,c,C,7,True,7,5,0,0,0,5,0,4,1,0,4,13,9
2021,d,C,6,False,1,12,4,3,2,9,1,8,0,1,9,9,36
2021,d,C,6,False,2,4,2,1,1,3,0,2,0,1,7,1,12
2021,d,C,6,False,3,7,0,0,0,7,0,7,0,0,0,6,21
2021,d,C,6,False,4,8,1,1,1,7,0,4,3,0,11,6,24
2021,d,C,6,False,5,2,0,0,0,2,0,0,2,0,2,0,6
2021,d,C,6,False,6,3,0,0,0,3,0,2,1,0,2,2,9
2021,d,C,6,False,7,1,0,0,0,1,0,0,1,0,1,0,3
2021,d,C,6,False,8,1,0,0,0,1,0,1,0,0,0,0,3
2021,d,C,6,False,10,1,0,0,0,1,0,0,1,0,1,0,3
2021,d,C,6,False,16,1,0,0,0,1,0,1,0,0,0,0,3
2021,d,C,6,True,1,8,5,1,1,3,4,2,1,4,12,4,23
2021,d,C,6,True,2,9,0,0,0,9,0,7,2,0,2,11,27
2021,d,C,6,True,3,5,0,0,0,5,0,0,5,0,6,7,15
2021,d,C,6,True,4,2,0,0,0,2,0,2,0,0,0,2,6
2021,d,C,6,True,6,1,0,0,0,1,0,1,0,0,0,0,3
2021,d,C,7,False,1,9,2,1,1,7,1,7,0,1,3,1,18
2021,d,C,7,False,2,7,2,2,2,5,0,4,1,0,10,0,14
2021,d,C,7,False,3,8,0,0,0,8,0,7,1,0,1,1,16
2021,d,C,7,False,4,5,1,1,1,4,0,4,0,0,7,4,10
2021,d,C,7,False,5,4,0,0,0,4,0,2,2,0,2,0,8
2021,d,C,7,False,6,4,0,0,0,4,0,3,1,0,1,0,8
2021,d,C,7,False,7,1,0,0,0,1,0,1,0,0,0,0,2
2021,d,C,7,False,8,1,0,0,0,1,0,1,0,0,0,0,2
2021,d,C,7,False,9,1,0,0,0,1,0,1,0,0,0,0,2
2021,d,C,7,False,16,1,0,0,0,1,0,1,0,0,0,0,2
2021,d,C,7,True,1,6,1,0,0,5,1,5,0,1,1,3,12
2021,d,C,7,True,2,10,1,0,0,9,1,8,1,1,3,8,20
2021,d,C,7,True,3,3,0,0,0,3,0,0,3,0,4,1,6
2021,d,C,7,True,4,4,0,0,0,4,0,3,1,0,1,1,8
2021,d,C,7,True,5,2,0,0,0,2,0,2,0,0,0,1,4
2021,d,C,7,True,6,1,0,0,0,1,0,1,0,0,0,0,2
2021,db,C,6,False,1,9,3,2,1,7,1,5,1,1,8,9,27
2021,db,C,6,False,2,3,2,2,1,1,1,1,0,0,8,3,9
2021,db,C,6,False,3,10,1,0,0,10,0,4,5,1,10,16,30
2021,db,C,6,False,4,4,1,0,0,3,1,2,1,1,9,6,12
2021,db,C,6,False,5,2,0,0,0,2,0,1,1,0,1,0,6
2021,db,C,6,False,6,2,0,0,0,2,0,0,2,0,4,2,6
2021,db,C,6,False,7,3,0,0,0,3,0,2,1,0,2,3,9
2021,db,C,6,False,12,1,0,0,0,1,0,1,0,0,0,0,3
2021,db,C,6,True,1,7,2,2,1,5,1,4,1,0,6,14,20
2021,db,C,6,True,2,9,3,2,2,6,1,4,2,1,10,8,25
2021,db,C,6,True,3,6,0,0,0,6,0,4,2,0,3,2,18
2021,db,C,6,True,4,5,0,0,0,5,0,2,3,0,11,11,15
2021,db,C,6,True,5,3,0,0,0,3,0,0,3,0,4,2,9
2021,db,C,6,True,6,2,0,0,0,2,0,1,1,0,1,1,6
2021,db,C,6,True,9,2,0,0,0,2,0,0,2,0,4,2,6
2021,db,C,7,False,1,9,1,0,0,9,0,8,0,1,2,5,18
2021,db,C,7,False,2,4,0,0,0,4,0,4,0,0,0,2,8
2021,db,C,7,False,3,2,0,0,0,2,0,0,2,0,2,0,4
2021,db,C,7,False,4,6,1,0,0,5,1,5,0,1,4,0,12
2021,db,C,7,False,5,5,0,0,0,5,0,4,1,0,2,3,10
2021,db,C,7,False,6,2,0,0,0,2,0,1,1,0,1,2,4
2021,db,C,7,False,7,2,0,0,0,2,0,2,0,0,0,2,4
2021,db,C,7,False,8,1,0,0,0,1,0,0,1,0,3,0,2
2021,db,C,7,False,9,1,0,0,0,1,0,0,1,0,4,0,2
2021,db,C,7,False,12,1,0,0,0,1,0,1,0,0,0,0,2
2021,db,C,7,True,1,9,3,2,1,6,2,6,0,1,6,11,17
2021,db,C,7,True,2,7,1,1,1,6,0,4,2,0,5,4,13
2021,db,C,7,True,3,4,0,0,0,4,0,3,1,0,1,0,8
2021,db,C,7,True,4,4,0,0,0,4,0,4,0,0,0,2,8
2021,db,C,7,True,5,7,0,0,0,7,0,2,5,0,14,11,14
2021,db,C,7,True,6,1,0,0,0,1,0,1,0,0,0,1,2
2021,db,C,7,True,7,1,0,0,0,1,0,1,0,0,0,0,2
2021,db,C,7,True,11,1,0,0,0,1,0,0,1,0,2,0,2
2021,e,P,6,False,1,6,3,3,2,3,1,2,1,0,11,7,18
2021,e,P,6,False,2,10,3,1,1,8,1,5,2,2,14,7,30
2021,e,P,6,False,3,7,1,1,1,6,0,4,2,0,9,3,21
2021,e,P,6,False,4,1,0,0,0,1,0,1,0,0,0,3,3
2021,e,P,6,False,5,1,0,0,0,1,0,1,0,0,0,0,3
2021,e,P,6,False,6,1,0,0,0,1,0,1,0,0,0,1,3
2021,e,P,6,False,8,1,0,0,0,1,0,1,0,0,0,0,3
2021,e,P,6,False,9,2,0,0,0,2,0,0,2,0,5,0,6
2021,e,P,6,False,12,1,0,0,0,1,0,0,1,0,1,0,3
2021,e,P,6,True,1,13,4,0,0,12,1,7,2,4,11,26,39
2021,e,P,6,True,2,7,0,0,0,7,0,3,4,0,6,17,21
2021,e,P,6,True,3,4,0,0,0,4,0,4,0,0,0,1,12
2021,e,P,6,True,4,1,0,0,0,1,0,1,0,0,0,0,3
2021,e,P,6,True,5,3,0,0,0,3,0,1,2,0,2,0,9
2021,e,P,6,True,6,1,0,0,0,1,0,0,1,0,5,0,3
2021,e,P,7,False,1,4,1,0,0,3,1,2,1,1,2,1,8
2021,e,P,7,False,2,7,1,0,0,6,1,5,1,1,5,4,14
2021,e,P,7,False,3,6,0,0,0,6,0,6,0,0,0,0,12
2021,e,P,7,False,4,2,1,1,1,1,0,0,1,0,7,1,4
2021,e,P,7,False,5,2,0,0,0,2,0,2,0,0,0,0,4
2021,e,P,7,False,6,2,0,0,0,2,0,1,1,0,1,1,4
2021,e,P,7,False,7,1,0,0,0,1,0,1,0,0,0,0,2
2021,e,P,7,False,8,1,0,0,0,1,0,1,0,0,0,0,2
2021,e,P,7,False,9,1,0,0,0,1,0,0,1,0,1,0,2
2021,e,P,7,False,12,1,0,0,0,1,0,0,1,0,1,0,2
2021,e,P,7,True,1,12,4,1,1,10,1,6,2,3,9,19,24
2021,e,P,7,True,2,7,0,0,0,7,0,4,3,0,5,16,14
2021,e,P,7,True,3,5,0,0,0,5,0,4,1,0,2,1,10
2021,e,P,7,True,4,2,0,0,0,2,0,1,1,0,1,1,4
2021,e,P,7,True,5,3,0,0,0,3,0,1,2,0,2,0,6
2021,f,P,6,False,1,11,3,2,1,9,1,7,1,1,12,13,33
2021,f,P,6,False,2,9,0,0,0,9,0,6,3,0,4,8,27
2021,f,P,6,False,3,1,0,0,0,1,0,1,0,0,0,0,3
2021,f,P,6,False,4,4,1,1,0,3,1,3,0,0,5,6,12
2021,f,P,6,False,5,1,0,0,0,1,0,1,0,0,0,1,3
2021,f,P,6,False,6,1,0,0,0,1,0,0,1,0,3,0,3
2021,f,P,6,False,7,1,0,0,0,1,0,1,0,0,0,2,3
2021,f,P,6,False,8,1,0,0,0,1,0,0,1,0,2,0,3
2021,f,P,6,True,1,4,2,1,1,2,1,1,1,1,7,5,12
2021,f,P,6,True,2,8,1,1,1,7,0,6,1,0,4,10,24
2021,f,P,6,True,3,5,1,1,0,4,1,4,0,0,4,7,15
2021,f,P,6,True,4,7,0,0,0,7,0,3,4,0,5,8,21
2021,f,P,6,True,5,4,0,0,0,4,0,2,2,0,2,3,12
2021,f,P,6,True,6,3,0,0,0,3,0,1,2,0,5,4,9
2021,f,P,6,True,8,1,0,0,0,1,0,1,0,0,0,0,3
2021,f,P,6,True,11,1,0,0,0,1,0,0,1,0,4,5,3
2021,f,P,7,False,1,9,2,1,1,8,0,7,0,1,3,5,18
2021,f,P,7,False,2,11,1,0,0,10,1,8,2,1,5,3,22
2021,f,P,7,False,3,2,0,0,0,2,0,1,1,0,1,1,4
2021,f,P,7,False,4,2,0,0,0,2,0,2,0,0,0,4,4
2021,f,P,7,False,5,3,0,0,0,3,0,3,0,0,0,2,6
2021,f,P,7,False,6,1,0,0,0,1,0,0,1,0,3,0,2
2021,f,P,7,False,7,1,0,0,0,1,0,1,0,0,0,2,2
2021,f,P,7,False,8,1,0,0,0,1,0,0,1,0,2,0,2
2021,f,P,7,True,1,7,3,2,2,4,1,3,1,1,8,9,14
2021,f,P,7,True,2,7,0,0,0,7,0,7,0,0,0,9,14
2021,f,P,7,True,3,5,0,0,0,5,0,5,0,0,0,1,10
2021,f,P,7,True,4,6,0,0,0,6,0,3,3,0,5,6,12
2021,f,P,7,True,5,6,0,0,0,6,0,4,2,0,3,7,12
2021,f,P,7,True,6,1,0,0,0,1,0,0,1,0,1,1,2
2021,f,P,7,True,7,1,0,0,0,1,0,1,0,0,0,0,2
2021,f,P,7,True,8,1,0,0,0,1,0,1,0,0,0,0,2
2021,f,P,7,True,12,1,0,0,0,1,0,0,1,0,4,4,2
2021,g,C,6,False,1,7,4,1,1,4,2,2,1,3,9,7,21
2021,g,C,6,False,2,8,0,0,0,8,0,7,1,0,1,3,24
2021,g,C,6,False,3,4,0,0,0,4,0,3,1,0,1,0,10
2021,g,C,6,False,4,3,0,0,0,3,0,3,0,0,0,1,7
2021,g,C,6,False,5,3,0,0,0,3,0,1,2,0,5,2,9
2021,g,C,6,False,6,5,0,0,0,5,0,5,0,0,0,0,15
2021,g,C,6,False,9,1,0,0,0,1,0,0,1,0,1,2,3
2021,g,C,6,True,1,10,4,3,3,6,1,5,1,1,12,6,28
2021,g,C,6,True,2,7,3,0,0,4,3,3,1,3,7,7,21
2021,g,C,6,True,3,6,1,0,0,5,1,0,5,1,12,6,18
2021,g,C,6,True,4,2,0,0,0,2,0,0,2,0,4,9,6
2021,g,C,6,True,5,1,0,0,0,1,0,1,0,0,0,4,3
2021,g,C,6,True,6,1,1,0,0,1,0,0,0,1,6,1,3
2021,g,C,6,True,7,1,0,0,0,1,0,0,1,0,3,4,3
2021,g,C,6,True,8,2,0,0,0,2,0,1,1,0,7,0,6
2021,g,C,7,False,1,6,3,0,0,4,2,3,0,3,6,6,12
2021,g,C,7,False,2,9,0,0,0,9,0,7,2,0,2,1,18
2021,g,C,7,False,3,5,0,0,0,5,0,4,1,0,1,1,10
2021,g,C,7,False,4,1,0,0,0,1,0,1,0,0,0,0,2
2021,g,C,7,False,5,2,0,0,0,2,0,2,0,0,0,0,4
2021,g,C,7,False,6,5,0,0,0,5,0,5,0,0,0,0,10
2021,g,C,7,False,7,1,0,0,0,1,0,0,1,0,1,0,2
2021,g,C,7,False,9,1,0,0,0,1,0,0,1,0,1,2,2
2021,g,C,7,True,1,15,5,3,3,10,2,9,1,2,14,10,28
2021,g,C,7,True,2,6,2,1,1,4,1,3,1,1,7,3,12
2021,g,C,7,True,3,3,0,0,0,3,0,0,3,0,5,4,6
2021,g,C,7,True,4,2,0,0,0,2,0,0,2,0,3,2,4
2021,g,C,7,True,5,2,0,0,0,2,0,1,1,0,1,5,4
2021,g,C,7,True,6,2,1,0,0,2,0,1,0,1,6,4,4
2021,g,C,7,True,7,2,0,0,0,2,0,0,2,0,6,4,4
2021,g,C,7,True,8,1,0,0,0,1,0,1,0,0,0,0,2
2021,h,P,6,False,1,10,5,4,3,5,2,4,1,1,16,6,30
2021,h,P,6,False,2,6,3,0,0,5,1,2,1,3,7,9,18
2021,h,P,6,False,3,6,1,0,0,6,0,5,0,1,3,2,18
2021,h,P,6,False,4,1,0,0,0,1,0,1,0,0,0,3,3
2021,h,P,6,False,5,2,0,0,0,2,0,0,2,0,5,1,6
2021,h,P,6,False,6,1,0,0,0,1,0,1,0,0,0,0,3
2021,h,P,6,False,7,2,0,0,0,2,0,1,1,0,2,0,6
2021,h,P,6,False,8,1,0,0,0,1,0,0,1,0,5,0,3
2021,h,P,6,False,11,1,0,0,0,1,0,0,1,0,3,0,3
2021,h,P,6,False,14,1,0,0,0,1,0,0,1,0,2,0,3
2021,h,P,6,True,1,12,5,2,2,8,2,2,5,3,16,18,35
2021,h,P,6,True,2,4,0,0,0,4,0,3,1,0,1,3,12
2021,h,P,6,True,3,3,1,1,0,2,1,2,0,0,5,2,9
2021,h,P,6,True,4,5,0,0,0,5,0,1,4,0,8,3,15
2021,h,P,6,True,5,3,0,0,0,3,0,2,1,0,3,3,9
2021,h,P,7,False,1,11,5,3,2,7,2,6,0,2,10,7,22
2021,h,P,7,False,2,5,2,0,0,4,1,3,0,2,4,1,10
2021,h,P,7,False,3,7,1,1,1,6,0,4,2,0,8,1,14
2021,h,P,7,False,4,2,0,0,0,2,0,1,1,0,1,0,4
2021,h,P,7,False,5,2,0,0,0,2,0,1,1,0,1,1,4
2021,h,P,7,False,6,3,0,0,0,3,0,1,2,0,4,0,6
2021,h,P,7,False,7,2,0,0,0,2,0,2,0,0,0,0,4
2021,h,P,7,False,9,1,0,0,0,1,0,0,1,0,1,0,2
2021,h,P,7,False,12,1,0,0,0,1,0,1,0,0,0,0,2
2021,h,P,7,True,1,14,6,2,2,9,3,5,3,4,15,15,28
2021,h,P,7,True,2,3,0,0,0,3,0,3,0,0,0,0,6
2021,h,P,7,True,3,6,0,0,0,6,0,3,3,0,4,3,12
2021,h,P,7,True,4,2,0,0,0,2,0,1,1,0,1,0,4
2021,h,P,7,True,5,2,0,0,0,2,0,1,1,0,1,0,4
2021,h,P,7,True,6,1,0,0,0,1,0,0,1,0,3,0,2
2021,h,P,7,True,8,1,0,0,0,1,0,1,0,0,0,0,2
2021,l,P,6,False,1,12,7,3,3,7,2,5,0,4,14,8,36
2021,l,P,6,False,2,9,2,1,1,7,1,4,3,1,10,15,27
2021,l,P,6,False,3,4,2,1,1,2,1,1,1,1,10,0,12
2021,l,P,6,False,4,2,1,0,0,1,1,1,0,1,4,0,6
2021,l,P,6,False,5,5,0,0,0,5,0,1,4,0,6,5,15
2021,l,P,6,False,6,1,0,0,0,1,0,1,0,0,0,0,3
2021,l,P,6,False,8,1,0,0,0,1,0,1,0,0,0,1,3
2021,l,P,6,False,9,1,0,0,0,1,0,0,1,0,1,0,3
2021,l,P,6,True,1,8,3,1,1,6,1,4,1,2,5,12,24
2021,l,P,6,True,2,10,3,1,1,8,1,3,4,2,13,6,29
2021,l,P,6,True,3,8,1,0,0,7,1,2,5,1,14,14,24
2021,l,P,6,True,4,3,0,0,0,3,0,2,1,0,1,4,9
2021,l,P,6,True,5,2,0,0,0,2,0,1,1,0,3,6,6
2021,l,P,6,True,6,2,0,0,0,2,0,1,1,0,1,3,6
2021,l,P,6,True,9,2,0,0,0,2,0,2,0,0,0,2,6
2021,l,P,7,False,1,12,4,2,2,9,1,8,0,2,9,5,24
2021,l,P,7,False,2,8,3,1,1,5,2,4,1,2,8,6,16
2021,l,P,7,False,3,7,2,1,1,5,1,4,1,1,10,4,14
2021,l,P,7,False,4,3,0,0,0,3,0,3,0,0,0,0,6
2021,l,P,7,False,5,1,0,0,0,1,0,0,1,0,2,0,2
2021,l,P,7,False,6,1,0,0,0,1,0,1,0,0,0,0,2
2021,l,P,7,False,8,2,0,0,0,2,0,2,0,0,0,1,4
2021,l,P,7,False,9,1,0,0,0,1,0,0,1,0,1,0,2
2021,l,P,7,False,10,1,0,0,0,1,0,1,0,0,0,0,2
2021,l,P,7,True,1,8,1,0,0,7,1,6,1,1,2,5,16
2021,l,P,7,True,2,7,1,1,1,6,0,3,3,0,7,4,13
2021,l,P,7,True,3,7,0,0,0,7,0,3,4,0,5,7,14
2021,l,P,7,True,4,2,0,0,0,2,0,2,0,0,0,0,4
2021,l,P,7,True,5,5,0,0,0,5,0,3,2,0,2,6,10
2021,l,P,7,True,6,2,0,0,0,2,0,1,1,0,3,6,4
2021,l,P,7,True,9,2,0,0,0,2,0,2,0,0,0,2,4
2021,m,P,6,False,1,11,6,3,2,6,3,4,1,3,17,14,33
2021,m,P,6,False,2,6,4,1,1,3,2,2,0,3,10,1,18
2021,m,P,6,False,3,3,1,0,0,2,1,1,1,1,5,0,9
2021,m,P,6,False,4,5,0,0,0,5,0,4,1,0,1,10,15
2021,m,P,6,False,5,2,1,1,1,1,0,0,1,0,9,2,6
2021,m,P,6,False,6,2,0,0,0,2,0,1,1,0,4,3,6
2021,m,P,6,True,1,6,2,2,2,4,0,4,0,0,6,7,16
2021,m,P,6,True,2,7,1,0,0,6,1,2,4,1,9,12,21
2021,m,P,6,True,3,3,1,0,0,2,1,0,2,1,7,3,9
2021,m,P,6,True,4,6,0,0,0,6,0,3,3,0,5,5,18
2021,m,P,6,True,5,5,1,1,1,4,0,4,0,0,6,9,15
2021,m,P,6,True,7,1,0,0,0,1,0,0,1,0,2,2,3
2021,m,P,6,True,8,1,0,0,0,1,0,0,1,0,2,1,3
2021,m,P,6,True,9,1,0,0,0,1,0,0,1,0,4,3,3
2021,m,P,7,False,1,8,4,2,2,4,2,3,1,2,8,1,16
2021,m,P,7,False,2,6,4,0,0,3,3,2,0,4,8,1,12
2021,m,P,7,False,3,5,2,0,0,3,2,2,1,2,8,2,10
2021,m,P,7,False,4,5,0,0,0,5,0,5,0,0,0,8,10
2021,m,P,7,False,5,1,0,0,0,1,0,0,1,0,1,2,2
2021,m,P,7,False,6,1,0,0,0,1,0,0,1,0,4,0,2
2021,m,P,7,False,8,1,0,0,0,1,0,1,0,0,0,1,2
2021,m,P,7,True,1,10,2,2,2,8,0,7,1,0,8,11,18
2021,m,P,7,True,2,5,3,1,1,2,2,2,0,2,7,5,10
2021,m,P,7,True,3,1,0,0,0,1,0,1,0,0,0,0,2
2021,m,P,7,True,4,3,0,0,0,3,0,1,2,0,2,0,6
2021,m,P,7,True,5,8,0,0,0,8,0,5,3,0,7,3,16
2021,m,P,7,True,8,1,0,0,0,1,0,1,0,0,0,5,2
2021,m,P,7,True,9,3,0,0,0,3,0,0,3,0,7,2,6
2021,s,C,6,False,1,6,3,3,2,4,0,2,1,0,13,5,18
2021,s,C,6,False,2,7,2,2,1,6,0,4,1,0,10,11,21
2021,s,C,6,False,3,4,1,1,1,3,0,1,2,0,7,2,12
2021,s,C,6,False,4,2,1,0,0,1,1,0,1,1,8,2,6
2021,s,C,6,False,6,1,0,0,0,1,0,1,0,0,0,4,3
2021,s,C,6,False,7,2,0,0,0,2,0,1,1,0,6,2,6
2021,s,C,6,False,9,1,0,0,0,1,0,1,0,0,0,2,3
2021,s,C,6,True,1,9,4,1,1,7,1,4,1,3,8,9,26
2021,s,C,6,True,2,4,2,1,1,2,1,2,0,1,7,4,11
2021,s,C,6,True,3,4,0,0,0,4,0,1,3,0,4,6,12
2021,s,C,6,True,4,4,0,0,0,4,0,1,3,0,5,3,12
2021,s,C,6,True,5,2,0,0,0,2,0,0,2,0,2,3,6
2021,s,C,6,True,7,1,0,0,0,1,0,0,1,0,1,1,3
2021,s,C,7,False,1,4,0,0,0,4,0,4,0,0,0,0,8
2021,s,C,7,False,2,6,2,2,2,4,0,3,1,0,9,2,12
2021,s,C,7,False,3,3,1,1,1,2,0,1,1,0,5,0,6
2021,s,C,7,False,4,1,0,0,0,1,0,0,1,0,1,0,2
2021,s,C,7,False,5,2,0,0,0,2,0,0,2,0,5,0,4
2021,s,C,7,False,7,1,0,0,0,1,0,1,0,0,0,0,2
2021,s,C,7,False,8,1,0,0,0,1,0,1,0,0,0,0,2
2021,s,C,7,False,10,1,0,0,0,1,0,1,0,0,0,0,2
2021,s,C,7,False,11,1,0,0,0,1,0,1,0,0,0,0,2
2021,s,C,7,True,1,9,3,1,1,7,1,5,1,2,7,11,17
2021,s,C,7,True,2,4,1,0,0,3,1,3,0,1,2,4,8
2021,s,C,7,True,3,8,0,0,0,8,0,3,5,0,6,8,16
2021,s,C,7,True,4,4,0,0,0,4,0,2,2,0,3,4,8
2021,s,C,7,True,6,2,0,0,0,2,0,2,0,0,0,1,4
2021,t,C,6,False,1,10,3,1,1,7,2,6,1,2,8,6,30
2021,t,C,6,False,2,5,0,0,0,5,0,2,3,0,4,5,15
2021,t,C,6,False,3,7,2,0,0,6,1,4,1,2,9,12,21
2021,t,C,6,False,4,1,0,0,0,1,0,1,0,0,0,3,3
2021,t,C,6,False,5,1,0,0,0,1,0,1,0,0,0,1,3
2021,t,C,6,False,7,1,0,0,0,1,0,0,1,0,1,0,3
2021,t,C,6,True,1,9,4,3,3,5,1,5,0,1,9,18,26
2021,t,C,6,True,2,5,2,1,1,3,1,2,1,1,10,2,14
2021,t,C,6,True,3,3,0,0,0,3,0,2,1,0,2,2,9
2021,t,C,6,True,4,2,0,0,0,2,0,0,2,0,4,8,6
2021,t,C,6,True,5,3,0,0,0,3,0,1,2,0,4,9,9
2021,t,C,6,True,6,6,0,0,0,6,0,6,0,0,0,15,18
2021,t,C,7,False,1,10,3,2,2,7,1,6,1,1,10,3,20
2021,t,C,7,False,2,8,2,1,1,6,1,3,3,1,11,5,16
2021,t,C,7,False,3,3,0,0,0,3,0,2,1,0,2,2,6
2021,t,C,7,False,4,2,0,0,0,2,0,2,0,0,0,1,4
2021,t,C,7,False,5,3,0,0,0,3,0,3,0,0,0,2,6
2021,t,C,7,False,6,1,0,0,0,1,0,1,0,0,0,0,2
2021,t,C,7,False,7,1,0,0,0,1,0,1,0,0,0,0,2
2021,t,C,7,True,1,7,1,1,1,6,0,6,0,0,2,11,14
2021,t,C,7,True,2,3,0,0,0,3,0,2,1,0,2,2,6
2021,t,C,7,True,3,6,1,1,1,5,0,4,1,0,5,10,12
2021,t,C,7,True,5,3,0,0,0,3,0,0,3,0,6,7,6
2021,t,C,7,True,6,3,0,0,0,3,0,3,0,0,0,7,6
2021,t,C,7,True,7,3,0,0,0,3,0,3,0,0,0,5,6
2021,t,C,7,True,10,1,0,0,0,1,0,1,0,0,0,0,2
2022,b,P,6,False,1,4,2,2,2,2,0,2,0,0,6,2,12
2022,b,P,6,False,2,7,2,1,1,6,0,3,2,1,8,9,22
2022,b,P,6,False,3,6,2,1,1,5,0,3,1,1,8,7,21
2022,b,P,6,False,4,7,0,0,0,7,0,3,4,0,8,7,21
2022,b,P,6,False,6,3,0,0,0,3,0,1,2,0,5,0,9
2022,b,P,6,True,1,5,2,1,1,4,0,2,1,1,4,8,16
2022,b,P,6,True,2,7,1,1,1,6,0,3,3,0,7,14,23
2022,b,P,6,True,3,4,0,0,0,4,0,4,0,0,0,7,10
2022,b,P,6,True,4,3,0,0,0,3,0,1,2,0,2,6,9
2022,b,P,6,True,5,2,0,0,0,2,0,1,1,0,3,0,6
2022,b,P,6,True,6,2,0,0,0,2,0,0,2,0,2,0,6
2022,b,P,6,True,8,1,0,0,0,1,0,0,1,0,4,4,3
2022,b,P,7,False,1,7,2,2,2,5,0,5,0,0,4,2,14
2022,b,P,7,False,2,6,1,1,1,5,0,5,0,0,3,4,13
2022,b,P,7,False,3,4,2,1,1,3,0,1,1,1,8,1,11
2022,b,P,7,False,4,4,0,0,0,4,0,4,0,0,0,1,8
2022,b,P,7,False,5,3,0,0,0,3,0,2,1,0,2,0,6
2022,b,P,7,False,6,2,0,0,0,2,0,1,1,0,2,0,4
2022,b,P,7,False,7,2,0,0,0,2,0,0,2,0,4,0,4
2022,b,P,7,False,8,1,0,0,0,1,0,0,1,0,2,0,2
2022,b,P,7,True,1,6,2,1,1,5,0,3,1,1,5,7,15
2022,b,P,7,True,2,5,1,1,1,4,0,1,3,0,7,5,12
2022,b,P,7,True,3,2,0,0,0,2,0,2,0,0,0,3,4
2022,b,P,7,True,4,4,0,0,0,4,0,2,2,0,3,4,8
2022,b,P,7,True,5,2,0,0,0,2,0,2,0,0,0,0,4
2022,b,P,7,True,6,4,0,0,0,4,0,0,4,0,4,6,8
2022,b,P,7,True,7,1,0,0,0,1,0,1,0,0,0,0,2
2022,c,C,6,False,1,8,2,2,2,6,0,6,0,0,5,2,24
2022,c,C,6,False,2,7,3,1,1,6,0,1,3,2,12,8,21
2022,c,C,6,False,3,8,1,0,0,8,0,3,4,1,11,7,26
2022,c,C,6,False,4,5,1,0,0,5,0,2,2,1,6,3,15
2022,c,C,6,False,5,1,0,0,0,1,0,0,1,0,1,1,3
2022,c,C,6,False,6,2,0,0,0,2,0,2,0,0,0,2,6
2022,c,C,6,False,8,2,0,0,0,2,0,2,0,0,0,2,6
2022,c,C,6,False,10,1,0,0,0,1,0,1,0,0,0,1,3
2022,c,C,6,True,1,8,3,3,2,6,0,4,1,0,8,10,25
2022,c,C,6,True,2,3,1,1,1,2,0,1,1,0,6,8,8
2022,c,C,6,True,3,6,0,0,0,6,0,5,1,0,1,8,18
2022,c,C,6,True,4,2,1,1,1,1,0,1,0,0,5,0,6
2022,c,C,6,True,5,2,0,0,0,2,0,0,2,0,2,2,6
2022,c,C,6,True,6,3,0,0,0,3,0,2,1,0,1,5,9
2022,c,C,7,False,1,12,2,1,1,11,0,10,0,1,3,2,24
2022,c,C,7,False,2,6,2,1,1,5,0,3,1,1,8,7,12
2022,c,C,7,False,3,4,0,0,0,4,0,3,1,0,1,1,8
2022,c,C,7,False,4,5,0,0,0,5,0,3,2,0,2,3,10
2022,c,C,7,False,6,3,0,0,0,3,0,2,1,0,2,2,6
2022,c,C,7,False,8,1,0,0,0,1,0,1,0,0,0,0,2
2022,c,C,7,False,10,2,0,0,0,2,0,2,0,0,0,1,4
2022,c,C,7,True,1,6,1,1,1,5,0,5,0,0,2,2,12
2022,c,C,7,True,2,6,0,0,0,6,0,4,2,0,3,14,12
2022,c,C,7,True,3,7,1,1,1,6,0,6,0,0,4,6,14
2022,c,C,7,True,4,2,0,0,0,2,0,2,0,0,0,2,4
2022,c,C,7,True,5,1,0,0,0,1,0,0,1,0,1,0,2
2022,c,C,7,True,6,3,0,0,0,3,0,2,1,0,1,5,6
2022,d,C,6,False,1,12,2,1,1,11,0,10,0,1,4,8,40
2022,d,C,6,False,2,8,1,0,0,8,0,6,1,1,3,5,24
2022,d,C,6,False,3,2,1,1,1,1,0,0,1,0,7,5,7
2022,d,C,6,False,4,5,0,0,0,5,0,4,1,0,2,9,15
2022,d,C,6,False,5,6,0,0,0,6,0,5,1,0,3,1,18
2022,d,C,6,False,6,3,0,0,0,3,0,2,1,0,1,9,9
2022,d,C,6,False,10,2,0,0,0,2,0,1,1,0,1,0,6
2022,d,C,6,True,1,9,4,4,4,5,0,5,0,0,9,7,25
2022,d,C,6,True,2,10,1,1,1,9,0,8,1,0,6,12,29
2022,d,C,6,True,3,4,0,0,0,4,0,2,2,0,4,4,12
2022,d,C,6,True,4,3,0,0,0,3,0,1,2,0,6,4,9
2022,d,C,6,True,5,2,0,0,0,2,0,0,2,0,5,1,6
2022,d,C,6,True,6,2,0,0,0,2,0,2,0,0,0,1,6
2022,d,C,6,True,7,2,0,0,0,2,0,1,1,0,2,6,6
2022,d,C,7,False,1,10,1,1,1,9,0,9,0,0,3,6,20
2022,d,C,7,False,2,9,1,0,0,9,0,7,1,1,3,2,18
2022,d,C,7,False,3,3,0,0,0,3,0,1,2,0,2,2,6
2022,d,C,7,False,4,3,1,1,1,2,0,2,0,0,6,2,7
2022,d,C,7,False,5,6,0,0,0,6,0,6,0,0,0,1,12
2022,d,C,7,False,6,4,0,0,0,4,0,3,1,0,1,4,8
2022,d,C,7,False,8,1,0,0,0,1,0,1,0,0,0,0,2
2022,d,C,7,False,9,1,0,0,0,1,0,1,0,0,0,1,2
2022,d,C,7,False,10,2,0,0,0,2,0,1,1,0,1,0,4
2022,d,C,7,True,1,9,3,3,3,6,0,6,0,0,6,7,17
2022,d,C,7,True,2,9,0,0,0,9,0,8,1,0,1,7,18
2022,d,C,7,True,3,4,0,0,0,4,0,2,2,0,4,3,8
2022,d,C,7,True,4,2,0,0,0,2,0,2,0,0,0,1,4
2022,d,C,7,True,5,4,0,0,0,4,0,1,3,0,7,4,8
2022,d,C,7,True,6,3,0,0,0,3,0,2,1,0,1,1,6
2022,d,C,7,True,8,1,0,0,0,1,0,1,0,0,0,2,2
2022,db,C,6,False,1,10,2,1,1,9,0,8,0,1,7,7,34
2022,db,C,6,False,2,5,0,0,0,5,0,2,3,0,4,7,15
2022,db,C,6,False,3,6,0,0,0,6,0,4,2,0,3,3,18
2022,db,C,6,False,4,3,0,0,0,3,0,2,1,0,2,1,9
2022,db,C,6,False,5,1,0,0,0,1,0,1,0,0,0,1,3
2022,db,C,6,False,6,3,0,0,0,3,0,1,2,0,2,2,9
2022,db,C,6,False,7,2,0,0,0,2,0,0,2,0,2,1,6
2022,db,C,6,False,8,1,0,0,0,1,0,0,1,0,3,0,3
2022,db,C,6,False,14,1,0,0,0,1,0,0,1,0,1,1,3
2022,db,C,6,False,15,1,0,0,0,1,0,0,1,0,2,2,3
2022,db,C,6,True,1,9,2,1,0,9,0,7,0,1,4,14,30
2022,db,C,6,True,2,3,0,0,0,3,0,2,1,0,1,6,9
2022,db,C,6,True,3,4,0,0,0,4,0,2,2,0,3,5,12
2022,db,C,6,True,5,1,0,0,0,1,0,1,0,0,0,2,3
2022,db,C,6,True,6,4,0,0,0,4,0,2,2,0,3,10,12
2022,db,C,6,True,7,4,0,0,0,4,0,2,2,0,4,3,12
2022,db,C,7,False,1,10,2,1,1,9,0,8,0,1,7,3,24
2022,db,C,7,False,2,6,0,0,0,6,0,4,2,0,3,4,12
2022,db,C,7,False,3,3,0,0,0,3,0,3,0,0,0,0,6
2022,db,C,7,False,4,3,0,0,0,3,0,2,1,0,2,0,6
2022,db,C,7,False,5,2,0,0,0,2,0,1,1,0,2,0,4
2022,db,C,7,False,6,3,0,0,0,3,0,2,1,0,1,0,6
2022,db,C,7,False,7,2,0,0,0,2,0,1,1,0,1,0,4
2022,db,C,7,False,8,3,0,0,0,3,0,0,3,0,5,0,6
2022,db,C,7,False,15,1,0,0,0,1,0,0,1,0,1,0,2
2022,db,C,7,False,17,1,0,0,0,1,0,0,1,0,2,0,2
2022,db,C,7,True,1,10,1,0,0,10,0,9,0,1,2,12,23
2022,db,C,7,True,2,4,0,0,0,4,0,3,1,0,1,5,8
2022,db,C,7,True,3,2,0,0,0,2,0,2,0,0,0,4,4
2022,db,C,7,True,4,1,0,0,0,1,0,1,0,0,0,0,2
2022,db,C,7,True,5,1,0,0,0,1,0,1,0,0,0,3,2
2022,db,C,7,True,6,4,0,0,0,4,0,3,1,0,2,4,8
2022,db,C,7,True,7,3,0,0,0,3,0,2,1,0,2,0,6
2022,db,C,7,True,10,1,0,0,0,1,0,1,0,0,0,2,2
2022,e,P,6,False,1,10,4,3,3,7,0,6,0,1,11,12,32
2022,e,P,6,False,2,4,2,0,0,3,1,2,0,2,4,1,16
2022,e,P,6,False,3,8,0,0,0,8,0,5,3,0,5,12,24
2022,e,P,6,False,4,3,0,0,0,3,0,2,1,0,2,6,9
2022,e,P,6,False,6,2,0,0,0,2,0,1,1,0,1,1,6
2022,e,P,6,False,7,1,0,0,0,1,0,0,1,0,1,1,3
2022,e,P,6,True,1,13,2,1,1,12,0,11,0,1,4,12,41
2022,e,P,6,True,2,7,2,1,1,6,0,4,1,1,6,2,22
2022,e,P,6,True,3,9,4,3,3,5,1,2,3,1,23,4,30
2022,e,P,6,True,4,7,0,0,0,7,0,4,3,0,3,12,21
2022,e,P,6,True,5,4,0,0,0,4,0,2,2,0,3,5,12
2022,e,P,6,True,6,1,0,0,0,1,0,0,1,0,3,1,3
2022,e,P,6,True,12,1,0,0,0,1,0,0,1,0,5,2,3
2022,e,P,7,False,1,12,5,3,3,8,1,7,0,2,8,8,29
2022,e,P,7,False,2,4,0,0,0,4,0,3,1,0,1,3,8
2022,e,P,7,False,3,5,0,0,0,5,0,3,2,0,3,4,10
2022,e,P,7,False,4,3,0,0,0,3,0,3,0,0,0,1,6
2022,e,P,7,False,5,3,0,0,0,3,0,3,0,0,0,0,6
2022,e,P,7,False,6,3,0,0,0,3,0,3,0,0,0,4,6
2022,e,P,7,False,8,1,0,0,0,1,0,0,1,0,1,0,2
2022,e,P,7,True,1,10,0,0,0,10,0,10,0,0,0,4,20
2022,e,P,7,True,2,7,1,1,1,6,0,6,0,0,3,1,13
2022,e,P,7,True,3,5,1,1,1,4,0,2,2,0,7,2,12
2022,e,P,7,True,4,6,0,0,0,6,0,5,1,0,1,3,12
2022,e,P,7,True,5,6,0,0,0,6,0,1,5,0,7,7,12
2022,e,P,7,True,6,1,0,0,0,1,0,0,1,0,1,3,2
2022,e,P,7,True,7,2,0,0,0,2,0,2,0,0,0,2,4
2022,f,P,6,False,1,9,4,1,1,8,0,5,0,3,6,22,28
2022,f,P,6,False,2,11,1,1,1,10,0,8,2,0,9,13,34
2022,f,P,6,False,3,8,0,0,0,8,0,8,0,0,0,5,24
2022,f,P,6,False,4,7,0,0,0,7,0,3,4,0,6,6,21
2022,f,P,6,False,6,1,0,0,0,1,0,0,1,0,1,1,3
2022,f,P,6,False,7,1,0,0,0,1,0,1,0,0,0,0,3
2022,f,P,6,True,1,9,4,2,2,6,1,2,3,2,13,13,29
2022,f,P,6,True,2,12,0,0,0,12,0,8,4,0,5,14,36
2022,f,P,6,True,3,6,0,0,0,6,0,4,2,0,3,12,18
2022,f,P,6,True,4,3,0,0,0,3,0,2,1,0,1,3,9
2022,f,P,6,True,6,1,0,0,0,1,0,1,0,0,0,4,3
2022,f,P,6,True,7,1,0,0,0,1,0,0,1,0,2,2,3
2022,f,P,7,False,1,7,3,1,1,6,0,4,0,2,4,10,15
2022,f,P,7,False,2,12,2,1,1,11,0,9,1,1,10,17,25
2022,f,P,7,False,3,10,0,0,0,10,0,10,0,0,0,5,20
2022,f,P,7,False,4,6,0,0,0,6,0,3,3,0,4,3,12
2022,f,P,7,False,6,2,0,0,0,2,0,2,0,0,0,1,4
2022,f,P,7,False,7,2,0,0,0,2,0,2,0,0,0,0,4
2022,f,P,7,True,1,7,1,1,1,6,0,5,1,0,5,12,14
2022,f,P,7,True,2,9,0,0,0,9,0,6,3,0,3,5,18
2022,f,P,7,True,3,5,0,0,0,5,0,4,1,0,1,3,10
2022,f,P,7,True,4,2,0,0,0,2,0,2,0,0,0,2,4
2022,f,P,7,True,5,1,0,0,0,1,0,0,1,0,2,0,2
2022,f,P,7,True,6,3,0,0,0,3,0,3,0,0,0,4,6
2022,f,P,7,True,7,2,0,0,0,2,0,1,1,0,2,3,4
2022,g,C,6,False,1,9,1,1,1,8,0,8,0,0,2,7,27
2022,g,C,6,False,2,15,2,1,1,14,0,12,1,1,8,21,45
2022,g,C,6,False,3,1,0,0,0,1,0,1,0,0,0,0,3
2022,g,C,6,False,4,1,0,0,0,1,0,1,0,0,0,0,3
2022,g,C,6,False,5,2,0,0,0,2,0,1,1,0,3,0,6
2022,g,C,6,False,6,1,0,0,0,1,0,1,0,0,0,0,3
2022,g,C,6,False,8,2,0,0,0,2,0,1,1,0,1,5,6
2022,g,C,6,False,9,1,0,0,0,1,0,0,1,0,4,5,3
2022,g,C,6,False,11,1,0,0,0,1,0,0,1,0,2,0,3
2022,g,C,6,True,1,13,6,3,3,9,1,6,1,3,16,26,42
2022,g,C,6,True,2,3,1,1,1,2,0,0,2,0,6,3,9
2022,g,C,6,True,3,3,1,1,1,2,0,0,2,0,7,2,8
2022,g,C,6,True,4,4,0,0,0,4,0,2,2,0,2,2,12
2022,g,C,6,True,5,3,0,0,0,3,0,2,1,0,2,11,9
2022,g,C,6,True,6,1,0,0,0,1,0,0,1,0,1,1,3
2022,g,C,6,True,11,1,0,0,0,1,0,0,1,0,4,0,3
2022,g,C,7,False,1,7,1,1,1,6,0,6,0,0,2,2,14
2022,g,C,7,False,2,10,1,0,0,10,0,8,1,1,3,5,20
2022,g,C,7,False,3,4,0,0,0,4,0,4,0,0,0,2,8
2022,g,C,7,False,4,2,0,0,0,2,0,1,1,0,2,0,4
2022,g,C,7,False,5,2,0,0,0,2,0,2,0,0,0,1,4
2022,g,C,7,False,6,3,0,0,0,3,0,3,0,0,0,2,6
2022,g,C,7,False,7,1,0,0,0,1,0,1,0,0,0,0,2
2022,g,C,7,False,9,1,0,0,0,1,0,1,0,0,0,4,2
2022,g,C,7,False,11,1,0,0,0,1,0,0,1,0,2,0,2
2022,g,C,7,False,12,1,0,0,0,1,0,0,1,0,3,1,2
2022,g,C,7,True,1,13,4,2,2,10,1,8,1,2,13,25,28
2022,g,C,7,True,2,5,1,1,1,4,0,2,2,0,6,6,10
2022,g,C,7,True,3,4,0,0,0,4,0,3,1,0,1,5,8
2022,g,C,7,True,4,2,0,0,0,2,0,2,0,0,0,0,4
2022,g,C,7,True,5,1,0,0,0,1,0,1,0,0,0,2,2
2022,g,C,7,True,6,2,0,0,0,2,0,1,1,0,1,6,4
2022,g,C,7,True,7,2,0,0,0,2,0,2,0,0,0,1,4
2022,h,P,6,False,1,9,6,4,4,5,0,2,1,2,14,5,30
2022,h,P,6,False,2,11,1,1,1,10,0,8,2,0,7,6,35
2022,h,P,6,False,3,5,0,0,0,5,0,2,3,0,4,5,15
2022,h,P,6,False,4,3,0,0,0,3,0,1,2,0,2,0,9
2022,h,P,6,False,5,1,0,0,0,1,0,1,0,0,0,0,3
2022,h,P,6,False,6,1,0,0,0,1,0,1,0,0,0,0,3
2022,h,P,6,False,8,1,0,0,0,1,0,1,0,0,0,0,3
2022,h,P,6,False,9,1,0,0,0,1,0,0,1,0,2,0,3
2022,h,P,6,True,1,6,4,2,1,5,0,2,0,2,8,13,20
2022,h,P,6,True,2,9,1,0,0,9,0,4,4,1,7,11,27
2022,h,P,6,True,3,4,0,0,0,4,0,4,0,0,0,4,12
2022,h,P,6,True,4,2,0,0,0,2,0,1,1,0,1,7,6
2022,h,P,6,True,5,1,0,0,0,1,0,0,1,0,1,2,3
2022,h,P,6,True,6,1,0,0,0,1,0,1,0,0,0,0,3
2022,h,P,6,True,7,1,0,0,0,1,0,0,1,0,1,4,3
2022,h,P,6,True,9,1,0,0,0,1,0,0,1,0,1,0,3
2022,h,P,6,True,16,1,0,0,0,1,0,0,1,0,2,0,3
2022,h,P,7,False,1,5,2,1,1,4,0,3,0,1,4,3,13
2022,h,P,7,False,2,10,1,1,1,9,0,7,2,0,6,2,22
2022,h,P,7,False,3,7,0,0,0,7,0,4,3,0,4,2,14
2022,h,P,7,False,4,2,0,0,0,2,0,1,1,0,1,0,4
2022,h,P,7,False,5,3,0,0,0,3,0,2,1,0,2,0,6
2022,h,P,7,False,6,1,0,0,0,1,0,1,0,0,0,0,2
2022,h,P,7,False,8,2,0,0,0,2,0,1,1,0,1,0,4
2022,h,P,7,True,1,5,3,1,1,4,0,2,0,2,6,5,11
2022,h,P,7,True,2,7,0,0,0,7,0,6,1,0,2,5,14
2022,h,P,7,True,3,6,0,0,0,6,0,5,1,0,1,6,12
2022,h,P,7,True,4,2,0,0,0,2,0,1,1,0,1,7,4
2022,h,P,7,True,5,1,0,0,0,1,0,0,1,0,1,1,2
2022,h,P,7,True,6,2,0,0,0,2,0,1,1,0,1,1,4
2022,h,P,7,True,9,1,0,0,0,1,0,0,1,0,1,0,2
2022,h,P,7,True,11,1,0,0,0,1,0,0,1,0,1,0,2
2022,h,P,7,True,16,1,0,0,0,1,0,0,1,0,2,0,2
2022,l,P,6,False,1,11,5,2,2,9,0,5,1,3,11,9,39
2022,l,P,6,False,2,9,0,0,0,9,0,7,2,0,3,16,27
2022,l,P,6,False,3,8,0,0,0,8,0,2,6,0,8,17,24
2022,l,P,6,False,4,2,0,0,0,2,0,1,1,0,1,1,6
2022,l,P,6,False,5,1,0,0,0,1,0,0,1,0,2,0,3
2022,l,P,6,False,6,2,0,0,0,2,0,1,1,0,1,2,6
2022,l,P,6,True,1,10,4,3,3,7,0,6,0,1,10,15,31
2022,l,P,6,True,2,8,1,1,0,7,1,5,2,0,6,9,27
2022,l,P,6,True,3,5,1,1,1,4,0,2,2,0,6,2,14
2022,l,P,6,True,4,1,0,0,0,1,0,1,0,0,0,3,3
2022,l,P,6,True,5,1,0,0,0,1,0,1,0,0,0,2,3
2022,l,P,6,True,6,1,0,0,0,1,0,1,0,0,0,0,3
2022,l,P,7,False,1,7,1,0,0,7,0,5,1,1,2,2,15
2022,l,P,7,False,2,6,0,0,0,6,0,5,1,0,1,2,12
2022,l,P,7,False,3,4,0,0,0,4,0,3,1,0,1,0,8
2022,l,P,7,False,4,8,0,0,0,8,0,7,1,0,2,7,16
2022,l,P,7,False,5,3,0,0,0,3,0,1,2,0,3,0,6
2022,l,P,7,False,6,2,0,0,0,2,0,1,1,0,2,0,4
2022,l,P,7,False,8,2,0,0,0,2,0,0,2,0,2,0,4
2022,l,P,7,True,1,11,4,3,3,8,0,7,0,1,8,4,23
2022,l,P,7,True,2,8,0,0,0,8,0,8,0,0,0,14,16
2022,l,P,7,True,3,6,0,0,0,6,0,3,3,0,4,0,12
2022,l,P,7,True,4,1,0,0,0,1,0,1,0,0,0,3,2
2022,l,P,7,True,5,1,0,0,0,1,0,1,0,0,0,2,2
2022,l,P,7,True,6,1,0,0,0,1,0,1,0,0,0,0,2
2022,m,P,6,False,1,10,3,1,1,9,0,7,0,2,5,7,30
2022,m,P,6,False,2,8,3,2,0,8,0,2,3,1,13,14,26
2022,m,P,6,False,3,1,0,0,0,1,0,1,0,0,0,0,3
2022,m,P,6,False,4,6,1,1,1,5,0,4,1,0,8,8,18
2022,m,P,6,False,5,2,0,0,0,2,0,0,2,0,5,5,6
2022,m,P,6,False,6,2,0,0,0,2,0,1,1,0,2,2,6
2022,m,P,6,False,8,1,0,0,0,1,0,1,0,0,0,2,3
2022,m,P,6,False,9,1,0,0,0,1,0,1,0,0,0,0,3
2022,m,P,6,False,11,1,0,0,0,1,0,1,0,0,0,3,3
2022,m,P,6,True,1,8,5,3,3,5,0,2,1,2,12,5,25
2022,m,P,6,True,2,9,4,3,3,6,0,1,4,1,19,11,26
2022,m,P,6,True,3,4,0,0,0,4,0,4,0,0,0,3,12
2022,m,P,6,True,4,5,0,0,0,5,0,2,3,0,6,8,15
2022,m,P,6,True,6,4,0,0,0,4,0,3,1,0,1,15,12
2022,m,P,6,True,10,1,0,0,0,1,0,0,1,0,1,4,3
2022,m,P,7,False,1,12,2,2,2,10,0,10,0,0,6,4,25
2022,m,P,7,False,2,7,2,2,0,7,0,3,2,0,10,14,16
2022,m,P,7,False,3,3,0,0,0,3,0,3,0,0,0,0,6
2022,m,P,7,False,4,4,1,1,1,3,0,3,0,0,7,3,8
2022,m,P,7,False,5,2,0,0,0,2,0,1,1,0,3,9,4
2022,m,P,7,False,6,1,0,0,0,1,0,1,0,0,0,0,2
2022,m,P,7,False,7,1,0,0,0,1,0,0,1,0,1,0,2
2022,m,P,7,False,9,1,0,0,0,1,0,1,0,0,0,0,2
2022,m,P,7,False,10,1,0,0,0,1,0,1,0,0,0,0,2
2022,m,P,7,False,14,1,0,0,0,1,0,1,0,0,0,0,2
2022,m,P,7,True,1,10,3,1,1,9,0,7,0,2,5,7,22
2022,m,P,7,True,2,5,1,1,1,4,0,2,2,0,6,2,10
2022,m,P,7,True,3,4,0,0,0,4,0,3,1,0,1,5,8
2022,m,P,7,True,4,3,0,0,0,3,0,2,1,0,2,2,6
2022,m,P,7,True,5,2,0,0,0,2,0,2,0,0,0,3,4
2022,m,P,7,True,6,3,0,0,0,3,0,3,0,0,0,10,6
2022,m,P,7,True,7,1,0,0,0,1,0,1,0,0,0,1,2
2022,m,P,7,True,8,1,0,0,0,1,0,0,1,0,1,0,2
2022,m,P,7,True,10,1,0,0,0,1,0,1,0,0,0,3,2
2022,s,C,6,False,1,6,3,3,1,3,2,2,1,0,9,8,24
2022,s,C,6,False,2,10,7,5,5,5,0,2,1,2,27,8,33
2022,s,C,6,False,3,1,0,0,0,1,0,1,0,0,0,0,3
2022,s,C,6,False,4,3,0,0,0,3,0,1,2,0,2,2,9
2022,s,C,6,False,5,3,0,0,0,3,0,2,1,0,1,1,9
2022,s,C,6,False,6,3,1,1,1,2,0,2,0,0,8,2,9
2022,s,C,6,False,7,1,0,0,0,1,0,1,0,0,0,1,3
2022,s,C,6,False,8,1,0,0,0,1,0,1,0,0,0,0,3
2022,s,C,6,True,1,7,3,2,2,5,0,4,0,1,6,3,24
2022,s,C,6,True,2,9,2,1,1,8,0,4,3,1,14,23,26
2022,s,C,6,True,3,8,2,1,1,7,0,4,2,1,14,15,24
2022,s,C,6,True,4,3,0,0,0,3,0,1,2,0,6,6,9
2022,s,C,6,True,5,1,0,0,0,1,0,0,1,0,1,4,3
2022,s,C,6,True,6,1,0,0,0,1,0,1,0,0,0,1,3
2022,s,C,6,True,7,1,0,0,0,1,0,0,1,0,5,0,3
2022,s,C,6,True,8,2,0,0,0,2,0,1,1,0,1,7,6
2022,s,C,6,True,11,1,0,0,0,1,0,1,0,0,0,1,3
2022,s,C,7,False,1,6,4,4,3,2,1,2,0,0,11,5,17
2022,s,C,7,False,2,6,3,2,2,4,0,2,1,1,15,5,13
2022,s,C,7,False,3,4,0,0,0,4,0,3,1,0,1,0,8
2022,s,C,7,False,4,4,0,0,0,4,0,2,2,0,2,2,8
2022,s,C,7,False,5,2,1,1,1,1,0,1,0,0,7,0,4
2022,s,C,7,False,6,2,0,0,0,2,0,2,0,0,0,0,4
2022,s,C,7,False,8,3,0,0,0,3,0,3,0,0,0,0,6
2022,s,C,7,True,1,8,4,4,4,4,0,4,0,0,12,2,18
2022,s,C,7,True,2,3,0,0,0,3,0,2,1,0,1,4,6
2022,s,C,7,True,3,7,0,0,0,7,0,3,4,0,8,5,14
2022,s,C,7,True,4,2,0,0,0,2,0,2,0,0,0,4,4
2022,s,C,7,True,5,1,0,0,0,1,0,0,1,0,1,0,2
2022,s,C,7,True,6,2,0,0,0,2,0,2,0,0,0,1,4
2022,s,C,7,True,7,4,0,0,0,4,0,1,3,0,10,4,8
2022,s,C,7,True,8,2,0,0,0,2,0,2,0,0,0,0,4
2022,s,C,7,True,11,1,0,0,0,1,0,0,1,0,1,4,2
2022,s,C,7,True,12,1,0,0,0,1,0,1,0,0,0,0,2
2022,t,C,6,False,1,10,3,2,0,10,0,7,0,1,5,9,32
2022,t,C,6,False,2,6,2,2,2,4,0,1,3,0,10,5,20
2022,t,C,6,False,3,6,0,0,0,6,0,1,5,0,10,6,18
2022,t,C,6,False,4,3,0,0,0,3,0,2,1,0,1,0,9
2022,t,C,6,False,5,3,0,0,0,3,0,2,1,0,3,4,9
2022,t,C,6,False,6,1,0,0,0,1,0,1,0,0,0,1,3
2022,t,C,6,True,1,11,5,2,1,10,0,6,0,3,10,16,39
2022,t,C,6,True,2,6,2,1,1,5,0,4,0,1,6,11,20
2022,t,C,6,True,3,5,0,0,0,5,0,5,0,0,0,4,15
2022,t,C,6,True,4,3,0,0,0,3,0,2,1,0,2,3,9
2022,t,C,6,True,8,1,0,0,0,1,0,1,0,0,0,0,3
2022,t,C,7,False,1,9,2,0,0,8,1,7,0,2,2,3,21
2022,t,C,7,False,2,4,1,1,1,3,0,2,1,0,4,0,10
2022,t,C,7,False,3,6,0,0,0,6,0,3,3,0,5,0,12
2022,t,C,7,False,4,5,0,0,0,5,0,2,3,0,4,0,10
2022,t,C,7,False,5,2,0,0,0,2,0,1,1,0,2,4,4
2022,t,C,7,False,6,1,0,0,0,1,0,1,0,0,0,1,2
2022,t,C,7,False,7,2,0,0,0,2,0,1,1,0,3,0,4
2022,t,C,7,True,1,8,2,1,0,8,0,6,0,1,4,9,18
2022,t,C,7,True,2,7,3,2,2,5,0,4,0,1,9,7,18
2022,t,C,7,True,3,3,0,0,0,3,0,3,0,0,0,1,6
2022,t,C,7,True,4,5,0,0,0,5,0,4,1,0,2,3,10
2022,t,C,7,True,5,1,0,0,0,1,0,1,0,0,0,0,2
2022,t,C,7,True,6,1,0,0,0,1,0,1,0,0,0,0,2
2022,t,C,7,True,8,1,0,0,0,1,0,1,0,0,0,0,2
2023,b,P,6,False,1,6,4,3,2,4,0,2,0,1,10,6,18
2023,b,P,6,False,2,2,0,0,0,2,0,1,1,0,1,4,6
2023,b,P,6,False,3,5,0,0,0,5,0,3,2,0,2,4,15
2023,b,P,6,False,4,2,0,0,0,2,0,1,1,0,2,1,6
2023,b,P,6,False,5,4,0,0,0,4,0,2,2,0,4,9,12
2023,b,P,6,False,6,1,0,0,0,1,0,0,1,0,1,0,3
2023,b,P,6,False,7,2,0,0,0,2,0,1,1,0,3,0,6
2023,b,P,6,True,1,7,5,4,4,2,1,2,0,1,10,5,22
2023,b,P,6,True,2,5,1,1,1,4,0,3,1,0,7,2,14
2023,b,P,6,True,3,2,0,0,0,2,0,1,1,0,3,8,6
2023,b,P,6,True,4,5,0,0,0,5,0,1,4,0,9,5,15
2023,b,P,6,True,5,2,0,0,0,2,0,1,1,0,1,0,6
2023,b,P,6,True,6,2,0,0,0,2,0,1,1,0,1,0,6
2023,b,P,6,True,8,1,0,0,0,1,0,1,0,0,0,0,3
2023,b,P,7,False,1,4,3,3,2,2,0,1,0,0,6,2,9
2023,b,P,7,False,2,4,0,0,0,4,0,4,0,0,0,3,8
2023,b,P,7,False,3,5,0,0,0,5,0,3,2,0,2,5,10
2023,b,P,7,False,4,2,0,0,0,2,0,2,0,0,0,0,4
2023,b,P,7,False,5,4,0,0,0,4,0,3,1,0,1,0,8
2023,b,P,7,False,7,1,0,0,0,1,0,1,0,0,0,0,2
2023,b,P,7,False,10,1,0,0,0,1,0,1,0,0,0,1,2
2023,b,P,7,True,1,6,2,1,1,4,1,3,1,1,5,8,15
2023,b,P,7,True,2,4,0,0,0,4,0,3,1,0,1,0,8
2023,b,P,7,True,3,4,1,1,1,3,0,2,1,0,7,9,8
2023,b,P,7,True,4,4,0,0,0,4,0,1,3,0,5,4,8
2023,b,P,7,True,5,3,0,0,0,3,0,2,1,0,1,0,6
2023,b,P,7,True,6,1,0,0,0,1,0,1,0,0,0,0,2
2023,b,P,7,True,8,1,0,0,0,1,0,1,0,0,0,0,2
2023,c,C,6,False,1,11,8,6,4,6,1,3,0,2,22,12,40
2023,c,C,6,False,2,6,1,0,0,5,1,3,2,1,5,7,21
2023,c,C,6,False,3,12,1,1,1,11,0,4,7,0,12,11,36
2023,c,C,6,False,4,1,0,0,0,1,0,0,1,0,3,0,3
2023,c,C,6,False,5,2,0,0,0,2,0,1,1,0,1,0,6
2023,c,C,6,False,6,1,1,1,0,1,0,0,0,0,7,2,5
2023,c,C,6,False,8,3,0,0,0,3,0,1,2,0,4,4,9
2023,c,C,6,False,12,1,0,0,0,1,0,0,1,0,2,0,3
2023,c,C,6,True,1,10,4,3,2,7,1,5,1,1,9,10,36
2023,c,C,6,True,2,8,1,1,1,7,0,3,4,0,8,13,24
2023,c,C,6,True,3,2,1,0,0,2,0,0,1,1,4,2,6
2023,c,C,6,True,4,2,0,0,0,2,0,1,1,0,1,5,6
2023,c,C,6,True,5,2,0,0,0,2,0,2,0,0,0,8,6
2023,c,C,7,False,1,9,4,3,2,6,1,5,0,1,8,5,24
2023,c,C,7,False,2,6,1,1,1,5,0,4,1,0,5,5,12
2023,c,C,7,False,3,8,1,1,1,7,0,3,4,0,9,2,16
2023,c,C,7,False,4,5,0,0,0,5,0,3,2,0,4,4,10
2023,c,C,7,False,5,2,0,0,0,2,0,2,0,0,0,0,4
2023,c,C,7,False,6,1,0,0,0,1,0,1,0,0,0,0,2
2023,c,C,7,False,8,1,0,0,0,1,0,1,0,0,0,0,2
2023,c,C,7,False,11,1,0,0,0,1,0,0,1,0,1,0,2
2023,c,C,7,False,12,1,0,0,0,1,0,0,1,0,2,0,2
2023,c,C,7,True,1,11,5,3,3,7,1,5,1,2,10,10,28
2023,c,C,7,True,2,6,0,0,0,6,0,5,1,0,1,3,12
2023,c,C,7,True,3,2,0,0,0,2,0,1,1,0,2,0,4
2023,c,C,7,True,4,2,0,0,0,2,0,0,2,0,2,4,4
2023,c,C,7,True,5,1,0,0,0,1,0,1,0,0,0,0,2
2023,c,C,7,True,6,3,0,0,0,3,0,3,0,0,0,7,6
2023,d,C,6,False,1,9,3,3,3,6,0,5,1,0,9,5,28
2023,d,C,6,False,2,11,0,0,0,11,0,7,4,0,5,13,33
2023,d,C,6,False,3,2,0,0,0,2,0,2,0,0,0,3,6
2023,d,C,6,False,4,6,0,0,0,6,0,4,2,0,5,9,18
2023,d,C,6,False,5,2,0,0,0,2,0,1,1,0,1,3,6
2023,d,C,6,False,6,1,0,0,0,1,0,1,0,0,0,2,3
2023,d,C,6,False,7,1,0,0,0,1,0,1,0,0,0,1,3
2023,d,C,6,False,8,1,0,0,0,1,0,0,1,0,2,0,3
2023,d,C,6,False,10,1,0,0,0,1,0,0,1,0,2,0,3
2023,d,C,6,True,1,12,1,1,1,11,0,10,1,0,7,16,35
2023,d,C,6,True,2,10,0,0,0,10,0,7,3,0,3,9,30
2023,d,C,6,True,3,5,0,0,0,5,0,3,2,0,2,13,15
2023,d,C,6,True,4,4,0,0,0,4,0,3,1,0,1,5,12
2023,d,C,6,True,5,1,0,0,0,1,0,0,1,0,3,0,3
2023,d,C,6,True,6,2,0,0,0,2,0,2,0,0,0,1,6
2023,d,C,7,False,1,12,5,3,3,9,0,7,0,2,10,5,25
2023,d,C,7,False,2,11,0,0,0,11,0,8,3,0,4,13,22
2023,d,C,7,False,3,4,0,0,0,4,0,3,1,0,1,3,8
2023,d,C,7,False,4,3,0,0,0,3,0,3,0,0,0,0,6
2023,d,C,7,False,5,2,0,0,0,2,0,1,1,0,1,0,4
2023,d,C,7,False,6,1,0,0,0,1,0,0,1,0,4,1,2
2023,d,C,7,False,7,3,0,0,0,3,0,2,1,0,1,4,6
2023,d,C,7,False,8,2,0,0,0,2,0,1,1,0,2,0,4
2023,d,C,7,False,10,1,0,0,0,1,0,0,1,0,2,0,2
2023,d,C,7,True,1,12,1,1,1,11,0,11,0,0,6,11,23
2023,d,C,7,True,2,9,0,0,0,9,0,6,3,0,3,11,18
2023,d,C,7,True,3,5,0,0,0,5,0,3,2,0,2,0,10
2023,d,C,7,True,4,4,0,0,0,4,0,3,1,0,2,0,8
2023,d,C,7,True,5,1,0,0,0,1,0,1,0,0,0,0,2
2023,d,C,7,True,6,3,0,0,0,3,0,3,0,0,0,11,6
2023,d,C,7,True,7,1,0,0,0,1,0,1,0,0,0,1,2
2023,db,C,6,False,1,11,3,3,3,8,0,6,2,0,12,14,33
2023,db,C,6,False,2,3,2,1,1,2,0,0,1,1,8,3,9
2023,db,C,6,False,3,6,1,1,0,6,0,4,1,0,5,6,19
2023,db,C,6,False,4,5,0,0,0,5,0,1,4,0,6,6,15
2023,db,C,6,False,5,4,0,0,0,4,0,1,3,0,6,10,12
2023,db,C,6,False,6,2,0,0,0,2,0,1,1,0,5,1,6
2023,db,C,6,True,1,5,2,0,0,4,1,2,1,2,3,7,18
2023,db,C,6,True,2,5,2,1,1,3,1,2,1,1,8,3,17
2023,db,C,6,True,3,6,0,0,0,6,0,4,2,0,4,11,18
2023,db,C,6,True,4,3,1,1,1,2,0,1,1,0,7,5,8
2023,db,C,6,True,5,3,0,0,0,3,0,2,1,0,3,7,9
2023,db,C,6,True,6,1,0,0,0,1,0,0,1,0,1,2,3
2023,db,C,7,False,1,9,2,2,2,7,0,6,1,0,5,8,18
2023,db,C,7,False,2,5,0,0,0,5,0,2,3,0,3,6,10
2023,db,C,7,False,3,4,1,1,0,4,0,3,0,0,4,3,9
2023,db,C,7,False,4,6,0,0,0,6,0,3,3,0,4,4,12
2023,db,C,7,False,5,1,0,0,0,1,0,0,1,0,2,0,2
2023,db,C,7,False,6,2,0,0,0,2,0,2,0,0,0,1,4
2023,db,C,7,False,7,2,0,0,0,2,0,0,2,0,6,0,4
2023,db,C,7,False,9,1,0,0,0,1,0,0,1,0,2,1,2
2023,db,C,7,True,1,5,1,1,1,4,0,4,0,0,4,5,9
2023,db,C,7,True,2,3,1,0,0,2,1,1,1,1,3,1,9
2023,db,C,7,True,3,6,0,0,0,6,0,5,1,0,2,9,12
2023,db,C,7,True,4,4,1,1,1,3,0,1,2,0,9,0,7
2023,db,C,7,True,5,2,0,0,0,2,0,2,0,0,0,4,4
2023,db,C,7,True,6,1,0,0,0,1,0,0,1,0,1,2,2
2023,db,C,7,True,8,1,0,0,0,1,0,1,0,0,0,4,2
2023,e,P,6,False,1,7,4,2,2,5,0,3,0,2,12,5,21
2023,e,P,6,False,2,6,4,3,1,4,1,2,0,1,13,7,21
2023,e,P,6,False,3,5,0,0,0,5,0,3,2,0,4,7,15
2023,e,P,6,False,4,4,0,0,0,4,0,1,3,0,6,4,12
2023,e,P,6,False,5,1,0,0,0,1,0,0,1,0,3,5,3
2023,e,P,6,False,6,1,0,0,0,1,0,0,1,0,2,0,3
2023,e,P,6,False,7,3,0,0,0,3,0,1,2,0,2,4,9
2023,e,P,6,False,8,1,0,0,0,1,0,1,0,0,0,0,3
2023,e,P,6,False,13,1,0,0,0,1,0,1,0,0,0,0,3
2023,e,P,6,True,1,9,3,3,3,6,0,4,2,0,9,11,29
2023,e,P,6,True,2,9,4,3,3,6,0,4,1,1,13,9,27
2023,e,P,6,True,3,6,1,1,0,6,0,1,4,0,10,13,18
2023,e,P,6,True,4,2,0,0,0,2,0,1,1,0,2,4,6
2023,e,P,6,True,5,5,0,0,0,5,0,1,4,0,8,0,15
2023,e,P,6,True,6,1,0,0,0,1,0,0,1,0,2,2,3
2023,e,P,6,True,8,1,0,0,0,1,0,0,1,0,2,2,3
2023,e,P,7,False,1,8,6,2,2,5,1,2,0,4,14,5,19
2023,e,P,7,False,2,7,2,1,0,7,0,5,0,1,5,5,15
2023,e,P,7,False,3,4,0,0,0,4,0,3,1,0,3,6,8
2023,e,P,7,False,4,6,0,0,0,6,0,4,2,0,3,5,12
2023,e,P,7,False,6,3,0,0,0,3,0,2,1,0,2,0,6
2023,e,P,7,False,7,1,0,0,0,1,0,1,0,0,0,1,2
2023,e,P,7,False,8,1,0,0,0,1,0,1,0,0,0,0,2
2023,e,P,7,False,10,1,0,0,0,1,0,0,1,0,1,0,2
2023,e,P,7,False,13,1,0,0,0,1,0,1,0,0,0,0,2
2023,e,P,7,True,1,8,4,4,4,4,0,2,2,0,14,2,16
2023,e,P,7,True,2,7,2,1,1,6,0,5,0,1,5,11,14
2023,e,P,7,True,3,7,0,0,0,7,0,3,4,0,5,9,14
2023,e,P,7,True,4,3,0,0,0,3,0,0,3,0,4,5,6
2023,e,P,7,True,5,4,0,0,0,4,0,2,2,0,3,0,8
2023,e,P,7,True,7,1,0,0,0,1,0,0,1,0,2,1,2
2023,e,P,7,True,10,1,0,0,0,1,0,0,1,0,2,0,2
2023,f,P,6,False,1,9,5,2,2,7,0,2,2,3,9,11,30
2023,f,P,6,False,2,6,1,0,0,6,0,3,2,1,4,5,18
2023,f,P,6,False,3,6,0,0,0,6,0,5,1,0,2,5,18
2023,f,P,6,False,4,4,0,0,0,4,0,2,2,0,3,2,12
2023,f,P,6,False,5,2,0,0,0,2,0,0,2,0,5,0,6
2023,f,P,6,False,7,1,0,0,0,1,0,0,1,0,1,0,3
2023,f,P,6,True,1,11,2,1,1,10,0,8,1,1,5,9,33
2023,f,P,6,True,2,10,1,1,1,9,0,6,3,0,9,15,29
2023,f,P,6,True,3,5,0,0,0,5,0,3,2,0,2,9,15
2023,f,P,6,True,4,3,0,0,0,3,0,2,1,0,1,6,9
2023,f,P,6,True,5,2,0,0,0,2,0,0,2,0,3,0,6
2023,f,P,6,True,9,2,0,0,0,2,0,2,0,0,0,2,6
2023,f,P,7,False,1,9,3,1,1,8,0,5,1,2,6,7,19
2023,f,P,7,False,2,8,1,1,1,7,0,6,1,0,4,3,17
2023,f,P,7,False,3,4,0,0,0,4,0,3,1,0,1,0,8
2023,f,P,7,False,4,5,0,0,0,5,0,2,3,0,3,2,10
2023,f,P,7,False,5,3,0,0,0,3,0,2,1,0,4,1,6
2023,f,P,7,False,7,1,0,0,0,1,0,0,1,0,1,0,2
2023,f,P,7,True,1,10,1,1,1,9,0,8,1,0,5,4,19
2023,f,P,7,True,2,9,0,0,0,9,0,7,2,0,2,7,18
2023,f,P,7,True,3,2,0,0,0,2,0,0,2,0,2,0,4
2023,f,P,7,True,4,5,0,0,0,5,0,5,0,0,0,9,10
2023,f,P,7,True,5,3,0,0,0,3,0,1,2,0,3,0,6
2023,f,P,7,True,6,2,0,0,0,2,0,2,0,0,0,0,4
2023,f,P,7,True,9,2,0,0,0,2,0,2,0,0,0,2,4
2023,g,C,6,False,1,14,6,4,3,11,0,8,0,2,11,11,42
2023,g,C,6,False,2,10,1,0,0,10,0,8,1,1,3,13,31
2023,g,C,6,False,3,5,0,0,0,5,0,0,5,0,7,1,15
2023,g,C,6,False,4,3,0,0,0,3,0,1,2,0,3,8,9
2023,g,C,6,False,6,2,0,0,0,2,0,0,2,0,6,0,6
2023,g,C,6,False,7,1,0,0,0,1,0,0,1,0,1,1,3
2023,g,C,6,False,9,1,0,0,0,1,0,1,0,0,0,6,3
2023,g,C,6,True,1,14,7,6,5,9,0,4,3,1,27,25,44
2023,g,C,6,True,2,2,0,0,0,2,0,1,1,0,1,0,6
2023,g,C,6,True,3,2,0,0,0,2,0,2,0,0,0,3,6
2023,g,C,6,True,5,1,0,0,0,1,0,0,1,0,3,1,3
2023,g,C,6,True,6,3,0,0,0,3,0,3,0,0,0,2,6
2023,g,C,6,True,7,1,0,0,0,1,0,0,1,0,1,1,3
2023,g,C,7,False,1,10,2,2,2,8,0,8,0,0,4,0,20
2023,g,C,7,False,2,8,1,1,1,7,0,7,0,0,3,0,16
2023,g,C,7,False,3,8,0,0,0,8,0,4,4,0,6,1,16
2023,g,C,7,False,4,2,0,0,0,2,0,2,0,0,0,0,4
2023,g,C,7,False,5,3,0,0,0,3,0,1,2,0,3,2,6
2023,g,C,7,False,6,3,0,0,0,3,0,2,1,0,3,1,6
2023,g,C,7,False,9,2,0,0,0,2,0,1,1,0,1,7,4
2023,g,C,7,True,1,12,5,4,3,9,0,6,1,1,15,11,23
2023,g,C,7,True,2,3,0,0,0,3,0,1,2,0,2,2,6
2023,g,C,7,True,3,3,0,0,0,3,0,3,0,0,0,1,6
2023,g,C,7,True,5,3,0,0,0,3,0,1,2,0,5,4,6
2023,g,C,7,True,6,2,0,0,0,2,0,2,0,0,0,2,4
2023,g,C,7,True,7,1,0,0,0,1,0,0,1,0,1,1,2
2023,h,P,6,False,1,8,2,2,1,7,0,6,0,0,6,5,26
2023,h,P,6,False,2,6,1,1,1,5,0,2,3,0,9,4,18
2023,h,P,6,False,3,12,1,1,1,11,0,8,3,0,10,14,36
2023,h,P,6,False,4,4,0,0,0,4,0,2,2,0,3,5,12
2023,h,P,6,False,5,1,0,0,0,1,0,0,1,0,1,1,3
2023,h,P,6,False,6,3,0,0,0,3,0,1,2,0,3,2,9
2023,h,P,6,True,1,13,3,2,2,11,0,9,1,1,10,16,41
2023,h,P,6,True,2,7,3,3,3,4,0,0,4,0,20,9,21
2023,h,P,6,True,3,5,0,0,0,5,0,4,1,0,2,2,15
2023,h,P,6,True,4,4,0,0,0,4,0,1,3,0,6,4,12
2023,h,P,6,True,5,1,0,0,0,1,0,0,1,0,2,2,3
2023,h,P,6,True,6,2,0,0,0,2,0,1,1,0,1,5,6
2023,h,P,7,False,1,10,4,4,4,6,0,6,0,0,14,0,21
2023,h,P,7,False,2,4,0,0,0,4,0,3,1,0,1,0,8
2023,h,P,7,False,3,8,0,0,0,8,0,5,3,0,4,6,16
2023,h,P,7,False,4,5,0,0,0,5,0,2,3,0,4,0,10
2023,h,P,7,False,5,5,0,0,0,5,0,3,2,0,2,3,10
2023,h,P,7,False,6,4,0,0,0,4,0,3,1,0,2,0,8
2023,h,P,7,True,1,12,2,2,2,10,0,9,1,0,6,13,26
2023,h,P,7,True,2,6,2,2,2,4,0,3,1,0,7,4,13
2023,h,P,7,True,3,3,0,0,0,3,0,3,0,0,0,0,6
2023,h,P,7,True,4,7,0,0,0,7,0,2,5,0,11,7,14
2023,h,P,7,True,5,1,0,0,0,1,0,1,0,0,0,1,2
2023,h,P,7,True,6,2,0,0,0,2,0,1,1,0,1,3,4
2023,h,P,7,True,8,1,0,0,0,1,0,0,1,0,1,0,2
2023,l,P,6,False,1,8,5,4,2,6,0,3,0,1,12,10,24
2023,l,P,6,False,2,6,0,0,0,6,0,3,3,0,3,3,18
2023,l,P,6,False,3,8,1,0,0,8,0,2,5,1,11,3,25
2023,l,P,6,False,4,6,0,0,0,6,0,2,4,0,6,3,18
2023,l,P,6,False,5,1,0,0,0,1,0,0,1,0,1,0,3
2023,l,P,6,False,6,2,0,0,0,2,0,2,0,0,0,0,6
2023,l,P,6,False,8,2,0,0,0,2,0,2,0,0,0,2,6
2023,l,P,6,True,1,5,0,0,0,5,0,4,1,0,1,10,15
2023,l,P,6,True,2,14,1,1,0,14,0,8,5,0,8,19,43
2023,l,P,6,True,3,2,0,0,0,2,0,2,0,0,0,3,6
2023,l,P,6,True,4,4,1,0,0,4,0,3,0,1,4,5,13
2023,l,P,6,True,5,3,0,0,0,3,0,0,3,0,3,2,9
2023,l,P,6,True,7,1,0,0,0,1,0,1,0,0,0,0,3
2023,l,P,6,True,8,1,0,0,0,1,0,1,0,0,0,1,3
2023,l,P,7,False,1,10,3,3,2,8,0,7,0,0,8,7,20
2023,l,P,7,False,2,6,0,0,0,6,0,4,2,0,2,3,12
2023,l,P,7,False,3,7,1,0,0,7,0,2,4,1,10,1,15
2023,l,P,7,False,4,4,0,0,0,4,0,2,2,0,2,2,8
2023,l,P,7,False,5,3,0,0,0,3,0,0,3,0,4,0,6
2023,l,P,7,False,6,2,0,0,0,2,0,2,0,0,0,0,4
2023,l,P,7,False,8,1,0,0,0,1,0,1,0,0,0,0,2
2023,l,P,7,False,9,1,0,0,0,1,0,1,0,0,0,1,2
2023,l,P,7,True,1,6,0,0,0,6,0,6,0,0,0,1,12
2023,l,P,7,True,2,11,1,0,0,11,0,7,3,1,5,7,23
2023,l,P,7,True,3,3,0,0,0,3,0,3,0,0,0,3,6
2023,l,P,7,True,4,6,0,0,0,6,0,6,0,0,0,6,12
2023,l,P,7,True,5,2,0,0,0,2,0,1,1,0,1,0,4
2023,l,P,7,True,6,2,0,0,0,2,0,1,1,0,1,1,4
2023,l,P,7,True,7,1,0,0,0,1,0,1,0,0,0,0,2
2023,l,P,7,True,9,1,0,0,0,1,0,1,0,0,0,0,2
2023,m,P,6,False,1,12,4,3,3,9,0,8,0,1,7,8,39
2023,m,P,6,False,2,11,3,2,1,9,1,5,3,1,14,13,38
2023,m,P,6,False,3,8,1,0,0,8,0,4,3,1,10,10,26
2023,m,P,6,False,5,6,0,0,0,6,0,6,0,0,0,8,18
2023,m,P,6,False,6,1,0,0,0,1,0,1,0,0,0,1,3
2023,m,P,6,False,7,2,0,0,0,2,0,1,1,0,1,1,6
2023,m,P,6,True,1,7,3,2,2,5,0,3,1,1,9,8,20
2023,m,P,6,True,2,10,2,2,2,8,0,2,6,0,23,14,28
2023,m,P,6,True,3,4,0,0,0,4,0,2,2,0,4,12,12
2023,m,P,6,True,4,2,0,0,0,2,0,1,1,0,1,2,6
2023,m,P,6,True,5,1,0,0,0,1,0,0,1,0,3,5,3
2023,m,P,7,False,1,12,6,3,2,10,0,6,0,3,11,9,31
2023,m,P,7,False,2,8,0,0,0,8,0,6,2,0,2,2,16
2023,m,P,7,False,3,5,0,0,0,5,0,3,2,0,3,2,10
2023,m,P,7,False,4,3,0,0,0,3,0,3,0,0,0,0,6
2023,m,P,7,False,5,3,0,0,0,3,0,3,0,0,0,1,6
2023,m,P,7,False,6,3,0,0,0,3,0,2,1,0,1,1,6
2023,m,P,7,False,7,2,0,0,0,2,0,2,0,0,0,0,4
2023,m,P,7,False,8,3,0,0,0,3,0,2,1,0,1,3,6
2023,m,P,7,True,1,11,6,4,4,7,0,4,1,2,17,21,23
2023,m,P,7,True,2,7,0,0,0,7,0,3,4,0,4,1,14
2023,m,P,7,True,3,5,1,1,1,4,0,2,2,0,10,3,9
2023,m,P,7,True,4,2,0,0,0,2,0,1,1,0,2,1,4
2023,m,P,7,True,5,1,0,0,0,1,0,0,1,0,3,5,2
2023,m,P,7,True,6,1,0,0,0,1,0,1,0,0,0,0,2
2023,m,P,7,True,8,1,0,0,0,1,0,1,0,0,0,1,2
2023,s,C,6,False,1,14,7,2,2,11,1,7,0,5,18,7,49
2023,s,C,6,False,2,8,0,0,0,8,0,6,2,0,3,2,24
2023,s,C,6,False,3,4,0,0,0,4,0,2,2,0,3,4,12
2023,s,C,6,False,4,3,1,0,0,3,0,0,2,1,9,3,9
2023,s,C,6,False,5,2,0,0,0,2,0,0,2,0,6,0,6
2023,s,C,6,False,6,2,0,0,0,2,0,2,0,0,0,5,6
2023,s,C,6,True,1,10,3,2,1,9,0,5,2,1,7,13,31
2023,s,C,6,True,2,6,1,1,1,5,0,5,0,0,6,15,18
2023,s,C,6,True,3,4,1,1,1,3,0,0,3,0,9,1,12
2023,s,C,6,True,4,4,0,0,0,4,0,2,2,0,3,3,12
2023,s,C,6,True,5,2,0,0,0,2,0,0,2,0,5,0,6
2023,s,C,6,True,6,3,0,0,0,3,0,1,2,0,2,4,9
2023,s,C,6,True,7,2,0,0,0,2,0,0,2,0,3,5,6
2023,s,C,7,False,1,14,4,0,0,14,0,9,1,4,5,10,29
2023,s,C,7,False,2,12,0,0,0,12,0,10,2,0,2,2,24
2023,s,C,7,False,3,4,0,0,0,4,0,2,2,0,3,2,8
2023,s,C,7,False,4,1,0,0,0,1,0,0,1,0,1,0,2
2023,s,C,7,False,5,2,0,0,0,2,0,0,2,0,6,0,4
2023,s,C,7,False,6,2,0,0,0,2,0,2,0,0,0,1,4
2023,s,C,7,False,7,1,0,0,0,1,0,1,0,0,0,3,2
2023,s,C,7,True,1,9,2,1,1,8,0,6,1,1,4,8,19
2023,s,C,7,True,2,3,0,0,0,3,0,3,0,0,0,2,6
2023,s,C,7,True,3,6,1,1,1,5,0,2,3,0,9,7,12
2023,s,C,7,True,4,8,0,0,0,8,0,4,4,0,7,3,16
2023,s,C,7,True,5,2,1,1,1,1,0,1,0,0,6,1,4
2023,s,C,7,True,6,2,0,0,0,2,0,1,1,0,1,1,4
2023,s,C,7,True,7,1,0,0,0,1,0,0,1,0,1,0,2
2023,s,C,7,True,8,1,0,0,0,1,0,1,0,0,0,0,2
2023,s,C,7,True,9,1,0,0,0,1,0,0,1,0,2,3,2
2023,t,C,6,False,1,9,4,3,3,6,0,4,1,1,17,11,28
2023,t,C,6,False,2,6,1,1,0,6,0,4,1,0,5,7,18
2023,t,C,6,False,3,6,0,0,0,6,0,2,4,0,4,1,18
2023,t,C,6,False,4,1,0,0,0,1,0,1,0,0,0,0,3
2023,t,C,6,False,5,1,0,0,0,1,0,0,1,0,3,1,3
2023,t,C,6,False,6,3,0,0,0,3,0,1,2,0,2,3,9
2023,t,C,6,True,1,9,4,3,3,6,0,4,1,1,11,12,27
2023,t,C,6,True,2,6,3,2,2,4,0,3,0,1,8,5,18
2023,t,C,6,True,3,2,0,0,0,2,0,2,0,0,0,3,6
2023,t,C,6,True,5,1,0,0,0,1,0,0,1,0,3,0,3
2023,t,C,6,True,6,1,0,0,0,1,0,0,1,0,4,1,3
2023,t,C,7,False,1,8,3,3,3,5,0,5,0,0,10,1,18
2023,t,C,7,False,2,7,1,1,0,7,0,5,1,0,4,4,14
2023,t,C,7,False,3,6,0,0,0,6,0,3,3,0,3,5,12
2023,t,C,7,False,4,2,0,0,0,2,0,2,0,0,0,0,4
2023,t,C,7,False,5,1,0,0,0,1,0,1,0,0,0,0,2
2023,t,C,7,False,6,1,0,0,0,1,0,1,0,0,0,0,2
2023,t,C,7,False,8,1,0,0,0,1,0,1,0,0,0,0,2
2023,t,C,7,True,1,7,3,2,2,4,1,3,1,1,6,7,15
2023,t,C,7,True,2,5,1,1,1,4,0,3,1,0,4,0,10
2023,t,C,7,True,3,4,0,0,0,4,0,3,1,0,1,4,8
2023,t,C,7,True,5,3,0,0,0,3,0,2,1,0,3,4,6
2024,b,P,6,False,1,15,5,2,2,13,0,10,0,3,9,8,46
2024,b,P,6,False,2,8,2,1,1,7,0,5,1,1,13,7,25
2024,b,P,6,False,3,5,0,0,0,5,0,5,0,0,0,0,15
2024,b,P,6,False,4,4,0,0,0,4,0,3,1,0,1,9,12
2024,b,P,6,False,5,3,0,0,0,3,0,2,1,0,1,1,9
2024,b,P,6,False,6,1,0,0,0,1,0,1,0,0,0,0,3
2024,b,P,6,False,7,1,0,0,0,1,0,0,1,0,1,1,3
2024,b,P,6,False,11,1,0,0,0,1,0,1,0,0,0,3,3
2024,b,P,6,True,1,12,5,2,2,9,1,6,1,3,9,13,39
2024,b,P,6,True,2,3,1,0,0,3,0,2,0,1,2,3,10
2024,b,P,6,True,3,7,0,0,0,7,0,4,3,0,5,9,21
2024,b,P,6,True,4,2,0,0,0,2,0,1,1,0,1,5,6
2024,b,P,6,True,8,1,0,0,0,1,0,0,1,0,2,1,3
2024,b,P,6,True,9,1,0,0,0,1,0,1,0,0,0,0,3
2024,b,P,6,True,10,1,0,0,0,1,0,0,1,0,1,0,3
2024,b,P,7,False,1,16,2,0,0,15,1,14,0,2,2,7,35
2024,b,P,7,False,2,4,0,0,0,4,0,4,0,0,0,3,8
2024,b,P,7,False,3,7,0,0,0,7,0,7,0,0,0,1,14
2024,b,P,7,False,4,3,1,0,0,3,0,2,0,1,4,1,7
2024,b,P,7,False,5,3,0,0,0,3,0,3,0,0,0,5,6
2024,b,P,7,False,6,2,0,0,0,2,0,2,0,0,0,1,4
2024,b,P,7,False,8,1,0,0,0,1,0,0,1,0,1,0,2
2024,b,P,7,False,14,1,0,0,0,1,0,1,0,0,0,0,2
2024,b,P,7,True,1,13,4,2,2,10,1,8,1,2,8,15,29
2024,b,P,7,True,2,4,1,0,0,4,0,2,1,1,3,3,9
2024,b,P,7,True,3,5,0,0,0,5,0,4,1,0,1,2,10
2024,b,P,7,True,4,1,0,0,0,1,0,1,0,0,0,0,2
2024,b,P,7,True,5,3,0,0,0,3,0,2,1,0,1,3,6
2024,b,P,7,True,6,1,0,0,0,1,0,1,0,0,0,1,2
2024,b,P,7,True,9,2,0,0,0,2,0,2,0,0,0,0,4
2024,c,C,6,False,1,13,5,4,3,10,0,8,0,1,14,5,48
2024,c,C,6,False,2,8,2,2,0,7,1,4,2,0,8,5,29
2024,c,C,6,False,3,3,1,0,0,3,0,2,0,1,3,4,10
2024,c,C,6,False,4,1,0,0,0,1,0,1,0,0,0,0,3
2024,c,C,6,False,5,7,0,0,0,7,0,3,4,0,9,0,21
2024,c,C,6,False,6,2,0,0,0,2,0,0,2,0,2,0,6
2024,c,C,6,False,10,1,0,0,0,1,0,0,1,0,1,0,3
2024,c,C,6,True,1,8,3,1,1,6,1,3,2,2,8,5,26
2024,c,C,6,True,2,8,2,2,2,6,0,5,1,0,8,12,23
2024,c,C,6,True,3,7,1,1,1,6,0,3,3,0,11,10,20
2024,c,C,6,True,4,5,0,0,0,5,0,4,1,0,2,7,15
2024,c,C,6,True,6,1,0,0,0,1,0,1,0,0,0,0,3
2024,c,C,7,False,1,15,5,4,3,12,0,10,0,1,14,5,38
2024,c,C,7,False,2,5,1,1,0,4,1,4,0,0,3,3,13
2024,c,C,7,False,3,4,1,0,0,4,0,2,1,1,4,3,9
2024,c,C,7,False,4,3,0,0,0,3,0,2,1,0,1,0,6
2024,c,C,7,False,5,7,0,0,0,7,0,5,2,0,4,0,14
2024,c,C,7,False,6,1,0,0,0,1,0,0,1,0,1,0,2
2024,c,C,7,False,10,1,0,0,0,1,0,0,1,0,1,0,2
2024,c,C,7,True,1,5,2,2,2,3,0,3,0,0,6,0,9
2024,c,C,7,True,2,9,2,2,2,7,0,5,2,0,9,3,17
2024,c,C,7,True,3,5,0,0,0,5,0,3,2,0,2,5,10
2024,c,C,7,True,4,2,0,0,0,2,0,2,0,0,0,1,4
2024,c,C,7,True,5,5,0,0,0,5,0,5,0,0,0,7,10
2024,c,C,7,True,6,2,0,0,0,2,0,2,0,0,0,0,4
2024,d,C,6,False,1,12,3,1,1,11,0,9,0,2,5,13,38
2024,d,C,6,False,2,10,1,0,0,10,0,5,4,1,6,12,32
2024,d,C,6,False,3,5,2,1,0,5,0,2,1,1,9,5,17
2024,d,C,6,False,4,6,1,0,0,5,1,2,3,1,9,10,21
2024,d,C,6,False,5,2,0,0,0,2,0,2,0,0,0,2,6
2024,d,C,6,False,6,2,1,1,1,1,0,1,0,0,8,1,6
2024,d,C,6,False,7,1,0,0,0,1,0,0,1,0,3,0,3
2024,d,C,6,False,8,1,0,0,0,1,0,1,0,0,0,5,3
2024,d,C,6,False,9,1,0,0,0,1,0,1,0,0,0,1,3
2024,d,C,6,True,1,5,1,1,1,4,0,2,2,0,5,8,14
2024,d,C,6,True,2,13,4,2,2,10,1,4,5,2,17,9,45
2024,d,C,6,True,3,2,0,0,0,2,0,2,0,0,0,0,6
2024,d,C,6,True,4,5,0,0,0,5,0,1,4,0,8,5,15
2024,d,C,6,True,5,2,0,0,0,2,0,1,1,0,1,0,6
2024,d,C,6,True,6,1,0,0,0,1,0,1,0,0,0,1,3
2024,d,C,6,True,7,1,0,0,0,1,0,0,1,0,2,0,3
2024,d,C,6,True,11,1,0,0,0,1,0,1,0,0,0,0,3
2024,d,C,7,False,1,12,5,3,3,9,0,7,0,2,8,3,29
2024,d,C,7,False,2,10,3,1,0,9,1,5,2,2,10,10,27
2024,d,C,7,False,3,7,0,0,0,7,0,5,2,0,2,1,14
2024,d,C,7,False,4,5,1,1,1,4,0,2,2,0,8,8,10
2024,d,C,7,False,5,4,0,0,0,4,0,4,0,0,0,4,8
2024,d,C,7,False,6,2,0,0,0,2,0,2,0,0,0,0,4
2024,d,C,7,False,7,1,0,0,0,1,0,0,1,0,3,0,2
2024,d,C,7,False,10,1,0,0,0,1,0,1,0,0,0,0,2
2024,d,C,7,False,13,1,0,0,0,1,0,1,0,0,0,0,2
2024,d,C,7,True,1,7,2,1,1,6,0,4,1,1,5,6,14
2024,d,C,7,True,2,15,3,2,2,12,1,7,5,1,13,10,32
2024,d,C,7,True,3,2,0,0,0,2,0,2,0,0,0,0,4
2024,d,C,7,True,4,4,0,0,0,4,0,2,2,0,5,5,8
2024,d,C,7,True,5,2,0,0,0,2,0,1,1,0,1,0,4
2024,d,C,7,True,6,1,0,0,0,1,0,1,0,0,0,1,2
2024,d,C,7,True,7,1,0,0,0,1,0,0,1,0,2,0,2
2024,d,C,7,True,11,1,0,0,0,1,0,1,0,0,0,0,2
2024,db,C,6,False,1,6,2,2,1,5,0,4,0,0,15,6,20
2024,db,C,6,False,2,1,0,0,0,1,0,1,0,0,0,2,3
2024,db,C,6,False,3,4,0,0,0,4,0,3,1,0,1,2,12
2024,db,C,6,False,4,1,0,0,0,1,0,1,0,0,0,0,3
2024,db,C,6,False,5,3,0,0,0,3,0,2,1,0,1,1,9
2024,db,C,6,False,6,2,0,0,0,2,0,0,2,0,4,2,6
2024,db,C,6,False,7,2,0,0,0,2,0,2,0,0,0,2,6
2024,db,C,6,False,9,1,0,0,0,1,0,0,1,0,1,0,3
2024,db,C,6,False,11,1,0,0,0,1,0,0,1,0,1,0,3
2024,db,C,6,True,1,11,4,3,2,9,0,5,2,1,16,18,33
2024,db,C,6,True,2,7,1,1,1,6,0,5,1,0,5,10,20
2024,db,C,6,True,3,4,0,0,0,4,0,2,2,0,2,2,12
2024,db,C,6,True,4,1,0,0,0,1,0,1,0,0,0,0,3
2024,db,C,6,True,5,2,0,0,0,2,0,2,0,0,0,1,6
2024,db,C,6,True,7,1,0,0,0,1,0,1,0,0,0,3,3
2024,db,C,6,True,8,1,0,0,0,1,0,1,0,0,0,0,3
2024,db,C,6,True,9,1,0,0,0,1,0,1,0,0,0,0,3
2024,db,C,7,False,1,5,0,0,0,5,0,5,0,0,0,2,10
2024,db,C,7,False,2,2,1,1,0,2,0,1,0,0,4,3,6
2024,db,C,7,False,3,4,0,0,0,4,0,4,0,0,0,0,8
2024,db,C,7,False,4,2,0,0,0,2,0,2,0,0,0,0,4
2024,db,C,7,False,5,4,0,0,0,4,0,3,1,0,1,1,8
2024,db,C,7,False,6,2,0,0,0,2,0,0,2,0,4,2,4
2024,db,C,7,False,7,1,0,0,0,1,0,1,0,0,0,0,2
2024,db,C,7,False,8,2,0,0,0,2,0,2,0,0,0,1,4
2024,db,C,7,False,10,1,0,0,0,1,0,1,0,0,0,0,2
2024,db,C,7,True,1,11,2,2,2,9,0,8,1,0,9,5,22
2024,db,C,7,True,2,8,2,2,2,6,0,4,2,0,10,3,14
2024,db,C,7,True,3,5,1,0,0,5,0,3,1,1,4,3,10
2024,db,C,7,True,4,2,0,0,0,2,0,2,0,0,0,0,4
2024,db,C,7,True,5,2,0,0,0,2,0,2,0,0,0,1,4
2024,db,C,7,True,7,1,0,0,0,1,0,1,0,0,0,3,2
2024,db,C,7,True,8,1,0,0,0,1,0,1,0,0,0,0,2
2024,db,C,7,True,9,2,0,0,0,2,0,2,0,0,0,0,4
2024,e,P,6,False,1,8,3,3,2,5,1,4,1,0,9,9,30
2024,e,P,6,False,2,5,2,1,1,4,0,2,1,1,6,1,16
2024,e,P,6,False,3,5,0,0,0,5,0,4,1,0,2,9,15
2024,e,P,6,False,4,3,0,0,0,3,0,1,2,0,4,4,9
2024,e,P,6,False,5,3,0,0,0,3,0,2,1,0,4,0,7
2024,e,P,6,False,6,2,0,0,0,2,0,1,1,0,2,5,6
2024,e,P,6,False,8,1,0,0,0,1,0,1,0,0,0,0,3
2024,e,P,6,False,10,1,0,0,0,1,0,1,0,0,0,2,3
2024,e,P,6,False,11,1,0,0,0,1,0,0,1,0,2,1,3
2024,e,P,6,False,16,1,0,0,0,1,0,0,1,0,3,0,3
2024,e,P,6,False,20,1,0,0,0,1,0,1,0,0,0,1,3
2024,e,P,6,True,1,7,4,2,2,5,0,3,0,2,8,14,24
2024,e,P,6,True,2,8,2,1,1,6,1,6,0,1,6,15,27
2024,e,P,6,True,3,7,0,0,0,7,0,5,2,0,3,14,21
2024,e,P,6,True,4,7,1,1,1,6,0,2,4,0,13,3,21
2024,e,P,6,True,5,2,0,0,0,2,0,2,0,0,0,2,6
2024,e,P,6,True,7,3,0,0,0,3,0,3,0,0,0,0,6
2024,e,P,6,True,8,1,0,0,0,1,0,0,1,0,1,0,3
2024,e,P,7,False,1,8,4,3,2,5,1,3,1,1,10,6,23
2024,e,P,7,False,2,6,2,1,1,5,0,3,1,1,6,1,13
2024,e,P,7,False,3,4,0,0,0,4,0,2,2,0,2,2,8
2024,e,P,7,False,4,5,0,0,0,5,0,3,2,0,5,4,10
2024,e,P,7,False,5,2,1,1,0,1,1,1,0,0,6,1,7
2024,e,P,7,False,7,1,0,0,0,1,0,0,1,0,2,1,2
2024,e,P,7,False,8,2,0,0,0,2,0,2,0,0,0,0,4
2024,e,P,7,False,9,1,0,0,0,1,0,1,0,0,0,0,2
2024,e,P,7,False,10,2,0,0,0,2,0,2,0,0,0,2,4
2024,e,P,7,False,14,1,0,0,0,1,0,0,1,0,1,0,2
2024,e,P,7,False,20,1,0,0,0,1,0,1,0,0,0,1,2
2024,e,P,7,True,1,8,5,2,2,6,0,3,0,3,8,9,20
2024,e,P,7,True,2,4,0,0,0,4,0,4,0,0,0,10,8
2024,e,P,7,True,3,7,0,0,0,7,0,7,0,0,0,6,14
2024,e,P,7,True,4,7,1,1,1,6,0,3,3,0,11,5,14
2024,e,P,7,True,5,4,0,0,0,4,0,4,0,0,0,6,8
2024,e,P,7,True,7,2,0,0,0,2,0,2,0,0,0,0,4
2024,e,P,7,True,8,1,0,0,0,1,0,0,1,0,1,0,2
2024,f,P,6,False,1,11,7,4,3,7,1,3,1,3,18,10,38
2024,f,P,6,False,2,7,2,1,1,6,0,4,1,1,10,5,21
2024,f,P,6,False,3,9,1,1,1,8,0,6,2,0,8,3,27
2024,f,P,6,False,4,5,0,0,0,5,0,3,2,0,4,4,15
2024,f,P,6,False,5,1,0,0,0,1,0,1,0,0,0,0,3
2024,f,P,6,True,1,9,7,6,4,3,2,1,1,1,24,15,31
2024,f,P,6,True,2,5,1,1,1,4,0,3,1,0,6,9,18
2024,f,P,6,True,3,4,2,1,1,3,0,0,2,1,11,5,14
2024,f,P,6,True,4,4,0,0,0,4,0,2,2,0,4,5,12
2024,f,P,6,True,5,4,0,0,0,4,0,1,3,0,3,8,12
2024,f,P,6,True,7,1,0,0,0,1,0,0,1,0,1,0,3
2024,f,P,6,True,8,1,0,0,0,1,0,1,0,0,0,5,3
2024,f,P,7,False,1,7,4,3,3,4,0,3,0,1,9,2,14
2024,f,P,7,False,2,5,0,0,0,5,0,5,0,0,0,1,10
2024,f,P,7,False,3,11,1,1,1,10,0,8,2,0,9,4,22
2024,f,P,7,False,4,4,0,0,0,4,0,2,2,0,4,0,8
2024,f,P,7,False,5,3,0,0,0,3,0,1,2,0,3,0,6
2024,f,P,7,False,8,1,0,0,0,1,0,1,0,0,0,0,2
2024,f,P,7,True,1,4,2,2,2,2,0,2,0,0,5,5,7
2024,f,P,7,True,2,6,0,0,0,6,0,5,1,0,3,11,12
2024,f,P,7,True,3,1,0,0,0,1,0,0,1,0,1,2,2
2024,f,P,7,True,4,3,1,0,0,3,0,1,1,1,6,2,7
2024,f,P,7,True,5,4,0,0,0,4,0,2,2,0,2,7,8
2024,f,P,7,True,6,2,0,0,0,2,0,2,0,0,0,0,4
2024,f,P,7,True,11,1,0,0,0,1,0,1,0,0,0,2,2
2024,g,C,6,False,1,6,2,0,0,5,1,4,0,2,2,3,23
2024,g,C,6,False,2,6,1,1,1,5,0,4,1,0,10,0,18
2024,g,C,6,False,3,4,1,0,0,4,0,1,2,1,6,2,13
2024,g,C,6,False,4,2,0,0,0,2,0,1,1,0,1,2,6
2024,g,C,6,False,5,2,0,0,0,2,0,0,2,0,5,2,6
2024,g,C,6,False,6,2,0,0,0,2,0,2,0,0,0,1,6
2024,g,C,6,False,7,1,0,0,0,1,0,1,0,0,0,0,3
2024,g,C,6,True,1,8,4,2,2,6,0,4,0,2,8,7,26
2024,g,C,6,True,2,6,0,0,0,6,0,5,1,0,1,7,18
2024,g,C,6,True,3,4,0,0,0,4,0,1,3,0,7,5,12
2024,g,C,6,True,4,3,0,0,0,3,0,2,1,0,1,1,9
2024,g,C,6,True,5,3,0,0,0,3,0,3,0,0,0,4,9
2024,g,C,6,True,8,1,0,0,0,1,0,1,0,0,0,1,3
2024,g,C,7,False,1,7,3,1,1,5,1,4,0,2,4,2,20
2024,g,C,7,False,2,6,1,1,1,5,0,4,1,0,10,0,12
2024,g,C,7,False,3,6,1,0,0,6,0,3,2,1,6,3,13
2024,g,C,7,False,4,1,0,0,0,1,0,1,0,0,0,0,2
2024,g,C,7,False,5,2,0,0,0,2,0,1,1,0,2,0,4
2024,g,C,7,False,6,2,0,0,0,2,0,2,0,0,0,1,4
2024,g,C,7,False,7,1,0,0,0,1,0,1,0,0,0,0,2
2024,g,C,7,True,1,9,4,3,3,6,0,5,0,1,7,2,22
2024,g,C,7,True,2,6,1,0,0,6,0,5,0,1,3,3,13
2024,g,C,7,True,3,8,0,0,0,8,0,4,4,0,8,5,16
2024,g,C,7,True,4,2,0,0,0,2,0,2,0,0,0,1,4
2024,g,C,7,True,5,4,0,0,0,4,0,4,0,0,0,5,8
2024,g,C,7,True,9,1,0,0,0,1,0,1,0,0,0,0,2
2024,h,P,6,False,1,8,3,2,2,6,0,5,0,1,8,7,28
2024,h,P,6,False,2,9,1,1,0,9,0,6,2,0,6,16,27
2024,h,P,6,False,3,5,0,0,0,5,0,4,1,0,1,0,15
2024,h,P,6,False,4,1,0,0,0,1,0,0,1,0,4,3,3
2024,h,P,6,False,6,1,0,0,0,1,0,0,1,0,2,0,3
2024,h,P,6,True,1,8,5,5,5,3,0,2,1,0,13,2,22
2024,h,P,6,True,2,5,2,2,2,3,0,3,0,0,7,3,14
2024,h,P,6,True,3,4,2,1,1,3,0,2,0,1,7,5,12
2024,h,P,6,True,4,3,0,0,0,3,0,2,1,0,1,0,9
2024,h,P,6,True,6,1,0,0,0,1,0,0,1,0,2,2,3
2024,h,P,7,False,1,8,4,3,3,5,0,4,0,1,11,7,20
2024,h,P,7,False,2,7,0,0,0,7,0,6,1,0,1,7,14
2024,h,P,7,False,3,7,1,1,0,7,0,5,1,0,5,3,14
2024,h,P,7,False,5,1,0,0,0,1,0,0,1,0,2,0,2
2024,h,P,7,False,6,2,0,0,0,2,0,0,2,0,3,0,4
2024,h,P,7,True,1,7,5,5,5,2,0,2,0,0,11,1,12
2024,h,P,7,True,2,6,1,1,1,5,0,4,1,0,4,4,12
2024,h,P,7,True,3,3,0,0,0,3,0,3,0,0,0,4,6
2024,h,P,7,True,4,2,0,0,0,2,0,2,0,0,0,0,4
2024,h,P,7,True,5,1,0,0,0,1,0,0,1,0,2,0,2
2024,h,P,7,True,8,1,0,0,0,1,0,0,1,0,2,0,2
2024,l,P,6,False,1,12,5,3,1,10,1,7,0,2,12,15,43
2024,l,P,6,False,2,5,1,0,0,5,0,3,1,1,3,5,15
2024,l,P,6,False,3,4,0,0,0,4,0,3,1,0,2,1,12
2024,l,P,6,False,4,8,0,0,0,8,0,3,5,0,5,8,24
2024,l,P,6,False,5,5,0,0,0,5,0,3,2,0,6,1,15
2024,l,P,6,False,6,1,0,0,0,1,0,1,0,0,0,0,3
2024,l,P,6,False,7,1,0,0,0,1,0,1,0,0,0,2,3
2024,l,P,6,False,9,1,0,0,0,1,0,1,0,0,0,0,3
2024,l,P,6,True,1,9,1,0,0,9,0,6,2,1,4,11,28
2024,l,P,6,True,2,10,2,2,2,8,0,6,2,0,9,13,29
2024,l,P,6,True,3,8,1,1,1,7,0,3,4,0,10,14,23
2024,l,P,6,True,4,4,0,0,0,4,0,2,2,0,2,6,12
2024,l,P,6,True,5,2,0,0,0,2,0,0,2,0,2,7,6
2024,l,P,6,True,7,1,0,0,0,1,0,0,1,0,2,4,3
2024,l,P,7,False,1,14,4,2,2,11,1,10,0,2,7,5,34
2024,l,P,7,False,2,5,1,0,0,5,0,4,0,1,2,4,12
2024,l,P,7,False,3,8,1,0,0,8,0,6,1,1,5,3,17
2024,l,P,7,False,4,8,0,0,0,8,0,6,2,0,2,5,16
2024,l,P,7,False,5,4,0,0,0,4,0,3,1,0,1,0,8
2024,l,P,7,False,6,1,0,0,0,1,0,1,0,0,0,0,2
2024,l,P,7,False,9,2,0,0,0,2,0,2,0,0,0,0,4
2024,l,P,7,True,1,10,3,3,3,7,0,7,0,0,10,5,18
2024,l,P,7,True,2,6,1,0,0,6,0,3,2,1,4,3,13
2024,l,P,7,True,3,6,0,0,0,6,0,5,1,0,1,6,12
2024,l,P,7,True,4,5,0,0,0,5,0,5,0,0,0,3,10
2024,l,P,7,True,5,3,0,0,0,3,0,3,0,0,0,0,6
2024,l,P,7,True,6,1,0,0,0,1,0,0,1,0,1,1,2
2024,l,P,7,True,7,2,0,0,0,2,0,1,1,0,2,4,4
2024,l,P,7,True,8,1,0,0,0,1,0,0,1,0,1,4,2
2024,m,P,6,False,1,11,6,2,2,7,2,3,2,4,16,16,39
2024,m,P,6,False,2,5,1,1,1,4,0,3,1,0,6,7,15
2024,m,P,6,False,3,2,0,0,0,2,0,2,0,0,0,0,6
2024,m,P,6,False,4,5,0,0,0,5,0,3,2,0,2,2,15
2024,m,P,6,False,5,1,0,0,0,1,0,1,0,0,0,0,3
2024,m,P,6,False,6,2,0,0,0,2,0,0,2,0,2,6,6
2024,m,P,6,False,7,3,0,0,0,3,0,2,1,0,4,0,9
2024,m,P,6,False,11,1,0,0,0,1,0,1,0,0,0,5,3
2024,m,P,6,True,1,9,3,1,1,8,0,4,2,2,7,11,32
2024,m,P,6,True,2,6,0,0,0,6,0,4,2,0,3,6,18
2024,m,P,6,True,3,3,0,0,0,3,0,1,2,0,3,3,9
2024,m,P,6,True,4,4,0,0,0,4,0,3,1,0,1,6,12
2024,m,P,6,True,5,5,0,0,0,5,0,2,3,0,6,11,15
2024,m,P,6,True,8,1,0,0,0,1,0,1,0,0,0,0,3
2024,m,P,6,True,9,1,0,0,0,1,0,1,0,0,0,0,0
2024,m,P,7,False,1,6,2,0,0,4,2,3,1,2,3,5,18
2024,m,P,7,False,2,6,3,3,2,3,1,2,1,0,12,1,15
2024,m,P,7,False,3,6,0,0,0,6,0,5,1,0,2,0,12
2024,m,P,7,False,4,5,0,0,0,5,0,4,1,0,1,3,10
2024,m,P,7,False,5,3,0,0,0,3,0,3,0,0,0,1,6
2024,m,P,7,False,7,2,0,0,0,2,0,2,0,0,0,0,4
2024,m,P,7,False,12,1,0,0,0,1,0,0,1,0,1,0,2
2024,m,P,7,False,13,1,0,0,0,1,0,1,0,0,0,3,2
2024,m,P,7,True,1,10,4,3,3,7,0,6,0,1,9,11,25
2024,m,P,7,True,2,5,0,0,0,5,0,4,1,0,1,3,10
2024,m,P,7,True,3,2,0,0,0,2,0,1,1,0,2,1,4
2024,m,P,7,True,4,7,0,0,0,7,0,4,3,0,5,9,14
2024,m,P,7,True,5,4,0,0,0,4,0,3,1,0,3,7,8
2024,m,P,7,True,6,1,0,0,0,1,0,1,0,0,0,0,2
2024,m,P,7,True,8,1,0,0,0,1,0,1,0,0,0,0,2
2024,m,P,7,True,10,1,0,0,0,1,0,0,1,0,2,0,2
2024,s,C,6,False,1,13,3,3,2,11,0,10,0,0,7,9,39
2024,s,C,6,False,2,11,1,1,1,10,0,8,2,0,6,16,33
2024,s,C,6,False,3,5,1,1,1,4,0,3,1,0,7,5,15
2024,s,C,6,False,4,2,0,0,0,2,0,1,1,0,1,0,6
2024,s,C,6,False,5,4,0,0,0,4,0,1,3,0,3,2,12
2024,s,C,6,False,6,1,0,0,0,1,0,1,0,0,0,0,3
2024,s,C,6,False,7,1,0,0,0,1,0,0,1,0,1,0,3
2024,s,C,6,False,10,1,0,0,0,1,0,0,1,0,2,2,3
2024,s,C,6,True,1,11,4,3,3,7,1,6,1,1,8,10,36
2024,s,C,6,True,2,8,2,1,1,7,0,0,6,1,17,9,25
2024,s,C,6,True,3,4,0,0,0,4,0,3,1,0,1,5,12
2024,s,C,6,True,4,4,0,0,0,4,0,3,1,0,3,6,12
2024,s,C,6,True,5,1,0,0,0,1,0,0,1,0,2,0,3
2024,s,C,6,True,6,2,0,0,0,2,0,1,1,0,1,0,6
2024,s,C,6,True,7,1,0,0,0,1,0,0,1,0,1,0,3
2024,s,C,6,True,8,1,0,0,0,1,0,1,0,0,0,0,3
2024,s,C,7,False,1,9,1,0,0,9,0,8,0,1,1,3,18
2024,s,C,7,False,2,11,1,1,1,10,0,9,1,0,4,5,22
2024,s,C,7,False,3,6,0,0,0,6,0,6,0,0,0,0,12
2024,s,C,7,False,4,2,0,0,0,2,0,1,1,0,3,4,4
2024,s,C,7,False,5,4,0,0,0,4,0,1,3,0,3,2,8
2024,s,C,7,False,6,1,0,0,0,1,0,1,0,0,0,0,2
2024,s,C,7,False,7,3,0,0,0,3,0,1,2,0,2,0,6
2024,s,C,7,False,8,1,0,0,0,1,0,1,0,0,0,2,2
2024,s,C,7,True,1,13,7,5,5,7,1,5,1,2,17,8,31
2024,s,C,7,True,2,7,0,0,0,7,0,2,5,0,6,2,14
2024,s,C,7,True,3,7,1,1,1,6,0,5,1,0,7,1,13
2024,s,C,7,True,4,4,0,0,0,4,0,4,0,0,0,8,8
2024,s,C,7,True,5,2,0,0,0,2,0,0,2,0,5,1,4
2024,s,C,7,True,6,2,0,0,0,2,0,1,1,0,1,0,4
2024,s,C,7,True,7,1,0,0,0,1,0,0,1,0,1,0,2
2024,s,C,7,True,8,1,0,0,0,1,0,1,0,0,0,0,2
2024,t,C,6,False,1,11,3,1,1,9,1,7,1,2,6,6,37
2024,t,C,6,False,2,5,1,0,0,5,0,4,0,1,2,4,18
2024,t,C,6,False,3,7,0,0,0,7,0,4,3,0,5,12,21
2024,t,C,6,False,4,2,0,0,0,2,0,2,0,0,0,0,6
2024,t,C,6,False,5,3,0,0,0,3,0,1,2,0,2,0,9
2024,t,C,6,False,6,1,0,0,0,1,0,0,1,0,2,0,3
2024,t,C,6,True,1,11,7,4,4,6,1,4,0,3,12,8,34
2024,t,C,6,True,2,5,0,0,0,5,0,5,0,0,0,5,15
2024,t,C,6,True,3,4,2,2,2,2,0,1,1,0,11,3,11
2024,t,C,6,True,4,2,0,0,0,2,0,1,1,0,2,0,6
2024,t,C,6,True,5,1,0,0,0,1,0,1,0,0,0,1,3
2024,t,C,6,True,6,1,0,0,0,1,0,1,0,0,0,0,3
2024,t,C,7,False,1,10,3,1,1,9,0,7,0,2,4,3,24
2024,t,C,7,False,2,8,3,2,2,5,1,5,0,1,10,8,20
2024,t,C,7,False,3,4,0,0,0,4,0,2,2,0,3,3,8
2024,t,C,7,False,4,4,0,0,0,4,0,3,1,0,1,2,8
2024,t,C,7,False,5,5,0,0,0,5,0,3,2,0,2,0,10
2024,t,C,7,False,6,1,0,0,0,1,0,0,1,0,2,0,2
2024,t,C,7,True,1,7,3,2,2,5,0,4,0,1,5,3,15
2024,t,C,7,True,2,4,1,1,1,3,0,3,0,0,3,0,8
2024,t,C,7,True,3,4,0,0,0,4,0,3,1,0,1,1,8
2024,t,C,7,True,4,3,0,0,0,3,0,2,1,0,2,3,6
2024,t,C,7,True,6,2,0,0,0,2,0,2,0,0,0,0,4
2025,b,P,6,False,1,3,0,0,0,3,0,3,0,0,0,11,9
2025,b,P,6,False,2,7,3,1,1,6,0,1,3,2,13,10,23
2025,b,P,6,False,3,7,0,0,0,7,0,4,3,0,6,8,21
2025,b,P,6,False,4,3,0,0,0,3,0,3,0,0,0,0,9
2025,b,P,6,False,6,4,0,0,0,4,0,4,0,0,0,4,12
2025,b,P,6,False,7,1,0,0,0,1,0,0,1,0,1,0,3
2025,b,P,6,False,9,1,0,0,0,1,0,0,1,0,2,1,3
2025,b,P,6,False,10,1,0,0,0,1,0,1,0,0,0,1,3
2025,b,P,6,True,1,5,1,0,0,5,0,4,0,1,2,5,16
2025,b,P,6,True,2,7,4,2,2,4,1,1,2,2,17,8,28
2025,b,P,6,True,3,4,0,0,0,4,0,3,1,0,1,7,12
2025,b,P,6,True,4,5,0,0,0,5,0,3,2,0,3,6,15
2025,b,P,6,True,5,1,0,0,0,1,0,1,0,0,0,0,3
2025,b,P,6,True,6,2,0,0,0,2,0,0,2,0,5,3,6
2025,b,P,6,True,7,1,0,0,0,1,0,1,0,0,0,1,3
2025,b,P,6,True,9,1,0,0,0,1,0,1,0,0,0,0,3
2025,b,P,6,True,10,1,0,0,0,1,0,1,0,0,0,0,3
2025,b,P,7,False,1,2,0,0,0,2,0,2,0,0,0,0,4
2025,b,P,7,False,2,8,3,2,2,6,0,3,2,1,16,17,18
2025,b,P,7,False,3,7,0,0,0,7,0,4,3,0,3,5,14
2025,b,P,7,False,4,4,0,0,0,4,0,3,1,0,4,2,8
2025,b,P,7,False,6,3,0,0,0,3,0,3,0,0,0,1,6
2025,b,P,7,False,7,1,0,0,0,1,0,0,1,0,1,0,2
2025,b,P,7,False,8,2,0,0,0,2,0,2,0,0,0,0,4
2025,b,P,7,False,9,1,0,0,0,1,0,0,1,0,2,1,2
2025,b,P,7,False,10,1,0,0,0,1,0,1,0,0,0,1,2
2025,b,P,7,True,1,7,1,0,0,7,0,6,0,1,3,7,15
2025,b,P,7,True,2,5,3,1,1,3,1,1,1,2,9,1,14
2025,b,P,7,True,3,6,0,0,0,6,0,4,2,0,2,9,12
2025,b,P,7,True,4,3,0,0,0,3,0,2,1,0,2,5,6
2025,b,P,7,True,5,2,0,0,0,2,0,2,0,0,0,0,4
2025,b,P,7,True,6,1,0,0,0,1,0,0,1,0,4,0,2
2025,b,P,7,True,7,2,0,0,0,2,0,2,0,0,0,2,4
2025,b,P,7,True,9,1,0,0,0,1,0,1,0,0,0,0,2
2025,b,P,7,True,10,1,0,0,0,1,0,1,0,0,0,0,2
2025,c,C,6,False,1,11,4,2,2,8,1,6,1,2,7,6,38
2025,c,C,6,False,2,14,0,0,0,14,0,12,2,0,3,9,42
2025,c,C,6,False,3,2,0,0,0,2,0,0,2,0,3,1,6
2025,c,C,6,False,4,3,0,0,0,3,0,1,2,0,3,2,9
2025,c,C,6,False,5,3,0,0,0,3,0,2,1,0,1,2,9
2025,c,C,6,False,6,3,0,0,0,3,0,0,3,0,3,2,9
2025,c,C,6,False,8,1,0,0,0,1,0,1,0,0,0,2,3
2025,c,C,6,True,1,7,1,0,0,6,1,5,1,1,2,8,24
2025,c,C,6,True,2,9,0,0,0,9,0,7,2,0,2,13,27
2025,c,C,6,True,3,2,0,0,0,2,0,1,1,0,4,5,6
2025,c,C,6,True,4,2,0,0,0,2,0,2,0,0,0,11,6
2025,c,C,6,True,5,4,0,0,0,4,0,4,0,0,0,1,12
2025,c,C,6,True,6,1,0,0,0,1,0,0,1,0,3,0,3
2025,c,C,7,False,1,11,2,1,1,10,0,8,1,1,4,3,22
2025,c,C,7,False,2,13,0,0,0,13,0,11,2,0,3,7,26
2025,c,C,7,False,3,4,0,0,0,4,0,4,0,0,0,0,8
2025,c,C,7,False,4,2,0,0,0,2,0,0,2,0,3,1,4
2025,c,C,7,False,5,5,0,0,0,5,0,4,1,0,1,4,10
2025,c,C,7,False,6,2,0,0,0,2,0,0,2,0,2,0,4
2025,c,C,7,False,8,1,0,0,0,1,0,1,0,0,0,2,2
2025,c,C,7,True,1,9,1,0,0,8,1,7,1,1,2,6,21
2025,c,C,7,True,2,8,0,0,0,8,0,7,1,0,1,10,16
2025,c,C,7,True,3,4,0,0,0,4,0,4,0,0,0,4,8
2025,c,C,7,True,4,1,0,0,0,1,0,1,0,0,0,1,2
2025,c,C,7,True,5,4,0,0,0,4,0,4,0,0,0,0,8
2025,c,C,7,True,6,2,0,0,0,2,0,1,1,0,3,0,4
2025,c,C,7,True,7,1,0,0,0,1,0,1,0,0,0,7,2
2025,d,C,6,False,1,15,4,3,3,12,0,11,0,1,10,5,45
2025,d,C,6,False,2,10,1,1,1,9,0,4,5,0,11,5,30
2025,d,C,6,False,3,3,1,1,1,2,0,2,0,0,6,3,11
2025,d,C,6,False,4,7,0,0,0,7,0,5,2,0,7,6,21
2025,d,C,6,False,5,4,0,0,0,4,0,2,2,0,3,1,12
2025,d,C,6,False,6,1,0,0,0,1,0,0,1,0,2,2,3
2025,d,C,6,False,7,1,0,0,0,1,0,1,0,0,0,0,3
2025,d,C,6,False,8,1,0,0,0,1,0,1,0,0,0,1,3
2025,d,C,6,False,9,1,0,0,0,1,0,0,1,0,1,0,3
2025,d,C,6,True,1,9,1,1,1,8,0,6,2,0,6,6,26
2025,d,C,6,True,2,8,2,1,1,7,0,3,3,1,8,4,26
2025,d,C,6,True,3,6,1,1,1,5,0,2,3,0,13,11,19
2025,d,C,6,True,4,4,0,0,0,4,0,2,2,0,4,2,12
2025,d,C,7,False,1,14,3,2,2,12,0,11,0,1,7,2,28
2025,d,C,7,False,2,8,0,0,0,8,0,6,2,0,2,0,16
2025,d,C,7,False,3,3,1,1,1,2,0,2,0,0,6,2,8
2025,d,C,7,False,4,6,0,0,0,6,0,4,2,0,5,1,12
2025,d,C,7,False,5,6,0,0,0,6,0,5,1,0,2,1,12
2025,d,C,7,False,6,1,0,0,0,1,0,0,1,0,2,2,2
2025,d,C,7,False,7,1,0,0,0,1,0,1,0,0,0,0,2
2025,d,C,7,False,8,3,0,0,0,3,0,2,1,0,4,1,6
2025,d,C,7,True,1,9,0,0,0,9,0,8,1,0,2,4,18
2025,d,C,7,True,2,8,2,1,1,7,0,5,1,1,6,3,18
2025,d,C,7,True,3,5,1,1,1,4,0,3,1,0,5,0,11
2025,d,C,7,True,4,3,0,0,0,3,0,1,2,0,3,0,6
2025,d,C,7,True,5,2,0,0,0,2,0,2,0,0,0,1,4
2025,db,C,6,False,1,10,3,1,0,8,2,6,1,2,8,13,36
2025,db,C,6,False,2,12,1,1,0,12,0,7,4,0,11,11,38
2025,db,C,6,False,3,3,1,1,1,2,0,1,1,0,6,0,9
2025,db,C,6,False,4,3,0,0,0,3,0,2,1,0,1,2,9
2025,db,C,6,False,5,3,0,0,0,3,0,2,1,0,1,3,9
2025,db,C,6,False,6,1,0,0,0,1,0,1,0,0,0,0,3
2025,db,C,6,False,8,1,0,0,0,1,0,0,1,0,3,0,3
2025,db,C,6,True,1,10,3,1,1,9,0,6,1,2,6,7,31
2025,db,C,6,True,2,5,1,1,1,4,0,0,4,0,12,9,16
2025,db,C,6,True,3,8,0,0,0,8,0,6,2,0,3,5,24
2025,db,C,6,True,4,1,0,0,0,1,0,0,1,0,3,2,3
2025,db,C,6,True,9,1,0,0,0,1,0,0,1,0,1,2,3
2025,db,C,7,False,1,9,3,1,1,8,0,6,0,2,5,5,18
2025,db,C,7,False,2,13,3,3,2,11,0,6,4,0,18,9,32
2025,db,C,7,False,3,4,1,0,0,3,1,2,1,1,4,0,11
2025,db,C,7,False,4,3,0,0,0,3,0,3,0,0,0,1,6
2025,db,C,7,False,5,2,0,0,0,2,0,2,0,0,0,0,4
2025,db,C,7,False,6,3,0,0,0,3,0,2,1,0,1,0,6
2025,db,C,7,False,8,1,0,0,0,1,0,0,1,0,1,0,2
2025,db,C,7,True,1,10,2,2,2,8,0,8,0,0,4,3,22
2025,db,C,7,True,2,4,1,0,0,4,0,3,0,1,4,3,8
2025,db,C,7,True,3,7,0,0,0,7,0,7,0,0,0,4,14
2025,db,C,7,True,4,2,0,0,0,2,0,0,2,0,6,2,4
2025,db,C,7,True,6,1,0,0,0,1,0,0,1,0,3,0,2
2025,db,C,7,True,11,1,0,0,0,1,0,0,1,0,1,0,2
2025,e,P,6,False,1,13,6,3,3,9,1,7,0,3,10,12,47
2025,e,P,6,False,2,6,1,0,0,6,0,4,1,1,3,2,18
2025,e,P,6,False,3,3,1,1,1,2,0,2,0,0,4,5,9
2025,e,P,6,False,4,7,0,0,0,7,0,5,2,0,7,8,21
2025,e,P,6,False,5,2,0,0,0,2,0,2,0,0,0,2,6
2025,e,P,6,False,7,3,0,0,0,3,0,1,2,0,3,0,9
2025,e,P,6,False,8,2,0,0,0,2,0,1,1,0,2,5,6
2025,e,P,6,False,9,2,0,0,0,2,0,1,1,0,4,2,6
2025,e,P,6,True,1,7,3,3,3,4,0,2,2,0,11,4,19
2025,e,P,6,True,2,5,2,2,2,3,0,3,0,0,11,10,16
2025,e,P,6,True,3,8,0,0,0,8,0,3,5,0,5,11,24
2025,e,P,6,True,4,5,0,0,0,5,0,0,5,0,9,1,15
2025,e,P,6,True,5,4,0,0,0,4,0,0,4,0,9,3,12
2025,e,P,6,True,6,1,0,0,0,1,0,0,1,0,5,1,3
2025,e,P,6,True,7,2,0,0,0,2,0,0,2,0,6,2,6
2025,e,P,6,True,8,1,0,0,0,1,0,1,0,0,0,2,3
2025,e,P,7,False,1,9,5,3,3,6,0,4,0,2,9,6,23
2025,e,P,7,False,2,7,1,0,0,7,0,5,1,1,3,1,14
2025,e,P,7,False,3,7,1,1,1,6,0,4,2,0,7,3,14
2025,e,P,7,False,4,6,0,0,0,6,0,5,1,0,4,9,12
2025,e,P,7,False,5,2,0,0,0,2,0,2,0,0,0,1,4
2025,e,P,7,False,6,1,0,0,0,1,0,1,0,0,0,0,2
2025,e,P,7,False,7,3,0,0,0,3,0,1,2,0,3,0,6
2025,e,P,7,False,8,1,0,0,0,1,0,1,0,0,0,3,2
2025,e,P,7,False,9,1,0,0,0,1,0,0,1,0,4,0,2
2025,e,P,7,False,10,1,0,0,0,1,0,0,1,0,2,0,2
2025,e,P,7,False,11,1,0,0,0,1,0,1,0,0,0,0,2
2025,e,P,7,True,1,5,1,1,1,4,0,3,1,0,7,7,10
2025,e,P,7,True,2,9,0,0,0,9,0,8,1,0,1,9,18
2025,e,P,7,True,3,10,0,0,0,10,0,8,2,0,2,9,20
2025,e,P,7,True,4,3,0,0,0,3,0,1,2,0,4,2,6
2025,e,P,7,True,5,4,0,0,0,4,0,0,4,0,10,3,8
2025,e,P,7,True,7,1,0,0,0,1,0,0,1,0,2,0,2
2025,e,P,7,True,9,1,0,0,0,1,0,1,0,0,0,1,2
2025,f,P,6,False,1,13,3,2,2,11,0,10,0,1,5,4,42
2025,f,P,6,False,2,2,0,0,0,2,0,2,0,0,0,0,6
2025,f,P,6,False,3,4,0,0,0,4,0,4,0,0,0,1,12
2025,f,P,6,True,1,6,2,2,2,4,0,3,1,0,5,4,17
2025,f,P,6,True,2,8,2,2,2,6,0,2,4,0,14,12,24
2025,f,P,6,True,3,2,0,0,0,2,0,0,2,0,2,1,6
2025,f,P,6,True,4,2,0,0,0,2,0,1,1,0,1,3,6
2025,f,P,6,True,5,1,0,0,0,1,0,1,0,0,0,2,3
2025,f,P,6,True,6,4,1,1,1,3,0,1,2,0,10,1,13
2025,f,P,6,True,7,1,0,0,0,1,0,1,0,0,0,3,3
2025,f,P,6,True,10,1,0,0,0,1,0,1,0,0,0,0,3
2025,f,P,7,False,1,13,1,0,0,13,0,12,0,1,1,3,28
2025,f,P,7,False,2,4,0,0,0,4,0,4,0,0,0,0,8
2025,f,P,7,False,3,4,0,0,0,4,0,4,0,0,0,1,8
2025,f,P,7,True,1,4,1,1,1,3,0,3,0,0,2,2,8
2025,f,P,7,True,2,8,2,2,2,6,0,3,3,0,11,5,16
2025,f,P,7,True,3,1,0,0,0,1,0,1,0,0,0,1,2
2025,f,P,7,True,4,4,0,0,0,4,0,1,3,0,5,3,8
2025,f,P,7,True,5,4,0,0,0,4,0,2,2,0,2,3,8
2025,f,P,7,True,6,2,1,1,1,1,0,1,0,0,7,0,5
2025,f,P,7,True,9,1,0,0,0,1,0,1,0,0,0,1,2
2025,f,P,7,True,10,1,0,0,0,1,0,1,0,0,0,0,2
2025,g,C,6,False,1,14,8,5,4,8,2,6,0,3,18,7,54
2025,g,C,6,False,2,6,1,0,0,6,0,3,2,1,4,5,21
2025,g,C,6,False,3,8,0,0,0,8,0,7,1,0,2,6,24
2025,g,C,6,False,4,2,0,0,0,2,0,1,1,0,2,1,6
2025,g,C,6,False,5,5,1,1,1,4,0,2,2,0,13,4,15
2025,g,C,6,False,9,1,0,0,0,1,0,1,0,0,0,0,3
2025,g,C,6,True,1,9,4,4,4,5,0,5,0,0,13,4,28
2025,g,C,6,True,2,6,1,1,1,5,0,3,2,0,8,12,17
2025,g,C,6,True,3,4,0,0,0,4,0,2,2,0,2,1,12
2025,g,C,6,True,4,4,1,1,1,3,0,2,1,0,6,2,12
2025,g,C,6,True,5,3,2,2,2,1,0,1,0,0,12,1,10
2025,g,C,6,True,8,2,0,0,0,2,0,1,1,0,1,4,5
2025,g,C,7,False,1,13,4,2,2,10,1,8,1,2,7,4,33
2025,g,C,7,False,2,8,3,1,1,6,1,3,2,2,11,4,22
2025,g,C,7,False,3,8,0,0,0,8,0,7,1,0,1,5,16
2025,g,C,7,False,4,3,0,0,0,3,0,2,1,0,2,1,6
2025,g,C,7,False,5,4,0,0,0,4,0,3,1,0,3,0,8
2025,g,C,7,False,9,1,0,0,0,1,0,1,0,0,0,0,2
2025,g,C,7,True,1,8,2,2,2,6,0,6,0,0,4,3,19
2025,g,C,7,True,2,4,0,0,0,4,0,3,1,0,2,2,8
2025,g,C,7,True,3,3,0,0,0,3,0,2,1,0,1,0,6
2025,g,C,7,True,4,3,0,0,0,3,0,2,1,0,1,2,6
2025,g,C,7,True,5,4,1,1,1,3,0,2,1,0,7,6,9
2025,g,C,7,True,8,1,0,0,0,1,0,0,1,0,1,1,2
2025,g,C,7,True,9,1,0,0,0,1,0,1,0,0,0,2,1
2025,h,P,6,False,1,8,4,2,1,7,0,4,0,2,6,6,26
2025,h,P,6,False,2,2,0,0,0,2,0,1,1,0,1,2,6
2025,h,P,6,False,3,5,0,0,0,5,0,4,1,0,2,4,15
2025,h,P,6,False,4,5,1,1,1,4,0,2,2,0,10,8,15
2025,h,P,6,False,5,3,0,0,0,3,0,1,2,0,5,1,9
2025,h,P,6,False,6,1,0,0,0,1,0,0,1,0,1,0,3
2025,h,P,6,False,8,1,0,0,0,1,0,1,0,0,0,0,3
2025,h,P,6,False,9,1,0,0,0,1,0,0,1,0,2,0,3
2025,h,P,6,True,1,9,6,4,4,4,1,3,0,2,13,5,29
2025,h,P,6,True,2,3,1,1,1,2,0,1,1,0,4,3,9
2025,h,P,6,True,3,1,0,0,0,1,0,0,1,0,1,0,3
2025,h,P,6,True,4,1,0,0,0,1,0,0,1,0,1,1,3
2025,h,P,6,True,5,3,0,0,0,3,0,1,2,0,2,5,9
2025,h,P,6,True,6,3,0,0,0,3,0,1,2,0,3,0,9
2025,h,P,7,False,1,10,4,3,2,8,0,6,0,1,9,6,23
2025,h,P,7,False,2,2,0,0,0,2,0,1,1,0,1,0,4
2025,h,P,7,False,3,4,0,0,0,4,0,4,0,0,0,3,8
2025,h,P,7,False,4,4,1,1,1,3,0,2,1,0,9,3,8
2025,h,P,7,False,5,4,0,0,0,4,0,2,2,0,5,3,8
2025,h,P,7,False,6,2,0,0,0,2,0,0,2,0,2,0,4
2025,h,P,7,False,8,1,0,0,0,1,0,1,0,0,0,0,2
2025,h,P,7,False,9,1,0,0,0,1,0,0,1,0,2,0,2
2025,h,P,7,True,1,6,3,2,2,3,1,3,0,1,6,1,14
2025,h,P,7,True,2,3,1,1,1,2,0,1,1,0,4,0,6
2025,h,P,7,True,3,3,0,0,0,3,0,2,1,0,1,3,6
2025,h,P,7,True,4,3,0,0,0,3,0,2,1,0,1,0,6
2025,h,P,7,True,5,1,0,0,0,1,0,1,0,0,0,3,2
2025,h,P,7,True,6,3,0,0,0,3,0,1,2,0,2,1,6
2025,l,P,6,False,1,10,2,0,0,9,1,8,0,2,2,4,33
2025,l,P,6,False,2,10,2,0,0,10,0,5,3,2,8,13,34
2025,l,P,6,False,3,4,0,0,0,4,0,2,2,0,4,2,12
2025,l,P,6,False,4,2,0,0,0,2,0,1,1,0,2,0,6
2025,l,P,6,False,5,2,0,0,0,2,0,2,0,0,0,0,6
2025,l,P,6,False,6,3,0,0,0,3,0,1,2,0,3,3,9
2025,l,P,6,False,7,2,0,0,0,2,0,0,2,0,6,0,6
2025,l,P,6,False,9,1,0,0,0,1,0,1,0,0,0,1,3
2025,l,P,6,False,10,1,0,0,0,1,0,0,1,0,1,1,3
2025,l,P,6,True,1,9,5,4,3,5,1,4,0,1,13,12,31
2025,l,P,6,True,2,10,2,1,1,8,1,6,2,1,9,7,32
2025,l,P,6,True,3,5,0,0,0,5,0,4,1,0,1,0,15
2025,l,P,6,True,4,5,1,1,1,4,0,1,3,0,10,6,14
2025,l,P,6,True,5,1,0,0,0,1,0,1,0,0,0,2,3
2025,l,P,6,True,7,1,0,0,0,1,0,1,0,0,0,2,3
2025,l,P,6,True,10,1,0,0,0,1,0,1,0,0,0,0,3
2025,l,P,7,False,1,12,3,0,0,11,1,9,0,3,3,5,29
2025,l,P,7,False,2,7,1,0,0,7,0,4,2,1,5,6,16
2025,l,P,7,False,3,5,0,0,0,5,0,4,1,0,2,2,10
2025,l,P,7,False,4,3,0,0,0,3,0,2,1,0,2,0,6
2025,l,P,7,False,5,4,0,0,0,4,0,3,1,0,2,0,8
2025,l,P,7,False,6,1,0,0,0,1,0,1,0,0,0,0,2
2025,l,P,7,False,7,2,0,0,0,2,0,0,2,0,6,0,4
2025,l,P,7,False,9,2,0,0,0,2,0,1,1,0,2,1,4
2025,l,P,7,False,10,1,0,0,0,1,0,1,0,0,0,0,2
2025,l,P,7,True,1,9,3,2,2,7,0,5,1,1,8,13,20
2025,l,P,7,True,2,8,1,1,1,7,0,7,0,0,4,4,15
2025,l,P,7,True,3,6,0,0,0,6,0,5,1,0,1,3,12
2025,l,P,7,True,4,3,0,0,0,3,0,1,2,0,4,3,6
2025,l,P,7,True,6,2,0,0,0,2,0,1,1,0,2,1,4
2025,l,P,7,True,7,1,0,0,0,1,0,1,0,0,0,2,2
2025,l,P,7,True,10,1,0,0,0,1,0,1,0,0,0,0,2
2025,m,P,6,False,1,9,4,2,1,8,0,5,0,2,7,6,27
2025,m,P,6,False,2,7,0,0,0,7,0,7,0,0,0,11,21
2025,m,P,6,False,3,4,1,1,1,3,0,2,1,0,7,4,12
2025,m,P,6,False,4,9,0,0,0,9,0,7,2,0,4,17,27
2025,m,P,6,False,5,5,0,0,0,5,0,4,1,0,1,0,15
2025,m,P,6,False,7,1,0,0,0,1,0,0,1,0,3,1,3
2025,m,P,6,False,9,1,0,0,0,1,0,1,0,0,0,0,3
2025,m,P,6,True,1,5,2,1,0,5,0,3,0,1,4,6,17
2025,m,P,6,True,2,9,0,0,0,9,0,5,4,0,4,12,27
2025,m,P,6,True,3,1,0,0,0,1,0,1,0,0,0,2,3
2025,m,P,6,True,4,3,1,0,0,3,0,2,0,1,4,6,9
2025,m,P,6,True,5,2,0,0,0,2,0,2,0,0,0,1,6
2025,m,P,6,True,6,1,0,0,0,1,0,0,1,0,2,3,3
2025,m,P,6,True,7,1,0,0,0,1,0,0,1,0,1,3,3
2025,m,P,6,True,8,2,0,0,0,2,0,1,1,0,6,0,6
2025,m,P,6,True,10,1,0,0,0,1,0,1,0,0,0,2,3
2025,m,P,7,False,1,8,3,3,1,6,1,5,0,0,6,5,24
2025,m,P,7,False,2,7,0,0,0,7,0,7,0,0,0,6,14
2025,m,P,7,False,3,3,0,0,0,3,0,2,1,0,1,1,6
2025,m,P,7,False,4,8,0,0,0,8,0,7,1,0,2,5,16
2025,m,P,7,False,5,7,0,0,0,7,0,7,0,0,0,2,14
2025,m,P,7,False,7,1,0,0,0,1,0,0,1,0,2,0,2
2025,m,P,7,False,8,1,0,0,0,1,0,1,0,0,0,0,2
2025,m,P,7,False,9,2,0,0,0,2,0,2,0,0,0,1,4
2025,m,P,7,True,1,8,1,0,0,8,0,7,0,1,1,4,17
2025,m,P,7,True,2,4,0,0,0,4,0,3,1,0,1,4,8
2025,m,P,7,True,3,2,0,0,0,2,0,2,0,0,0,2,4
2025,m,P,7,True,4,2,0,0,0,2,0,1,1,0,1,1,4
2025,m,P,7,True,5,4,0,0,0,4,0,3,1,0,1,4,8
2025,m,P,7,True,6,1,0,0,0,1,0,0,1,0,4,0,2
2025,m,P,7,True,7,3,0,0,0,3,0,1,2,0,3,6,6
2025,m,P,7,True,8,1,0,0,0,1,0,1,0,0,0,0,2
2025,m,P,7,True,10,1,0,0,0,1,0,1,0,0,0,2,2
2025,s,C,6,False,1,8,2,1,1,7,0,5,1,1,7,9,27
2025,s,C,6,False,2,12,3,1,1,11,0,4,5,2,14,11,39
2025,s,C,6,False,3,7,0,0,0,7,0,3,4,0,4,3,21
2025,s,C,6,False,4,2,0,0,0,2,0,1,1,0,1,1,6
2025,s,C,6,False,5,5,0,0,0,5,0,2,3,0,7,1,15
2025,s,C,6,False,6,2,0,0,0,2,0,0,2,0,2,9,6
2025,s,C,6,False,7,1,0,0,0,1,0,0,1,0,1,0,3
2025,s,C,6,False,12,1,0,0,0,1,0,1,0,0,0,0,3
2025,s,C,6,True,1,6,3,1,1,3,2,2,1,2,6,9,25
2025,s,C,6,True,2,10,2,1,1,9,0,5,3,1,9,15,30
2025,s,C,6,True,3,5,3,3,3,2,0,1,1,0,13,2,16
2025,s,C,6,True,4,4,0,0,0,4,0,3,1,0,2,4,12
2025,s,C,6,True,5,7,1,0,0,7,0,3,3,1,9,12,22
2025,s,C,6,True,6,1,0,0,0,1,0,1,0,0,0,0,3
2025,s,C,6,True,7,1,0,0,0,1,0,1,0,0,0,0,3
2025,s,C,6,True,12,1,0,0,0,1,0,0,1,0,1,2,3
2025,s,C,7,False,1,7,1,1,1,6,0,6,0,0,3,5,17
2025,s,C,7,False,2,8,0,0,0,8,0,4,4,0,4,3,16
2025,s,C,7,False,3,7,1,1,1,6,0,3,3,0,8,1,17
2025,s,C,7,False,4,5,0,0,0,5,0,3,2,0,4,1,10
2025,s,C,7,False,5,6,0,0,0,6,0,4,2,0,6,2,12
2025,s,C,7,False,7,1,0,0,0,1,0,0,1,0,1,0,2
2025,s,C,7,False,10,1,0,0,0,1,0,0,1,0,1,4,2
2025,s,C,7,False,12,1,0,0,0,1,0,1,0,0,0,0,2
2025,s,C,7,True,1,9,5,1,1,6,2,2,2,4,9,9,27
2025,s,C,7,True,2,9,2,1,1,7,1,7,0,1,5,10,21
2025,s,C,7,True,3,4,1,1,1,3,0,1,2,0,6,1,9
2025,s,C,7,True,4,4,0,0,0,4,0,4,0,0,0,4,8
2025,s,C,7,True,5,7,0,0,0,7,0,3,4,0,5,11,14
2025,s,C,7,True,6,1,0,0,0,1,0,1,0,0,0,0,2
2025,s,C,7,True,7,1,0,0,0,1,0,1,0,0,0,0,2
2025,s,C,7,True,14,1,0,0,0,1,0,0,1,0,1,0,2
2025,t,C,6,False,1,5,3,3,3,2,0,2,0,0,12,0,16
2025,t,C,6,False,2,7,5,4,4,3,0,2,0,1,22,3,26
2025,t,C,6,False,3,5,0,0,0,5,0,3,2,0,4,0,15
2025,t,C,6,False,4,1,0,0,0,1,0,1,0,0,0,3,3
2025,t,C,6,False,5,2,0,0,0,2,0,2,0,0,0,2,6
2025,t,C,6,False,8,1,0,0,0,1,0,0,1,0,1,0,3
2025,t,C,6,True,1,4,2,0,0,4,0,2,0,2,3,6,14
2025,t,C,6,True,2,5,1,0,0,5,0,2,2,1,4,8,15
2025,t,C,6,True,3,9,0,0,0,9,0,7,2,0,4,5,27
2025,t,C,6,True,4,1,0,0,0,1,0,0,1,0,3,1,3
2025,t,C,7,False,1,6,4,2,2,3,1,2,0,2,11,1,17
2025,t,C,7,False,2,5,3,3,3,2,0,2,0,0,15,2,12
2025,t,C,7,False,3,5,0,0,0,5,0,3,2,0,4,0,10
2025,t,C,7,False,4,1,0,0,0,1,0,1,0,0,0,3,2
2025,t,C,7,False,5,2,0,0,0,2,0,2,0,0,0,2,4
2025,t,C,7,False,8,1,0,0,0,1,0,0,1,0,1,0,2
2025,t,C,7,True,1,7,1,0,0,7,0,6,0,1,2,8,14
2025,t,C,7,True,2,5,0,0,0,5,0,4,1,0,1,5,10
2025,t,C,7,True,3,8,0,0,0,8,0,7,1,0,2,4,16
2025,t,C,7,True,5,1,0,0,0,1,0,1,0,0,0,0,2
