year,team,side,score,g,w,l,d,win_rate,we_rate
2013,c,home,0,7,0,7,0,0.0,0.0
2013,c,home,1,13,4,9,0,0.3076923076923077,0.3076923076923077
2013,c,home,2,8,3,5,0,0.375,0.375
2013,c,home,3,15,5,10,0,0.3333333333333333,0.3333333333333333
2013,c,home,4,7,2,5,0,0.2857142857142857,0.2857142857142857
2013,c,home,5,5,4,0,1,1.0,0.9
2013,c,home,6,6,5,1,0,0.8333333333333334,0.8333333333333334
2013,c,home,7,4,4,0,0,1.0,1.0
2013,c,home,8,1,1,0,0,1.0,1.0
2013,c,home,9,1,1,0,0,1.0,1.0
2013,c,home,10,2,2,0,0,1.0,1.0
2013,c,home,11,2,2,0,0,1.0,1.0
2013,c,home,12,1,1,0,0,1.0,1.0
2013,c,home,13,0,0,0,0,,
2013,c,home,14,0,0,0,0,,
2013,c,home,15,0,0,0,0,,
2013,c,home,16,0,0,0,0,,
2013,c,home,17,0,0,0,0,,
2013,c,home,18,0,0,0,0,,
2013,c,home,19,0,0,0,0,,
2013,c,home,20,0,0,0,0,,
2013,c,home,21,0,0,0,0,,
2013,c,home,22,0,0,0,0,,
2013,c,away,0,2,0,2,0,0.0,0.0
2013,c,away,1,14,1,12,1,0.07692307692307693,0.10714285714285714
2013,c,away,2,14,4,9,1,0.3076923076923077,0.32142857142857145
2013,c,away,3,7,2,5,0,0.2857142857142857,0.2857142857142857
2013,c,away,4,7,3,4,0,0.42857142857142855,0.42857142857142855
2013,c,away,5,7,7,0,0,1.0,1.0
2013,c,away,6,7,7,0,0,1.0,1.0
2013,c,away,7,5,4,1,0,0.8,0.8
2013,c,away,8,2,1,1,0,0.5,0.5
2013,c,away,9,3,2,1,0,0.6666666666666666,0.6666666666666666
2013,c,away,10,0,0,0,0,,
2013,c,away,11,1,1,0,0,1.0,1.0
2013,c,away,12,1,1,0,0,1.0,1.0
2013,c,away,13,2,2,0,0,1.0,1.0
2013,c,away,14,0,0,0,0,,
2013,c,away,15,0,0,0,0,,
2013,c,away,16,0,0,0,0,,
2013,c,away,17,0,0,0,0,,
2013,c,away,18,0,0,0,0,,
2013,c,away,19,0,0,0,0,,
2013,c,away,20,0,0,0,0,,
2013,c,away,21,0,0,0,0,,
2013,c,away,22,0,0,0,0,,
2013,d,home,0,12,0,12,0,0.0,0.0
2013,d,home,1,8,2,6,0,0.25,0.25
2013,d,home,2,12,3,9,0,0.25,0.25
2013,d,home,3,12,3,9,0,0.25,0.25
2013,d,home,4,13,9,4,0,0.6923076923076923,0.6923076923076923
2013,d,home,5,5,3,2,0,0.6,0.6
2013,d,home,6,3,2,0,1,1.0,0.8333333333333334
2013,d,home,7,2,2,0,0,1.0,1.0
2013,d,home,8,2,2,0,0,1.0,1.0
2013,d,home,9,1,1,0,0,1.0,1.0
2013,d,home,10,0,0,0,0,,
2013,d,home,11,1,1,0,0,1.0,1.0
2013,d,home,12,0,0,0,0,,
2013,d,home,13,0,0,0,0,,
2013,d,home,14,0,0,0,0,,
2013,d,home,15,1,1,0,0,1.0,1.0
2013,d,home,16,0,0,0,0,,
2013,d,home,17,0,0,0,0,,
2013,d,home,18,0,0,0,0,,
2013,d,home,19,0,0,0,0,,
2013,d,home,20,0,0,0,0,,
2013,d,home,21,0,0,0,0,,
2013,d,home,22,0,0,0,0,,
2013,d,away,0,5,0,5,0,0.0,0.0
2013,d,away,1,10,2,8,0,0.2,0.2
2013,d,away,2,12,1,9,2,0.1,0.16666666666666666
2013,d,away,3,8,2,6,0,0.25,0.25
2013,d,away,4,8,4,4,0,0.5,0.5
2013,d,away,5,8,7,1,0,0.875,0.875
2013,d,away,6,8,6,2,0,0.75,0.75
2013,d,away,7,2,2,0,0,1.0,1.0
2013,d,away,8,2,2,0,0,1.0,1.0
2013,d,away,9,3,3,0,0,1.0,1.0
2013,d,away,10,4,4,0,0,1.0,1.0
2013,d,away,11,1,1,0,0,1.0,1.0
2013,d,away,12,1,1,0,0,1.0,1.0
2013,d,away,13,0,0,0,0,,
2013,d,away,14,0,0,0,0,,
2013,d,away,15,0,0,0,0,,
2013,d,away,16,0,0,0,0,,
2013,d,away,17,0,0,0,0,,
2013,d,away,18,0,0,0,0,,
2013,d,away,19,0,0,0,0,,
2013,d,away,20,0,0,0,0,,
2013,d,away,21,0,0,0,0,,
2013,d,away,22,0,0,0,0,,
2013,db,home,0,5,0,5,0,0.0,0.0
2013,db,home,1,8,1,7,0,0.125,0.125
2013,db,home,2,7,0,7,0,0.0,0.0
2013,db,home,3,10,2,8,0,0.2,0.2
2013,db,home,4,10,4,6,0,0.4,0.4
2013,db,home,5,7,4,3,0,0.5714285714285714,0.5714285714285714
2013,db,home,6,7,3,4,0,0.42857142857142855,0.42857142857142855
2013,db,home,7,4,3,1,0,0.75,0.75
2013,db,home,8,5,3,2,0,0.6,0.6
2013,db,home,9,2,2,0,0,1.0,1.0
2013,db,home,10,2,1,1,0,0.5,0.5
2013,db,home,11,2,2,0,0,1.0,1.0
2013,db,home,12,1,1,0,0,1.0,1.0
2013,db,home,13,1,1,0,0,1.0,1.0
2013,db,home,14,0,0,0,0,,
2013,db,home,15,0,0,0,0,,
2013,db,home,16,0,0,0,0,,
2013,db,home,17,1,1,0,0,1.0,1.0
2013,db,home,18,0,0,0,0,,
2013,db,home,19,0,0,0,0,,
2013,db,home,20,0,0,0,0,,
2013,db,home,21,0,0,0,0,,
2013,db,home,22,0,0,0,0,,
2013,db,away,0,5,0,5,0,0.0,0.0
2013,db,away,1,13,0,13,0,0.0,0.0
2013,db,away,2,10,5,5,0,0.5,0.5
2013,db,away,3,7,3,4,0,0.42857142857142855,0.42857142857142855
2013,db,away,4,12,10,2,0,0.8333333333333334,0.8333333333333334
2013,db,away,5,2,1,1,0,0.5,0.5
2013,db,away,6,9,7,2,0,0.7777777777777778,0.7777777777777778
2013,db,away,7,7,3,3,1,0.5,0.5
2013,db,away,8,0,0,0,0,,
2013,db,away,9,1,1,0,0,1.0,1.0
2013,db,away,10,2,2,0,0,1.0,1.0
2013,db,away,11,2,2,0,0,1.0,1.0
2013,db,away,12,1,1,0,0,1.0,1.0
2013,db,away,13,1,1,0,0,1.0,1.0
2013,db,away,14,0,0,0,0,,
2013,db,away,15,0,0,0,0,,
2013,db,away,16,0,0,0,0,,
2013,db,away,17,0,0,0,0,,
2013,db,away,18,0,0,0,0,,
2013,db,away,19,0,0,0,0,,
2013,db,away,20,0,0,0,0,,
2013,db,away,21,0,0,0,0,,
2013,db,away,22,0,0,0,0,,
2013,g,home,0,7,0,7,0,0.0,0.0
2013,g,home,1,3,1,1,1,0.5,0.5
2013,g,home,2,11,6,4,1,0.6,0.5909090909090909
2013,g,home,3,10,6,3,1,0.6666666666666666,0.65
2013,g,home,4,15,12,3,0,0.8,0.8
2013,g,home,5,7,5,1,1,0.8333333333333334,0.7857142857142857
2013,g,home,6,7,6,1,0,0.8571428571428571,0.8571428571428571
2013,g,home,7,5,3,1,1,0.75,0.7
2013,g,home,8,5,5,0,0,1.0,1.0
2013,g,home,9,0,0,0,0,,
2013,g,home,10,0,0,0,0,,
2013,g,home,11,0,0,0,0,,
2013,g,home,12,1,1,0,0,1.0,1.0
2013,g,home,13,0,0,0,0,,
2013,g,home,14,0,0,0,0,,
2013,g,home,15,0,0,0,0,,
2013,g,home,16,0,0,0,0,,
2013,g,home,17,1,1,0,0,1.0,1.0
2013,g,home,18,0,0,0,0,,
2013,g,home,19,0,0,0,0,,
2013,g,home,20,0,0,0,0,,
2013,g,home,21,0,0,0,0,,
2013,g,home,22,0,0,0,0,,
2013,g,away,0,5,0,4,1,0.0,0.1
2013,g,away,1,11,4,7,0,0.36363636363636365,0.36363636363636365
2013,g,away,2,11,3,8,0,0.2727272727272727,0.2727272727272727
2013,g,away,3,11,5,6,0,0.45454545454545453,0.45454545454545453
2013,g,away,4,7,3,4,0,0.42857142857142855,0.42857142857142855
2013,g,away,5,4,3,0,1,1.0,0.875
2013,g,away,6,8,6,2,0,0.75,0.75
2013,g,away,7,4,4,0,0,1.0,1.0
2013,g,away,8,3,3,0,0,1.0,1.0
2013,g,away,9,2,2,0,0,1.0,1.0
2013,g,away,10,3,2,1,0,0.6666666666666666,0.6666666666666666
2013,g,away,11,1,1,0,0,1.0,1.0
2013,g,away,12,1,1,0,0,1.0,1.0
2013,g,away,13,0,0,0,0,,
2013,g,away,14,0,0,0,0,,
2013,g,away,15,0,0,0,0,,
2013,g,away,16,1,1,0,0,1.0,1.0
2013,g,away,17,0,0,0,0,,
2013,g,away,18,0,0,0,0,,
2013,g,away,19,0,0,0,0,,
2013,g,away,20,0,0,0,0,,
2013,g,away,21,0,0,0,0,,
2013,g,away,22,0,0,0,0,,
2013,s,home,0,6,0,6,0,0.0,0.0
2013,s,home,1,4,1,3,0,0.25,0.25
2013,s,home,2,11,5,5,1,0.5,0.5
2013,s,home,3,10,2,8,0,0.2,0.2
2013,s,home,4,8,4,4,0,0.5,0.5
2013,s,home,5,5,2,3,0,0.4,0.4
2013,s,home,6,7,3,4,0,0.42857142857142855,0.42857142857142855
2013,s,home,7,6,3,3,0,0.5,0.5
2013,s,home,8,6,5,1,0,0.8333333333333334,0.8333333333333334
2013,s,home,9,3,2,1,0,0.6666666666666666,0.6666666666666666
2013,s,home,10,2,2,0,0,1.0,1.0
2013,s,home,11,2,2,0,0,1.0,1.0
2013,s,home,12,2,2,0,0,1.0,1.0
2013,s,home,13,0,0,0,0,,
2013,s,home,14,0,0,0,0,,
2013,s,home,15,0,0,0,0,,
2013,s,home,16,0,0,0,0,,
2013,s,home,17,0,0,0,0,,
2013,s,home,18,0,0,0,0,,
2013,s,home,19,0,0,0,0,,
2013,s,home,20,0,0,0,0,,
2013,s,home,21,0,0,0,0,,
2013,s,home,22,0,0,0,0,,
2013,s,away,0,10,0,10,0,0.0,0.0
2013,s,away,1,11,2,9,0,0.18181818181818182,0.18181818181818182
2013,s,away,2,8,1,7,0,0.125,0.125
2013,s,away,3,12,1,9,2,0.1,0.16666666666666666
2013,s,away,4,8,3,5,0,0.375,0.375
2013,s,away,5,11,9,2,0,0.8181818181818182,0.8181818181818182
2013,s,away,6,3,2,1,0,0.6666666666666666,0.6666666666666666
2013,s,away,7,5,3,1,1,0.75,0.7
2013,s,away,8,3,2,1,0,0.6666666666666666,0.6666666666666666
2013,s,away,9,0,0,0,0,,
2013,s,away,10,0,0,0,0,,
2013,s,away,11,0,0,0,0,,
2013,s,away,12,1,1,0,0,1.0,1.0
2013,s,away,13,0,0,0,0,,
2013,s,away,14,0,0,0,0,,
2013,s,away,15,0,0,0,0,,
2013,s,away,16,0,0,0,0,,
2013,s,away,17,0,0,0,0,,
2013,s,away,18,0,0,0,0,,
2013,s,away,19,0,0,0,0,,
2013,s,away,20,0,0,0,0,,
2013,s,away,21,0,0,0,0,,
2013,s,away,22,0,0,0,0,,
2013,t,home,0,11,0,10,1,0.0,0.045454545454545456
2013,t,home,1,9,2,7,0,0.2222222222222222,0.2222222222222222
2013,t,home,2,14,7,6,1,0.5384615384615384,0.5357142857142857
2013,t,home,3,8,5,3,0,0.625,0.625
2013,t,home,4,8,5,3,0,0.625,0.625
2013,t,home,5,3,1,2,0,0.3333333333333333,0.3333333333333333
2013,t,home,6,6,4,2,0,0.6666666666666666,0.6666666666666666
2013,t,home,7,5,4,0,1,1.0,0.9
2013,t,home,8,4,4,0,0,1.0,1.0
2013,t,home,9,2,2,0,0,1.0,1.0
2013,t,home,10,0,0,0,0,,
2013,t,home,11,1,1,0,0,1.0,1.0
2013,t,home,12,0,0,0,0,,
2013,t,home,13,0,0,0,0,,
2013,t,home,14,1,1,0,0,1.0,1.0
2013,t,home,15,0,0,0,0,,
2013,t,home,16,0,0,0,0,,
2013,t,home,17,0,0,0,0,,
2013,t,home,18,0,0,0,0,,
2013,t,home,19,0,0,0,0,,
2013,t,home,20,0,0,0,0,,
2013,t,home,21,0,0,0,0,,
2013,t,home,22,0,0,0,0,,
2013,t,away,0,11,0,11,0,0.0,0.0
2013,t,away,1,10,2,8,0,0.2,0.2
2013,t,away,2,7,2,5,0,0.2857142857142857,0.2857142857142857
2013,t,away,3,13,6,7,0,0.46153846153846156,0.46153846153846156
2013,t,away,4,6,5,1,0,0.8333333333333334,0.8333333333333334
2013,t,away,5,5,4,1,0,0.8,0.8
2013,t,away,6,3,2,0,1,1.0,0.8333333333333334
2013,t,away,7,6,6,0,0,1.0,1.0
2013,t,away,8,2,1,1,0,0.5,0.5
2013,t,away,9,4,4,0,0,1.0,1.0
2013,t,away,10,3,3,0,0,1.0,1.0
2013,t,away,11,1,1,0,0,1.0,1.0
2013,t,away,12,1,1,0,0,1.0,1.0
2013,t,away,13,0,0,0,0,,
2013,t,away,14,0,0,0,0,,
2013,t,away,15,0,0,0,0,,
2013,t,away,16,0,0,0,0,,
2013,t,away,17,0,0,0,0,,
2013,t,away,18,0,0,0,0,,
2013,t,away,19,0,0,0,0,,
2013,t,away,20,0,0,0,0,,
2013,t,away,21,0,0,0,0,,
2013,t,away,22,0,0,0,0,,
2014,c,home,0,1,0,1,0,0.0,0.0
2014,c,home,1,7,1,6,0,0.14285714285714285,0.14285714285714285
2014,c,home,2,9,5,4,0,0.5555555555555556,0.5555555555555556
2014,c,home,3,11,6,5,0,0.5454545454545454,0.5454545454545454
2014,c,home,4,8,5,3,0,0.625,0.625
2014,c,home,5,12,5,6,1,0.45454545454545453,0.4583333333333333
2014,c,home,6,6,5,1,0,0.8333333333333334,0.8333333333333334
2014,c,home,7,10,7,3,0,0.7,0.7
2014,c,home,8,2,2,0,0,1.0,1.0
2014,c,home,9,1,1,0,0,1.0,1.0
2014,c,home,10,0,0,0,0,,
2014,c,home,11,1,1,0,0,1.0,1.0
2014,c,home,12,3,3,0,0,1.0,1.0
2014,c,home,13,1,1,0,0,1.0,1.0
2014,c,home,14,0,0,0,0,,
2014,c,home,15,0,0,0,0,,
2014,c,home,16,0,0,0,0,,
2014,c,home,17,0,0,0,0,,
2014,c,home,18,0,0,0,0,,
2014,c,home,19,0,0,0,0,,
2014,c,home,20,0,0,0,0,,
2014,c,home,21,0,0,0,0,,
2014,c,home,22,0,0,0,0,,
2014,c,away,0,8,0,8,0,0.0,0.0
2014,c,away,1,8,1,7,0,0.125,0.125
2014,c,away,2,12,1,10,1,0.09090909090909091,0.125
2014,c,away,3,6,2,4,0,0.3333333333333333,0.3333333333333333
2014,c,away,4,10,3,7,0,0.3,0.3
2014,c,away,5,2,0,2,0,0.0,0.0
2014,c,away,6,8,7,1,0,0.875,0.875
2014,c,away,7,8,8,0,0,1.0,1.0
2014,c,away,8,3,3,0,0,1.0,1.0
2014,c,away,9,2,2,0,0,1.0,1.0
2014,c,away,10,1,1,0,0,1.0,1.0
2014,c,away,11,2,2,0,0,1.0,1.0
2014,c,away,12,0,0,0,0,,
2014,c,away,13,1,1,0,0,1.0,1.0
2014,c,away,14,0,0,0,0,,
2014,c,away,15,0,0,0,0,,
2014,c,away,16,0,0,0,0,,
2014,c,away,17,1,1,0,0,1.0,1.0
2014,c,away,18,0,0,0,0,,
2014,c,away,19,0,0,0,0,,
2014,c,away,20,0,0,0,0,,
2014,c,away,21,0,0,0,0,,
2014,c,away,22,0,0,0,0,,
2014,d,home,0,9,0,9,0,0.0,0.0
2014,d,home,1,11,1,9,1,0.1,0.13636363636363635
2014,d,home,2,9,3,6,0,0.3333333333333333,0.3333333333333333
2014,d,home,3,6,4,2,0,0.6666666666666666,0.6666666666666666
2014,d,home,4,8,3,5,0,0.375,0.375
2014,d,home,5,8,3,4,1,0.42857142857142855,0.4375
2014,d,home,6,6,6,0,0,1.0,1.0
2014,d,home,7,6,6,0,0,1.0,1.0
2014,d,home,8,4,4,0,0,1.0,1.0
2014,d,home,9,2,2,0,0,1.0,1.0
2014,d,home,10,1,1,0,0,1.0,1.0
2014,d,home,11,1,1,0,0,1.0,1.0
2014,d,home,12,1,1,0,0,1.0,1.0
2014,d,home,13,0,0,0,0,,
2014,d,home,14,0,0,0,0,,
2014,d,home,15,0,0,0,0,,
2014,d,home,16,0,0,0,0,,
2014,d,home,17,0,0,0,0,,
2014,d,home,18,0,0,0,0,,
2014,d,home,19,0,0,0,0,,
2014,d,home,20,0,0,0,0,,
2014,d,home,21,0,0,0,0,,
2014,d,home,22,0,0,0,0,,
2014,d,away,0,3,0,3,0,0.0,0.0
2014,d,away,1,8,0,8,0,0.0,0.0
2014,d,away,2,8,4,3,1,0.5714285714285714,0.5625
2014,d,away,3,13,2,11,0,0.15384615384615385,0.15384615384615385
2014,d,away,4,14,6,7,1,0.46153846153846156,0.4642857142857143
2014,d,away,5,5,3,2,0,0.6,0.6
2014,d,away,6,10,6,4,0,0.6,0.6
2014,d,away,7,7,7,0,0,1.0,1.0
2014,d,away,8,1,1,0,0,1.0,1.0
2014,d,away,9,1,1,0,0,1.0,1.0
2014,d,away,10,2,2,0,0,1.0,1.0
2014,d,away,11,0,0,0,0,,
2014,d,away,12,0,0,0,0,,
2014,d,away,13,0,0,0,0,,
2014,d,away,14,0,0,0,0,,
2014,d,away,15,0,0,0,0,,
2014,d,away,16,0,0,0,0,,
2014,d,away,17,0,0,0,0,,
2014,d,away,18,0,0,0,0,,
2014,d,away,19,0,0,0,0,,
2014,d,away,20,0,0,0,0,,
2014,d,away,21,0,0,0,0,,
2014,d,away,22,0,0,0,0,,
2014,db,home,0,8,0,8,0,0.0,0.0
2014,db,home,1,6,0,6,0,0.0,0.0
2014,db,home,2,13,4,9,0,0.3076923076923077,0.3076923076923077
2014,db,home,3,8,4,4,0,0.5,0.5
2014,db,home,4,9,3,5,1,0.375,0.3888888888888889
2014,db,home,5,10,8,2,0,0.8,0.8
2014,db,home,6,5,4,1,0,0.8,0.8
2014,db,home,7,3,3,0,0,1.0,1.0
2014,db,home,8,3,3,0,0,1.0,1.0
2014,db,home,9,2,0,2,0,0.0,0.0
2014,db,home,10,1,1,0,0,1.0,1.0
2014,db,home,11,2,2,0,0,1.0,1.0
2014,db,home,12,2,2,0,0,1.0,1.0
2014,db,home,13,0,0,0,0,,
2014,db,home,14,0,0,0,0,,
2014,db,home,15,0,0,0,0,,
2014,db,home,16,0,0,0,0,,
2014,db,home,17,0,0,0,0,,
2014,db,home,18,0,0,0,0,,
2014,db,home,19,0,0,0,0,,
2014,db,home,20,0,0,0,0,,
2014,db,home,21,0,0,0,0,,
2014,db,home,22,0,0,0,0,,
2014,db,away,0,9,0,9,0,0.0,0.0
2014,db,away,1,10,2,8,0,0.2,0.2
2014,db,away,2,10,2,8,0,0.2,0.2
2014,db,away,3,8,5,3,0,0.625,0.625
2014,db,away,4,5,2,3,0,0.4,0.4
2014,db,away,5,9,4,4,1,0.5,0.5
2014,db,away,6,7,5,2,0,0.7142857142857143,0.7142857142857143
2014,db,away,7,5,4,1,0,0.8,0.8
2014,db,away,8,3,3,0,0,1.0,1.0
2014,db,away,9,3,3,0,0,1.0,1.0
2014,db,away,10,3,3,0,0,1.0,1.0
2014,db,away,11,0,0,0,0,,
2014,db,away,12,0,0,0,0,,
2014,db,away,13,0,0,0,0,,
2014,db,away,14,0,0,0,0,,
2014,db,away,15,0,0,0,0,,
2014,db,away,16,0,0,0,0,,
2014,db,away,17,0,0,0,0,,
2014,db,away,18,0,0,0,0,,
2014,db,away,19,0,0,0,0,,
2014,db,away,20,0,0,0,0,,
2014,db,away,21,0,0,0,0,,
2014,db,away,22,0,0,0,0,,
2014,g,home,0,2,0,2,0,0.0,0.0
2014,g,home,1,9,1,8,0,0.1111111111111111,0.1111111111111111
2014,g,home,2,7,3,3,1,0.5,0.5
2014,g,home,3,9,3,6,0,0.3333333333333333,0.3333333333333333
2014,g,home,4,21,17,4,0,0.8095238095238095,0.8095238095238095
2014,g,home,5,10,8,2,0,0.8,0.8
2014,g,home,6,6,4,2,0,0.6666666666666666,0.6666666666666666
2014,g,home,7,1,1,0,0,1.0,1.0
2014,g,home,8,2,2,0,0,1.0,1.0
2014,g,home,9,1,1,0,0,1.0,1.0
2014,g,home,10,2,2,0,0,1.0,1.0
2014,g,home,11,0,0,0,0,,
2014,g,home,12,2,2,0,0,1.0,1.0
2014,g,home,13,0,0,0,0,,
2014,g,home,14,0,0,0,0,,
2014,g,home,15,0,0,0,0,,
2014,g,home,16,0,0,0,0,,
2014,g,home,17,0,0,0,0,,
2014,g,home,18,0,0,0,0,,
2014,g,home,19,0,0,0,0,,
2014,g,home,20,0,0,0,0,,
2014,g,home,21,0,0,0,0,,
2014,g,home,22,0,0,0,0,,
2014,g,away,0,7,0,7,0,0.0,0.0
2014,g,away,1,9,1,8,0,0.1111111111111111,0.1111111111111111
2014,g,away,2,9,5,4,0,0.5555555555555556,0.5555555555555556
2014,g,away,3,13,6,7,0,0.46153846153846156,0.46153846153846156
2014,g,away,4,8,4,4,0,0.5,0.5
2014,g,away,5,6,3,3,0,0.5,0.5
2014,g,away,6,6,5,1,0,0.8333333333333334,0.8333333333333334
2014,g,away,7,2,2,0,0,1.0,1.0
2014,g,away,8,2,2,0,0,1.0,1.0
2014,g,away,9,6,6,0,0,1.0,1.0
2014,g,away,10,0,0,0,0,,
2014,g,away,11,2,2,0,0,1.0,1.0
2014,g,away,12,0,0,0,0,,
2014,g,away,13,0,0,0,0,,
2014,g,away,14,0,0,0,0,,
2014,g,away,15,2,2,0,0,1.0,1.0
2014,g,away,16,0,0,0,0,,
2014,g,away,17,0,0,0,0,,
2014,g,away,18,0,0,0,0,,
2014,g,away,19,0,0,0,0,,
2014,g,away,20,0,0,0,0,,
2014,g,away,21,0,0,0,0,,
2014,g,away,22,0,0,0,0,,
2014,s,home,0,3,0,3,0,0.0,0.0
2014,s,home,1,8,0,8,0,0.0,0.0
2014,s,home,2,12,3,9,0,0.25,0.25
2014,s,home,3,7,1,6,0,0.14285714285714285,0.14285714285714285
2014,s,home,4,12,5,6,1,0.45454545454545453,0.4583333333333333
2014,s,home,5,6,5,1,0,0.8333333333333334,0.8333333333333334
2014,s,home,6,2,1,1,0,0.5,0.5
2014,s,home,7,6,4,2,0,0.6666666666666666,0.6666666666666666
2014,s,home,8,4,2,2,0,0.5,0.5
2014,s,home,9,3,3,0,0,1.0,1.0
2014,s,home,10,2,2,0,0,1.0,1.0
2014,s,home,11,2,1,1,0,0.5,0.5
2014,s,home,12,2,2,0,0,1.0,1.0
2014,s,home,13,2,2,0,0,1.0,1.0
2014,s,home,14,1,1,0,0,1.0,1.0
2014,s,home,15,0,0,0,0,,
2014,s,home,16,0,0,0,0,,
2014,s,home,17,0,0,0,0,,
2014,s,home,18,0,0,0,0,,
2014,s,home,19,0,0,0,0,,
2014,s,home,20,0,0,0,0,,
2014,s,home,21,0,0,0,0,,
2014,s,home,22,0,0,0,0,,
2014,s,away,0,5,0,5,0,0.0,0.0
2014,s,away,1,6,1,5,0,0.16666666666666666,0.16666666666666666
2014,s,away,2,9,2,7,0,0.2222222222222222,0.2222222222222222
2014,s,away,3,12,3,8,1,0.2727272727272727,0.2916666666666667
2014,s,away,4,11,6,5,0,0.5454545454545454,0.5454545454545454
2014,s,away,5,3,0,2,1,0.0,0.16666666666666666
2014,s,away,6,12,5,7,0,0.4166666666666667,0.4166666666666667
2014,s,away,7,4,3,1,0,0.75,0.75
2014,s,away,8,3,2,1,0,0.6666666666666666,0.6666666666666666
2014,s,away,9,2,1,1,0,0.5,0.5
2014,s,away,10,1,1,0,0,1.0,1.0
2014,s,away,11,2,2,0,0,1.0,1.0
2014,s,away,12,2,2,0,0,1.0,1.0
2014,s,away,13,0,0,0,0,,
2014,s,away,14,0,0,0,0,,
2014,s,away,15,0,0,0,0,,
2014,s,away,16,0,0,0,0,,
2014,s,away,17,0,0,0,0,,
2014,s,away,18,0,0,0,0,,
2014,s,away,19,0,0,0,0,,
2014,s,away,20,0,0,0,0,,
2014,s,away,21,0,0,0,0,,
2014,s,away,22,0,0,0,0,,
2014,t,home,0,6,0,6,0,0.0,0.0
2014,t,home,1,13,4,9,0,0.3076923076923077,0.3076923076923077
2014,t,home,2,12,3,8,1,0.2727272727272727,0.2916666666666667
2014,t,home,3,8,4,4,0,0.5,0.5
2014,t,home,4,7,7,0,0,1.0,1.0
2014,t,home,5,10,7,3,0,0.7,0.7
2014,t,home,6,2,2,0,0,1.0,1.0
2014,t,home,7,4,4,0,0,1.0,1.0
2014,t,home,8,4,4,0,0,1.0,1.0
2014,t,home,9,2,2,0,0,1.0,1.0
2014,t,home,10,1,1,0,0,1.0,1.0
2014,t,home,11,0,0,0,0,,
2014,t,home,12,1,1,0,0,1.0,1.0
2014,t,home,13,0,0,0,0,,
2014,t,home,14,1,1,0,0,1.0,1.0
2014,t,home,15,1,1,0,0,1.0,1.0
2014,t,home,16,0,0,0,0,,
2014,t,home,17,0,0,0,0,,
2014,t,home,18,0,0,0,0,,
2014,t,home,19,0,0,0,0,,
2014,t,home,20,0,0,0,0,,
2014,t,home,21,0,0,0,0,,
2014,t,home,22,0,0,0,0,,
2014,t,away,0,6,0,6,0,0.0,0.0
2014,t,away,1,11,0,11,0,0.0,0.0
2014,t,away,2,9,1,8,0,0.1111111111111111,0.1111111111111111
2014,t,away,3,8,3,5,0,0.375,0.375
2014,t,away,4,12,7,5,0,0.5833333333333334,0.5833333333333334
2014,t,away,5,6,5,1,0,0.8333333333333334,0.8333333333333334
2014,t,away,6,4,3,1,0,0.75,0.75
2014,t,away,7,3,3,0,0,1.0,1.0
2014,t,away,8,5,5,0,0,1.0,1.0
2014,t,away,9,1,1,0,0,1.0,1.0
2014,t,away,10,1,1,0,0,1.0,1.0
2014,t,away,11,1,0,1,0,0.0,0.0
2014,t,away,12,2,2,0,0,1.0,1.0
2014,t,away,13,0,0,0,0,,
2014,t,away,14,1,1,0,0,1.0,1.0
2014,t,away,15,1,1,0,0,1.0,1.0
2014,t,away,16,0,0,0,0,,
2014,t,away,17,0,0,0,0,,
2014,t,away,18,0,0,0,0,,
2014,t,away,19,0,0,0,0,,
2014,t,away,20,1,1,0,0,1.0,1.0
2014,t,away,21,0,0,0,0,,
2014,t,away,22,0,0,0,0,,
2015,c,home,0,8,0,8,0,0.0,0.0
2015,c,home,1,10,4,6,0,0.4,0.4
2015,c,home,2,16,9,7,0,0.5625,0.5625
2015,c,home,3,8,4,3,1,0.5714285714285714,0.5625
2015,c,home,4,8,4,4,0,0.5,0.5
2015,c,home,5,6,5,1,0,0.8333333333333334,0.8333333333333334
2015,c,home,6,3,2,0,1,1.0,0.8333333333333334
2015,c,home,7,3,3,0,0,1.0,1.0
2015,c,home,8,4,2,2,0,0.5,0.5
2015,c,home,9,2,2,0,0,1.0,1.0
2015,c,home,10,1,0,1,0,0.0,0.0
2015,c,home,11,1,1,0,0,1.0,1.0
2015,c,home,12,0,0,0,0,,
2015,c,home,13,1,1,0,0,1.0,1.0
2015,c,home,14,0,0,0,0,,
2015,c,home,15,0,0,0,0,,
2015,c,home,16,0,0,0,0,,
2015,c,home,17,0,0,0,0,,
2015,c,home,18,0,0,0,0,,
2015,c,home,19,0,0,0,0,,
2015,c,home,20,0,0,0,0,,
2015,c,home,21,0,0,0,0,,
2015,c,home,22,0,0,0,0,,
2015,c,away,0,9,0,9,0,0.0,0.0
2015,c,away,1,7,0,7,0,0.0,0.0
2015,c,away,2,14,3,10,1,0.23076923076923078,0.25
2015,c,away,3,12,7,5,0,0.5833333333333334,0.5833333333333334
2015,c,away,4,9,3,6,0,0.3333333333333333,0.3333333333333333
2015,c,away,5,4,4,0,0,1.0,1.0
2015,c,away,6,7,5,2,0,0.7142857142857143,0.7142857142857143
2015,c,away,7,2,2,0,0,1.0,1.0
2015,c,away,8,4,4,0,0,1.0,1.0
2015,c,away,9,1,1,0,0,1.0,1.0
2015,c,away,10,2,2,0,0,1.0,1.0
2015,c,away,11,1,1,0,0,1.0,1.0
2015,c,away,12,0,0,0,0,,
2015,c,away,13,0,0,0,0,,
2015,c,away,14,0,0,0,0,,
2015,c,away,15,0,0,0,0,,
2015,c,away,16,0,0,0,0,,
2015,c,away,17,0,0,0,0,,
2015,c,away,18,0,0,0,0,,
2015,c,away,19,0,0,0,0,,
2015,c,away,20,0,0,0,0,,
2015,c,away,21,0,0,0,0,,
2015,c,away,22,0,0,0,0,,
2015,d,home,0,4,0,4,0,0.0,0.0
2015,d,home,1,9,1,7,1,0.125,0.16666666666666666
2015,d,home,2,14,4,9,1,0.3076923076923077,0.32142857142857145
2015,d,home,3,19,13,5,1,0.7222222222222222,0.7105263157894737
2015,d,home,4,9,5,4,0,0.5555555555555556,0.5555555555555556
2015,d,home,5,7,6,1,0,0.8571428571428571,0.8571428571428571
2015,d,home,6,5,4,1,0,0.8,0.8
2015,d,home,7,0,0,0,0,,
2015,d,home,8,2,2,0,0,1.0,1.0
2015,d,home,9,2,2,0,0,1.0,1.0
2015,d,home,10,0,0,0,0,,
2015,d,home,11,1,1,0,0,1.0,1.0
2015,d,home,12,0,0,0,0,,
2015,d,home,13,0,0,0,0,,
2015,d,home,14,0,0,0,0,,
2015,d,home,15,0,0,0,0,,
2015,d,home,16,0,0,0,0,,
2015,d,home,17,0,0,0,0,,
2015,d,home,18,0,0,0,0,,
2015,d,home,19,0,0,0,0,,
2015,d,home,20,0,0,0,0,,
2015,d,home,21,0,0,0,0,,
2015,d,home,22,0,0,0,0,,
2015,d,away,0,10,0,10,0,0.0,0.0
2015,d,away,1,10,1,9,0,0.1,0.1
2015,d,away,2,11,0,11,0,0.0,0.0
2015,d,away,3,10,4,5,1,0.4444444444444444,0.45
2015,d,away,4,8,5,3,0,0.625,0.625
2015,d,away,5,9,5,4,0,0.5555555555555556,0.5555555555555556
2015,d,away,6,4,2,2,0,0.5,0.5
2015,d,away,7,4,3,1,0,0.75,0.75
2015,d,away,8,3,2,1,0,0.6666666666666666,0.6666666666666666
2015,d,away,9,2,2,0,0,1.0,1.0
2015,d,away,10,0,0,0,0,,
2015,d,away,11,0,0,0,0,,
2015,d,away,12,0,0,0,0,,
2015,d,away,13,0,0,0,0,,
2015,d,away,14,0,0,0,0,,
2015,d,away,15,0,0,0,0,,
2015,d,away,16,0,0,0,0,,
2015,d,away,17,0,0,0,0,,
2015,d,away,18,0,0,0,0,,
2015,d,away,19,0,0,0,0,,
2015,d,away,20,0,0,0,0,,
2015,d,away,21,0,0,0,0,,
2015,d,away,22,0,0,0,0,,
2015,db,home,0,3,0,3,0,0.0,0.0
2015,db,home,1,9,1,8,0,0.1111111111111111,0.1111111111111111
2015,db,home,2,9,3,6,0,0.3333333333333333,0.3333333333333333
2015,db,home,3,15,5,9,1,0.35714285714285715,0.36666666666666664
2015,db,home,4,8,5,3,0,0.625,0.625
2015,db,home,5,5,3,2,0,0.6,0.6
2015,db,home,6,9,7,2,0,0.7777777777777778,0.7777777777777778
2015,db,home,7,7,6,1,0,0.8571428571428571,0.8571428571428571
2015,db,home,8,3,3,0,0,1.0,1.0
2015,db,home,9,0,0,0,0,,
2015,db,home,10,3,3,0,0,1.0,1.0
2015,db,home,11,0,0,0,0,,
2015,db,home,12,0,0,0,0,,
2015,db,home,13,0,0,0,0,,
2015,db,home,14,0,0,0,0,,
2015,db,home,15,0,0,0,0,,
2015,db,home,16,0,0,0,0,,
2015,db,home,17,0,0,0,0,,
2015,db,home,18,0,0,0,0,,
2015,db,home,19,0,0,0,0,,
2015,db,home,20,0,0,0,0,,
2015,db,home,21,0,0,0,0,,
2015,db,home,22,0,0,0,0,,
2015,db,away,0,4,0,4,0,0.0,0.0
2015,db,away,1,15,2,13,0,0.13333333333333333,0.13333333333333333
2015,db,away,2,18,5,13,0,0.2777777777777778,0.2777777777777778
2015,db,away,3,13,5,8,0,0.38461538461538464,0.38461538461538464
2015,db,away,4,4,1,3,0,0.25,0.25
2015,db,away,5,6,4,2,0,0.6666666666666666,0.6666666666666666
2015,db,away,6,4,4,0,0,1.0,1.0
2015,db,away,7,4,2,2,0,0.5,0.5
2015,db,away,8,3,2,1,0,0.6666666666666666,0.6666666666666666
2015,db,away,9,0,0,0,0,,
2015,db,away,10,1,1,0,0,1.0,1.0
2015,db,away,11,0,0,0,0,,
2015,db,away,12,0,0,0,0,,
2015,db,away,13,0,0,0,0,,
2015,db,away,14,0,0,0,0,,
2015,db,away,15,0,0,0,0,,
2015,db,away,16,0,0,0,0,,
2015,db,away,17,0,0,0,0,,
2015,db,away,18,0,0,0,0,,
2015,db,away,19,0,0,0,0,,
2015,db,away,20,0,0,0,0,,
2015,db,away,21,0,0,0,0,,
2015,db,away,22,0,0,0,0,,
2015,g,home,0,3,0,3,0,0.0,0.0
2015,g,home,1,9,4,5,0,0.4444444444444444,0.4444444444444444
2015,g,home,2,19,10,9,0,0.5263157894736842,0.5263157894736842
2015,g,home,3,10,7,3,0,0.7,0.7
2015,g,home,4,7,4,3,0,0.5714285714285714,0.5714285714285714
2015,g,home,5,5,4,1,0,0.8,0.8
2015,g,home,6,4,4,0,0,1.0,1.0
2015,g,home,7,3,3,0,0,1.0,1.0
2015,g,home,8,2,2,0,0,1.0,1.0
2015,g,home,9,2,2,0,0,1.0,1.0
2015,g,home,10,2,2,0,0,1.0,1.0
2015,g,home,11,4,4,0,0,1.0,1.0
2015,g,home,12,1,1,0,0,1.0,1.0
2015,g,home,13,0,0,0,0,,
2015,g,home,14,0,0,0,0,,
2015,g,home,15,0,0,0,0,,
2015,g,home,16,0,0,0,0,,
2015,g,home,17,0,0,0,0,,
2015,g,home,18,0,0,0,0,,
2015,g,home,19,0,0,0,0,,
2015,g,home,20,0,0,0,0,,
2015,g,home,21,0,0,0,0,,
2015,g,home,22,0,0,0,0,,
2015,g,away,0,12,0,12,0,0.0,0.0
2015,g,away,1,9,1,8,0,0.1111111111111111,0.1111111111111111
2015,g,away,2,15,5,10,0,0.3333333333333333,0.3333333333333333
2015,g,away,3,11,3,7,1,0.3,0.3181818181818182
2015,g,away,4,10,6,4,0,0.6,0.6
2015,g,away,5,7,5,2,0,0.7142857142857143,0.7142857142857143
2015,g,away,6,2,2,0,0,1.0,1.0
2015,g,away,7,3,3,0,0,1.0,1.0
2015,g,away,8,3,3,0,0,1.0,1.0
2015,g,away,9,0,0,0,0,,
2015,g,away,10,0,0,0,0,,
2015,g,away,11,0,0,0,0,,
2015,g,away,12,0,0,0,0,,
2015,g,away,13,0,0,0,0,,
2015,g,away,14,0,0,0,0,,
2015,g,away,15,0,0,0,0,,
2015,g,away,16,0,0,0,0,,
2015,g,away,17,0,0,0,0,,
2015,g,away,18,0,0,0,0,,
2015,g,away,19,0,0,0,0,,
2015,g,away,20,0,0,0,0,,
2015,g,away,21,0,0,0,0,,
2015,g,away,22,0,0,0,0,,
2015,s,home,0,6,0,6,0,0.0,0.0
2015,s,home,1,6,1,5,0,0.16666666666666666,0.16666666666666666
2015,s,home,2,11,5,6,0,0.45454545454545453,0.45454545454545453
2015,s,home,3,8,4,4,0,0.5,0.5
2015,s,home,4,12,10,2,0,0.8333333333333334,0.8333333333333334
2015,s,home,5,9,5,3,1,0.625,0.6111111111111112
2015,s,home,6,6,6,0,0,1.0,1.0
2015,s,home,7,3,3,0,0,1.0,1.0
2015,s,home,8,3,3,0,0,1.0,1.0
2015,s,home,9,5,5,0,0,1.0,1.0
2015,s,home,10,2,2,0,0,1.0,1.0
2015,s,home,11,0,0,0,0,,
2015,s,home,12,0,0,0,0,,
2015,s,home,13,1,1,0,0,1.0,1.0
2015,s,home,14,0,0,0,0,,
2015,s,home,15,0,0,0,0,,
2015,s,home,16,0,0,0,0,,
2015,s,home,17,0,0,0,0,,
2015,s,home,18,0,0,0,0,,
2015,s,home,19,0,0,0,0,,
2015,s,home,20,0,0,0,0,,
2015,s,home,21,0,0,0,0,,
2015,s,home,22,0,0,0,0,,
2015,s,away,0,2,0,2,0,0.0,0.0
2015,s,away,1,20,0,20,0,0.0,0.0
2015,s,away,2,13,3,9,1,0.25,0.2692307692307692
2015,s,away,3,4,3,1,0,0.75,0.75
2015,s,away,4,9,3,6,0,0.3333333333333333,0.3333333333333333
2015,s,away,5,8,8,0,0,1.0,1.0
2015,s,away,6,2,2,0,0,1.0,1.0
2015,s,away,7,1,1,0,0,1.0,1.0
2015,s,away,8,6,5,1,0,0.8333333333333334,0.8333333333333334
2015,s,away,9,2,2,0,0,1.0,1.0
2015,s,away,10,0,0,0,0,,
2015,s,away,11,2,2,0,0,1.0,1.0
2015,s,away,12,1,1,0,0,1.0,1.0
2015,s,away,13,0,0,0,0,,
2015,s,away,14,0,0,0,0,,
2015,s,away,15,0,0,0,0,,
2015,s,away,16,0,0,0,0,,
2015,s,away,17,1,1,0,0,1.0,1.0
2015,s,away,18,0,0,0,0,,
2015,s,away,19,0,0,0,0,,
2015,s,away,20,0,0,0,0,,
2015,s,away,21,0,0,0,0,,
2015,s,away,22,0,0,0,0,,
2015,t,home,0,9,0,9,0,0.0,0.0
2015,t,home,1,8,3,5,0,0.375,0.375
2015,t,home,2,12,5,6,1,0.45454545454545453,0.4583333333333333
2015,t,home,3,17,13,4,0,0.7647058823529411,0.7647058823529411
2015,t,home,4,12,10,2,0,0.8333333333333334,0.8333333333333334
2015,t,home,5,5,5,0,0,1.0,1.0
2015,t,home,6,1,1,0,0,1.0,1.0
2015,t,home,7,1,1,0,0,1.0,1.0
2015,t,home,8,2,1,1,0,0.5,0.5
2015,t,home,9,2,2,0,0,1.0,1.0
2015,t,home,10,2,2,0,0,1.0,1.0
2015,t,home,11,1,1,0,0,1.0,1.0
2015,t,home,12,0,0,0,0,,
2015,t,home,13,0,0,0,0,,
2015,t,home,14,0,0,0,0,,
2015,t,home,15,0,0,0,0,,
2015,t,home,16,0,0,0,0,,
2015,t,home,17,0,0,0,0,,
2015,t,home,18,0,0,0,0,,
2015,t,home,19,0,0,0,0,,
2015,t,home,20,0,0,0,0,,
2015,t,home,21,0,0,0,0,,
2015,t,home,22,0,0,0,0,,
2015,t,away,0,8,0,8,0,0.0,0.0
2015,t,away,1,11,1,10,0,0.09090909090909091,0.09090909090909091
2015,t,away,2,12,2,10,0,0.16666666666666666,0.16666666666666666
2015,t,away,3,11,4,7,0,0.36363636363636365,0.36363636363636365
2015,t,away,4,8,4,4,0,0.5,0.5
2015,t,away,5,7,3,4,0,0.42857142857142855,0.42857142857142855
2015,t,away,6,6,4,1,1,0.8,0.75
2015,t,away,7,4,4,0,0,1.0,1.0
2015,t,away,8,4,4,0,0,1.0,1.0
2015,t,away,9,0,0,0,0,,
2015,t,away,10,0,0,0,0,,
2015,t,away,11,0,0,0,0,,
2015,t,away,12,0,0,0,0,,
2015,t,away,13,0,0,0,0,,
2015,t,away,14,0,0,0,0,,
2015,t,away,15,0,0,0,0,,
2015,t,away,16,0,0,0,0,,
2015,t,away,17,0,0,0,0,,
2015,t,away,18,0,0,0,0,,
2015,t,away,19,0,0,0,0,,
2015,t,away,20,0,0,0,0,,
2015,t,away,21,0,0,0,0,,
2015,t,away,22,0,0,0,0,,
2016,c,home,0,2,0,2,0,0.0,0.0
2016,c,home,1,6,0,5,1,0.0,0.08333333333333333
2016,c,home,2,5,2,3,0,0.4,0.4
2016,c,home,3,15,11,4,0,0.7333333333333333,0.7333333333333333
2016,c,home,4,8,6,2,0,0.75,0.75
2016,c,home,5,7,5,2,0,0.7142857142857143,0.7142857142857143
2016,c,home,6,10,9,1,0,0.9,0.9
2016,c,home,7,3,3,0,0,1.0,1.0
2016,c,home,8,4,4,0,0,1.0,1.0
2016,c,home,9,4,3,1,0,0.75,0.75
2016,c,home,10,4,4,0,0,1.0,1.0
2016,c,home,11,1,1,0,0,1.0,1.0
2016,c,home,12,2,2,0,0,1.0,1.0
2016,c,home,13,1,1,0,0,1.0,1.0
2016,c,home,14,0,0,0,0,,
2016,c,home,15,0,0,0,0,,
2016,c,home,16,0,0,0,0,,
2016,c,home,17,0,0,0,0,,
2016,c,home,18,0,0,0,0,,
2016,c,home,19,0,0,0,0,,
2016,c,home,20,0,0,0,0,,
2016,c,home,21,0,0,0,0,,
2016,c,home,22,0,0,0,0,,
2016,c,away,0,4,0,4,0,0.0,0.0
2016,c,away,1,9,0,9,0,0.0,0.0
2016,c,away,2,8,0,8,0,0.0,0.0
2016,c,away,3,9,4,4,1,0.5,0.5
2016,c,away,4,10,7,3,0,0.7,0.7
2016,c,away,5,7,3,4,0,0.42857142857142855,0.42857142857142855
2016,c,away,6,11,11,0,0,1.0,1.0
2016,c,away,7,3,3,0,0,1.0,1.0
2016,c,away,8,3,3,0,0,1.0,1.0
2016,c,away,9,1,1,0,0,1.0,1.0
2016,c,away,10,1,1,0,0,1.0,1.0
2016,c,away,11,3,3,0,0,1.0,1.0
2016,c,away,12,0,0,0,0,,
2016,c,away,13,1,1,0,0,1.0,1.0
2016,c,away,14,0,0,0,0,,
2016,c,away,15,0,0,0,0,,
2016,c,away,16,1,1,0,0,1.0,1.0
2016,c,away,17,0,0,0,0,,
2016,c,away,18,0,0,0,0,,
2016,c,away,19,0,0,0,0,,
2016,c,away,20,0,0,0,0,,
2016,c,away,21,0,0,0,0,,
2016,c,away,22,0,0,0,0,,
2016,d,home,0,11,0,10,1,0.0,0.045454545454545456
2016,d,home,1,11,3,7,1,0.3,0.3181818181818182
2016,d,home,2,14,3,11,0,0.21428571428571427,0.21428571428571427
2016,d,home,3,10,5,4,1,0.5555555555555556,0.55
2016,d,home,4,7,6,1,0,0.8571428571428571,0.8571428571428571
2016,d,home,5,5,3,2,0,0.6,0.6
2016,d,home,6,6,5,1,0,0.8333333333333334,0.8333333333333334
2016,d,home,7,2,2,0,0,1.0,1.0
2016,d,home,8,1,1,0,0,1.0,1.0
2016,d,home,9,2,2,0,0,1.0,1.0
2016,d,home,10,0,0,0,0,,
2016,d,home,11,1,1,0,0,1.0,1.0
2016,d,home,12,0,0,0,0,,
2016,d,home,13,0,0,0,0,,
2016,d,home,14,0,0,0,0,,
2016,d,home,15,1,1,0,0,1.0,1.0
2016,d,home,16,0,0,0,0,,
2016,d,home,17,0,0,0,0,,
2016,d,home,18,0,0,0,0,,
2016,d,home,19,0,0,0,0,,
2016,d,home,20,0,0,0,0,,
2016,d,home,21,0,0,0,0,,
2016,d,home,22,0,0,0,0,,
2016,d,away,0,4,0,4,0,0.0,0.0
2016,d,away,1,11,0,11,0,0.0,0.0
2016,d,away,2,15,0,15,0,0.0,0.0
2016,d,away,3,10,4,6,0,0.4,0.4
2016,d,away,4,8,3,5,0,0.375,0.375
2016,d,away,5,8,6,2,0,0.75,0.75
2016,d,away,6,1,1,0,0,1.0,1.0
2016,d,away,7,4,3,1,0,0.75,0.75
2016,d,away,8,6,6,0,0,1.0,1.0
2016,d,away,9,3,1,2,0,0.3333333333333333,0.3333333333333333
2016,d,away,10,0,0,0,0,,
2016,d,away,11,1,1,0,0,1.0,1.0
2016,d,away,12,0,0,0,0,,
2016,d,away,13,1,1,0,0,1.0,1.0
2016,d,away,14,0,0,0,0,,
2016,d,away,15,0,0,0,0,,
2016,d,away,16,0,0,0,0,,
2016,d,away,17,0,0,0,0,,
2016,d,away,18,0,0,0,0,,
2016,d,away,19,0,0,0,0,,
2016,d,away,20,0,0,0,0,,
2016,d,away,21,0,0,0,0,,
2016,d,away,22,0,0,0,0,,
2016,db,home,0,4,0,4,0,0.0,0.0
2016,db,home,1,2,0,2,0,0.0,0.0
2016,db,home,2,14,4,10,0,0.2857142857142857,0.2857142857142857
2016,db,home,3,15,5,10,0,0.3333333333333333,0.3333333333333333
2016,db,home,4,8,5,3,0,0.625,0.625
2016,db,home,5,4,1,2,1,0.3333333333333333,0.375
2016,db,home,6,14,12,2,0,0.8571428571428571,0.8571428571428571
2016,db,home,7,4,4,0,0,1.0,1.0
2016,db,home,8,2,2,0,0,1.0,1.0
2016,db,home,9,0,0,0,0,,
2016,db,home,10,2,2,0,0,1.0,1.0
2016,db,home,11,2,2,0,0,1.0,1.0
2016,db,home,12,1,1,0,0,1.0,1.0
2016,db,home,13,0,0,0,0,,
2016,db,home,14,0,0,0,0,,
2016,db,home,15,0,0,0,0,,
2016,db,home,16,0,0,0,0,,
2016,db,home,17,0,0,0,0,,
2016,db,home,18,0,0,0,0,,
2016,db,home,19,0,0,0,0,,
2016,db,home,20,0,0,0,0,,
2016,db,home,21,0,0,0,0,,
2016,db,home,22,0,0,0,0,,
2016,db,away,0,8,0,8,0,0.0,0.0
2016,db,away,1,12,2,8,2,0.2,0.25
2016,db,away,2,12,3,9,0,0.25,0.25
2016,db,away,3,11,5,6,0,0.45454545454545453,0.45454545454545453
2016,db,away,4,6,3,3,0,0.5,0.5
2016,db,away,5,5,3,2,0,0.6,0.6
2016,db,away,6,4,3,1,0,0.75,0.75
2016,db,away,7,6,5,1,0,0.8333333333333334,0.8333333333333334
2016,db,away,8,1,1,0,0,1.0,1.0
2016,db,away,9,2,2,0,0,1.0,1.0
2016,db,away,10,0,0,0,0,,
2016,db,away,11,2,2,0,0,1.0,1.0
2016,db,away,12,1,1,0,0,1.0,1.0
2016,db,away,13,0,0,0,0,,
2016,db,away,14,0,0,0,0,,
2016,db,away,15,0,0,0,0,,
2016,db,away,16,0,0,0,0,,
2016,db,away,17,0,0,0,0,,
2016,db,away,18,0,0,0,0,,
2016,db,away,19,1,1,0,0,1.0,1.0
2016,db,away,20,0,0,0,0,,
2016,db,away,21,0,0,0,0,,
2016,db,away,22,0,0,0,0,,
2016,g,home,0,7,0,7,0,0.0,0.0
2016,g,home,1,11,1,9,1,0.1,0.13636363636363635
2016,g,home,2,7,2,5,0,0.2857142857142857,0.2857142857142857
2016,g,home,3,18,15,3,0,0.8333333333333334,0.8333333333333334
2016,g,home,4,8,2,6,0,0.25,0.25
2016,g,home,5,9,9,0,0,1.0,1.0
2016,g,home,6,3,3,0,0,1.0,1.0
2016,g,home,7,3,2,1,0,0.6666666666666666,0.6666666666666666
2016,g,home,8,1,1,0,0,1.0,1.0
2016,g,home,9,1,1,0,0,1.0,1.0
2016,g,home,10,4,4,0,0,1.0,1.0
2016,g,home,11,0,0,0,0,,
2016,g,home,12,0,0,0,0,,
2016,g,home,13,0,0,0,0,,
2016,g,home,14,0,0,0,0,,
2016,g,home,15,0,0,0,0,,
2016,g,home,16,0,0,0,0,,
2016,g,home,17,0,0,0,0,,
2016,g,home,18,0,0,0,0,,
2016,g,home,19,0,0,0,0,,
2016,g,home,20,0,0,0,0,,
2016,g,home,21,0,0,0,0,,
2016,g,home,22,0,0,0,0,,
2016,g,away,0,5,0,4,1,0.0,0.1
2016,g,away,1,9,1,8,0,0.1111111111111111,0.1111111111111111
2016,g,away,2,9,3,6,0,0.3333333333333333,0.3333333333333333
2016,g,away,3,14,6,7,1,0.46153846153846156,0.4642857142857143
2016,g,away,4,9,3,6,0,0.3333333333333333,0.3333333333333333
2016,g,away,5,8,4,4,0,0.5,0.5
2016,g,away,6,8,6,2,0,0.75,0.75
2016,g,away,7,4,3,1,0,0.75,0.75
2016,g,away,8,1,1,0,0,1.0,1.0
2016,g,away,9,3,3,0,0,1.0,1.0
2016,g,away,10,0,0,0,0,,
2016,g,away,11,1,1,0,0,1.0,1.0
2016,g,away,12,0,0,0,0,,
2016,g,away,13,0,0,0,0,,
2016,g,away,14,0,0,0,0,,
2016,g,away,15,0,0,0,0,,
2016,g,away,16,0,0,0,0,,
2016,g,away,17,0,0,0,0,,
2016,g,away,18,0,0,0,0,,
2016,g,away,19,0,0,0,0,,
2016,g,away,20,0,0,0,0,,
2016,g,away,21,0,0,0,0,,
2016,g,away,22,0,0,0,0,,
2016,s,home,0,4,0,4,0,0.0,0.0
2016,s,home,1,3,0,3,0,0.0,0.0
2016,s,home,2,11,2,9,0,0.18181818181818182,0.18181818181818182
2016,s,home,3,8,2,6,0,0.25,0.25
2016,s,home,4,9,5,4,0,0.5555555555555556,0.5555555555555556
2016,s,home,5,11,9,2,0,0.8181818181818182,0.8181818181818182
2016,s,home,6,12,11,0,1,1.0,0.9583333333333334
2016,s,home,7,2,2,0,0,1.0,1.0
2016,s,home,8,3,2,1,0,0.6666666666666666,0.6666666666666666
2016,s,home,9,5,4,1,0,0.8,0.8
2016,s,home,10,1,1,0,0,1.0,1.0
2016,s,home,11,1,1,0,0,1.0,1.0
2016,s,home,12,0,0,0,0,,
2016,s,home,13,1,1,0,0,1.0,1.0
2016,s,home,14,0,0,0,0,,
2016,s,home,15,0,0,0,0,,
2016,s,home,16,0,0,0,0,,
2016,s,home,17,0,0,0,0,,
2016,s,home,18,0,0,0,0,,
2016,s,home,19,0,0,0,0,,
2016,s,home,20,0,0,0,0,,
2016,s,home,21,0,0,0,0,,
2016,s,home,22,0,0,0,0,,
2016,s,away,0,8,0,8,0,0.0,0.0
2016,s,away,1,11,0,11,0,0.0,0.0
2016,s,away,2,10,0,10,0,0.0,0.0
2016,s,away,3,10,4,6,0,0.4,0.4
2016,s,away,4,4,1,3,0,0.25,0.25
2016,s,away,5,14,8,6,0,0.5714285714285714,0.5714285714285714
2016,s,away,6,5,2,3,0,0.4,0.4
2016,s,away,7,3,2,1,0,0.6666666666666666,0.6666666666666666
2016,s,away,8,2,2,0,0,1.0,1.0
2016,s,away,9,1,1,0,0,1.0,1.0
2016,s,away,10,2,2,0,0,1.0,1.0
2016,s,away,11,2,2,0,0,1.0,1.0
2016,s,away,12,0,0,0,0,,
2016,s,away,13,0,0,0,0,,
2016,s,away,14,0,0,0,0,,
2016,s,away,15,0,0,0,0,,
2016,s,away,16,0,0,0,0,,
2016,s,away,17,0,0,0,0,,
2016,s,away,18,0,0,0,0,,
2016,s,away,19,0,0,0,0,,
2016,s,away,20,0,0,0,0,,
2016,s,away,21,0,0,0,0,,
2016,s,away,22,0,0,0,0,,
2016,t,home,0,4,0,4,0,0.0,0.0
2016,t,home,1,12,0,12,0,0.0,0.0
2016,t,home,2,17,6,11,0,0.35294117647058826,0.35294117647058826
2016,t,home,3,12,5,6,1,0.45454545454545453,0.4583333333333333
2016,t,home,4,7,5,2,0,0.7142857142857143,0.7142857142857143
2016,t,home,5,7,6,1,0,0.8571428571428571,0.8571428571428571
2016,t,home,6,4,2,2,0,0.5,0.5
2016,t,home,7,3,2,1,0,0.6666666666666666,0.6666666666666666
2016,t,home,8,3,3,0,0,1.0,1.0
2016,t,home,9,1,1,0,0,1.0,1.0
2016,t,home,10,1,1,0,0,1.0,1.0
2016,t,home,11,0,0,0,0,,
2016,t,home,12,0,0,0,0,,
2016,t,home,13,0,0,0,0,,
2016,t,home,14,0,0,0,0,,
2016,t,home,15,0,0,0,0,,
2016,t,home,16,0,0,0,0,,
2016,t,home,17,0,0,0,0,,
2016,t,home,18,0,0,0,0,,
2016,t,home,19,0,0,0,0,,
2016,t,home,20,0,0,0,0,,
2016,t,home,21,0,0,0,0,,
2016,t,home,22,0,0,0,0,,
2016,t,away,0,6,0,6,0,0.0,0.0
2016,t,away,1,10,2,8,0,0.2,0.2
2016,t,away,2,11,2,9,0,0.18181818181818182,0.18181818181818182
2016,t,away,3,14,5,9,0,0.35714285714285715,0.35714285714285715
2016,t,away,4,6,4,2,0,0.6666666666666666,0.6666666666666666
2016,t,away,5,6,4,1,1,0.8,0.75
2016,t,away,6,7,5,1,1,0.8333333333333334,0.7857142857142857
2016,t,away,7,2,2,0,0,1.0,1.0
2016,t,away,8,5,4,1,0,0.8,0.8
2016,t,away,9,3,3,0,0,1.0,1.0
2016,t,away,10,1,1,0,0,1.0,1.0
2016,t,away,11,0,0,0,0,,
2016,t,away,12,1,1,0,0,1.0,1.0
2016,t,away,13,0,0,0,0,,
2016,t,away,14,0,0,0,0,,
2016,t,away,15,0,0,0,0,,
2016,t,away,16,0,0,0,0,,
2016,t,away,17,0,0,0,0,,
2016,t,away,18,0,0,0,0,,
2016,t,away,19,0,0,0,0,,
2016,t,away,20,0,0,0,0,,
2016,t,away,21,0,0,0,0,,
2016,t,away,22,0,0,0,0,,
2017,c,home,0,5,0,5,0,0.0,0.0
2017,c,home,1,6,4,2,0,0.6666666666666666,0.6666666666666666
2017,c,home,2,3,1,2,0,0.3333333333333333,0.3333333333333333
2017,c,home,3,7,4,3,0,0.5714285714285714,0.5714285714285714
2017,c,home,4,9,5,4,0,0.5555555555555556,0.5555555555555556
2017,c,home,5,10,6,3,1,0.6666666666666666,0.65
2017,c,home,6,10,9,1,0,0.9,0.9
2017,c,home,7,6,6,0,0,1.0,1.0
2017,c,home,8,5,5,0,0,1.0,1.0
2017,c,home,9,4,4,0,0,1.0,1.0
2017,c,home,10,1,1,0,0,1.0,1.0
2017,c,home,11,1,1,0,0,1.0,1.0
2017,c,home,12,2,2,0,0,1.0,1.0
2017,c,home,13,1,1,0,0,1.0,1.0
2017,c,home,14,1,1,0,0,1.0,1.0
2017,c,home,15,0,0,0,0,,
2017,c,home,16,0,0,0,0,,
2017,c,home,17,0,0,0,0,,
2017,c,home,18,0,0,0,0,,
2017,c,home,19,0,0,0,0,,
2017,c,home,20,0,0,0,0,,
2017,c,home,21,0,0,0,0,,
2017,c,home,22,0,0,0,0,,
2017,c,away,0,2,0,2,0,0.0,0.0
2017,c,away,1,8,0,7,1,0.0,0.0625
2017,c,away,2,6,2,4,0,0.3333333333333333,0.3333333333333333
2017,c,away,3,13,5,6,2,0.45454545454545453,0.46153846153846156
2017,c,away,4,7,3,4,0,0.42857142857142855,0.42857142857142855
2017,c,away,5,8,5,3,0,0.625,0.625
2017,c,away,6,2,1,1,0,0.5,0.5
2017,c,away,7,7,6,1,0,0.8571428571428571,0.8571428571428571
2017,c,away,8,4,3,1,0,0.75,0.75
2017,c,away,9,11,9,2,0,0.8181818181818182,0.8181818181818182
2017,c,away,10,0,0,0,0,,
2017,c,away,11,2,2,0,0,1.0,1.0
2017,c,away,12,1,1,0,0,1.0,1.0
2017,c,away,13,0,0,0,0,,
2017,c,away,14,1,1,0,0,1.0,1.0
2017,c,away,15,0,0,0,0,,
2017,c,away,16,0,0,0,0,,
2017,c,away,17,0,0,0,0,,
2017,c,away,18,0,0,0,0,,
2017,c,away,19,0,0,0,0,,
2017,c,away,20,0,0,0,0,,
2017,c,away,21,0,0,0,0,,
2017,c,away,22,0,0,0,0,,
2017,d,home,0,4,0,4,0,0.0,0.0
2017,d,home,1,13,1,10,2,0.09090909090909091,0.15384615384615385
2017,d,home,2,12,6,6,0,0.5,0.5
2017,d,home,3,12,6,5,1,0.5454545454545454,0.5416666666666666
2017,d,home,4,10,8,2,0,0.8,0.8
2017,d,home,5,6,2,4,0,0.3333333333333333,0.3333333333333333
2017,d,home,6,3,3,0,0,1.0,1.0
2017,d,home,7,9,8,1,0,0.8888888888888888,0.8888888888888888
2017,d,home,8,2,2,0,0,1.0,1.0
2017,d,home,9,0,0,0,0,,
2017,d,home,10,1,1,0,0,1.0,1.0
2017,d,home,11,0,0,0,0,,
2017,d,home,12,0,0,0,0,,
2017,d,home,13,0,0,0,0,,
2017,d,home,14,0,0,0,0,,
2017,d,home,15,0,0,0,0,,
2017,d,home,16,0,0,0,0,,
2017,d,home,17,0,0,0,0,,
2017,d,home,18,0,0,0,0,,
2017,d,home,19,0,0,0,0,,
2017,d,home,20,0,0,0,0,,
2017,d,home,21,0,0,0,0,,
2017,d,home,22,0,0,0,0,,
2017,d,away,0,1,0,1,0,0.0,0.0
2017,d,away,1,16,2,14,0,0.125,0.125
2017,d,away,2,16,2,13,1,0.13333333333333333,0.15625
2017,d,away,3,8,1,7,0,0.125,0.125
2017,d,away,4,12,6,5,1,0.5454545454545454,0.5416666666666666
2017,d,away,5,6,3,3,0,0.5,0.5
2017,d,away,6,5,5,0,0,1.0,1.0
2017,d,away,7,1,0,1,0,0.0,0.0
2017,d,away,8,5,3,2,0,0.6,0.6
2017,d,away,9,0,0,0,0,,
2017,d,away,10,1,0,1,0,0.0,0.0
2017,d,away,11,0,0,0,0,,
2017,d,away,12,0,0,0,0,,
2017,d,away,13,0,0,0,0,,
2017,d,away,14,0,0,0,0,,
2017,d,away,15,0,0,0,0,,
2017,d,away,16,0,0,0,0,,
2017,d,away,17,0,0,0,0,,
2017,d,away,18,0,0,0,0,,
2017,d,away,19,0,0,0,0,,
2017,d,away,20,0,0,0,0,,
2017,d,away,21,0,0,0,0,,
2017,d,away,22,0,0,0,0,,
2017,db,home,0,3,0,3,0,0.0,0.0
2017,db,home,1,13,3,10,0,0.23076923076923078,0.23076923076923078
2017,db,home,2,9,2,6,1,0.25,0.2777777777777778
2017,db,home,3,6,2,3,1,0.4,0.4166666666666667
2017,db,home,4,13,7,4,2,0.6363636363636364,0.6153846153846154
2017,db,home,5,6,4,2,0,0.6666666666666666,0.6666666666666666
2017,db,home,6,9,8,1,0,0.8888888888888888,0.8888888888888888
2017,db,home,7,1,1,0,0,1.0,1.0
2017,db,home,8,2,2,0,0,1.0,1.0
2017,db,home,9,2,2,0,0,1.0,1.0
2017,db,home,10,1,1,0,0,1.0,1.0
2017,db,home,11,2,2,0,0,1.0,1.0
2017,db,home,12,0,0,0,0,,
2017,db,home,13,3,3,0,0,1.0,1.0
2017,db,home,14,1,1,0,0,1.0,1.0
2017,db,home,15,0,0,0,0,,
2017,db,home,16,0,0,0,0,,
2017,db,home,17,0,0,0,0,,
2017,db,home,18,0,0,0,0,,
2017,db,home,19,0,0,0,0,,
2017,db,home,20,0,0,0,0,,
2017,db,home,21,0,0,0,0,,
2017,db,home,22,0,0,0,0,,
2017,db,away,0,2,0,2,0,0.0,0.0
2017,db,away,1,15,3,11,1,0.21428571428571427,0.23333333333333334
2017,db,away,2,9,2,7,0,0.2222222222222222,0.2222222222222222
2017,db,away,3,9,4,5,0,0.4444444444444444,0.4444444444444444
2017,db,away,4,8,3,5,0,0.375,0.375
2017,db,away,5,8,6,2,0,0.75,0.75
2017,db,away,6,9,7,2,0,0.7777777777777778,0.7777777777777778
2017,db,away,7,6,4,2,0,0.6666666666666666,0.6666666666666666
2017,db,away,8,1,1,0,0,1.0,1.0
2017,db,away,9,3,3,0,0,1.0,1.0
2017,db,away,10,1,1,0,0,1.0,1.0
2017,db,away,11,0,0,0,0,,
2017,db,away,12,0,0,0,0,,
2017,db,away,13,1,1,0,0,1.0,1.0
2017,db,away,14,0,0,0,0,,
2017,db,away,15,0,0,0,0,,
2017,db,away,16,0,0,0,0,,
2017,db,away,17,0,0,0,0,,
2017,db,away,18,0,0,0,0,,
2017,db,away,19,0,0,0,0,,
2017,db,away,20,0,0,0,0,,
2017,db,away,21,0,0,0,0,,
2017,db,away,22,0,0,0,0,,
2017,g,home,0,7,0,7,0,0.0,0.0
2017,g,home,1,9,1,8,0,0.1111111111111111,0.1111111111111111
2017,g,home,2,8,2,6,0,0.25,0.25
2017,g,home,3,6,5,1,0,0.8333333333333334,0.8333333333333334
2017,g,home,4,12,6,6,0,0.5,0.5
2017,g,home,5,10,6,4,0,0.6,0.6
2017,g,home,6,11,10,1,0,0.9090909090909091,0.9090909090909091
2017,g,home,7,1,1,0,0,1.0,1.0
2017,g,home,8,4,4,0,0,1.0,1.0
2017,g,home,9,2,2,0,0,1.0,1.0
2017,g,home,10,0,0,0,0,,
2017,g,home,11,1,1,0,0,1.0,1.0
2017,g,home,12,0,0,0,0,,
2017,g,home,13,0,0,0,0,,
2017,g,home,14,0,0,0,0,,
2017,g,home,15,0,0,0,0,,
2017,g,home,16,0,0,0,0,,
2017,g,home,17,0,0,0,0,,
2017,g,home,18,0,0,0,0,,
2017,g,home,19,0,0,0,0,,
2017,g,home,20,0,0,0,0,,
2017,g,home,21,0,0,0,0,,
2017,g,home,22,0,0,0,0,,
2017,g,away,0,7,0,7,0,0.0,0.0
2017,g,away,1,10,2,8,0,0.2,0.2
2017,g,away,2,14,3,10,1,0.23076923076923078,0.25
2017,g,away,3,9,6,2,1,0.75,0.7222222222222222
2017,g,away,4,4,3,1,0,0.75,0.75
2017,g,away,5,12,7,4,1,0.6363636363636364,0.625
2017,g,away,6,7,4,3,0,0.5714285714285714,0.5714285714285714
2017,g,away,7,2,2,0,0,1.0,1.0
2017,g,away,8,2,2,0,0,1.0,1.0
2017,g,away,9,2,2,0,0,1.0,1.0
2017,g,away,10,3,3,0,0,1.0,1.0
2017,g,away,11,0,0,0,0,,
2017,g,away,12,0,0,0,0,,
2017,g,away,13,0,0,0,0,,
2017,g,away,14,0,0,0,0,,
2017,g,away,15,0,0,0,0,,
2017,g,away,16,0,0,0,0,,
2017,g,away,17,0,0,0,0,,
2017,g,away,18,0,0,0,0,,
2017,g,away,19,0,0,0,0,,
2017,g,away,20,0,0,0,0,,
2017,g,away,21,0,0,0,0,,
2017,g,away,22,0,0,0,0,,
2017,s,home,0,3,0,3,0,0.0,0.0
2017,s,home,1,11,1,10,0,0.09090909090909091,0.09090909090909091
2017,s,home,2,10,2,8,0,0.2,0.2
2017,s,home,3,14,5,8,1,0.38461538461538464,0.39285714285714285
2017,s,home,4,10,4,6,0,0.4,0.4
2017,s,home,5,5,4,1,0,0.8,0.8
2017,s,home,6,4,2,2,0,0.5,0.5
2017,s,home,7,3,2,1,0,0.6666666666666666,0.6666666666666666
2017,s,home,8,7,5,1,1,0.8333333333333334,0.7857142857142857
2017,s,home,9,2,2,0,0,1.0,1.0
2017,s,home,10,0,0,0,0,,
2017,s,home,11,2,2,0,0,1.0,1.0
2017,s,home,12,1,1,0,0,1.0,1.0
2017,s,home,13,0,0,0,0,,
2017,s,home,14,0,0,0,0,,
2017,s,home,15,0,0,0,0,,
2017,s,home,16,0,0,0,0,,
2017,s,home,17,0,0,0,0,,
2017,s,home,18,0,0,0,0,,
2017,s,home,19,0,0,0,0,,
2017,s,home,20,0,0,0,0,,
2017,s,home,21,0,0,0,0,,
2017,s,home,22,0,0,0,0,,
2017,s,away,0,16,0,16,0,0.0,0.0
2017,s,away,1,20,1,19,0,0.05,0.05
2017,s,away,2,10,0,10,0,0.0,0.0
2017,s,away,3,7,1,6,0,0.14285714285714285,0.14285714285714285
2017,s,away,4,4,2,2,0,0.5,0.5
2017,s,away,5,5,2,3,0,0.4,0.4
2017,s,away,6,0,0,0,0,,
2017,s,away,7,3,3,0,0,1.0,1.0
2017,s,away,8,1,1,0,0,1.0,1.0
2017,s,away,9,2,2,0,0,1.0,1.0
2017,s,away,10,1,1,0,0,1.0,1.0
2017,s,away,11,1,1,0,0,1.0,1.0
2017,s,away,12,1,1,0,0,1.0,1.0
2017,s,away,13,0,0,0,0,,
2017,s,away,14,0,0,0,0,,
2017,s,away,15,0,0,0,0,,
2017,s,away,16,0,0,0,0,,
2017,s,away,17,0,0,0,0,,
2017,s,away,18,0,0,0,0,,
2017,s,away,19,0,0,0,0,,
2017,s,away,20,0,0,0,0,,
2017,s,away,21,0,0,0,0,,
2017,s,away,22,0,0,0,0,,
2017,t,home,0,7,0,7,0,0.0,0.0
2017,t,home,1,7,1,6,0,0.14285714285714285,0.14285714285714285
2017,t,home,2,14,5,8,1,0.38461538461538464,0.39285714285714285
2017,t,home,3,10,5,5,0,0.5,0.5
2017,t,home,4,8,8,0,0,1.0,1.0
2017,t,home,5,9,6,2,1,0.75,0.7222222222222222
2017,t,home,6,6,5,1,0,0.8333333333333334,0.8333333333333334
2017,t,home,7,3,3,0,0,1.0,1.0
2017,t,home,8,3,3,0,0,1.0,1.0
2017,t,home,9,2,2,0,0,1.0,1.0
2017,t,home,10,2,2,0,0,1.0,1.0
2017,t,home,11,0,0,0,0,,
2017,t,home,12,1,1,0,0,1.0,1.0
2017,t,home,13,0,0,0,0,,
2017,t,home,14,0,0,0,0,,
2017,t,home,15,0,0,0,0,,
2017,t,home,16,0,0,0,0,,
2017,t,home,17,0,0,0,0,,
2017,t,home,18,0,0,0,0,,
2017,t,home,19,0,0,0,0,,
2017,t,home,20,0,0,0,0,,
2017,t,home,21,0,0,0,0,,
2017,t,home,22,0,0,0,0,,
2017,t,away,0,6,0,6,0,0.0,0.0
2017,t,away,1,7,0,7,0,0.0,0.0
2017,t,away,2,9,2,7,0,0.2222222222222222,0.2222222222222222
2017,t,away,3,9,3,6,0,0.3333333333333333,0.3333333333333333
2017,t,away,4,11,7,3,1,0.7,0.6818181818181818
2017,t,away,5,9,8,0,1,1.0,0.9444444444444444
2017,t,away,6,1,1,0,0,1.0,1.0
2017,t,away,7,5,3,2,0,0.6,0.6
2017,t,away,8,7,6,1,0,0.8571428571428571,0.8571428571428571
2017,t,away,9,0,0,0,0,,
2017,t,away,10,3,3,0,0,1.0,1.0
2017,t,away,11,3,3,0,0,1.0,1.0
2017,t,away,12,0,0,0,0,,
2017,t,away,13,0,0,0,0,,
2017,t,away,14,0,0,0,0,,
2017,t,away,15,1,1,0,0,1.0,1.0
2017,t,away,16,0,0,0,0,,
2017,t,away,17,0,0,0,0,,
2017,t,away,18,0,0,0,0,,
2017,t,away,19,0,0,0,0,,
2017,t,away,20,0,0,0,0,,
2017,t,away,21,0,0,0,0,,
2017,t,away,22,0,0,0,0,,
2018,c,home,0,1,0,1,0,0.0,0.0
2018,c,home,1,5,2,2,1,0.5,0.5
2018,c,home,2,6,2,3,1,0.4,0.4166666666666667
2018,c,home,3,12,4,8,0,0.3333333333333333,0.3333333333333333
2018,c,home,4,10,5,5,0,0.5,0.5
2018,c,home,5,7,4,3,0,0.5714285714285714,0.5714285714285714
2018,c,home,6,8,7,1,0,0.875,0.875
2018,c,home,7,12,10,2,0,0.8333333333333334,0.8333333333333334
2018,c,home,8,4,4,0,0,1.0,1.0
2018,c,home,9,2,2,0,0,1.0,1.0
2018,c,home,10,3,3,0,0,1.0,1.0
2018,c,home,11,0,0,0,0,,
2018,c,home,12,0,0,0,0,,
2018,c,home,13,0,0,0,0,,
2018,c,home,14,2,2,0,0,1.0,1.0
2018,c,home,15,0,0,0,0,,
2018,c,home,16,0,0,0,0,,
2018,c,home,17,0,0,0,0,,
2018,c,home,18,0,0,0,0,,
2018,c,home,19,0,0,0,0,,
2018,c,home,20,0,0,0,0,,
2018,c,home,21,0,0,0,0,,
2018,c,home,22,0,0,0,0,,
2018,c,away,0,6,0,6,0,0.0,0.0
2018,c,away,1,3,0,3,0,0.0,0.0
2018,c,away,2,6,0,6,0,0.0,0.0
2018,c,away,3,9,3,6,0,0.3333333333333333,0.3333333333333333
2018,c,away,4,10,4,6,0,0.4,0.4
2018,c,away,5,13,8,5,0,0.6153846153846154,0.6153846153846154
2018,c,away,6,8,7,1,0,0.875,0.875
2018,c,away,7,3,2,1,0,0.6666666666666666,0.6666666666666666
2018,c,away,8,2,2,0,0,1.0,1.0
2018,c,away,9,3,3,0,0,1.0,1.0
2018,c,away,10,2,2,0,0,1.0,1.0
2018,c,away,11,3,3,0,0,1.0,1.0
2018,c,away,12,0,0,0,0,,
2018,c,away,13,2,2,0,0,1.0,1.0
2018,c,away,14,0,0,0,0,,
2018,c,away,15,1,1,0,0,1.0,1.0
2018,c,away,16,0,0,0,0,,
2018,c,away,17,0,0,0,0,,
2018,c,away,18,0,0,0,0,,
2018,c,away,19,0,0,0,0,,
2018,c,away,20,0,0,0,0,,
2018,c,away,21,0,0,0,0,,
2018,c,away,22,0,0,0,0,,
2018,d,home,0,5,0,5,0,0.0,0.0
2018,d,home,1,10,0,10,0,0.0,0.0
2018,d,home,2,7,0,7,0,0.0,0.0
2018,d,home,3,13,9,4,0,0.6923076923076923,0.6923076923076923
2018,d,home,4,12,9,3,0,0.75,0.75
2018,d,home,5,9,6,2,1,0.75,0.7222222222222222
2018,d,home,6,3,2,0,1,1.0,0.8333333333333334
2018,d,home,7,2,1,1,0,0.5,0.5
2018,d,home,8,2,2,0,0,1.0,1.0
2018,d,home,9,4,3,1,0,0.75,0.75
2018,d,home,10,1,1,0,0,1.0,1.0
2018,d,home,11,3,3,0,0,1.0,1.0
2018,d,home,12,0,0,0,0,,
2018,d,home,13,0,0,0,0,,
2018,d,home,14,0,0,0,0,,
2018,d,home,15,0,0,0,0,,
2018,d,home,16,0,0,0,0,,
2018,d,home,17,0,0,0,0,,
2018,d,home,18,0,0,0,0,,
2018,d,home,19,0,0,0,0,,
2018,d,home,20,0,0,0,0,,
2018,d,home,21,0,0,0,0,,
2018,d,home,22,0,0,0,0,,
2018,d,away,0,5,0,5,0,0.0,0.0
2018,d,away,1,7,0,7,0,0.0,0.0
2018,d,away,2,12,1,11,0,0.08333333333333333,0.08333333333333333
2018,d,away,3,7,1,6,0,0.14285714285714285,0.14285714285714285
2018,d,away,4,6,2,4,0,0.3333333333333333,0.3333333333333333
2018,d,away,5,12,3,9,0,0.25,0.25
2018,d,away,6,9,7,2,0,0.7777777777777778,0.7777777777777778
2018,d,away,7,4,4,0,0,1.0,1.0
2018,d,away,8,2,2,0,0,1.0,1.0
2018,d,away,9,4,3,1,0,0.75,0.75
2018,d,away,10,1,1,0,0,1.0,1.0
2018,d,away,11,2,2,0,0,1.0,1.0
2018,d,away,12,0,0,0,0,,
2018,d,away,13,1,1,0,0,1.0,1.0
2018,d,away,14,0,0,0,0,,
2018,d,away,15,0,0,0,0,,
2018,d,away,16,0,0,0,0,,
2018,d,away,17,0,0,0,0,,
2018,d,away,18,0,0,0,0,,
2018,d,away,19,0,0,0,0,,
2018,d,away,20,0,0,0,0,,
2018,d,away,21,0,0,0,0,,
2018,d,away,22,0,0,0,0,,
2018,db,home,0,6,0,5,1,0.0,0.08333333333333333
2018,db,home,1,9,0,9,0,0.0,0.0
2018,db,home,2,9,3,6,0,0.3333333333333333,0.3333333333333333
2018,db,home,3,10,3,7,0,0.3,0.3
2018,db,home,4,8,7,1,0,0.875,0.875
2018,db,home,5,9,5,4,0,0.5555555555555556,0.5555555555555556
2018,db,home,6,7,5,2,0,0.7142857142857143,0.7142857142857143
2018,db,home,7,7,4,3,0,0.5714285714285714,0.5714285714285714
2018,db,home,8,1,0,1,0,0.0,0.0
2018,db,home,9,2,2,0,0,1.0,1.0
2018,db,home,10,2,2,0,0,1.0,1.0
2018,db,home,11,0,0,0,0,,
2018,db,home,12,2,2,0,0,1.0,1.0
2018,db,home,13,0,0,0,0,,
2018,db,home,14,0,0,0,0,,
2018,db,home,15,0,0,0,0,,
2018,db,home,16,0,0,0,0,,
2018,db,home,17,0,0,0,0,,
2018,db,home,18,0,0,0,0,,
2018,db,home,19,0,0,0,0,,
2018,db,home,20,0,0,0,0,,
2018,db,home,21,0,0,0,0,,
2018,db,home,22,0,0,0,0,,
2018,db,away,0,3,0,3,0,0.0,0.0
2018,db,away,1,14,2,11,1,0.15384615384615385,0.17857142857142858
2018,db,away,2,5,0,5,0,0.0,0.0
2018,db,away,3,11,0,11,0,0.0,0.0
2018,db,away,4,11,9,2,0,0.8181818181818182,0.8181818181818182
2018,db,away,5,9,6,3,0,0.6666666666666666,0.6666666666666666
2018,db,away,6,11,11,0,0,1.0,1.0
2018,db,away,7,2,1,1,0,0.5,0.5
2018,db,away,8,1,1,0,0,1.0,1.0
2018,db,away,9,1,1,0,0,1.0,1.0
2018,db,away,10,2,2,0,0,1.0,1.0
2018,db,away,11,0,0,0,0,,
2018,db,away,12,0,0,0,0,,
2018,db,away,13,0,0,0,0,,
2018,db,away,14,1,1,0,0,1.0,1.0
2018,db,away,15,0,0,0,0,,
2018,db,away,16,0,0,0,0,,
2018,db,away,17,0,0,0,0,,
2018,db,away,18,0,0,0,0,,
2018,db,away,19,0,0,0,0,,
2018,db,away,20,0,0,0,0,,
2018,db,away,21,0,0,0,0,,
2018,db,away,22,0,0,0,0,,
2018,g,home,0,3,0,3,0,0.0,0.0
2018,g,home,1,9,1,7,1,0.125,0.16666666666666666
2018,g,home,2,12,1,11,0,0.08333333333333333,0.08333333333333333
2018,g,home,3,12,7,5,0,0.5833333333333334,0.5833333333333334
2018,g,home,4,10,2,8,0,0.2,0.2
2018,g,home,5,5,3,2,0,0.6,0.6
2018,g,home,6,6,6,0,0,1.0,1.0
2018,g,home,7,2,1,1,0,0.5,0.5
2018,g,home,8,5,4,1,0,0.8,0.8
2018,g,home,9,2,2,0,0,1.0,1.0
2018,g,home,10,2,2,0,0,1.0,1.0
2018,g,home,11,3,3,0,0,1.0,1.0
2018,g,home,12,0,0,0,0,,
2018,g,home,13,0,0,0,0,,
2018,g,home,14,0,0,0,0,,
2018,g,home,15,0,0,0,0,,
2018,g,home,16,0,0,0,0,,
2018,g,home,17,0,0,0,0,,
2018,g,home,18,0,0,0,0,,
2018,g,home,19,0,0,0,0,,
2018,g,home,20,1,1,0,0,1.0,1.0
2018,g,home,21,0,0,0,0,,
2018,g,home,22,0,0,0,0,,
2018,g,away,0,9,0,7,2,0.0,0.1111111111111111
2018,g,away,1,5,0,5,0,0.0,0.0
2018,g,away,2,9,2,6,1,0.25,0.2777777777777778
2018,g,away,3,9,6,3,0,0.6666666666666666,0.6666666666666666
2018,g,away,4,7,4,3,0,0.5714285714285714,0.5714285714285714
2018,g,away,5,9,4,4,1,0.5,0.5
2018,g,away,6,6,4,2,0,0.6666666666666666,0.6666666666666666
2018,g,away,7,3,3,0,0,1.0,1.0
2018,g,away,8,7,5,2,0,0.7142857142857143,0.7142857142857143
2018,g,away,9,2,1,1,0,0.5,0.5
2018,g,away,10,2,2,0,0,1.0,1.0
2018,g,away,11,1,1,0,0,1.0,1.0
2018,g,away,12,1,1,0,0,1.0,1.0
2018,g,away,13,1,1,0,0,1.0,1.0
2018,g,away,14,0,0,0,0,,
2018,g,away,15,0,0,0,0,,
2018,g,away,16,0,0,0,0,,
2018,g,away,17,0,0,0,0,,
2018,g,away,18,0,0,0,0,,
2018,g,away,19,0,0,0,0,,
2018,g,away,20,0,0,0,0,,
2018,g,away,21,0,0,0,0,,
2018,g,away,22,0,0,0,0,,
2018,s,home,0,1,0,1,0,0.0,0.0
2018,s,home,1,4,0,4,0,0.0,0.0
2018,s,home,2,4,2,2,0,0.5,0.5
2018,s,home,3,13,3,10,0,0.23076923076923078,0.23076923076923078
2018,s,home,4,7,3,4,0,0.42857142857142855,0.42857142857142855
2018,s,home,5,10,3,7,0,0.3,0.3
2018,s,home,6,6,6,0,0,1.0,1.0
2018,s,home,7,9,7,2,0,0.7777777777777778,0.7777777777777778
2018,s,home,8,5,5,0,0,1.0,1.0
2018,s,home,9,6,6,0,0,1.0,1.0
2018,s,home,10,2,2,0,0,1.0,1.0
2018,s,home,11,1,1,0,0,1.0,1.0
2018,s,home,12,2,2,0,0,1.0,1.0
2018,s,home,13,0,0,0,0,,
2018,s,home,14,0,0,0,0,,
2018,s,home,15,1,1,0,0,1.0,1.0
2018,s,home,16,0,0,0,0,,
2018,s,home,17,0,0,0,0,,
2018,s,home,18,0,0,0,0,,
2018,s,home,19,0,0,0,0,,
2018,s,home,20,0,0,0,0,,
2018,s,home,21,0,0,0,0,,
2018,s,home,22,0,0,0,0,,
2018,s,away,0,8,0,8,0,0.0,0.0
2018,s,away,1,8,1,6,1,0.14285714285714285,0.1875
2018,s,away,2,8,3,5,0,0.375,0.375
2018,s,away,3,12,7,5,0,0.5833333333333334,0.5833333333333334
2018,s,away,4,12,4,8,0,0.3333333333333333,0.3333333333333333
2018,s,away,5,6,5,1,0,0.8333333333333334,0.8333333333333334
2018,s,away,6,8,7,0,1,1.0,0.9375
2018,s,away,7,4,4,0,0,1.0,1.0
2018,s,away,8,3,1,2,0,0.3333333333333333,0.3333333333333333
2018,s,away,9,2,1,1,0,0.5,0.5
2018,s,away,10,1,1,0,0,1.0,1.0
2018,s,away,11,0,0,0,0,,
2018,s,away,12,0,0,0,0,,
2018,s,away,13,0,0,0,0,,
2018,s,away,14,0,0,0,0,,
2018,s,away,15,0,0,0,0,,
2018,s,away,16,0,0,0,0,,
2018,s,away,17,0,0,0,0,,
2018,s,away,18,0,0,0,0,,
2018,s,away,19,0,0,0,0,,
2018,s,away,20,0,0,0,0,,
2018,s,away,21,0,0,0,0,,
2018,s,away,22,0,0,0,0,,
2018,t,home,0,9,0,8,1,0.0,0.05555555555555555
2018,t,home,1,10,1,9,0,0.1,0.1
2018,t,home,2,14,4,10,0,0.2857142857142857,0.2857142857142857
2018,t,home,3,13,4,8,1,0.3333333333333333,0.34615384615384615
2018,t,home,4,7,4,3,0,0.5714285714285714,0.5714285714285714
2018,t,home,5,2,1,1,0,0.5,0.5
2018,t,home,6,4,2,2,0,0.5,0.5
2018,t,home,7,5,4,1,0,0.8,0.8
2018,t,home,8,4,4,0,0,1.0,1.0
2018,t,home,9,1,1,0,0,1.0,1.0
2018,t,home,10,1,1,0,0,1.0,1.0
2018,t,home,11,0,0,0,0,,
2018,t,home,12,1,1,0,0,1.0,1.0
2018,t,home,13,0,0,0,0,,
2018,t,home,14,0,0,0,0,,
2018,t,home,15,0,0,0,0,,
2018,t,home,16,0,0,0,0,,
2018,t,home,17,0,0,0,0,,
2018,t,home,18,0,0,0,0,,
2018,t,home,19,0,0,0,0,,
2018,t,home,20,0,0,0,0,,
2018,t,home,21,0,0,0,0,,
2018,t,home,22,0,0,0,0,,
2018,t,away,0,6,0,6,0,0.0,0.0
2018,t,away,1,6,0,6,0,0.0,0.0
2018,t,away,2,12,5,7,0,0.4166666666666667,0.4166666666666667
2018,t,away,3,10,4,6,0,0.4,0.4
2018,t,away,4,11,7,4,0,0.6363636363636364,0.6363636363636364
2018,t,away,5,9,3,6,0,0.3333333333333333,0.3333333333333333
2018,t,away,6,1,1,0,0,1.0,1.0
2018,t,away,7,3,2,1,0,0.6666666666666666,0.6666666666666666
2018,t,away,8,1,1,0,0,1.0,1.0
2018,t,away,9,3,2,1,0,0.6666666666666666,0.6666666666666666
2018,t,away,10,3,3,0,0,1.0,1.0
2018,t,away,11,2,2,0,0,1.0,1.0
2018,t,away,12,0,0,0,0,,
2018,t,away,13,2,2,0,0,1.0,1.0
2018,t,away,14,0,0,0,0,,
2018,t,away,15,1,1,0,0,1.0,1.0
2018,t,away,16,1,1,0,0,1.0,1.0
2018,t,away,17,0,0,0,0,,
2018,t,away,18,0,0,0,0,,
2018,t,away,19,0,0,0,0,,
2018,t,away,20,1,1,0,0,1.0,1.0
2018,t,away,21,0,0,0,0,,
2018,t,away,22,0,0,0,0,,
2019,c,home,0,2,0,2,0,0.0,0.0
2019,c,home,1,5,0,5,0,0.0,0.0
2019,c,home,2,17,6,11,0,0.35294117647058826,0.35294117647058826
2019,c,home,3,15,8,6,1,0.5714285714285714,0.5666666666666667
2019,c,home,4,9,5,4,0,0.5555555555555556,0.5555555555555556
2019,c,home,5,4,3,1,0,0.75,0.75
2019,c,home,6,3,3,0,0,1.0,1.0
2019,c,home,7,7,5,2,0,0.7142857142857143,0.7142857142857143
2019,c,home,8,2,2,0,0,1.0,1.0
2019,c,home,9,4,4,0,0,1.0,1.0
2019,c,home,10,2,2,0,0,1.0,1.0
2019,c,home,11,1,1,0,0,1.0,1.0
2019,c,home,12,0,0,0,0,,
2019,c,home,13,0,0,0,0,,
2019,c,home,14,0,0,0,0,,
2019,c,home,15,0,0,0,0,,
2019,c,home,16,0,0,0,0,,
2019,c,home,17,0,0,0,0,,
2019,c,home,18,0,0,0,0,,
2019,c,home,19,0,0,0,0,,
2019,c,home,20,0,0,0,0,,
2019,c,home,21,0,0,0,0,,
2019,c,home,22,0,0,0,0,,
2019,c,away,0,4,0,4,0,0.0,0.0
2019,c,away,1,7,0,7,0,0.0,0.0
2019,c,away,2,15,3,10,2,0.23076923076923078,0.26666666666666666
2019,c,away,3,9,5,4,0,0.5555555555555556,0.5555555555555556
2019,c,away,4,11,4,7,0,0.36363636363636365,0.36363636363636365
2019,c,away,5,9,4,5,0,0.4444444444444444,0.4444444444444444
2019,c,away,6,2,2,0,0,1.0,1.0
2019,c,away,7,3,2,1,0,0.6666666666666666,0.6666666666666666
2019,c,away,8,6,5,1,0,0.8333333333333334,0.8333333333333334
2019,c,away,9,1,1,0,0,1.0,1.0
2019,c,away,10,1,1,0,0,1.0,1.0
2019,c,away,11,1,1,0,0,1.0,1.0
2019,c,away,12,2,2,0,0,1.0,1.0
2019,c,away,13,1,1,0,0,1.0,1.0
2019,c,away,14,0,0,0,0,,
2019,c,away,15,0,0,0,0,,
2019,c,away,16,0,0,0,0,,
2019,c,away,17,0,0,0,0,,
2019,c,away,18,0,0,0,0,,
2019,c,away,19,0,0,0,0,,
2019,c,away,20,0,0,0,0,,
2019,c,away,21,0,0,0,0,,
2019,c,away,22,0,0,0,0,,
2019,d,home,0,2,0,1,1,0.0,0.25
2019,d,home,1,14,1,13,0,0.07142857142857142,0.07142857142857142
2019,d,home,2,13,2,11,0,0.15384615384615385,0.15384615384615385
2019,d,home,3,12,7,4,1,0.6363636363636364,0.625
2019,d,home,4,7,5,2,0,0.7142857142857143,0.7142857142857143
2019,d,home,5,4,4,0,0,1.0,1.0
2019,d,home,6,7,7,0,0,1.0,1.0
2019,d,home,7,6,6,0,0,1.0,1.0
2019,d,home,8,4,4,0,0,1.0,1.0
2019,d,home,9,0,0,0,0,,
2019,d,home,10,1,1,0,0,1.0,1.0
2019,d,home,11,0,0,0,0,,
2019,d,home,12,1,1,0,0,1.0,1.0
2019,d,home,13,1,1,0,0,1.0,1.0
2019,d,home,14,0,0,0,0,,
2019,d,home,15,0,0,0,0,,
2019,d,home,16,0,0,0,0,,
2019,d,home,17,0,0,0,0,,
2019,d,home,18,0,0,0,0,,
2019,d,home,19,0,0,0,0,,
2019,d,home,20,0,0,0,0,,
2019,d,home,21,0,0,0,0,,
2019,d,home,22,0,0,0,0,,
2019,d,away,0,6,0,6,0,0.0,0.0
2019,d,away,1,5,1,4,0,0.2,0.2
2019,d,away,2,12,1,11,0,0.08333333333333333,0.08333333333333333
2019,d,away,3,13,6,7,0,0.46153846153846156,0.46153846153846156
2019,d,away,4,9,4,5,0,0.4444444444444444,0.4444444444444444
2019,d,away,5,8,4,4,0,0.5,0.5
2019,d,away,6,6,3,3,0,0.5,0.5
2019,d,away,7,4,2,2,0,0.5,0.5
2019,d,away,8,1,1,0,0,1.0,1.0
2019,d,away,9,2,2,0,0,1.0,1.0
2019,d,away,10,4,4,0,0,1.0,1.0
2019,d,away,11,0,0,0,0,,
2019,d,away,12,0,0,0,0,,
2019,d,away,13,0,0,0,0,,
2019,d,away,14,1,1,0,0,1.0,1.0
2019,d,away,15,0,0,0,0,,
2019,d,away,16,0,0,0,0,,
2019,d,away,17,0,0,0,0,,
2019,d,away,18,0,0,0,0,,
2019,d,away,19,0,0,0,0,,
2019,d,away,20,0,0,0,0,,
2019,d,away,21,0,0,0,0,,
2019,d,away,22,0,0,0,0,,
2019,db,home,0,2,0,2,0,0.0,0.0
2019,db,home,1,4,1,3,0,0.25,0.25
2019,db,home,2,14,2,11,1,0.15384615384615385,0.17857142857142858
2019,db,home,3,12,8,4,0,0.6666666666666666,0.6666666666666666
2019,db,home,4,8,6,2,0,0.75,0.75
2019,db,home,5,8,5,3,0,0.625,0.625
2019,db,home,6,5,5,0,0,1.0,1.0
2019,db,home,7,7,7,0,0,1.0,1.0
2019,db,home,8,6,4,2,0,0.6666666666666666,0.6666666666666666
2019,db,home,9,2,1,1,0,0.5,0.5
2019,db,home,10,2,2,0,0,1.0,1.0
2019,db,home,11,1,1,0,0,1.0,1.0
2019,db,home,12,0,0,0,0,,
2019,db,home,13,1,1,0,0,1.0,1.0
2019,db,home,14,0,0,0,0,,
2019,db,home,15,0,0,0,0,,
2019,db,home,16,0,0,0,0,,
2019,db,home,17,0,0,0,0,,
2019,db,home,18,0,0,0,0,,
2019,db,home,19,0,0,0,0,,
2019,db,home,20,0,0,0,0,,
2019,db,home,21,0,0,0,0,,
2019,db,home,22,0,0,0,0,,
2019,db,away,0,5,0,5,0,0.0,0.0
2019,db,away,1,10,0,10,0,0.0,0.0
2019,db,away,2,13,3,9,1,0.25,0.2692307692307692
2019,db,away,3,8,4,4,0,0.5,0.5
2019,db,away,4,11,2,9,0,0.18181818181818182,0.18181818181818182
2019,db,away,5,6,5,1,0,0.8333333333333334,0.8333333333333334
2019,db,away,6,9,7,1,1,0.875,0.8333333333333334
2019,db,away,7,3,2,1,0,0.6666666666666666,0.6666666666666666
2019,db,away,8,2,1,1,0,0.5,0.5
2019,db,away,9,1,1,0,0,1.0,1.0
2019,db,away,10,1,1,0,0,1.0,1.0
2019,db,away,11,1,1,0,0,1.0,1.0
2019,db,away,12,1,1,0,0,1.0,1.0
2019,db,away,13,0,0,0,0,,
2019,db,away,14,0,0,0,0,,
2019,db,away,15,0,0,0,0,,
2019,db,away,16,0,0,0,0,,
2019,db,away,17,0,0,0,0,,
2019,db,away,18,0,0,0,0,,
2019,db,away,19,0,0,0,0,,
2019,db,away,20,0,0,0,0,,
2019,db,away,21,0,0,0,0,,
2019,db,away,22,0,0,0,0,,
2019,g,home,0,2,0,2,0,0.0,0.0
2019,g,home,1,8,0,8,0,0.0,0.0
2019,g,home,2,7,1,6,0,0.14285714285714285,0.14285714285714285
2019,g,home,3,7,1,6,0,0.14285714285714285,0.14285714285714285
2019,g,home,4,9,5,4,0,0.5555555555555556,0.5555555555555556
2019,g,home,5,8,5,3,0,0.625,0.625
2019,g,home,6,11,9,2,0,0.8181818181818182,0.8181818181818182
2019,g,home,7,5,5,0,0,1.0,1.0
2019,g,home,8,6,5,1,0,0.8333333333333334,0.8333333333333334
2019,g,home,9,2,2,0,0,1.0,1.0
2019,g,home,10,2,2,0,0,1.0,1.0
2019,g,home,11,1,1,0,0,1.0,1.0
2019,g,home,12,1,1,0,0,1.0,1.0
2019,g,home,13,0,0,0,0,,
2019,g,home,14,0,0,0,0,,
2019,g,home,15,0,0,0,0,,
2019,g,home,16,1,1,0,0,1.0,1.0
2019,g,home,17,0,0,0,0,,
2019,g,home,18,0,0,0,0,,
2019,g,home,19,1,1,0,0,1.0,1.0
2019,g,home,20,0,0,0,0,,
2019,g,home,21,0,0,0,0,,
2019,g,home,22,0,0,0,0,,
2019,g,away,0,5,0,5,0,0.0,0.0
2019,g,away,1,7,1,6,0,0.14285714285714285,0.14285714285714285
2019,g,away,2,14,3,11,0,0.21428571428571427,0.21428571428571427
2019,g,away,3,9,5,2,2,0.7142857142857143,0.6666666666666666
2019,g,away,4,12,6,6,0,0.5,0.5
2019,g,away,5,4,3,1,0,0.75,0.75
2019,g,away,6,4,3,1,0,0.75,0.75
2019,g,away,7,4,4,0,0,1.0,1.0
2019,g,away,8,5,5,0,0,1.0,1.0
2019,g,away,9,5,5,0,0,1.0,1.0
2019,g,away,10,2,2,0,0,1.0,1.0
2019,g,away,11,0,0,0,0,,
2019,g,away,12,1,1,0,0,1.0,1.0
2019,g,away,13,0,0,0,0,,
2019,g,away,14,0,0,0,0,,
2019,g,away,15,0,0,0,0,,
2019,g,away,16,0,0,0,0,,
2019,g,away,17,0,0,0,0,,
2019,g,away,18,0,0,0,0,,
2019,g,away,19,0,0,0,0,,
2019,g,away,20,0,0,0,0,,
2019,g,away,21,0,0,0,0,,
2019,g,away,22,0,0,0,0,,
2019,s,home,0,5,0,5,0,0.0,0.0
2019,s,home,1,4,0,4,0,0.0,0.0
2019,s,home,2,8,1,6,1,0.14285714285714285,0.1875
2019,s,home,3,11,2,9,0,0.18181818181818182,0.18181818181818182
2019,s,home,4,12,4,8,0,0.3333333333333333,0.3333333333333333
2019,s,home,5,12,7,5,0,0.5833333333333334,0.5833333333333334
2019,s,home,6,3,1,2,0,0.3333333333333333,0.3333333333333333
2019,s,home,7,6,4,1,1,0.8,0.75
2019,s,home,8,3,2,1,0,0.6666666666666666,0.6666666666666666
2019,s,home,9,2,2,0,0,1.0,1.0
2019,s,home,10,1,1,0,0,1.0,1.0
2019,s,home,11,3,3,0,0,1.0,1.0
2019,s,home,12,0,0,0,0,,
2019,s,home,13,0,0,0,0,,
2019,s,home,14,0,0,0,0,,
2019,s,home,15,1,1,0,0,1.0,1.0
2019,s,home,16,0,0,0,0,,
2019,s,home,17,0,0,0,0,,
2019,s,home,18,0,0,0,0,,
2019,s,home,19,0,0,0,0,,
2019,s,home,20,0,0,0,0,,
2019,s,home,21,0,0,0,0,,
2019,s,home,22,0,0,0,0,,
2019,s,away,0,5,0,5,0,0.0,0.0
2019,s,away,1,9,0,9,0,0.0,0.0
2019,s,away,2,9,1,8,0,0.1111111111111111,0.1111111111111111
2019,s,away,3,8,4,4,0,0.5,0.5
2019,s,away,4,7,2,5,0,0.2857142857142857,0.2857142857142857
2019,s,away,5,8,5,3,0,0.625,0.625
2019,s,away,6,7,4,3,0,0.5714285714285714,0.5714285714285714
2019,s,away,7,4,2,2,0,0.5,0.5
2019,s,away,8,6,5,1,0,0.8333333333333334,0.8333333333333334
2019,s,away,9,2,1,1,0,0.5,0.5
2019,s,away,10,2,2,0,0,1.0,1.0
2019,s,away,11,3,3,0,0,1.0,1.0
2019,s,away,12,1,1,0,0,1.0,1.0
2019,s,away,13,0,0,0,0,,
2019,s,away,14,0,0,0,0,,
2019,s,away,15,1,1,0,0,1.0,1.0
2019,s,away,16,0,0,0,0,,
2019,s,away,17,0,0,0,0,,
2019,s,away,18,0,0,0,0,,
2019,s,away,19,0,0,0,0,,
2019,s,away,20,0,0,0,0,,
2019,s,away,21,0,0,0,0,,
2019,s,away,22,0,0,0,0,,
2019,t,home,0,9,0,9,0,0.0,0.0
2019,t,home,1,9,3,6,0,0.3333333333333333,0.3333333333333333
2019,t,home,2,11,3,8,0,0.2727272727272727,0.2727272727272727
2019,t,home,3,11,8,3,0,0.7272727272727273,0.7272727272727273
2019,t,home,4,8,4,4,0,0.5,0.5
2019,t,home,5,8,6,2,0,0.75,0.75
2019,t,home,6,6,5,0,1,1.0,0.9166666666666666
2019,t,home,7,3,3,0,0,1.0,1.0
2019,t,home,8,5,5,0,0,1.0,1.0
2019,t,home,9,0,0,0,0,,
2019,t,home,10,1,1,0,0,1.0,1.0
2019,t,home,11,0,0,0,0,,
2019,t,home,12,1,1,0,0,1.0,1.0
2019,t,home,13,0,0,0,0,,
2019,t,home,14,0,0,0,0,,
2019,t,home,15,0,0,0,0,,
2019,t,home,16,0,0,0,0,,
2019,t,home,17,0,0,0,0,,
2019,t,home,18,0,0,0,0,,
2019,t,home,19,0,0,0,0,,
2019,t,home,20,0,0,0,0,,
2019,t,home,21,0,0,0,0,,
2019,t,home,22,0,0,0,0,,
2019,t,away,0,6,0,5,1,0.0,0.08333333333333333
2019,t,away,1,6,0,6,0,0.0,0.0
2019,t,away,2,13,2,9,2,0.18181818181818182,0.23076923076923078
2019,t,away,3,11,5,6,0,0.45454545454545453,0.45454545454545453
2019,t,away,4,11,6,5,0,0.5454545454545454,0.5454545454545454
2019,t,away,5,8,2,5,1,0.2857142857142857,0.3125
2019,t,away,6,1,1,0,0,1.0,1.0
2019,t,away,7,7,6,0,1,1.0,0.9285714285714286
2019,t,away,8,3,3,0,0,1.0,1.0
2019,t,away,9,2,2,0,0,1.0,1.0
2019,t,away,10,0,0,0,0,,
2019,t,away,11,1,1,0,0,1.0,1.0
2019,t,away,12,0,0,0,0,,
2019,t,away,13,2,2,0,0,1.0,1.0
2019,t,away,14,0,0,0,0,,
2019,t,away,15,0,0,0,0,,
2019,t,away,16,0,0,0,0,,
2019,t,away,17,0,0,0,0,,
2019,t,away,18,0,0,0,0,,
2019,t,away,19,0,0,0,0,,
2019,t,away,20,0,0,0,0,,
2019,t,away,21,0,0,0,0,,
2019,t,away,22,0,0,0,0,,
2020,c,home,0,1,0,1,0,0.0,0.0
2020,c,home,1,10,0,10,0,0.0,0.0
2020,c,home,2,12,5,5,2,0.5,0.5
2020,c,home,3,9,2,5,2,0.2857142857142857,0.3333333333333333
2020,c,home,4,7,3,2,2,0.6,0.5714285714285714
2020,c,home,5,7,5,2,0,0.7142857142857143,0.7142857142857143
2020,c,home,6,4,3,1,0,0.75,0.75
2020,c,home,7,3,2,1,0,0.6666666666666666,0.6666666666666666
2020,c,home,8,0,0,0,0,,
2020,c,home,9,3,3,0,0,1.0,1.0
2020,c,home,10,2,1,0,1,1.0,0.75
2020,c,home,11,1,1,0,0,1.0,1.0
2020,c,home,12,1,0,0,1,,0.5
2020,c,home,13,0,0,0,0,,
2020,c,home,14,0,0,0,0,,
2020,c,home,15,0,0,0,0,,
2020,c,home,16,0,0,0,0,,
2020,c,home,17,0,0,0,0,,
2020,c,home,18,0,0,0,0,,
2020,c,home,19,0,0,0,0,,
2020,c,home,20,0,0,0,0,,
2020,c,home,21,0,0,0,0,,
2020,c,home,22,0,0,0,0,,
2020,c,away,0,6,0,6,0,0.0,0.0
2020,c,away,1,5,0,5,0,0.0,0.0
2020,c,away,2,7,1,5,1,0.16666666666666666,0.21428571428571427
2020,c,away,3,7,2,4,1,0.3333333333333333,0.35714285714285715
2020,c,away,4,8,5,3,0,0.625,0.625
2020,c,away,5,8,3,3,2,0.5,0.5
2020,c,away,6,6,3,3,0,0.5,0.5
2020,c,away,7,3,3,0,0,1.0,1.0
2020,c,away,8,0,0,0,0,,
2020,c,away,9,4,4,0,0,1.0,1.0
2020,c,away,10,3,3,0,0,1.0,1.0
2020,c,away,11,0,0,0,0,,
2020,c,away,12,0,0,0,0,,
2020,c,away,13,1,1,0,0,1.0,1.0
2020,c,away,14,0,0,0,0,,
2020,c,away,15,0,0,0,0,,
2020,c,away,16,0,0,0,0,,
2020,c,away,17,1,1,0,0,1.0,1.0
2020,c,away,18,0,0,0,0,,
2020,c,away,19,1,1,0,0,1.0,1.0
2020,c,away,20,0,0,0,0,,
2020,c,away,21,0,0,0,0,,
2020,c,away,22,0,0,0,0,,
2020,d,home,0,4,0,3,1,0.0,0.125
2020,d,home,1,6,2,4,0,0.3333333333333333,0.3333333333333333
2020,d,home,2,6,2,2,2,0.5,0.5
2020,d,home,3,13,8,5,0,0.6153846153846154,0.6153846153846154
2020,d,home,4,11,7,4,0,0.6363636363636364,0.6363636363636364
2020,d,home,5,9,7,1,1,0.875,0.8333333333333334
2020,d,home,6,5,4,1,0,0.8,0.8
2020,d,home,7,3,3,0,0,1.0,1.0
2020,d,home,8,1,1,0,0,1.0,1.0
2020,d,home,9,1,1,0,0,1.0,1.0
2020,d,home,10,0,0,0,0,,
2020,d,home,11,1,1,0,0,1.0,1.0
2020,d,home,12,0,0,0,0,,
2020,d,home,13,0,0,0,0,,
2020,d,home,14,0,0,0,0,,
2020,d,home,15,0,0,0,0,,
2020,d,home,16,0,0,0,0,,
2020,d,home,17,0,0,0,0,,
2020,d,home,18,0,0,0,0,,
2020,d,home,19,0,0,0,0,,
2020,d,home,20,0,0,0,0,,
2020,d,home,21,0,0,0,0,,
2020,d,home,22,0,0,0,0,,
2020,d,away,0,7,0,7,0,0.0,0.0
2020,d,away,1,8,0,8,0,0.0,0.0
2020,d,away,2,6,0,6,0,0.0,0.0
2020,d,away,3,19,7,12,0,0.3684210526315789,0.3684210526315789
2020,d,away,4,6,4,1,1,0.8,0.75
2020,d,away,5,4,3,1,0,0.75,0.75
2020,d,away,6,1,1,0,0,1.0,1.0
2020,d,away,7,1,1,0,0,1.0,1.0
2020,d,away,8,4,4,0,0,1.0,1.0
2020,d,away,9,3,3,0,0,1.0,1.0
2020,d,away,10,0,0,0,0,,
2020,d,away,11,1,1,0,0,1.0,1.0
2020,d,away,12,0,0,0,0,,
2020,d,away,13,0,0,0,0,,
2020,d,away,14,0,0,0,0,,
2020,d,away,15,0,0,0,0,,
2020,d,away,16,0,0,0,0,,
2020,d,away,17,0,0,0,0,,
2020,d,away,18,0,0,0,0,,
2020,d,away,19,0,0,0,0,,
2020,d,away,20,0,0,0,0,,
2020,d,away,21,0,0,0,0,,
2020,d,away,22,0,0,0,0,,
2020,db,home,0,3,0,3,0,0.0,0.0
2020,db,home,1,3,0,3,0,0.0,0.0
2020,db,home,2,8,3,5,0,0.375,0.375
2020,db,home,3,9,6,2,1,0.75,0.7222222222222222
2020,db,home,4,3,0,3,0,0.0,0.0
2020,db,home,5,7,3,3,1,0.5,0.5
2020,db,home,6,12,9,3,0,0.75,0.75
2020,db,home,7,5,2,2,1,0.5,0.5
2020,db,home,8,2,2,0,0,1.0,1.0
2020,db,home,9,5,5,0,0,1.0,1.0
2020,db,home,10,3,3,0,0,1.0,1.0
2020,db,home,11,0,0,0,0,,
2020,db,home,12,0,0,0,0,,
2020,db,home,13,0,0,0,0,,
2020,db,home,14,0,0,0,0,,
2020,db,home,15,0,0,0,0,,
2020,db,home,16,0,0,0,0,,
2020,db,home,17,0,0,0,0,,
2020,db,home,18,0,0,0,0,,
2020,db,home,19,0,0,0,0,,
2020,db,home,20,0,0,0,0,,
2020,db,home,21,0,0,0,0,,
2020,db,home,22,0,0,0,0,,
2020,db,away,0,8,0,8,0,0.0,0.0
2020,db,away,1,6,0,6,0,0.0,0.0
2020,db,away,2,8,0,7,1,0.0,0.0625
2020,db,away,3,10,2,7,1,0.2222222222222222,0.25
2020,db,away,4,8,5,3,0,0.625,0.625
2020,db,away,5,8,7,1,0,0.875,0.875
2020,db,away,6,1,1,0,0,1.0,1.0
2020,db,away,7,2,1,1,0,0.5,0.5
2020,db,away,8,5,4,1,0,0.8,0.8
2020,db,away,9,1,1,0,0,1.0,1.0
2020,db,away,10,2,2,0,0,1.0,1.0
2020,db,away,11,0,0,0,0,,
2020,db,away,12,1,0,0,1,,0.5
2020,db,away,13,0,0,0,0,,
2020,db,away,14,0,0,0,0,,
2020,db,away,15,0,0,0,0,,
2020,db,away,16,0,0,0,0,,
2020,db,away,17,0,0,0,0,,
2020,db,away,18,0,0,0,0,,
2020,db,away,19,0,0,0,0,,
2020,db,away,20,0,0,0,0,,
2020,db,away,21,0,0,0,0,,
2020,db,away,22,0,0,0,0,,
2020,g,home,0,1,0,1,0,0.0,0.0
2020,g,home,1,4,1,3,0,0.25,0.25
2020,g,home,2,10,4,6,0,0.4,0.4
2020,g,home,3,12,6,5,1,0.5454545454545454,0.5416666666666666
2020,g,home,4,5,2,3,0,0.4,0.4
2020,g,home,5,9,7,0,2,1.0,0.8888888888888888
2020,g,home,6,6,6,0,0,1.0,1.0
2020,g,home,7,4,4,0,0,1.0,1.0
2020,g,home,8,3,3,0,0,1.0,1.0
2020,g,home,9,1,1,0,0,1.0,1.0
2020,g,home,10,1,1,0,0,1.0,1.0
2020,g,home,11,2,2,0,0,1.0,1.0
2020,g,home,12,1,1,0,0,1.0,1.0
2020,g,home,13,1,1,0,0,1.0,1.0
2020,g,home,14,0,0,0,0,,
2020,g,home,15,0,0,0,0,,
2020,g,home,16,0,0,0,0,,
2020,g,home,17,0,0,0,0,,
2020,g,home,18,0,0,0,0,,
2020,g,home,19,0,0,0,0,,
2020,g,home,20,0,0,0,0,,
2020,g,home,21,0,0,0,0,,
2020,g,home,22,0,0,0,0,,
2020,g,away,0,4,0,4,0,0.0,0.0
2020,g,away,1,12,0,11,1,0.0,0.041666666666666664
2020,g,away,2,8,2,3,3,0.4,0.4375
2020,g,away,3,1,1,0,0,1.0,1.0
2020,g,away,4,8,4,4,0,0.5,0.5
2020,g,away,5,8,5,2,1,0.7142857142857143,0.6875
2020,g,away,6,7,4,3,0,0.5714285714285714,0.5714285714285714
2020,g,away,7,5,5,0,0,1.0,1.0
2020,g,away,8,1,1,0,0,1.0,1.0
2020,g,away,9,2,2,0,0,1.0,1.0
2020,g,away,10,0,0,0,0,,
2020,g,away,11,1,1,0,0,1.0,1.0
2020,g,away,12,3,3,0,0,1.0,1.0
2020,g,away,13,0,0,0,0,,
2020,g,away,14,0,0,0,0,,
2020,g,away,15,0,0,0,0,,
2020,g,away,16,0,0,0,0,,
2020,g,away,17,0,0,0,0,,
2020,g,away,18,0,0,0,0,,
2020,g,away,19,0,0,0,0,,
2020,g,away,20,0,0,0,0,,
2020,g,away,21,0,0,0,0,,
2020,g,away,22,0,0,0,0,,
2020,s,home,0,4,0,4,0,0.0,0.0
2020,s,home,1,7,0,6,1,0.0,0.07142857142857142
2020,s,home,2,7,2,5,0,0.2857142857142857,0.2857142857142857
2020,s,home,3,9,3,6,0,0.3333333333333333,0.3333333333333333
2020,s,home,4,9,3,6,0,0.3333333333333333,0.3333333333333333
2020,s,home,5,6,0,5,1,0.0,0.08333333333333333
2020,s,home,6,6,5,1,0,0.8333333333333334,0.8333333333333334
2020,s,home,7,2,1,1,0,0.5,0.5
2020,s,home,8,2,2,0,0,1.0,1.0
2020,s,home,9,5,5,0,0,1.0,1.0
2020,s,home,10,2,2,0,0,1.0,1.0
2020,s,home,11,0,0,0,0,,
2020,s,home,12,0,0,0,0,,
2020,s,home,13,0,0,0,0,,
2020,s,home,14,1,1,0,0,1.0,1.0
2020,s,home,15,0,0,0,0,,
2020,s,home,16,0,0,0,0,,
2020,s,home,17,0,0,0,0,,
2020,s,home,18,0,0,0,0,,
2020,s,home,19,0,0,0,0,,
2020,s,home,20,0,0,0,0,,
2020,s,home,21,0,0,0,0,,
2020,s,home,22,0,0,0,0,,
2020,s,away,0,8,0,7,1,0.0,0.0625
2020,s,away,1,9,0,8,1,0.0,0.05555555555555555
2020,s,away,2,8,2,6,0,0.25,0.25
2020,s,away,3,11,2,6,3,0.25,0.3181818181818182
2020,s,away,4,6,1,5,0,0.16666666666666666,0.16666666666666666
2020,s,away,5,7,3,2,2,0.6,0.5714285714285714
2020,s,away,6,2,2,0,0,1.0,1.0
2020,s,away,7,2,1,1,0,0.5,0.5
2020,s,away,8,1,1,0,0,1.0,1.0
2020,s,away,9,4,4,0,0,1.0,1.0
2020,s,away,10,1,0,0,1,,0.5
2020,s,away,11,0,0,0,0,,
2020,s,away,12,1,1,0,0,1.0,1.0
2020,s,away,13,0,0,0,0,,
2020,s,away,14,0,0,0,0,,
2020,s,away,15,0,0,0,0,,
2020,s,away,16,0,0,0,0,,
2020,s,away,17,0,0,0,0,,
2020,s,away,18,0,0,0,0,,
2020,s,away,19,0,0,0,0,,
2020,s,away,20,0,0,0,0,,
2020,s,away,21,0,0,0,0,,
2020,s,away,22,0,0,0,0,,
2020,t,home,0,4,0,4,0,0.0,0.0
2020,t,home,1,6,1,4,1,0.2,0.25
2020,t,home,2,12,5,6,1,0.45454545454545453,0.4583333333333333
2020,t,home,3,9,5,2,2,0.7142857142857143,0.6666666666666666
2020,t,home,4,7,6,1,0,0.8571428571428571,0.8571428571428571
2020,t,home,5,6,4,2,0,0.6666666666666666,0.6666666666666666
2020,t,home,6,6,6,0,0,1.0,1.0
2020,t,home,7,2,2,0,0,1.0,1.0
2020,t,home,8,2,2,0,0,1.0,1.0
2020,t,home,9,2,2,0,0,1.0,1.0
2020,t,home,10,1,1,0,0,1.0,1.0
2020,t,home,11,3,3,0,0,1.0,1.0
2020,t,home,12,0,0,0,0,,
2020,t,home,13,0,0,0,0,,
2020,t,home,14,0,0,0,0,,
2020,t,home,15,0,0,0,0,,
2020,t,home,16,0,0,0,0,,
2020,t,home,17,0,0,0,0,,
2020,t,home,18,0,0,0,0,,
2020,t,home,19,0,0,0,0,,
2020,t,home,20,0,0,0,0,,
2020,t,home,21,0,0,0,0,,
2020,t,home,22,0,0,0,0,,
2020,t,away,0,8,0,8,0,0.0,0.0
2020,t,away,1,10,0,10,0,0.0,0.0
2020,t,away,2,7,2,5,0,0.2857142857142857,0.2857142857142857
2020,t,away,3,7,0,6,1,0.0,0.07142857142857142
2020,t,away,4,5,2,2,1,0.5,0.5
2020,t,away,5,4,3,1,0,0.75,0.75
2020,t,away,6,3,1,2,0,0.3333333333333333,0.3333333333333333
2020,t,away,7,4,3,0,1,1.0,0.875
2020,t,away,8,4,4,0,0,1.0,1.0
2020,t,away,9,5,5,0,0,1.0,1.0
2020,t,away,10,0,0,0,0,,
2020,t,away,11,1,1,0,0,1.0,1.0
2020,t,away,12,0,0,0,0,,
2020,t,away,13,1,1,0,0,1.0,1.0
2020,t,away,14,0,0,0,0,,
2020,t,away,15,0,0,0,0,,
2020,t,away,16,0,0,0,0,,
2020,t,away,17,0,0,0,0,,
2020,t,away,18,0,0,0,0,,
2020,t,away,19,0,0,0,0,,
2020,t,away,20,1,1,0,0,1.0,1.0
2020,t,away,21,0,0,0,0,,
2020,t,away,22,0,0,0,0,,
2021,c,home,0,6,0,5,1,0.0,0.08333333333333333
2021,c,home,1,14,1,9,4,0.1,0.21428571428571427
2021,c,home,2,9,3,6,0,0.3333333333333333,0.3333333333333333
2021,c,home,3,12,3,7,2,0.3,0.3333333333333333
2021,c,home,4,9,5,3,1,0.625,0.6111111111111112
2021,c,home,5,8,5,3,0,0.625,0.625
2021,c,home,6,4,3,1,0,0.75,0.75
2021,c,home,7,4,4,0,0,1.0,1.0
2021,c,home,8,2,2,0,0,1.0,1.0
2021,c,home,9,1,1,0,0,1.0,1.0
2021,c,home,10,1,1,0,0,1.0,1.0
2021,c,home,11,1,1,0,0,1.0,1.0
2021,c,home,12,1,1,0,0,1.0,1.0
2021,c,home,13,0,0,0,0,,
2021,c,home,14,0,0,0,0,,
2021,c,home,15,0,0,0,0,,
2021,c,home,16,0,0,0,0,,
2021,c,home,17,0,0,0,0,,
2021,c,home,18,0,0,0,0,,
2021,c,home,19,0,0,0,0,,
2021,c,home,20,0,0,0,0,,
2021,c,home,21,0,0,0,0,,
2021,c,home,22,0,0,0,0,,
2021,c,away,0,9,0,8,1,0.0,0.05555555555555555
2021,c,away,1,11,1,8,2,0.1111111111111111,0.18181818181818182
2021,c,away,2,8,2,5,1,0.2857142857142857,0.3125
2021,c,away,3,8,2,6,0,0.25,0.25
2021,c,away,4,7,5,2,0,0.7142857142857143,0.7142857142857143
2021,c,away,5,4,4,0,0,1.0,1.0
2021,c,away,6,3,2,1,0,0.6666666666666666,0.6666666666666666
2021,c,away,7,5,4,1,0,0.8,0.8
2021,c,away,8,5,2,3,0,0.4,0.4
2021,c,away,9,4,4,0,0,1.0,1.0
2021,c,away,10,3,3,0,0,1.0,1.0
2021,c,away,11,3,3,0,0,1.0,1.0
2021,c,away,12,1,1,0,0,1.0,1.0
2021,c,away,13,0,0,0,0,,
2021,c,away,14,0,0,0,0,,
2021,c,away,15,0,0,0,0,,
2021,c,away,16,0,0,0,0,,
2021,c,away,17,0,0,0,0,,
2021,c,away,18,0,0,0,0,,
2021,c,away,19,0,0,0,0,,
2021,c,away,20,0,0,0,0,,
2021,c,away,21,0,0,0,0,,
2021,c,away,22,0,0,0,0,,
2021,d,home,0,5,0,5,0,0.0,0.0
2021,d,home,1,17,4,10,3,0.2857142857142857,0.3235294117647059
2021,d,home,2,14,6,5,3,0.5454545454545454,0.5357142857142857
2021,d,home,3,15,5,6,4,0.45454545454545453,0.4666666666666667
2021,d,home,4,6,5,1,0,0.8333333333333334,0.8333333333333334
2021,d,home,5,5,4,0,1,1.0,0.9
2021,d,home,6,6,6,0,0,1.0,1.0
2021,d,home,7,0,0,0,0,,
2021,d,home,8,1,1,0,0,1.0,1.0
2021,d,home,9,1,1,0,0,1.0,1.0
2021,d,home,10,1,1,0,0,1.0,1.0
2021,d,home,11,0,0,0,0,,
2021,d,home,12,0,0,0,0,,
2021,d,home,13,0,0,0,0,,
2021,d,home,14,0,0,0,0,,
2021,d,home,15,0,0,0,0,,
2021,d,home,16,0,0,0,0,,
2021,d,home,17,0,0,0,0,,
2021,d,home,18,0,0,0,0,,
2021,d,home,19,0,0,0,0,,
2021,d,home,20,0,0,0,0,,
2021,d,home,21,0,0,0,0,,
2021,d,home,22,0,0,0,0,,
2021,d,away,0,12,0,9,3,0.0,0.125
2021,d,away,1,18,2,15,1,0.11764705882352941,0.1388888888888889
2021,d,away,2,9,0,9,0,0.0,0.0
2021,d,away,3,9,2,6,1,0.25,0.2777777777777778
2021,d,away,4,7,4,2,1,0.6666666666666666,0.6428571428571429
2021,d,away,5,5,3,2,0,0.6,0.6
2021,d,away,6,3,3,0,0,1.0,1.0
2021,d,away,7,6,5,1,0,0.8333333333333334,0.8333333333333334
2021,d,away,8,1,1,0,0,1.0,1.0
2021,d,away,9,1,1,0,0,1.0,1.0
2021,d,away,10,1,1,0,0,1.0,1.0
2021,d,away,11,0,0,0,0,,
2021,d,away,12,0,0,0,0,,
2021,d,away,13,0,0,0,0,,
2021,d,away,14,0,0,0,0,,
2021,d,away,15,0,0,0,0,,
2021,d,away,16,0,0,0,0,,
2021,d,away,17,0,0,0,0,,
2021,d,away,18,0,0,0,0,,
2021,d,away,19,0,0,0,0,,
2021,d,away,20,0,0,0,0,,
2021,d,away,21,0,0,0,0,,
2021,d,away,22,0,0,0,0,,
2021,db,home,0,7,0,6,1,0.0,0.07142857142857142
2021,db,home,1,8,0,7,1,0.0,0.0625
2021,db,home,2,16,1,14,1,0.06666666666666667,0.09375
2021,db,home,3,7,3,4,0,0.42857142857142855,0.42857142857142855
2021,db,home,4,9,6,2,1,0.75,0.7222222222222222
2021,db,home,5,5,2,1,2,0.6666666666666666,0.6
2021,db,home,6,1,1,0,0,1.0,1.0
2021,db,home,7,3,2,1,0,0.6666666666666666,0.6666666666666666
2021,db,home,8,4,3,1,0,0.75,0.75
2021,db,home,9,3,3,0,0,1.0,1.0
2021,db,home,10,3,3,0,0,1.0,1.0
2021,db,home,11,4,2,1,1,0.6666666666666666,0.625
2021,db,home,12,1,1,0,0,1.0,1.0
2021,db,home,13,0,0,0,0,,
2021,db,home,14,0,0,0,0,,
2021,db,home,15,0,0,0,0,,
2021,db,home,16,0,0,0,0,,
2021,db,home,17,0,0,0,0,,
2021,db,home,18,0,0,0,0,,
2021,db,home,19,0,0,0,0,,
2021,db,home,20,0,0,0,0,,
2021,db,home,21,0,0,0,0,,
2021,db,home,22,0,0,0,0,,
2021,db,away,0,6,0,6,0,0.0,0.0
2021,db,away,1,10,0,8,2,0.0,0.1
2021,db,away,2,9,1,7,1,0.125,0.16666666666666666
2021,db,away,3,15,4,8,3,0.3333333333333333,0.36666666666666664
2021,db,away,4,10,7,2,1,0.7777777777777778,0.75
2021,db,away,5,7,3,3,1,0.5,0.5
2021,db,away,6,2,1,1,0,0.5,0.5
2021,db,away,7,7,6,1,0,0.8571428571428571,0.8571428571428571
2021,db,away,8,3,2,0,1,1.0,0.8333333333333334
2021,db,away,9,1,1,0,0,1.0,1.0
2021,db,away,10,1,1,0,0,1.0,1.0
2021,db,away,11,0,0,0,0,,
2021,db,away,12,0,0,0,0,,
2021,db,away,13,1,1,0,0,1.0,1.0
2021,db,away,14,0,0,0,0,,
2021,db,away,15,0,0,0,0,,
2021,db,away,16,0,0,0,0,,
2021,db,away,17,0,0,0,0,,
2021,db,away,18,0,0,0,0,,
2021,db,away,19,0,0,0,0,,
2021,db,away,20,0,0,0,0,,
2021,db,away,21,0,0,0,0,,
2021,db,away,22,0,0,0,0,,
2021,g,home,0,6,0,6,0,0.0,0.0
2021,g,home,1,5,0,4,1,0.0,0.1
2021,g,home,2,15,4,8,3,0.3333333333333333,0.36666666666666664
2021,g,home,3,7,4,2,1,0.6666666666666666,0.6428571428571429
2021,g,home,4,10,4,3,3,0.5714285714285714,0.55
2021,g,home,5,8,6,2,0,0.75,0.75
2021,g,home,6,7,3,2,2,0.6,0.5714285714285714
2021,g,home,7,5,3,2,0,0.6,0.6
2021,g,home,8,3,2,1,0,0.6666666666666666,0.6666666666666666
2021,g,home,9,1,1,0,0,1.0,1.0
2021,g,home,10,3,3,0,0,1.0,1.0
2021,g,home,11,2,2,0,0,1.0,1.0
2021,g,home,12,0,0,0,0,,
2021,g,home,13,0,0,0,0,,
2021,g,home,14,0,0,0,0,,
2021,g,home,15,0,0,0,0,,
2021,g,home,16,0,0,0,0,,
2021,g,home,17,0,0,0,0,,
2021,g,home,18,0,0,0,0,,
2021,g,home,19,0,0,0,0,,
2021,g,home,20,0,0,0,0,,
2021,g,home,21,0,0,0,0,,
2021,g,home,22,0,0,0,0,,
2021,g,away,0,7,0,7,0,0.0,0.0
2021,g,away,1,13,1,9,3,0.1,0.19230769230769232
2021,g,away,2,10,2,7,1,0.2222222222222222,0.25
2021,g,away,3,14,6,6,2,0.5,0.5
2021,g,away,4,6,3,2,1,0.6,0.5833333333333334
2021,g,away,5,7,5,0,2,1.0,0.8571428571428571
2021,g,away,6,2,1,0,1,1.0,0.75
2021,g,away,7,5,4,1,0,0.8,0.8
2021,g,away,8,2,2,0,0,1.0,1.0
2021,g,away,9,1,1,0,0,1.0,1.0
2021,g,away,10,1,1,0,0,1.0,1.0
2021,g,away,11,1,1,0,0,1.0,1.0
2021,g,away,12,0,0,0,0,,
2021,g,away,13,1,1,0,0,1.0,1.0
2021,g,away,14,1,1,0,0,1.0,1.0
2021,g,away,15,0,0,0,0,,
2021,g,away,16,0,0,0,0,,
2021,g,away,17,0,0,0,0,,
2021,g,away,18,0,0,0,0,,
2021,g,away,19,0,0,0,0,,
2021,g,away,20,0,0,0,0,,
2021,g,away,21,0,0,0,0,,
2021,g,away,22,0,0,0,0,,
2021,s,home,0,5,0,3,2,0.0,0.2
2021,s,home,1,8,3,5,0,0.375,0.375
2021,s,home,2,12,3,6,3,0.3333333333333333,0.375
2021,s,home,3,13,5,7,1,0.4166666666666667,0.4230769230769231
2021,s,home,4,7,6,0,1,1.0,0.9285714285714286
2021,s,home,5,9,5,4,0,0.5555555555555556,0.5555555555555556
2021,s,home,6,5,4,1,0,0.8,0.8
2021,s,home,7,4,2,2,0,0.5,0.5
2021,s,home,8,1,1,0,0,1.0,1.0
2021,s,home,9,2,2,0,0,1.0,1.0
2021,s,home,10,2,2,0,0,1.0,1.0
2021,s,home,11,2,1,1,0,0.5,0.5
2021,s,home,12,0,0,0,0,,
2021,s,home,13,1,1,0,0,1.0,1.0
2021,s,home,14,0,0,0,0,,
2021,s,home,15,0,0,0,0,,
2021,s,home,16,1,1,0,0,1.0,1.0
2021,s,home,17,0,0,0,0,,
2021,s,home,18,0,0,0,0,,
2021,s,home,19,0,0,0,0,,
2021,s,home,20,0,0,0,0,,
2021,s,home,21,0,0,0,0,,
2021,s,home,22,0,0,0,0,,
2021,s,away,0,5,0,4,1,0.0,0.1
2021,s,away,1,9,1,6,2,0.14285714285714285,0.2222222222222222
2021,s,away,2,11,3,3,5,0.5,0.5
2021,s,away,3,4,1,2,1,0.3333333333333333,0.375
2021,s,away,4,9,7,2,0,0.7777777777777778,0.7777777777777778
2021,s,away,5,10,8,2,0,0.8,0.8
2021,s,away,6,5,4,0,1,1.0,0.9
2021,s,away,7,6,3,3,0,0.5,0.5
2021,s,away,8,4,3,1,0,0.75,0.75
2021,s,away,9,2,2,0,0,1.0,1.0
2021,s,away,10,0,0,0,0,,
2021,s,away,11,2,1,0,1,1.0,0.75
2021,s,away,12,1,1,0,0,1.0,1.0
2021,s,away,13,1,1,0,0,1.0,1.0
2021,s,away,14,2,2,0,0,1.0,1.0
2021,s,away,15,0,0,0,0,,
2021,s,away,16,0,0,0,0,,
2021,s,away,17,0,0,0,0,,
2021,s,away,18,0,0,0,0,,
2021,s,away,19,0,0,0,0,,
2021,s,away,20,0,0,0,0,,
2021,s,away,21,0,0,0,0,,
2021,s,away,22,0,0,0,0,,
2021,t,home,0,7,0,6,1,0.0,0.07142857142857142
2021,t,home,1,9,3,6,0,0.3333333333333333,0.3333333333333333
2021,t,home,2,13,5,7,1,0.4166666666666667,0.4230769230769231
2021,t,home,3,14,5,9,0,0.35714285714285715,0.35714285714285715
2021,t,home,4,8,5,2,1,0.7142857142857143,0.6875
2021,t,home,5,4,3,1,0,0.75,0.75
2021,t,home,6,5,4,0,1,1.0,0.9
2021,t,home,7,5,5,0,0,1.0,1.0
2021,t,home,8,1,1,0,0,1.0,1.0
2021,t,home,9,2,2,0,0,1.0,1.0
2021,t,home,10,1,1,0,0,1.0,1.0
2021,t,home,11,1,1,0,0,1.0,1.0
2021,t,home,12,0,0,0,0,,
2021,t,home,13,1,1,0,0,1.0,1.0
2021,t,home,14,0,0,0,0,,
2021,t,home,15,0,0,0,0,,
2021,t,home,16,0,0,0,0,,
2021,t,home,17,0,0,0,0,,
2021,t,home,18,0,0,0,0,,
2021,t,home,19,0,0,0,0,,
2021,t,home,20,0,0,0,0,,
2021,t,home,21,0,0,0,0,,
2021,t,home,22,0,0,0,0,,
2021,t,away,0,5,0,5,0,0.0,0.0
2021,t,away,1,7,0,6,1,0.0,0.07142857142857142
2021,t,away,2,12,6,4,2,0.6,0.5833333333333334
2021,t,away,3,12,7,4,1,0.6363636363636364,0.625
2021,t,away,4,12,7,4,1,0.6363636363636364,0.625
2021,t,away,5,4,4,0,0,1.0,1.0
2021,t,away,6,10,7,2,1,0.7777777777777778,0.75
2021,t,away,7,1,1,0,0,1.0,1.0
2021,t,away,8,1,1,0,0,1.0,1.0
2021,t,away,9,4,4,0,0,1.0,1.0
2021,t,away,10,3,3,0,0,1.0,1.0
2021,t,away,11,1,1,0,0,1.0,1.0
2021,t,away,12,0,0,0,0,,
2021,t,away,13,0,0,0,0,,
2021,t,away,14,0,0,0,0,,
2021,t,away,15,0,0,0,0,,
2021,t,away,16,0,0,0,0,,
2021,t,away,17,0,0,0,0,,
2021,t,away,18,0,0,0,0,,
2021,t,away,19,0,0,0,0,,
2021,t,away,20,0,0,0,0,,
2021,t,away,21,0,0,0,0,,
2021,t,away,22,0,0,0,0,,
2022,c,home,0,6,0,6,0,0.0,0.0
2022,c,home,1,8,3,5,0,0.375,0.375
2022,c,home,2,10,4,6,0,0.4,0.4
2022,c,home,3,15,5,9,1,0.35714285714285715,0.36666666666666664
2022,c,home,4,6,3,3,0,0.5,0.5
2022,c,home,5,12,7,4,1,0.6363636363636364,0.625
2022,c,home,6,7,7,0,0,1.0,1.0
2022,c,home,7,1,1,0,0,1.0,1.0
2022,c,home,8,1,1,0,0,1.0,1.0
2022,c,home,9,1,1,0,0,1.0,1.0
2022,c,home,10,1,1,0,0,1.0,1.0
2022,c,home,11,1,1,0,0,1.0,1.0
2022,c,home,12,1,1,0,0,1.0,1.0
2022,c,home,13,0,0,0,0,,
2022,c,home,14,0,0,0,0,,
2022,c,home,15,0,0,0,0,,
2022,c,home,16,0,0,0,0,,
2022,c,home,17,1,1,0,0,1.0,1.0
2022,c,home,18,0,0,0,0,,
2022,c,home,19,0,0,0,0,,
2022,c,home,20,0,0,0,0,,
2022,c,home,21,0,0,0,0,,
2022,c,home,22,0,0,0,0,,
2022,c,away,0,10,0,10,0,0.0,0.0
2022,c,away,1,10,2,8,0,0.2,0.2
2022,c,away,2,11,0,11,0,0.0,0.0
2022,c,away,3,11,6,4,1,0.6,0.5909090909090909
2022,c,away,4,4,2,2,0,0.5,0.5
2022,c,away,5,8,4,4,0,0.5,0.5
2022,c,away,6,6,4,2,0,0.6666666666666666,0.6666666666666666
2022,c,away,7,3,3,0,0,1.0,1.0
2022,c,away,8,0,0,0,0,,
2022,c,away,9,1,1,0,0,1.0,1.0
2022,c,away,10,4,4,0,0,1.0,1.0
2022,c,away,11,2,2,0,0,1.0,1.0
2022,c,away,12,0,0,0,0,,
2022,c,away,13,0,0,0,0,,
2022,c,away,14,0,0,0,0,,
2022,c,away,15,2,2,0,0,1.0,1.0
2022,c,away,16,0,0,0,0,,
2022,c,away,17,0,0,0,0,,
2022,c,away,18,0,0,0,0,,
2022,c,away,19,0,0,0,0,,
2022,c,away,20,0,0,0,0,,
2022,c,away,21,0,0,0,0,,
2022,c,away,22,0,0,0,0,,
2022,d,home,0,12,0,12,0,0.0,0.0
2022,d,home,1,9,3,6,0,0.3333333333333333,0.3333333333333333
2022,d,home,2,14,8,6,0,0.5714285714285714,0.5714285714285714
2022,d,home,3,11,6,4,1,0.6,0.5909090909090909
2022,d,home,4,12,10,2,0,0.8333333333333334,0.8333333333333334
2022,d,home,5,4,3,1,0,0.75,0.75
2022,d,home,6,4,2,2,0,0.5,0.5
2022,d,home,7,3,3,0,0,1.0,1.0
2022,d,home,8,1,1,0,0,1.0,1.0
2022,d,home,9,1,1,0,0,1.0,1.0
2022,d,home,10,0,0,0,0,,
2022,d,home,11,0,0,0,0,,
2022,d,home,12,0,0,0,0,,
2022,d,home,13,0,0,0,0,,
2022,d,home,14,0,0,0,0,,
2022,d,home,15,0,0,0,0,,
2022,d,home,16,0,0,0,0,,
2022,d,home,17,0,0,0,0,,
2022,d,home,18,0,0,0,0,,
2022,d,home,19,0,0,0,0,,
2022,d,home,20,0,0,0,0,,
2022,d,home,21,0,0,0,0,,
2022,d,home,22,0,0,0,0,,
2022,d,away,0,15,0,14,1,0.0,0.03333333333333333
2022,d,away,1,13,2,11,0,0.15384615384615385,0.15384615384615385
2022,d,away,2,11,2,9,0,0.18181818181818182,0.18181818181818182
2022,d,away,3,7,6,1,0,0.8571428571428571,0.8571428571428571
2022,d,away,4,5,4,1,0,0.8,0.8
2022,d,away,5,7,4,3,0,0.5714285714285714,0.5714285714285714
2022,d,away,6,6,4,2,0,0.6666666666666666,0.6666666666666666
2022,d,away,7,4,3,1,0,0.75,0.75
2022,d,away,8,0,0,0,0,,
2022,d,away,9,2,2,0,0,1.0,1.0
2022,d,away,10,1,1,0,0,1.0,1.0
2022,d,away,11,1,1,0,0,1.0,1.0
2022,d,away,12,0,0,0,0,,
2022,d,away,13,0,0,0,0,,
2022,d,away,14,0,0,0,0,,
2022,d,away,15,0,0,0,0,,
2022,d,away,16,0,0,0,0,,
2022,d,away,17,0,0,0,0,,
2022,d,away,18,0,0,0,0,,
2022,d,away,19,0,0,0,0,,
2022,d,away,20,0,0,0,0,,
2022,d,away,21,0,0,0,0,,
2022,d,away,22,0,0,0,0,,
2022,db,home,0,5,0,4,1,0.0,0.1
2022,db,home,1,8,2,6,0,0.25,0.25
2022,db,home,2,6,0,6,0,0.0,0.0
2022,db,home,3,17,10,7,0,0.5882352941176471,0.5882352941176471
2022,db,home,4,9,5,4,0,0.5555555555555556,0.5555555555555556
2022,db,home,5,5,3,2,0,0.6,0.6
2022,db,home,6,10,9,1,0,0.9,0.9
2022,db,home,7,7,7,0,0,1.0,1.0
2022,db,home,8,2,2,0,0,1.0,1.0
2022,db,home,9,1,1,0,0,1.0,1.0
2022,db,home,10,2,2,0,0,1.0,1.0
2022,db,home,11,0,0,0,0,,
2022,db,home,12,0,0,0,0,,
2022,db,home,13,0,0,0,0,,
2022,db,home,14,0,0,0,0,,
2022,db,home,15,0,0,0,0,,
2022,db,home,16,0,0,0,0,,
2022,db,home,17,0,0,0,0,,
2022,db,home,18,0,0,0,0,,
2022,db,home,19,0,0,0,0,,
2022,db,home,20,0,0,0,0,,
2022,db,home,21,0,0,0,0,,
2022,db,home,22,0,0,0,0,,
2022,db,away,0,10,0,10,0,0.0,0.0
2022,db,away,1,13,4,9,0,0.3076923076923077,0.3076923076923077
2022,db,away,2,10,5,5,0,0.5,0.5
2022,db,away,3,9,2,6,1,0.25,0.2777777777777778
2022,db,away,4,14,9,5,0,0.6428571428571429,0.6428571428571429
2022,db,away,5,4,1,3,0,0.25,0.25
2022,db,away,6,4,4,0,0,1.0,1.0
2022,db,away,7,5,5,0,0,1.0,1.0
2022,db,away,8,2,2,0,0,1.0,1.0
2022,db,away,9,0,0,0,0,,
2022,db,away,10,0,0,0,0,,
2022,db,away,11,0,0,0,0,,
2022,db,away,12,0,0,0,0,,
2022,db,away,13,0,0,0,0,,
2022,db,away,14,0,0,0,0,,
2022,db,away,15,0,0,0,0,,
2022,db,away,16,0,0,0,0,,
2022,db,away,17,0,0,0,0,,
2022,db,away,18,0,0,0,0,,
2022,db,away,19,0,0,0,0,,
2022,db,away,20,0,0,0,0,,
2022,db,away,21,0,0,0,0,,
2022,db,away,22,0,0,0,0,,
2022,g,home,0,2,0,2,0,0.0,0.0
2022,g,home,1,11,0,11,0,0.0,0.0
2022,g,home,2,11,3,8,0,0.2727272727272727,0.2727272727272727
2022,g,home,3,14,6,7,1,0.46153846153846156,0.4642857142857143
2022,g,home,4,10,7,3,0,0.7,0.7
2022,g,home,5,11,7,4,0,0.6363636363636364,0.6363636363636364
2022,g,home,6,4,4,0,0,1.0,1.0
2022,g,home,7,3,3,0,0,1.0,1.0
2022,g,home,8,2,1,0,1,1.0,0.75
2022,g,home,9,1,1,0,0,1.0,1.0
2022,g,home,10,2,2,0,0,1.0,1.0
2022,g,home,11,0,0,0,0,,
2022,g,home,12,0,0,0,0,,
2022,g,home,13,0,0,0,0,,
2022,g,home,14,0,0,0,0,,
2022,g,home,15,0,0,0,0,,
2022,g,home,16,0,0,0,0,,
2022,g,home,17,0,0,0,0,,
2022,g,home,18,1,1,0,0,1.0,1.0
2022,g,home,19,0,0,0,0,,
2022,g,home,20,0,0,0,0,,
2022,g,home,21,0,0,0,0,,
2022,g,home,22,0,0,0,0,,
2022,g,away,0,9,0,9,0,0.0,0.0
2022,g,away,1,9,0,9,0,0.0,0.0
2022,g,away,2,11,4,6,1,0.4,0.4090909090909091
2022,g,away,3,11,5,6,0,0.45454545454545453,0.45454545454545453
2022,g,away,4,9,5,4,0,0.5555555555555556,0.5555555555555556
2022,g,away,5,2,2,0,0,1.0,1.0
2022,g,away,6,6,4,2,0,0.6666666666666666,0.6666666666666666
2022,g,away,7,6,6,0,0,1.0,1.0
2022,g,away,8,2,2,0,0,1.0,1.0
2022,g,away,9,3,3,0,0,1.0,1.0
2022,g,away,10,2,1,1,0,0.5,0.5
2022,g,away,11,0,0,0,0,,
2022,g,away,12,0,0,0,0,,
2022,g,away,13,0,0,0,0,,
2022,g,away,14,0,0,0,0,,
2022,g,away,15,0,0,0,0,,
2022,g,away,16,0,0,0,0,,
2022,g,away,17,0,0,0,0,,
2022,g,away,18,0,0,0,0,,
2022,g,away,19,1,1,0,0,1.0,1.0
2022,g,away,20,0,0,0,0,,
2022,g,away,21,0,0,0,0,,
2022,g,away,22,0,0,0,0,,
2022,s,home,0,5,0,5,0,0.0,0.0
2022,s,home,1,11,4,7,0,0.36363636363636365,0.36363636363636365
2022,s,home,2,8,4,4,0,0.5,0.5
2022,s,home,3,14,6,8,0,0.42857142857142855,0.42857142857142855
2022,s,home,4,5,3,2,0,0.6,0.6
2022,s,home,5,8,6,2,0,0.75,0.75
2022,s,home,6,4,1,3,0,0.25,0.25
2022,s,home,7,6,4,2,0,0.6666666666666666,0.6666666666666666
2022,s,home,8,5,4,1,0,0.8,0.8
2022,s,home,9,1,1,0,0,1.0,1.0
2022,s,home,10,1,1,0,0,1.0,1.0
2022,s,home,11,2,2,0,0,1.0,1.0
2022,s,home,12,0,0,0,0,,
2022,s,home,13,0,0,0,0,,
2022,s,home,14,0,0,0,0,,
2022,s,home,15,0,0,0,0,,
2022,s,home,16,1,1,0,0,1.0,1.0
2022,s,home,17,0,0,0,0,,
2022,s,home,18,0,0,0,0,,
2022,s,home,19,0,0,0,0,,
2022,s,home,20,0,0,0,0,,
2022,s,home,21,0,0,0,0,,
2022,s,home,22,0,0,0,0,,
2022,s,away,0,4,0,4,0,0.0,0.0
2022,s,away,1,12,2,10,0,0.16666666666666666,0.16666666666666666
2022,s,away,2,7,2,5,0,0.2857142857142857,0.2857142857142857
2022,s,away,3,12,5,5,2,0.5,0.5
2022,s,away,4,6,5,1,0,0.8333333333333334,0.8333333333333334
2022,s,away,5,7,6,0,1,1.0,0.9285714285714286
2022,s,away,6,6,6,0,0,1.0,1.0
2022,s,away,7,4,4,0,0,1.0,1.0
2022,s,away,8,4,3,0,1,1.0,0.875
2022,s,away,9,3,3,0,0,1.0,1.0
2022,s,away,10,2,2,0,0,1.0,1.0
2022,s,away,11,2,2,0,0,1.0,1.0
2022,s,away,12,1,1,0,0,1.0,1.0
2022,s,away,13,1,1,0,0,1.0,1.0
2022,s,away,14,0,0,0,0,,
2022,s,away,15,0,0,0,0,,
2022,s,away,16,1,1,0,0,1.0,1.0
2022,s,away,17,0,0,0,0,,
2022,s,away,18,0,0,0,0,,
2022,s,away,19,0,0,0,0,,
2022,s,away,20,0,0,0,0,,
2022,s,away,21,0,0,0,0,,
2022,s,away,22,0,0,0,0,,
2022,t,home,0,16,0,16,0,0.0,0.0
2022,t,home,1,9,3,6,0,0.3333333333333333,0.3333333333333333
2022,t,home,2,7,3,3,1,0.5,0.5
2022,t,home,3,11,8,1,2,0.8888888888888888,0.8181818181818182
2022,t,home,4,8,4,4,0,0.5,0.5
2022,t,home,5,3,3,0,0,1.0,1.0
2022,t,home,6,9,8,1,0,0.8888888888888888,0.8888888888888888
2022,t,home,7,2,2,0,0,1.0,1.0
2022,t,home,8,3,2,1,0,0.6666666666666666,0.6666666666666666
2022,t,home,9,2,2,0,0,1.0,1.0
2022,t,home,10,1,1,0,0,1.0,1.0
2022,t,home,11,0,0,0,0,,
2022,t,home,12,0,0,0,0,,
2022,t,home,13,1,1,0,0,1.0,1.0
2022,t,home,14,0,0,0,0,,
2022,t,home,15,0,0,0,0,,
2022,t,home,16,0,0,0,0,,
2022,t,home,17,0,0,0,0,,
2022,t,home,18,0,0,0,0,,
2022,t,home,19,0,0,0,0,,
2022,t,home,20,0,0,0,0,,
2022,t,home,21,0,0,0,0,,
2022,t,home,22,0,0,0,0,,
2022,t,away,0,10,0,10,0,0.0,0.0
2022,t,away,1,8,1,7,0,0.125,0.125
2022,t,away,2,13,3,10,0,0.23076923076923078,0.23076923076923078
2022,t,away,3,10,5,4,1,0.5555555555555556,0.55
2022,t,away,4,6,3,3,0,0.5,0.5
2022,t,away,5,8,3,5,0,0.375,0.375
2022,t,away,6,5,5,0,0,1.0,1.0
2022,t,away,7,2,2,0,0,1.0,1.0
2022,t,away,8,4,4,0,0,1.0,1.0
2022,t,away,9,2,2,0,0,1.0,1.0
2022,t,away,10,2,2,0,0,1.0,1.0
2022,t,away,11,1,1,0,0,1.0,1.0
2022,t,away,12,0,0,0,0,,
2022,t,away,13,0,0,0,0,,
2022,t,away,14,0,0,0,0,,
2022,t,away,15,0,0,0,0,,
2022,t,away,16,0,0,0,0,,
2022,t,away,17,0,0,0,0,,
2022,t,away,18,0,0,0,0,,
2022,t,away,19,0,0,0,0,,
2022,t,away,20,0,0,0,0,,
2022,t,away,21,0,0,0,0,,
2022,t,away,22,0,0,0,0,,
2023,c,home,0,6,0,5,1,0.0,0.08333333333333333
2023,c,home,1,7,1,6,0,0.14285714285714285,0.14285714285714285
2023,c,home,2,5,3,2,0,0.6,0.6
2023,c,home,3,17,9,8,0,0.5294117647058824,0.5294117647058824
2023,c,home,4,14,11,3,0,0.7857142857142857,0.7857142857142857
2023,c,home,5,5,4,1,0,0.8,0.8
2023,c,home,6,10,10,0,0,1.0,1.0
2023,c,home,7,7,5,1,1,0.8333333333333334,0.7857142857142857
2023,c,home,8,0,0,0,0,,
2023,c,home,9,1,1,0,0,1.0,1.0
2023,c,home,10,0,0,0,0,,
2023,c,home,11,0,0,0,0,,
2023,c,home,12,0,0,0,0,,
2023,c,home,13,0,0,0,0,,
2023,c,home,14,0,0,0,0,,
2023,c,home,15,0,0,0,0,,
2023,c,home,16,0,0,0,0,,
2023,c,home,17,0,0,0,0,,
2023,c,home,18,0,0,0,0,,
2023,c,home,19,0,0,0,0,,
2023,c,home,20,0,0,0,0,,
2023,c,home,21,0,0,0,0,,
2023,c,home,22,0,0,0,0,,
2023,c,away,0,7,0,7,0,0.0,0.0
2023,c,away,1,14,2,12,0,0.14285714285714285,0.14285714285714285
2023,c,away,2,14,4,9,1,0.3076923076923077,0.32142857142857145
2023,c,away,3,11,7,3,1,0.7,0.6818181818181818
2023,c,away,4,7,2,5,0,0.2857142857142857,0.2857142857142857
2023,c,away,5,5,3,2,0,0.6,0.6
2023,c,away,6,3,3,0,0,1.0,1.0
2023,c,away,7,6,5,1,0,0.8333333333333334,0.8333333333333334
2023,c,away,8,1,1,0,0,1.0,1.0
2023,c,away,9,1,1,0,0,1.0,1.0
2023,c,away,10,1,1,0,0,1.0,1.0
2023,c,away,11,1,1,0,0,1.0,1.0
2023,c,away,12,0,0,0,0,,
2023,c,away,13,0,0,0,0,,
2023,c,away,14,0,0,0,0,,
2023,c,away,15,0,0,0,0,,
2023,c,away,16,0,0,0,0,,
2023,c,away,17,0,0,0,0,,
2023,c,away,18,0,0,0,0,,
2023,c,away,19,0,0,0,0,,
2023,c,away,20,0,0,0,0,,
2023,c,away,21,0,0,0,0,,
2023,c,away,22,0,0,0,0,,
2023,d,home,0,16,0,15,1,0.0,0.03125
2023,d,home,1,15,2,12,1,0.14285714285714285,0.16666666666666666
2023,d,home,2,15,8,7,0,0.5333333333333333,0.5333333333333333
2023,d,home,3,10,7,2,1,0.7777777777777778,0.75
2023,d,home,4,4,2,2,0,0.5,0.5
2023,d,home,5,3,3,0,0,1.0,1.0
2023,d,home,6,1,0,1,0,0.0,0.0
2023,d,home,7,3,3,0,0,1.0,1.0
2023,d,home,8,3,3,0,0,1.0,1.0
2023,d,home,9,1,1,0,0,1.0,1.0
2023,d,home,10,0,0,0,0,,
2023,d,home,11,1,1,0,0,1.0,1.0
2023,d,home,12,0,0,0,0,,
2023,d,home,13,0,0,0,0,,
2023,d,home,14,0,0,0,0,,
2023,d,home,15,0,0,0,0,,
2023,d,home,16,0,0,0,0,,
2023,d,home,17,0,0,0,0,,
2023,d,home,18,0,0,0,0,,
2023,d,home,19,0,0,0,0,,
2023,d,home,20,0,0,0,0,,
2023,d,home,21,0,0,0,0,,
2023,d,home,22,0,0,0,0,,
2023,d,away,0,11,0,10,1,0.0,0.045454545454545456
2023,d,away,1,8,0,8,0,0.0,0.0
2023,d,away,2,17,4,12,1,0.25,0.2647058823529412
2023,d,away,3,10,5,5,0,0.5,0.5
2023,d,away,4,6,4,2,0,0.6666666666666666,0.6666666666666666
2023,d,away,5,8,3,5,0,0.375,0.375
2023,d,away,6,4,4,0,0,1.0,1.0
2023,d,away,7,4,3,1,0,0.75,0.75
2023,d,away,8,2,2,0,0,1.0,1.0
2023,d,away,9,1,1,0,0,1.0,1.0
2023,d,away,10,0,0,0,0,,
2023,d,away,11,0,0,0,0,,
2023,d,away,12,0,0,0,0,,
2023,d,away,13,0,0,0,0,,
2023,d,away,14,0,0,0,0,,
2023,d,away,15,0,0,0,0,,
2023,d,away,16,0,0,0,0,,
2023,d,away,17,0,0,0,0,,
2023,d,away,18,0,0,0,0,,
2023,d,away,19,0,0,0,0,,
2023,d,away,20,0,0,0,0,,
2023,d,away,21,0,0,0,0,,
2023,d,away,22,0,0,0,0,,
2023,db,home,0,5,0,5,0,0.0,0.0
2023,db,home,1,10,2,8,0,0.2,0.2
2023,db,home,2,15,6,8,1,0.42857142857142855,0.43333333333333335
2023,db,home,3,12,6,5,1,0.5454545454545454,0.5416666666666666
2023,db,home,4,5,3,2,0,0.6,0.6
2023,db,home,5,9,8,1,0,0.8888888888888888,0.8888888888888888
2023,db,home,6,3,3,0,0,1.0,1.0
2023,db,home,7,4,3,1,0,0.75,0.75
2023,db,home,8,4,4,0,0,1.0,1.0
2023,db,home,9,1,1,0,0,1.0,1.0
2023,db,home,10,1,1,0,0,1.0,1.0
2023,db,home,11,0,0,0,0,,
2023,db,home,12,0,0,0,0,,
2023,db,home,13,2,2,0,0,1.0,1.0
2023,db,home,14,0,0,0,0,,
2023,db,home,15,0,0,0,0,,
2023,db,home,16,0,0,0,0,,
2023,db,home,17,0,0,0,0,,
2023,db,home,18,0,0,0,0,,
2023,db,home,19,0,0,0,0,,
2023,db,home,20,0,0,0,0,,
2023,db,home,21,0,0,0,0,,
2023,db,home,22,0,0,0,0,,
2023,db,away,0,7,0,6,1,0.0,0.07142857142857142
2023,db,away,1,11,4,7,0,0.36363636363636365,0.36363636363636365
2023,db,away,2,12,5,7,0,0.4166666666666667,0.4166666666666667
2023,db,away,3,15,7,8,0,0.4666666666666667,0.4666666666666667
2023,db,away,4,9,6,3,0,0.6666666666666666,0.6666666666666666
2023,db,away,5,6,4,2,0,0.6666666666666666,0.6666666666666666
2023,db,away,6,4,3,1,0,0.75,0.75
2023,db,away,7,2,1,1,0,0.5,0.5
2023,db,away,8,1,1,0,0,1.0,1.0
2023,db,away,9,2,1,1,0,0.5,0.5
2023,db,away,10,0,0,0,0,,
2023,db,away,11,1,1,0,0,1.0,1.0
2023,db,away,12,0,0,0,0,,
2023,db,away,13,0,0,0,0,,
2023,db,away,14,0,0,0,0,,
2023,db,away,15,0,0,0,0,,
2023,db,away,16,0,0,0,0,,
2023,db,away,17,1,1,0,0,1.0,1.0
2023,db,away,18,1,1,0,0,1.0,1.0
2023,db,away,19,0,0,0,0,,
2023,db,away,20,0,0,0,0,,
2023,db,away,21,0,0,0,0,,
2023,db,away,22,0,0,0,0,,
2023,g,home,0,7,0,6,1,0.0,0.07142857142857142
2023,g,home,1,12,3,9,0,0.25,0.25
2023,g,home,2,11,5,5,1,0.5,0.5
2023,g,home,3,9,5,4,0,0.5555555555555556,0.5555555555555556
2023,g,home,4,9,6,3,0,0.6666666666666666,0.6666666666666666
2023,g,home,5,9,8,1,0,0.8888888888888888,0.8888888888888888
2023,g,home,6,6,4,2,0,0.6666666666666666,0.6666666666666666
2023,g,home,7,2,2,0,0,1.0,1.0
2023,g,home,8,4,4,0,0,1.0,1.0
2023,g,home,9,1,1,0,0,1.0,1.0
2023,g,home,10,0,0,0,0,,
2023,g,home,11,1,1,0,0,1.0,1.0
2023,g,home,12,0,0,0,0,,
2023,g,home,13,0,0,0,0,,
2023,g,home,14,0,0,0,0,,
2023,g,home,15,0,0,0,0,,
2023,g,home,16,0,0,0,0,,
2023,g,home,17,0,0,0,0,,
2023,g,home,18,0,0,0,0,,
2023,g,home,19,0,0,0,0,,
2023,g,home,20,0,0,0,0,,
2023,g,home,21,0,0,0,0,,
2023,g,home,22,0,0,0,0,,
2023,g,away,0,9,0,9,0,0.0,0.0
2023,g,away,1,10,0,10,0,0.0,0.0
2023,g,away,2,8,1,7,0,0.125,0.125
2023,g,away,3,11,2,9,0,0.18181818181818182,0.18181818181818182
2023,g,away,4,7,6,1,0,0.8571428571428571,0.8571428571428571
2023,g,away,5,9,6,3,0,0.6666666666666666,0.6666666666666666
2023,g,away,6,4,4,0,0,1.0,1.0
2023,g,away,7,4,4,0,0,1.0,1.0
2023,g,away,8,2,2,0,0,1.0,1.0
2023,g,away,9,4,4,0,0,1.0,1.0
2023,g,away,10,3,2,1,0,0.6666666666666666,0.6666666666666666
2023,g,away,11,0,0,0,0,,
2023,g,away,12,0,0,0,0,,
2023,g,away,13,1,1,0,0,1.0,1.0
2023,g,away,14,0,0,0,0,,
2023,g,away,15,0,0,0,0,,
2023,g,away,16,0,0,0,0,,
2023,g,away,17,0,0,0,0,,
2023,g,away,18,0,0,0,0,,
2023,g,away,19,0,0,0,0,,
2023,g,away,20,0,0,0,0,,
2023,g,away,21,0,0,0,0,,
2023,g,away,22,0,0,0,0,,
2023,s,home,0,4,0,4,0,0.0,0.0
2023,s,home,1,8,2,6,0,0.25,0.25
2023,s,home,2,10,2,8,0,0.2,0.2
2023,s,home,3,13,6,7,0,0.46153846153846156,0.46153846153846156
2023,s,home,4,8,5,3,0,0.625,0.625
2023,s,home,5,9,5,4,0,0.5555555555555556,0.5555555555555556
2023,s,home,6,4,4,0,0,1.0,1.0
2023,s,home,7,3,1,2,0,0.3333333333333333,0.3333333333333333
2023,s,home,8,5,3,2,0,0.6,0.6
2023,s,home,9,1,1,0,0,1.0,1.0
2023,s,home,10,3,3,0,0,1.0,1.0
2023,s,home,11,2,2,0,0,1.0,1.0
2023,s,home,12,0,0,0,0,,
2023,s,home,13,2,2,0,0,1.0,1.0
2023,s,home,14,0,0,0,0,,
2023,s,home,15,0,0,0,0,,
2023,s,home,16,0,0,0,0,,
2023,s,home,17,0,0,0,0,,
2023,s,home,18,0,0,0,0,,
2023,s,home,19,0,0,0,0,,
2023,s,home,20,0,0,0,0,,
2023,s,home,21,0,0,0,0,,
2023,s,home,22,0,0,0,0,,
2023,s,away,0,7,0,7,0,0.0,0.0
2023,s,away,1,17,3,13,1,0.1875,0.20588235294117646
2023,s,away,2,9,1,8,0,0.1111111111111111,0.1111111111111111
2023,s,away,3,16,5,10,1,0.3333333333333333,0.34375
2023,s,away,4,6,2,4,0,0.3333333333333333,0.3333333333333333
2023,s,away,5,5,4,1,0,0.8,0.8
2023,s,away,6,4,2,2,0,0.5,0.5
2023,s,away,7,4,1,2,1,0.3333333333333333,0.375
2023,s,away,8,0,0,0,0,,
2023,s,away,9,0,0,0,0,,
2023,s,away,10,1,1,0,0,1.0,1.0
2023,s,away,11,1,1,0,0,1.0,1.0
2023,s,away,12,0,0,0,0,,
2023,s,away,13,1,1,0,0,1.0,1.0
2023,s,away,14,0,0,0,0,,
2023,s,away,15,0,0,0,0,,
2023,s,away,16,0,0,0,0,,
2023,s,away,17,0,0,0,0,,
2023,s,away,18,0,0,0,0,,
2023,s,away,19,0,0,0,0,,
2023,s,away,20,0,0,0,0,,
2023,s,away,21,0,0,0,0,,
2023,s,away,22,0,0,0,0,,
2023,t,home,0,7,0,7,0,0.0,0.0
2023,t,home,1,7,4,2,1,0.6666666666666666,0.6428571428571429
2023,t,home,2,14,6,7,1,0.46153846153846156,0.4642857142857143
2023,t,home,3,3,2,1,0,0.6666666666666666,0.6666666666666666
2023,t,home,4,15,12,3,0,0.8,0.8
2023,t,home,5,5,4,1,0,0.8,0.8
2023,t,home,6,7,6,1,0,0.8571428571428571,0.8571428571428571
2023,t,home,7,6,4,1,1,0.8,0.75
2023,t,home,8,4,4,0,0,1.0,1.0
2023,t,home,9,0,0,0,0,,
2023,t,home,10,0,0,0,0,,
2023,t,home,11,1,1,0,0,1.0,1.0
2023,t,home,12,0,0,0,0,,
2023,t,home,13,0,0,0,0,,
2023,t,home,14,0,0,0,0,,
2023,t,home,15,2,2,0,0,1.0,1.0
2023,t,home,16,0,0,0,0,,
2023,t,home,17,0,0,0,0,,
2023,t,home,18,0,0,0,0,,
2023,t,home,19,0,0,0,0,,
2023,t,home,20,0,0,0,0,,
2023,t,home,21,0,0,0,0,,
2023,t,home,22,0,0,0,0,,
2023,t,away,0,7,0,6,1,0.0,0.07142857142857142
2023,t,away,1,14,2,12,0,0.14285714285714285,0.14285714285714285
2023,t,away,2,8,4,3,1,0.5714285714285714,0.5625
2023,t,away,3,9,4,5,0,0.4444444444444444,0.4444444444444444
2023,t,away,4,7,5,2,0,0.7142857142857143,0.7142857142857143
2023,t,away,5,8,7,1,0,0.875,0.875
2023,t,away,6,6,5,1,0,0.8333333333333334,0.8333333333333334
2023,t,away,7,5,5,0,0,1.0,1.0
2023,t,away,8,2,2,0,0,1.0,1.0
2023,t,away,9,4,4,0,0,1.0,1.0
2023,t,away,10,1,1,0,0,1.0,1.0
2023,t,away,11,1,1,0,0,1.0,1.0
2023,t,away,12,0,0,0,0,,
2023,t,away,13,0,0,0,0,,
2023,t,away,14,0,0,0,0,,
2023,t,away,15,0,0,0,0,,
2023,t,away,16,0,0,0,0,,
2023,t,away,17,0,0,0,0,,
2023,t,away,18,0,0,0,0,,
2023,t,away,19,0,0,0,0,,
2023,t,away,20,0,0,0,0,,
2023,t,away,21,0,0,0,0,,
2023,t,away,22,0,0,0,0,,
2024,c,home,0,13,0,11,2,0.0,0.07692307692307693
2024,c,home,1,11,2,9,0,0.18181818181818182,0.18181818181818182
2024,c,home,2,12,7,4,1,0.6363636363636364,0.625
2024,c,home,3,7,4,3,0,0.5714285714285714,0.5714285714285714
2024,c,home,4,9,8,1,0,0.8888888888888888,0.8888888888888888
2024,c,home,5,5,4,1,0,0.8,0.8
2024,c,home,6,7,7,0,0,1.0,1.0
2024,c,home,7,2,2,0,0,1.0,1.0
2024,c,home,8,0,0,0,0,,
2024,c,home,9,1,1,0,0,1.0,1.0
2024,c,home,10,2,2,0,0,1.0,1.0
2024,c,home,11,1,1,0,0,1.0,1.0
2024,c,home,12,0,0,0,0,,
2024,c,home,13,0,0,0,0,,
2024,c,home,14,1,1,0,0,1.0,1.0
2024,c,home,15,0,0,0,0,,
2024,c,home,16,0,0,0,0,,
2024,c,home,17,0,0,0,0,,
2024,c,home,18,0,0,0,0,,
2024,c,home,19,0,0,0,0,,
2024,c,home,20,0,0,0,0,,
2024,c,home,21,0,0,0,0,,
2024,c,home,22,0,0,0,0,,
2024,c,away,0,11,0,10,1,0.0,0.045454545454545456
2024,c,away,1,19,4,15,0,0.21052631578947367,0.21052631578947367
2024,c,away,2,10,7,3,0,0.7,0.7
2024,c,away,3,13,3,9,1,0.25,0.2692307692307692
2024,c,away,4,5,2,3,0,0.4,0.4
2024,c,away,5,6,6,0,0,1.0,1.0
2024,c,away,6,3,3,0,0,1.0,1.0
2024,c,away,7,0,0,0,0,,
2024,c,away,8,3,2,1,0,0.6666666666666666,0.6666666666666666
2024,c,away,9,2,2,0,0,1.0,1.0
2024,c,away,10,0,0,0,0,,
2024,c,away,11,0,0,0,0,,
2024,c,away,12,0,0,0,0,,
2024,c,away,13,0,0,0,0,,
2024,c,away,14,0,0,0,0,,
2024,c,away,15,0,0,0,0,,
2024,c,away,16,0,0,0,0,,
2024,c,away,17,0,0,0,0,,
2024,c,away,18,0,0,0,0,,
2024,c,away,19,0,0,0,0,,
2024,c,away,20,0,0,0,0,,
2024,c,away,21,0,0,0,0,,
2024,c,away,22,0,0,0,0,,
2024,d,home,0,10,0,8,2,0.0,0.1
2024,d,home,1,18,5,13,0,0.2777777777777778,0.2777777777777778
2024,d,home,2,15,9,5,1,0.6428571428571429,0.6333333333333333
2024,d,home,3,10,8,2,0,0.8,0.8
2024,d,home,4,6,3,3,0,0.5,0.5
2024,d,home,5,6,4,1,1,0.8,0.75
2024,d,home,6,2,2,0,0,1.0,1.0
2024,d,home,7,0,0,0,0,,
2024,d,home,8,1,1,0,0,1.0,1.0
2024,d,home,9,1,1,0,0,1.0,1.0
2024,d,home,10,1,1,0,0,1.0,1.0
2024,d,home,11,1,1,0,0,1.0,1.0
2024,d,home,12,0,0,0,0,,
2024,d,home,13,0,0,0,0,,
2024,d,home,14,0,0,0,0,,
2024,d,home,15,0,0,0,0,,
2024,d,home,16,0,0,0,0,,
2024,d,home,17,0,0,0,0,,
2024,d,home,18,0,0,0,0,,
2024,d,home,19,0,0,0,0,,
2024,d,home,20,0,0,0,0,,
2024,d,home,21,0,0,0,0,,
2024,d,home,22,0,0,0,0,,
2024,d,away,0,8,0,8,0,0.0,0.0
2024,d,away,1,19,3,13,3,0.1875,0.23684210526315788
2024,d,away,2,12,3,9,0,0.25,0.25
2024,d,away,3,10,4,6,0,0.4,0.4
2024,d,away,4,13,8,5,0,0.6153846153846154,0.6153846153846154
2024,d,away,5,2,1,1,0,0.5,0.5
2024,d,away,6,3,2,1,0,0.6666666666666666,0.6666666666666666
2024,d,away,7,3,2,0,1,1.0,0.8333333333333334
2024,d,away,8,1,1,0,0,1.0,1.0
2024,d,away,9,1,1,0,0,1.0,1.0
2024,d,away,10,0,0,0,0,,
2024,d,away,11,0,0,0,0,,
2024,d,away,12,0,0,0,0,,
2024,d,away,13,0,0,0,0,,
2024,d,away,14,0,0,0,0,,
2024,d,away,15,0,0,0,0,,
2024,d,away,16,0,0,0,0,,
2024,d,away,17,0,0,0,0,,
2024,d,away,18,0,0,0,0,,
2024,d,away,19,0,0,0,0,,
2024,d,away,20,0,0,0,0,,
2024,d,away,21,0,0,0,0,,
2024,d,away,22,0,0,0,0,,
2024,db,home,0,6,0,6,0,0.0,0.0
2024,db,home,1,12,1,10,1,0.09090909090909091,0.125
2024,db,home,2,12,2,10,0,0.16666666666666666,0.16666666666666666
2024,db,home,3,13,8,5,0,0.6153846153846154,0.6153846153846154
2024,db,home,4,5,3,2,0,0.6,0.6
2024,db,home,5,6,4,2,0,0.6666666666666666,0.6666666666666666
2024,db,home,6,9,8,1,0,0.8888888888888888,0.8888888888888888
2024,db,home,7,2,2,0,0,1.0,1.0
2024,db,home,8,2,1,1,0,0.5,0.5
2024,db,home,9,1,1,0,0,1.0,1.0
2024,db,home,10,2,2,0,0,1.0,1.0
2024,db,home,11,1,1,0,0,1.0,1.0
2024,db,home,12,0,0,0,0,,
2024,db,home,13,0,0,0,0,,
2024,db,home,14,1,1,0,0,1.0,1.0
2024,db,home,15,0,0,0,0,,
2024,db,home,16,0,0,0,0,,
2024,db,home,17,0,0,0,0,,
2024,db,home,18,0,0,0,0,,
2024,db,home,19,0,0,0,0,,
2024,db,home,20,0,0,0,0,,
2024,db,home,21,0,0,0,0,,
2024,db,home,22,0,0,0,0,,
2024,db,away,0,7,0,6,1,0.0,0.07142857142857142
2024,db,away,1,8,0,8,0,0.0,0.0
2024,db,away,2,17,7,9,1,0.4375,0.4411764705882353
2024,db,away,3,8,3,5,0,0.375,0.375
2024,db,away,4,7,6,1,0,0.8571428571428571,0.8571428571428571
2024,db,away,5,10,9,1,0,0.9,0.9
2024,db,away,6,4,3,1,0,0.75,0.75
2024,db,away,7,3,2,1,0,0.6666666666666666,0.6666666666666666
2024,db,away,8,3,3,0,0,1.0,1.0
2024,db,away,9,0,0,0,0,,
2024,db,away,10,1,1,0,0,1.0,1.0
2024,db,away,11,1,1,0,0,1.0,1.0
2024,db,away,12,1,1,0,0,1.0,1.0
2024,db,away,13,1,1,0,0,1.0,1.0
2024,db,away,14,0,0,0,0,,
2024,db,away,15,0,0,0,0,,
2024,db,away,16,0,0,0,0,,
2024,db,away,17,0,0,0,0,,
2024,db,away,18,0,0,0,0,,
2024,db,away,19,0,0,0,0,,
2024,db,away,20,0,0,0,0,,
2024,db,away,21,0,0,0,0,,
2024,db,away,22,0,0,0,0,,
2024,g,home,0,12,0,12,0,0.0,0.0
2024,g,home,1,9,2,6,1,0.25,0.2777777777777778
2024,g,home,2,13,6,6,1,0.5,0.5
2024,g,home,3,14,9,4,1,0.6923076923076923,0.6785714285714286
2024,g,home,4,9,8,1,0,0.8888888888888888,0.8888888888888888
2024,g,home,5,3,2,1,0,0.6666666666666666,0.6666666666666666
2024,g,home,6,6,6,0,0,1.0,1.0
2024,g,home,7,2,2,0,0,1.0,1.0
2024,g,home,8,2,2,0,0,1.0,1.0
2024,g,home,9,1,1,0,0,1.0,1.0
2024,g,home,10,0,0,0,0,,
2024,g,home,11,0,0,0,0,,
2024,g,home,12,0,0,0,0,,
2024,g,home,13,0,0,0,0,,
2024,g,home,14,0,0,0,0,,
2024,g,home,15,0,0,0,0,,
2024,g,home,16,0,0,0,0,,
2024,g,home,17,0,0,0,0,,
2024,g,home,18,1,1,0,0,1.0,1.0
2024,g,home,19,0,0,0,0,,
2024,g,home,20,0,0,0,0,,
2024,g,home,21,0,0,0,0,,
2024,g,home,22,0,0,0,0,,
2024,g,away,0,10,0,8,2,0.0,0.1
2024,g,away,1,7,2,4,1,0.3333333333333333,0.35714285714285715
2024,g,away,2,15,8,7,0,0.5333333333333333,0.5333333333333333
2024,g,away,3,10,5,4,1,0.5555555555555556,0.55
2024,g,away,4,10,6,4,0,0.6,0.6
2024,g,away,5,5,5,0,0,1.0,1.0
2024,g,away,6,5,3,2,0,0.6,0.6
2024,g,away,7,3,3,0,0,1.0,1.0
2024,g,away,8,2,2,0,0,1.0,1.0
2024,g,away,9,1,1,0,0,1.0,1.0
2024,g,away,10,1,1,0,0,1.0,1.0
2024,g,away,11,1,1,0,0,1.0,1.0
2024,g,away,12,1,1,0,0,1.0,1.0
2024,g,away,13,0,0,0,0,,
2024,g,away,14,0,0,0,0,,
2024,g,away,15,0,0,0,0,,
2024,g,away,16,0,0,0,0,,
2024,g,away,17,0,0,0,0,,
2024,g,away,18,0,0,0,0,,
2024,g,away,19,0,0,0,0,,
2024,g,away,20,0,0,0,0,,
2024,g,away,21,0,0,0,0,,
2024,g,away,22,0,0,0,0,,
2024,s,home,0,4,0,4,0,0.0,0.0
2024,s,home,1,8,1,6,1,0.14285714285714285,0.1875
2024,s,home,2,6,1,5,0,0.16666666666666666,0.16666666666666666
2024,s,home,3,16,5,9,2,0.35714285714285715,0.375
2024,s,home,4,9,5,4,0,0.5555555555555556,0.5555555555555556
2024,s,home,5,10,10,0,0,1.0,1.0
2024,s,home,6,9,5,4,0,0.5555555555555556,0.5555555555555556
2024,s,home,7,7,5,1,1,0.8333333333333334,0.7857142857142857
2024,s,home,8,1,1,0,0,1.0,1.0
2024,s,home,9,1,1,0,0,1.0,1.0
2024,s,home,10,0,0,0,0,,
2024,s,home,11,0,0,0,0,,
2024,s,home,12,0,0,0,0,,
2024,s,home,13,0,0,0,0,,
2024,s,home,14,0,0,0,0,,
2024,s,home,15,0,0,0,0,,
2024,s,home,16,0,0,0,0,,
2024,s,home,17,0,0,0,0,,
2024,s,home,18,0,0,0,0,,
2024,s,home,19,0,0,0,0,,
2024,s,home,20,0,0,0,0,,
2024,s,home,21,0,0,0,0,,
2024,s,home,22,0,0,0,0,,
2024,s,away,0,12,0,12,0,0.0,0.0
2024,s,away,1,10,0,10,0,0.0,0.0
2024,s,away,2,6,0,6,0,0.0,0.0
2024,s,away,3,13,3,10,0,0.23076923076923078,0.23076923076923078
2024,s,away,4,14,9,5,0,0.6428571428571429,0.6428571428571429
2024,s,away,5,8,7,1,0,0.875,0.875
2024,s,away,6,2,2,0,0,1.0,1.0
2024,s,away,7,0,0,0,0,,
2024,s,away,8,2,2,0,0,1.0,1.0
2024,s,away,9,4,4,0,0,1.0,1.0
2024,s,away,10,0,0,0,0,,
2024,s,away,11,1,1,0,0,1.0,1.0
2024,s,away,12,0,0,0,0,,
2024,s,away,13,0,0,0,0,,
2024,s,away,14,0,0,0,0,,
2024,s,away,15,0,0,0,0,,
2024,s,away,16,0,0,0,0,,
2024,s,away,17,0,0,0,0,,
2024,s,away,18,0,0,0,0,,
2024,s,away,19,0,0,0,0,,
2024,s,away,20,0,0,0,0,,
2024,s,away,21,0,0,0,0,,
2024,s,away,22,0,0,0,0,,
2024,t,home,0,9,0,9,0,0.0,0.0
2024,t,home,1,13,4,7,2,0.36363636363636365,0.38461538461538464
2024,t,home,2,15,7,8,0,0.4666666666666667,0.4666666666666667
2024,t,home,3,7,4,3,0,0.5714285714285714,0.5714285714285714
2024,t,home,4,8,8,0,0,1.0,1.0
2024,t,home,5,5,5,0,0,1.0,1.0
2024,t,home,6,1,1,0,0,1.0,1.0
2024,t,home,7,6,6,0,0,1.0,1.0
2024,t,home,8,2,2,0,0,1.0,1.0
2024,t,home,9,3,3,0,0,1.0,1.0
2024,t,home,10,1,1,0,0,1.0,1.0
2024,t,home,11,0,0,0,0,,
2024,t,home,12,1,1,0,0,1.0,1.0
2024,t,home,13,0,0,0,0,,
2024,t,home,14,0,0,0,0,,
2024,t,home,15,1,1,0,0,1.0,1.0
2024,t,home,16,0,0,0,0,,
2024,t,home,17,0,0,0,0,,
2024,t,home,18,0,0,0,0,,
2024,t,home,19,0,0,0,0,,
2024,t,home,20,0,0,0,0,,
2024,t,home,21,0,0,0,0,,
2024,t,home,22,0,0,0,0,,
2024,t,away,0,9,0,9,0,0.0,0.0
2024,t,away,1,10,3,6,1,0.3333333333333333,0.35
2024,t,away,2,15,5,8,2,0.38461538461538464,0.4
2024,t,away,3,5,3,2,0,0.6,0.6
2024,t,away,4,11,6,5,0,0.5454545454545454,0.5454545454545454
2024,t,away,5,7,3,3,1,0.5,0.5
2024,t,away,6,5,4,1,0,0.8,0.8
2024,t,away,7,3,3,0,0,1.0,1.0
2024,t,away,8,3,2,1,0,0.6666666666666666,0.6666666666666666
2024,t,away,9,3,2,1,0,0.6666666666666666,0.6666666666666666
2024,t,away,10,0,0,0,0,,
2024,t,away,11,0,0,0,0,,
2024,t,away,12,0,0,0,0,,
2024,t,away,13,0,0,0,0,,
2024,t,away,14,0,0,0,0,,
2024,t,away,15,0,0,0,0,,
2024,t,away,16,0,0,0,0,,
2024,t,away,17,0,0,0,0,,
2024,t,away,18,0,0,0,0,,
2024,t,away,19,0,0,0,0,,
2024,t,away,20,0,0,0,0,,
2024,t,away,21,0,0,0,0,,
2024,t,away,22,0,0,0,0,,
2025,c,home,0,11,0,11,0,0.0,0.0
2025,c,home,1,10,1,8,1,0.1111111111111111,0.15
2025,c,home,2,15,5,8,2,0.38461538461538464,0.4
2025,c,home,3,7,6,1,0,0.8571428571428571,0.8571428571428571
2025,c,home,4,3,2,1,0,0.6666666666666666,0.6666666666666666
2025,c,home,5,11,9,2,0,0.8181818181818182,0.8181818181818182
2025,c,home,6,2,1,1,0,0.5,0.5
2025,c,home,7,3,3,0,0,1.0,1.0
2025,c,home,8,5,5,0,0,1.0,1.0
2025,c,home,9,3,3,0,0,1.0,1.0
2025,c,home,10,1,1,0,0,1.0,1.0
2025,c,home,11,0,0,0,0,,
2025,c,home,12,1,1,0,0,1.0,1.0
2025,c,home,13,0,0,0,0,,
2025,c,home,14,0,0,0,0,,
2025,c,home,15,0,0,0,0,,
2025,c,home,16,0,0,0,0,,
2025,c,home,17,0,0,0,0,,
2025,c,home,18,0,0,0,0,,
2025,c,home,19,0,0,0,0,,
2025,c,home,20,0,0,0,0,,
2025,c,home,21,0,0,0,0,,
2025,c,home,22,0,0,0,0,,
2025,c,away,0,10,0,9,1,0.0,0.05
2025,c,away,1,17,0,16,1,0.0,0.029411764705882353
2025,c,away,2,9,4,5,0,0.4444444444444444,0.4444444444444444
2025,c,away,3,10,5,5,0,0.5,0.5
2025,c,away,4,11,3,8,0,0.2727272727272727,0.2727272727272727
2025,c,away,5,6,5,1,0,0.8333333333333334,0.8333333333333334
2025,c,away,6,5,4,1,0,0.8,0.8
2025,c,away,7,2,0,2,0,0.0,0.0
2025,c,away,8,1,1,0,0,1.0,1.0
2025,c,away,9,0,0,0,0,,
2025,c,away,10,0,0,0,0,,
2025,c,away,11,0,0,0,0,,
2025,c,away,12,0,0,0,0,,
2025,c,away,13,0,0,0,0,,
2025,c,away,14,0,0,0,0,,
2025,c,away,15,0,0,0,0,,
2025,c,away,16,0,0,0,0,,
2025,c,away,17,0,0,0,0,,
2025,c,away,18,0,0,0,0,,
2025,c,away,19,0,0,0,0,,
2025,c,away,20,0,0,0,0,,
2025,c,away,21,0,0,0,0,,
2025,c,away,22,0,0,0,0,,
2025,d,home,0,9,0,9,0,0.0,0.0
2025,d,home,1,9,1,7,1,0.125,0.16666666666666666
2025,d,home,2,12,6,6,0,0.5,0.5
2025,d,home,3,16,10,6,0,0.625,0.625
2025,d,home,4,12,6,6,0,0.5,0.5
2025,d,home,5,8,6,2,0,0.75,0.75
2025,d,home,6,1,1,0,0,1.0,1.0
2025,d,home,7,3,3,0,0,1.0,1.0
2025,d,home,8,2,2,0,0,1.0,1.0
2025,d,home,9,0,0,0,0,,
2025,d,home,10,0,0,0,0,,
2025,d,home,11,0,0,0,0,,
2025,d,home,12,0,0,0,0,,
2025,d,home,13,0,0,0,0,,
2025,d,home,14,0,0,0,0,,
2025,d,home,15,0,0,0,0,,
2025,d,home,16,0,0,0,0,,
2025,d,home,17,0,0,0,0,,
2025,d,home,18,0,0,0,0,,
2025,d,home,19,0,0,0,0,,
2025,d,home,20,0,0,0,0,,
2025,d,home,21,0,0,0,0,,
2025,d,home,22,0,0,0,0,,
2025,d,away,0,15,0,15,0,0.0,0.0
2025,d,away,1,11,2,8,1,0.2,0.22727272727272727
2025,d,away,2,14,4,10,0,0.2857142857142857,0.2857142857142857
2025,d,away,3,7,5,2,0,0.7142857142857143,0.7142857142857143
2025,d,away,4,9,4,5,0,0.4444444444444444,0.4444444444444444
2025,d,away,5,4,2,2,0,0.5,0.5
2025,d,away,6,7,7,0,0,1.0,1.0
2025,d,away,7,1,1,0,0,1.0,1.0
2025,d,away,8,1,1,0,0,1.0,1.0
2025,d,away,9,2,2,0,0,1.0,1.0
2025,d,away,10,0,0,0,0,,
2025,d,away,11,0,0,0,0,,
2025,d,away,12,0,0,0,0,,
2025,d,away,13,0,0,0,0,,
2025,d,away,14,0,0,0,0,,
2025,d,away,15,0,0,0,0,,
2025,d,away,16,0,0,0,0,,
2025,d,away,17,0,0,0,0,,
2025,d,away,18,0,0,0,0,,
2025,d,away,19,0,0,0,0,,
2025,d,away,20,0,0,0,0,,
2025,d,away,21,0,0,0,0,,
2025,d,away,22,0,0,0,0,,
2025,db,home,0,4,0,4,0,0.0,0.0
2025,db,home,1,13,2,10,1,0.16666666666666666,0.19230769230769232
2025,db,home,2,14,6,7,1,0.46153846153846156,0.4642857142857143
2025,db,home,3,8,4,3,1,0.5714285714285714,0.5625
2025,db,home,4,8,6,2,0,0.75,0.75
2025,db,home,5,10,8,2,0,0.8,0.8
2025,db,home,6,1,1,0,0,1.0,1.0
2025,db,home,7,4,3,1,0,0.75,0.75
2025,db,home,8,3,1,2,0,0.3333333333333333,0.3333333333333333
2025,db,home,9,4,3,1,0,0.75,0.75
2025,db,home,10,1,1,0,0,1.0,1.0
2025,db,home,11,0,0,0,0,,
2025,db,home,12,0,0,0,0,,
2025,db,home,13,0,0,0,0,,
2025,db,home,14,1,1,0,0,1.0,1.0
2025,db,home,15,0,0,0,0,,
2025,db,home,16,0,0,0,0,,
2025,db,home,17,0,0,0,0,,
2025,db,home,18,0,0,0,0,,
2025,db,home,19,0,0,0,0,,
2025,db,home,20,0,0,0,0,,
2025,db,home,21,0,0,0,0,,
2025,db,home,22,0,0,0,0,,
2025,db,away,0,14,0,14,0,0.0,0.0
2025,db,away,1,14,4,9,1,0.3076923076923077,0.32142857142857145
2025,db,away,2,6,2,4,0,0.3333333333333333,0.3333333333333333
2025,db,away,3,6,3,3,0,0.5,0.5
2025,db,away,4,7,5,1,1,0.8333333333333334,0.7857142857142857
2025,db,away,5,5,5,0,0,1.0,1.0
2025,db,away,6,8,5,2,1,0.7142857142857143,0.6875
2025,db,away,7,5,4,1,0,0.8,0.8
2025,db,away,8,2,2,0,0,1.0,1.0
2025,db,away,9,1,1,0,0,1.0,1.0
2025,db,away,10,4,4,0,0,1.0,1.0
2025,db,away,11,0,0,0,0,,
2025,db,away,12,0,0,0,0,,
2025,db,away,13,0,0,0,0,,
2025,db,away,14,0,0,0,0,,
2025,db,away,15,0,0,0,0,,
2025,db,away,16,0,0,0,0,,
2025,db,away,17,0,0,0,0,,
2025,db,away,18,0,0,0,0,,
2025,db,away,19,0,0,0,0,,
2025,db,away,20,0,0,0,0,,
2025,db,away,21,0,0,0,0,,
2025,db,away,22,0,0,0,0,,
2025,g,home,0,7,0,6,1,0.0,0.07142857142857142
2025,g,home,1,13,4,9,0,0.3076923076923077,0.3076923076923077
2025,g,home,2,13,6,7,0,0.46153846153846156,0.46153846153846156
2025,g,home,3,4,2,2,0,0.5,0.5
2025,g,home,4,13,11,2,0,0.8461538461538461,0.8461538461538461
2025,g,home,5,12,12,0,0,1.0,1.0
2025,g,home,6,5,5,0,0,1.0,1.0
2025,g,home,7,0,0,0,0,,
2025,g,home,8,2,2,0,0,1.0,1.0
2025,g,home,9,0,0,0,0,,
2025,g,home,10,0,0,0,0,,
2025,g,home,11,1,1,0,0,1.0,1.0
2025,g,home,12,1,1,0,0,1.0,1.0
2025,g,home,13,0,0,0,0,,
2025,g,home,14,0,0,0,0,,
2025,g,home,15,0,0,0,0,,
2025,g,home,16,0,0,0,0,,
2025,g,home,17,0,0,0,0,,
2025,g,home,18,0,0,0,0,,
2025,g,home,19,0,0,0,0,,
2025,g,home,20,0,0,0,0,,
2025,g,home,21,0,0,0,0,,
2025,g,home,22,0,0,0,0,,
2025,g,away,0,10,0,9,1,0.0,0.05
2025,g,away,1,8,0,8,0,0.0,0.0
2025,g,away,2,16,4,12,0,0.25,0.25
2025,g,away,3,12,4,7,1,0.36363636363636365,0.375
2025,g,away,4,9,4,4,1,0.5,0.5
2025,g,away,5,5,4,1,0,0.8,0.8
2025,g,away,6,5,4,1,0,0.8,0.8
2025,g,away,7,4,3,1,0,0.75,0.75
2025,g,away,8,0,0,0,0,,
2025,g,away,9,1,1,0,0,1.0,1.0
2025,g,away,10,0,0,0,0,,
2025,g,away,11,0,0,0,0,,
2025,g,away,12,1,1,0,0,1.0,1.0
2025,g,away,13,0,0,0,0,,
2025,g,away,14,0,0,0,0,,
2025,g,away,15,1,1,0,0,1.0,1.0
2025,g,away,16,0,0,0,0,,
2025,g,away,17,0,0,0,0,,
2025,g,away,18,0,0,0,0,,
2025,g,away,19,0,0,0,0,,
2025,g,away,20,0,0,0,0,,
2025,g,away,21,0,0,0,0,,
2025,g,away,22,0,0,0,0,,
2025,s,home,0,7,0,7,0,0.0,0.0
2025,s,home,1,10,0,9,1,0.0,0.05
2025,s,home,2,17,4,12,1,0.25,0.2647058823529412
2025,s,home,3,12,10,2,0,0.8333333333333334,0.8333333333333334
2025,s,home,4,7,3,1,3,0.75,0.6428571428571429
2025,s,home,5,7,5,2,0,0.7142857142857143,0.7142857142857143
2025,s,home,6,2,1,1,0,0.5,0.5
2025,s,home,7,4,4,0,0,1.0,1.0
2025,s,home,8,4,3,1,0,0.75,0.75
2025,s,home,9,1,1,0,0,1.0,1.0
2025,s,home,10,0,0,0,0,,
2025,s,home,11,1,1,0,0,1.0,1.0
2025,s,home,12,0,0,0,0,,
2025,s,home,13,0,0,0,0,,
2025,s,home,14,0,0,0,0,,
2025,s,home,15,0,0,0,0,,
2025,s,home,16,0,0,0,0,,
2025,s,home,17,0,0,0,0,,
2025,s,home,18,0,0,0,0,,
2025,s,home,19,0,0,0,0,,
2025,s,home,20,0,0,0,0,,
2025,s,home,21,0,0,0,0,,
2025,s,home,22,0,0,0,0,,
2025,s,away,0,9,0,9,0,0.0,0.0
2025,s,away,1,10,1,9,0,0.1,0.1
2025,s,away,2,21,3,16,2,0.15789473684210525,0.19047619047619047
2025,s,away,3,7,4,3,0,0.5714285714285714,0.5714285714285714
2025,s,away,4,5,1,4,0,0.2,0.2
2025,s,away,5,8,7,1,0,0.875,0.875
2025,s,away,6,8,6,2,0,0.75,0.75
2025,s,away,7,1,1,0,0,1.0,1.0
2025,s,away,8,1,1,0,0,1.0,1.0
2025,s,away,9,0,0,0,0,,
2025,s,away,10,0,0,0,0,,
2025,s,away,11,0,0,0,0,,
2025,s,away,12,1,1,0,0,1.0,1.0
2025,s,away,13,0,0,0,0,,
2025,s,away,14,0,0,0,0,,
2025,s,away,15,0,0,0,0,,
2025,s,away,16,0,0,0,0,,
2025,s,away,17,0,0,0,0,,
2025,s,away,18,0,0,0,0,,
2025,s,away,19,0,0,0,0,,
2025,s,away,20,0,0,0,0,,
2025,s,away,21,0,0,0,0,,
2025,s,away,22,0,0,0,0,,
2025,t,home,0,5,0,5,0,0.0,0.0
2025,t,home,1,16,6,10,0,0.375,0.375
2025,t,home,2,15,7,8,0,0.4666666666666667,0.4666666666666667
2025,t,home,3,9,4,5,0,0.4444444444444444,0.4444444444444444
2025,t,home,4,6,5,1,0,0.8333333333333334,0.8333333333333334
2025,t,home,5,6,6,0,0,1.0,1.0
2025,t,home,6,8,7,0,1,1.0,0.9375
2025,t,home,7,2,2,0,0,1.0,1.0
2025,t,home,8,4,4,0,0,1.0,1.0
2025,t,home,9,0,0,0,0,,
2025,t,home,10,0,0,0,0,,
2025,t,home,11,0,0,0,0,,
2025,t,home,12,0,0,0,0,,
2025,t,home,13,0,0,0,0,,
2025,t,home,14,0,0,0,0,,
2025,t,home,15,0,0,0,0,,
2025,t,home,16,0,0,0,0,,
2025,t,home,17,0,0,0,0,,
2025,t,home,18,0,0,0,0,,
2025,t,home,19,0,0,0,0,,
2025,t,home,20,0,0,0,0,,
2025,t,home,21,0,0,0,0,,
2025,t,home,22,0,0,0,0,,
2025,t,away,0,2,0,2,0,0.0,0.0
2025,t,away,1,7,2,4,1,0.3333333333333333,0.35714285714285715
2025,t,away,2,15,5,8,2,0.38461538461538464,0.4
2025,t,away,3,13,11,2,0,0.8461538461538461,0.8461538461538461
2025,t,away,4,11,5,6,0,0.45454545454545453,0.45454545454545453
2025,t,away,5,8,6,2,0,0.75,0.75
2025,t,away,6,5,5,0,0,1.0,1.0
2025,t,away,7,7,7,0,0,1.0,1.0
2025,t,away,8,2,2,0,0,1.0,1.0
2025,t,away,9,0,0,0,0,,
2025,t,away,10,2,1,1,0,0.5,0.5
2025,t,away,11,0,0,0,0,,
2025,t,away,12,0,0,0,0,,
2025,t,away,13,0,0,0,0,,
2025,t,away,14,0,0,0,0,,
2025,t,away,15,0,0,0,0,,
2025,t,away,16,0,0,0,0,,
2025,t,away,17,0,0,0,0,,
2025,t,away,18,0,0,0,0,,
2025,t,away,19,0,0,0,0,,
2025,t,away,20,0,0,0,0,,
2025,t,away,21,0,0,0,0,,
2025,t,away,22,0,0,0,0,,
