scope,group,venue,role,window,team_years,games,innings,runs,scoring_innings,innings_per_game,runs_per_game,runs_per_inning,score_rate,zero_rate,single_run_inning_rate,two_run_inning_rate,big_inning_rate,runs_per_scoring_inning,single_share_scoring,extra_runs_per_game,scoring_innings_per_game,scoring_innings_variance,zero_scoring_game_rate,one_scoring_game_rate,multi_scoring_game_rate,threeplus_scoring_game_rate,scored_games,one_scoring_given_scored,mean_max_zero_run,mean_max_scoring_run,mean_leading_zeros,mean_trailing_zeros,mean_scoring_clusters,mean_max_inning_runs,zero_run_ge6_game_rate,consecutive_scoring_game_rate,mean_first_scoring_inning_given_scored,mean_last_scoring_inning_given_scored,mean_max_inning_share_given_scored,mean_inning_run_hhi_given_scored,transition_from_0_n,transition_00_n,transition_00_rate,transition_01_n,transition_01_rate,transition_from_1_n,transition_10_n,transition_10_rate,transition_11_n,transition_11_rate,first3_eligible_games,first3_scoreless_rate,first6_eligible_games,first6_scoreless_rate,early_innings,early_score_rate,early_runs_per_inning,middle_innings,middle_score_rate,middle_runs_per_inning,late_innings,late_score_rate,late_runs_per_inning,extra_innings,extra_score_rate,extra_runs_per_inning,zero_games_uniform_expected,zero_game_rate_uniform_expected,zero_game_rate_excess_uniform
all,chunichi,all,off,all,13,141.3846153846154,1269.4615384615386,471.61538461538464,283.15384615384613,8.97650170342478,3.338146255453948,0.3720631130265925,0.22335290972346128,0.7766470902765387,0.13090586096378803,0.05717255290462761,0.035274495855045655,1.6595792963155032,0.5874653843758191,1.3342261371107524,2.003920118343195,1.616175311774116,0.11130013149243918,0.2661272488195565,0.6225726196880043,0.31578955232801387,125.61538461538461,0.3001722226285239,5.123200944354791,1.2526291016675632,3.1417921821767973,3.1737709939633016,1.6155310501464348,1.9078432251509174,0.36880192457115535,0.2847902097902098,3.391660620229541,6.527049921763671,0.6635457736039208,0.61039518386936,880.5384615384615,688.8461538461538,0.7810321457998408,191.69230769230768,0.21896785420015918,247.53846153846155,192.76923076923077,0.7797176849762608,54.76923076923077,0.22028231502373916,141.3846153846154,0.48251822963361424,141.3846153846154,0.22140263582571273,424.15384615384613,0.22189448727910266,0.3705897734743889,424.15384615384613,0.23295230410615025,0.38899622457314764,392.84615384615387,0.2166611353778408,0.3600277515012417,28.307692307692307,0.19954565810981126,0.3197596569518589,15.40290228254896,0.10872018684103293,0.002579944651406244
all,chunichi,all,off,first6,13,141.30769230769232,847.8461538461538,321.6923076923077,192.53846153846155,6.0,2.2780295559141712,0.3796715926523619,0.22728268882115035,0.7727173111788497,0.1330229065805989,0.05831901360747514,0.035940768633076325,1.664248061779678,0.5873706957354926,0.9143334229872692,1.3636961329269022,1.1142107824519965,0.22149976092283785,0.37788237403622016,0.400617865040942,0.14204246608092763,109.92307692307692,0.48795601216698964,3.8674937242244933,1.0186420417189648,2.695164664395434,2.688300908493216,1.1136767079074772,1.5358287012133165,0.22149976092283785,0.18846527404219712,2.7609844696619725,4.249244224773311,0.767416135936807,0.732704445357987,548.7692307692307,428.0769230769231,0.7789107850274076,120.6923076923077,0.22108921497259235,157.76923076923077,122.53846153846153,0.7772052980970563,35.23076923076923,0.22279470190294373,141.30769230769232,0.48274610005379237,141.30769230769232,0.22149976092283785,423.9230769230769,0.22166537166537167,0.3702847010539318,423.9230769230769,0.23290000597692906,0.3890584842507919,0,,,0,,,30.53439261693004,0.2157274185864496,0.005772342336388258
all,chunichi,all,def,all,13,141.3846153846154,1264,537.5384615384615,300.53846153846155,8.938228438228439,3.8049855059470445,0.4257078162193799,0.2377668745327998,0.7622331254672002,0.1307842358468585,0.05908257896681207,0.047900059719129216,1.7878991153612263,0.5505394761311697,1.6795297651066883,2.1254557408403563,1.6488499602054716,0.09581839101069871,0.24742170222939455,0.6567599067599068,0.3640696909927679,127.92307692307692,0.2747690618506522,4.9173457952304105,1.3156677723985417,2.926861813400275,3.0112134660211582,1.6849852071005917,2.1542862052477436,0.34280153607076685,0.32377771800848726,3.268132288843243,6.550116018743444,0.6542346825339446,0.593733893505363,857,659.2307692307693,0.7687539735906161,197.76923076923077,0.23124602640938385,265.61538461538464,203.46153846153845,0.7677743494290776,62.15384615384615,0.23222565057092234,141.3846153846154,0.44586994202378816,141.30769230769232,0.20184014703245473,424.15384615384613,0.2426949475026398,0.44212390173928634,424.0769230769231,0.2507507789075699,0.4403421407057852,387.38461538461536,0.21814682274181854,0.39347060221128294,28.384615384615383,0.24711399705881487,0.4077606257997599,13.535952410450088,0.09584419855638315,-2.580754568444263e-05
all,chunichi,all,def,first6,13,141.30769230769232,847.8461538461538,374.3076923076923,209.30769230769232,6.0,2.648669386169386,0.4414448976948977,0.24684480405634251,0.7531551959436574,0.135654125077202,0.06130947044408583,0.04988120853505469,1.7887000049943833,0.5494968355899362,1.167600561831331,1.4810688243380552,1.172631745911539,0.20184014703245473,0.33072664514972205,0.4674332078178232,0.1688243380551073,112.84615384615384,0.4151849217904768,3.7429404996712687,1.085215318869165,2.531569392146315,2.5243552387783157,1.1874551730320961,1.7364278883509654,0.20184014703245473,0.23213271770964078,2.6542484149397905,4.353582959373944,0.7430840084088782,0.699541112256857,535.8461538461538,408.6923076923077,0.7619532146685513,127.15384615384616,0.2380467853314488,170.69230769230768,129.15384615384616,0.7597769915919279,41.53846153846154,0.2402230084080721,141.30769230769232,0.4455860378937302,141.30769230769232,0.20184014703245473,423.9230769230769,0.24283565437411592,0.44238041161118086,423.9230769230769,0.2508539537385691,0.44050938377861454,0,,,0,,,26.798598706204164,0.18982085474308982,0.012019292289364911
all,chunichi,home,off,all,13,70.6923076923077,621,229.07692307692307,137.84615384615384,8.78124774286746,3.246117732033225,0.3700603474670227,0.22266506390487595,0.777334936095124,0.1317524387505112,0.05624655292315599,0.03466607223120874,1.6585014406943077,0.5924097062530116,1.2929938605994944,1.9531238714337307,1.505705544073262,0.11154448055856506,0.2727037438305044,0.6157517756109305,0.30057481641988687,62.76923076923077,0.3074091819372371,5.096277236065968,1.2453894306006983,3.109395690381606,3.1694564824846516,1.5749458288190683,1.8956632960154087,0.3679968701095462,0.27208077524978935,3.3439330361020208,6.315700095686366,0.6721100888269028,0.6193349653075005,431.46153846153845,339.38461538461536,0.7847042522683607,92.07692307692308,0.2152957477316393,118.84615384615384,92.23076923076923,0.7782645138704957,26.615384615384617,0.2217354861295044,70.6923076923077,0.47076561935716865,70.6923076923077,0.2200674130251595,212.07692307692307,0.22982123510292524,0.37834958468761287,212.07692307692307,0.22597106857670238,0.3833784759841098,181.3846153846154,0.2146174091930804,0.35820884305107087,15.461538461538462,0.18281012465795074,0.22660527073570552,8.197369331625195,0.11550345036102123,-0.003958969802456177
all,chunichi,home,off,first6,13,70.6923076923077,424.15384615384613,161.3846153846154,96.53846153846153,6.0,2.285184182015168,0.3808640303358613,0.22789615183981382,0.7721038481601862,0.1346003370651258,0.05624874603747843,0.03704706873720958,1.6722653723147003,0.5905232515800325,0.917807270976285,1.367376911038883,1.1085135808497575,0.2200674130251595,0.3764957264957265,0.403436860479114,0.14036053930420128,55.07692307692308,0.4843212204905623,3.8651889972312508,1.0191555314794751,2.6619357168652944,2.6946731672083786,1.119348140122788,1.5404718911761166,0.2200674130251595,0.17819309016492116,2.7210401217563684,4.233582412833196,0.7680267973092281,0.7319462153211335,274.7692307692308,214.84615384615384,0.7804519947720144,59.92307692307692,0.21954800522798554,78.6923076923077,61.23076923076923,0.781131853439459,17.46153846153846,0.21886814656054104,70.6923076923077,0.47076561935716865,70.6923076923077,0.2200674130251595,212.07692307692307,0.22982123510292524,0.37834958468761287,212.07692307692307,0.22597106857670238,0.3833784759841098,0,,,0,,,15.232228292655268,0.21498006514959525,0.005087347875564256
all,chunichi,home,def,all,13,70.6923076923077,651.7692307692307,230.92307692307693,133.3846153846154,9.218180450222704,3.266657638136511,0.3543277896088371,0.20433089996250925,0.7956691000374908,0.11858827177584705,0.04831138759804053,0.037431240588621656,1.7367101598919101,0.5805218880237801,1.382993258697484,1.8836643794390273,1.4674726965850586,0.12578247261345854,0.2882418442277597,0.5859756831587818,0.29584085710846275,61.92307692307692,0.33121495699207665,5.355769230769231,1.1794901889972313,3.426387384133863,3.439936198386903,1.5564764656313952,1.9608161791260383,0.4033104610569399,0.26598952690501987,3.590669233988176,6.597485971616743,0.6892841956713361,0.6349144878693641,461.7692307692308,368.0769230769231,0.7968444493193801,93.6923076923077,0.20315555068061988,119.3076923076923,96.15384615384616,0.8079540723755655,23.153846153846153,0.19204592762443448,70.6923076923077,0.5153304442036837,70.6923076923077,0.25129408932225833,212.07692307692307,0.20491854259459893,0.3519321054532322,212.07692307692307,0.2172655591669676,0.36347959552184905,212.07692307692307,0.18840235143052045,0.338968139320252,15.538461538461538,0.24669467810772158,0.48215738770086597,8.752480300772403,0.12429545936947609,0.0014870132439824353
all,chunichi,home,def,first6,13,70.6923076923077,424.15384615384613,152,89.6923076923077,6.0,2.1462351029252438,0.3577058504875406,0.21109205088078328,0.7889079491192167,0.1246338429437021,0.05000902853015529,0.03644917940692589,1.6940064756388082,0.5925804323363678,0.8796827976405441,1.2665523052846996,0.9796433937816269,0.25129408932225833,0.359648489225954,0.3890574214517876,0.11155952810882389,53,0.4799083454856981,3.9928012519561817,0.9567021788852775,2.9039183820873964,2.8048392921632357,1.054252437703142,1.491952570121584,0.25129408932225833,0.18200613940050558,2.86658349569312,4.269796845680655,0.7762614157251995,0.7400580742022436,280.61538461538464,222.53846153846155,0.7927625711264172,58.07692307692308,0.2072374288735828,72.84615384615384,57.76923076923077,0.7957190841689935,15.076923076923077,0.20428091583100652,70.6923076923077,0.5153304442036837,70.6923076923077,0.25129408932225833,212.07692307692307,0.20491854259459893,0.3519321054532322,212.07692307692307,0.2172655591669676,0.36347959552184905,0,,,0,,,17.00095250440506,0.24120500963748925,0.010089079684769088
all,chunichi,away,off,all,13,70.6923076923077,648.4615384615385,242.53846153846155,145.30769230769232,9.17141567352835,3.4296647405802334,0.373985764526756,0.22400805508356894,0.7759919449164311,0.13011668988258157,0.05801864518026981,0.03587272002071756,1.6621502356484446,0.5819194283151676,1.3752076561935715,2.054457084386662,1.698291816341517,0.11111713013121463,0.25950403274346934,0.629378837125316,0.3309287348019742,62.84615384615385,0.29285431761955016,5.150048152160828,1.2596003370651259,3.17520464668352,3.1774738172625496,1.6561153244251836,1.9199289755627784,0.36955278680630793,0.29738473576501745,3.4413911758516122,6.739909521718442,0.6548253746867662,0.6013484172968634,449.0769230769231,349.46153846153845,0.777193486537074,99.61538461538461,0.22280651346292601,128.69230769230768,100.53846153846153,0.7836612129010467,28.153846153846153,0.21633878709895327,70.6923076923077,0.49436017816299505,70.6923076923077,0.22289033345371373,212.07692307692307,0.2139390473897516,0.3628496047510132,212.07692307692307,0.23981782432486656,0.39441133983387505,211.46153846153845,0.21867367235604698,0.36201489229329165,12.846153846153847,0.25064118629908105,0.48965538847117795,7.205532950923764,0.10197387212105156,0.009143258010163075
all,chunichi,away,off,first6,13,70.61538461538461,423.6923076923077,160.30769230769232,96,6.0,2.2702329360780067,0.3783721560130011,0.22660005617752096,0.773399943822479,0.1314062437301874,0.0603602383531961,0.034833574094137475,1.659730359186971,0.5827945469625261,0.9106325990128807,1.3596003370651257,1.1034723006390335,0.22299566630552545,0.37934573251474657,0.39765860117972796,0.14356265799927773,54.84615384615385,0.48987794443329485,3.8702178885277476,1.0178283375466475,2.7289484771879136,2.6823853376670277,1.1078488022149995,1.531009991573372,0.22299566630552545,0.19857951125556758,2.795957784326773,4.266420485977353,0.7656915740441222,0.7323080272221145,274,213.23076923076923,0.7770422950358673,60.76923076923077,0.22295770496413267,79.07692307692308,61.30769230769231,0.7778706577932517,17.76923076923077,0.22212934220674835,70.61538461538461,0.494781509570242,70.61538461538461,0.22299566630552545,211.84615384615384,0.2134826050319008,0.3622426868905742,211.84615384615384,0.23971750732314112,0.39450162513542797,0,,,0,,,15.302164324274774,0.21659459933013295,0.00640106697539251
all,chunichi,away,def,all,13,70.6923076923077,612.2307692307693,306.61538461538464,167.15384615384616,8.657948116046708,4.342313711327796,0.5016210243736873,0.2733740905333399,0.7266259094666602,0.14380786709827714,0.07053642924191131,0.059029794193151436,1.8332118287423391,0.5258487859242342,1.9751053328518118,2.367208378475984,1.688555603783072,0.06594438425424341,0.20651558926206814,0.7275400264836884,0.43224990971469845,66,0.22233715477492802,4.47894245816781,1.45185987721199,2.4276573973757074,2.58314072469002,1.813326110509209,2.347186108101601,0.28236427109666545,0.3815968460334658,2.960943969981839,6.498295809638489,0.6217982625718901,0.5555639088240405,395.2307692307692,291.15384615384613,0.7354842955972336,104.07692307692308,0.26451570440276634,146.30769230769232,107.3076923076923,0.7358981335827777,39,0.2641018664172223,70.6923076923077,0.37655591669676175,70.61538461538461,0.1523052846996509,212.07692307692307,0.28045925123389914,0.5322057702339392,212,0.28423450662232186,0.5170625922099882,175.30769230769232,0.25412981496785014,0.45902457316856865,12.846153846153847,0.24849624060150377,0.32281171679197995,4.783472109677685,0.06739726288351143,-0.0014528786292680178
all,chunichi,away,def,first6,13,70.61538461538461,423.6923076923077,222.30769230769232,119.61538461538461,6.0,3.1507945106536654,0.5251324184422776,0.2826316159062638,0.7173683840937362,0.14675324023915573,0.07258486818345973,0.06329350748364833,1.859812126619797,0.5178896096116077,1.4550048152160828,1.6957896954375828,1.261200784267016,0.1523052846996509,0.3019230769230769,0.5457716383772722,0.22609546165884192,59.84615384615385,0.35845742495802274,3.4926989286144217,1.2139460695798725,2.159040568195498,2.243803418803419,1.3207024196460817,1.9805946791862286,0.1523052846996509,0.28231611893583725,2.469158214420649,4.427443843952948,0.7139789425058075,0.664054758523973,255.23076923076923,186.15384615384616,0.7274412009173526,69.07692307692308,0.2725587990826473,97.84615384615384,71.38461538461539,0.7333990392507451,26.46153846153846,0.2666009607492548,70.61538461538461,0.3759088720356326,70.61538461538461,0.1523052846996509,211.84615384615384,0.2808103607399382,0.5328427831948959,211.84615384615384,0.2844528710725894,0.5174220536896593,0,,,0,,,9.797646201799104,0.1383737812210415,0.0139315034786094
all,other_cl,all,off,all,65,141.3846153846154,1264.4307692307693,553.1692307692308,308.2,8.941830434522743,3.9160867551252165,0.4380976257206293,0.24396529229415254,0.7560347077058475,0.13366928217458984,0.061538656191795715,0.04875735392776698,1.7924385559130567,0.5489314341855211,1.7351943996174766,2.18089235550774,1.7071892982539612,0.08909598948060486,0.23989495547187856,0.6710090550475166,0.3785014344629729,128.76923076923077,0.2642904518778074,4.852280049010818,1.3435195146733607,2.8484338951646646,2.911627069511685,1.7131860020321559,2.197269290538521,0.33135003885003883,0.3315380132687825,3.2421660318202576,6.617255729823209,0.6484441131580595,0.5862183797039803,852.3076923076923,650.3076923076923,0.7620722577086818,202,0.23792774229131816,270.73846153846154,204.64615384615385,0.7582555338169593,66.0923076923077,0.24174446618304068,141.3846153846154,0.4404549937242245,141.13846153846154,0.19094383878607318,424.15384615384613,0.24747793517024286,0.44518583268583267,423.9076923076923,0.2517974480471747,0.45414859281427683,390.7230769230769,0.23181007243483936,0.4165601179505272,25.646153846153847,0.2360542196104502,0.3733498200899404,12.246380000804121,0.08646442008487322,0.002631569395731649
all,other_cl,all,off,first6,65,141.1076923076923,846.6461538461539,380.3692307692308,211.24615384615385,6.0,2.6971168586156478,0.4495194764359413,0.24963116257799517,0.7503688374220049,0.13588617356756735,0.06341525190395562,0.05032973710647218,1.7983666952701576,0.5450785394853566,1.1993298831476769,1.497786975467971,1.1821274149353826,0.19088625823011776,0.3484356828670448,0.4606780589028374,0.17718211817074223,114.15384615384616,0.4319235573402659,3.6867678274288753,1.1028716372638048,2.4831530351371343,2.4985463591068715,1.1938752828863402,1.7815707901704652,0.19088625823011776,0.23212052863684374,2.6555441399007007,4.326042317593843,0.751600125799233,0.7068064449821329,530.9692307692308,402.61538461538464,0.757303438001204,128.35384615384615,0.24269656199879597,174.56923076923076,131.66153846153847,0.7566067610707663,42.90769230769231,0.24339323892923365,141.1076923076923,0.4404533102414053,141.1076923076923,0.19088625823011776,423.32307692307694,0.247380680333647,0.44486492039532,423.32307692307694,0.2518816448223433,0.4541740324765626,0,,,0,,,25.62127527558327,0.18137696872642267,0.009509289503695102
all,other_cl,all,def,all,65,141.3846153846154,1264.5846153846153,547.6615384615385,306.87692307692305,8.942938856015779,3.8762863845556152,0.4337120669320656,0.2429438750973522,0.7570561249026477,0.1337889358611989,0.06157326821418598,0.047581671021967344,1.779927605413485,0.5525662127696933,1.704681130834977,2.1716052537206383,1.689604472547447,0.09177171119478812,0.23847349231964618,0.6697547964855657,0.3739982666905744,128.36923076923077,0.2641603143937018,4.872887454425916,1.3373511744665592,2.878399976092284,2.925667622975315,1.706581794274102,2.1734267228497997,0.3345187077879386,0.3287917637917638,3.2576390465876397,6.621507042234548,0.6478004002097403,0.586378891167029,853.7538461538461,652.1538461538462,0.7624180290665625,201.6,0.23758197093343741,269.44615384615383,203.72307692307692,0.7588917890209795,65.72307692307692,0.24110821097902047,141.3846153846154,0.4458548502779272,141.1846153846154,0.19399367464548142,424.15384615384613,0.24478293785986094,0.43864229075767536,423.95384615384614,0.2503210723840166,0.44951384960236146,390.84615384615387,0.234033398171558,0.41620168138082375,25.630769230769232,0.22004578602619554,0.341989441215568,12.588429498856614,0.08889033369270267,0.0028813775020854514
all,other_cl,all,def,first6,65,141.1076923076923,846.6461538461539,375.9076923076923,209.5076923076923,6.0,2.6651930585754116,0.4441988430959019,0.24758622854083628,0.7524137714591638,0.13527352131743184,0.06316507091362104,0.0491476363097834,1.7888686321495395,0.5483355345318193,1.179675687330394,1.4855173712450176,1.1797678758203876,0.1939780799115768,0.35499916707471996,0.45102275301370326,0.17590150139764568,113.6923076923077,0.44295089048509007,3.6994031932526927,1.0964185911278193,2.506754365243308,2.5256549700520767,1.1833292578586059,1.7641703812371712,0.1939780799115768,0.229290042094516,2.673101416426859,4.306902740675611,0.7554769551006077,0.7115125743167086,531.9230769230769,404.5076923076923,0.7590292727733611,127.41538461538461,0.24097072722663895,173.6153846153846,130.96923076923076,0.7576695617864599,42.646153846153844,0.24233043821354,141.1076923076923,0.44611372027868745,141.1076923076923,0.1939780799115768,423.32307692307694,0.24470100615789228,0.43857331262340504,423.32307692307694,0.25047145092378026,0.4498243735683988,0,,,0,,,26.25426350744858,0.1858783967406828,0.008099683170894026
all,other_cl,home,off,all,65,70.6923076923077,616,284.12307692307695,157.15384615384616,8.71228662573733,4.023410978692668,0.4621090587299568,0.25539912662807823,0.7446008733719218,0.13773439293647302,0.06637191703374086,0.051292816657864324,1.8061138090306788,0.5406872349161957,1.7990766823161188,2.22433429637655,1.583442806004062,0.07702419646081618,0.23030817382930058,0.6926676297098833,0.3932948116046708,65.21538461538462,0.25098894406165834,4.65901047309498,1.3732623088961118,2.6497520163717345,2.694558203924401,1.7400722282412424,2.253986397014566,0.30322137955940776,0.343902732635127,3.118805480975606,6.514230214974298,0.6416747037588056,0.5787926701645135,409.2307692307692,307.6923076923077,0.750334380038962,101.53846153846153,0.249665619961038,136.07692307692307,101.84615384615384,0.7513531031421045,34.23076923076923,0.24864689685789554,70.6923076923077,0.41536114120621165,70.50769230769231,0.1663523866906951,212.07692307692307,0.25923478191083826,0.47239617190321415,211.8923076923077,0.2637351734408476,0.482212334938686,179.3846153846154,0.24073078236798873,0.4346081775115524,12.646153846153846,0.2553923041183103,0.3322044519664489,5.794549491355341,0.08179842561218567,-0.004774229151369495
all,other_cl,home,off,first6,65,70.50769230769231,423.04615384615386,201.56923076923076,110.53846153846153,6.0,2.861255559672999,0.47687592661216643,0.2614176317428365,0.7385823682571635,0.1388227195347552,0.0691227746992846,0.05347213750879667,1.8212972547859,0.5324098264222222,1.29274976921598,1.5685057904570188,1.1708681093448803,0.1663523866906951,0.34859515113975553,0.48505246216954934,0.19465345461655673,58.76923076923077,0.41955701772848436,3.5993840391199936,1.1494426084500504,2.3375909098564707,2.389941918008438,1.2417345027784377,1.8721170979038895,0.1663523866906951,0.2479995534177294,2.610027766926884,4.329207957827939,0.7448965940933749,0.6988947432060236,260.9846153846154,194.8,0.7448923855396502,66.18461538461538,0.2551076144603498,91.55384615384615,68.49230769230769,0.7515179175730767,23.06153846153846,0.24848208242692324,70.50769230769231,0.4153073768271439,70.50769230769231,0.1663523866906951,211.52307692307693,0.258994540803471,0.471672252482916,211.52307692307693,0.26384072268220193,0.48207960074141687,0,,,0,,,11.616346534832198,0.16457710809372808,0.0017752785969670035
all,other_cl,home,def,all,65,70.6923076923077,647.6615384615385,275.8,154.7846153846154,9.160500180570603,3.9034109786926687,0.4263275703165479,0.2392323696850109,0.7607676303149891,0.13221801178917159,0.05951476324935332,0.047499594646485996,1.774176721745198,0.5561053386721508,1.7128698687853618,2.190541109907307,1.7601469851067402,0.09629589502828939,0.23802395570001203,0.6656801492716986,0.3769170579029734,63.87692307692308,0.26579230973754275,4.979265077645359,1.3339358372456964,2.9681726254965692,3.044357770554954,1.7205934753822079,2.167329360780065,0.34845913085349706,0.3293108221981461,3.330745184224241,6.761229742786466,0.6475639021048094,0.585174569007657,439.2923076923077,336.9384615384615,0.7648449227307655,102.35384615384615,0.2351550772692344,137.6769230769231,104.49230769230769,0.7641875788065812,33.184615384615384,0.23581242119341883,70.6923076923077,0.4612182496689539,70.58461538461539,0.20541011254686822,212.07692307692307,0.23800349103166005,0.4255368965932346,211.96923076923076,0.24722976859407694,0.43722351776053825,210.95384615384614,0.2337981681967842,0.4164116325532,12.661538461538461,0.22049486701808682,0.4120546480380072,6.303988818944048,0.08903622504803689,0.007259669980252506
all,other_cl,home,def,first6,65,70.50769230769231,423.04615384615386,182.46153846153845,102.55384615384615,6.0,2.5894498055480755,0.4315749675913459,0.24263714666908331,0.7573628533309167,0.1344751016644537,0.059932831003154934,0.04822921400147468,1.770789044567659,0.5579475812244683,1.1336269255335754,1.4558228800144999,1.1527649234388644,0.20538603646645412,0.354358843574076,0.44025511995946986,0.16864701660320622,56,0.44962174210207995,3.7408295333160146,1.0743233753939847,2.57827086200035,2.5652136610199654,1.1637121333522362,1.7223939448214205,0.20538603646645412,0.22358746530921067,2.705490637048338,4.317220019506534,0.7593555873795967,0.7158746194076061,267.75384615384615,204.95384615384614,0.7628415340561724,62.8,0.2371584659438276,84.78461538461538,64.21538461538462,0.7640288876173345,20.56923076923077,0.23597111238266555,70.50769230769231,0.46170003208665544,70.50769230769231,0.20538603646645412,211.52307692307693,0.23787599180818483,0.42554240810372296,211.52307692307693,0.24739830152998182,0.4376075270789688,0,,,0,,,13.791979086638754,0.1952660597592982,0.010119976707155925
all,other_cl,away,off,all,65,70.6923076923077,648.4307692307692,269.04615384615386,151.04615384615386,9.171384976525822,3.808681232695317,0.4154568178900703,0.23312115910220302,0.766878840897797,0.12978093267653798,0.056959579206565386,0.04638064721909966,1.777066917860401,0.5584700789409236,1.6712796436740098,2.1374015890213074,1.7889035948197243,0.10116106897797039,0.24953172023594558,0.649307210786084,0.3636547490068617,63.55384615384615,0.27833528550905207,5.045770434573251,1.313835921511978,3.047357650174552,3.1287209582280004,1.686208017334778,2.1405182376309138,0.3595202840977489,0.3192036836403034,3.3708362533280756,6.721246939126485,0.6556901438514723,0.5941435534125533,443.0769230769231,342.61538461538464,0.7722593444391982,100.46153846153847,0.2277406555608018,134.66153846153847,102.8,0.766696408020081,31.861538461538462,0.233303591979919,70.6923076923077,0.46560491152040445,70.63076923076923,0.21547120037332498,212.07692307692307,0.2357028209140885,0.41798543397134946,212.01538461538462,0.23988208733749763,0.42612481990851675,211.33846153846153,0.22424863508177315,0.40127512239719626,13,0.22732581440435795,0.4410459692750378,6.451830509448779,0.0911435854211515,0.010017483556818889
all,other_cl,away,off,first6,65,70.6,423.6,178.8,100.70769230769231,6.0,2.5334545429902318,0.4222424238317053,0.23786155291884584,0.7621384470811542,0.13294696835219633,0.05770828991526055,0.047206294651388946,1.7705229434487928,0.5608337605972507,1.1062852254771567,1.427169317513075,1.161064784917321,0.21536586752151327,0.34834614670494357,0.43628798577354316,0.15976847613276354,55.38461538461539,0.44588438958407217,3.7741103523939525,1.0564470875666865,2.628638198887662,2.6069181771783825,1.146019486468281,1.6913629378764257,0.21536586752151327,0.21631314323723014,2.7084239423727507,4.323642474405207,0.7591150022754447,0.7157419469635073,269.9846153846154,207.8153846153846,0.768418952581351,62.16923076923077,0.23158104741864907,83.01538461538462,63.16923076923077,0.7636463628575914,19.846153846153847,0.2363536371424086,70.6,0.4656104772922629,70.6,0.21536586752151327,211.8,0.2357591019097345,0.41809727066829,211.8,0.23996400392795714,0.42638757699512053,0,,,0,,,14.004928740751069,0.198149126672066,0.017216740849447278
all,other_cl,away,def,all,65,70.6923076923077,616.9230769230769,271.8615384615385,152.09230769230768,8.725344889851932,3.8493535572408812,0.441557233366136,0.24687034451029208,0.7531296554897079,0.1354565279804671,0.06372179535277639,0.0476920211770486,1.7856867059088186,0.5495467966480875,1.6966016612495487,2.1527518959913325,1.576509026175296,0.08722162032021187,0.2389803779944625,0.6737980016853257,0.37105874563621044,64.49230769230769,0.2629548987493501,4.766337426267004,1.3407800650054171,2.7889466714818827,2.8062447333574094,1.692651980257614,2.179737570723486,0.32052546045503794,0.32826230889611174,3.1874234656969196,6.482390362070422,0.6482824457180361,0.5878404904310454,414.46153846153845,315.2153846153846,0.7591763295614992,99.24615384615385,0.24082367043850084,131.76923076923077,99.23076923076923,0.7555403188545681,32.53846153846154,0.2444596811454319,70.6923076923077,0.43059768869628023,70.6,0.18257891401720477,212.07692307692307,0.25152381525620965,0.45176196781830585,211.98461538461538,0.2534374287282636,0.46175579969082314,179.8923076923077,0.23441107205515274,0.4161299777170577,12.96923076923077,0.2361960494436938,0.2873672596834025,6.284440679912567,0.08874022059513298,-0.0015186002749211086
all,other_cl,away,def,first6,65,70.6,423.6,193.44615384615383,106.95384615384616,6.0,2.7408299325141052,0.45680498875235087,0.2525440245898589,0.7474559754101411,0.1360979622969358,0.06638587136319292,0.0500601909297302,1.8067861670786336,0.539528888388207,1.225565784974952,1.5152641475391535,1.178892968800416,0.18257891401720477,0.3556899210706802,0.461731164912115,0.1832364708313622,57.69230769230769,0.4364536179202343,3.6579284194228094,1.1185239074604079,2.4353226879748724,2.4860016334425503,1.2029977168530523,1.8058235447743682,0.18257891401720477,0.23497621831233673,2.64370423748783,4.297907793527189,0.7518381645145793,0.707361972538259,264.16923076923075,199.55384615384617,0.7542616009880793,64.61538461538461,0.24573839901192068,88.83076923076923,66.75384615384615,0.7552311319604116,22.076923076923077,0.2447688680395884,70.6,0.43057911717735065,70.6,0.18257891401720477,211.8,0.25151727886270736,0.45164670042564525,211.8,0.2535707703170105,0.4619632770790565,0,,,0,,,12.462284420809826,0.17648445060575185,0.006094463411452915
all,cl,all,off,all,78,141.3846153846154,1265.2692307692307,539.5769230769231,304.02564102564105,8.947608979339748,3.8197633385133387,0.42709187360495654,0.24052989519903734,0.7594701048009627,0.13320871197278955,0.06081097231060103,0.046510210915646756,1.7702953459801312,0.5553537592172374,1.668366355866356,2.1513969826469825,1.6920203005073202,0.09279667981591058,0.2442670043631582,0.6629363158209312,0.3680494541071464,128.24358974358975,0.27027074700292686,4.897433531568147,1.3283711125057278,2.89732694300002,2.9553177235869543,1.696910176717869,2.149031612973921,0.33759201980355824,0.3237467126890204,3.2670817965551384,6.602221428479953,0.650961056565703,0.5902478470648769,857.0128205128206,656.7307692307693,0.7652322390572083,200.28205128205127,0.23476776094279167,266.87179487179486,202.66666666666666,0.7618325590101762,64.2051282051282,0.23816744098982376,141.3846153846154,0.4474655330424561,141.17948717948718,0.19602030495934644,424.15384615384613,0.24321402718838617,0.43275315615059207,423.94871794871796,0.2486565907236706,0.44328986477408866,391.0769230769231,0.22928524959200627,0.4071380568756463,26.08974358974359,0.22996945936034371,0.3644181262335935,12.772467047761594,0.09017371454423317,0.002622965271677415
all,cl,all,off,first6,78,141.14102564102564,846.8461538461538,370.5897435897436,208.12820512820514,6.0,2.6272689748320683,0.4378781624720114,0.24590641695185436,0.7540935830481457,0.13540896240307262,0.0625658788545422,0.04793157569423954,1.776013589688411,0.5521272321937126,1.151830473120942,1.4754385017111262,1.1708079761881516,0.19598850867890444,0.35334346472857403,0.45066802659252153,0.17132550948910646,113.44871794871794,0.4412622998113865,3.716888810228145,1.0888333713396647,2.5184883066801844,2.530172117337929,1.1805088537231962,1.7406137753442736,0.19598850867890444,0.22484465287106928,2.673117528194246,4.313242635457088,0.7542361274888287,0.7111227783781086,533.9358974358975,406.85897435897436,0.7609046625055713,127.07692307692308,0.23909533749442868,171.76923076923077,130.14102564102564,0.760039850575148,41.62820512820513,0.239960149424852,141.14102564102564,0.44750210854346983,141.14102564102564,0.19598850867890444,423.4230769230769,0.24309479555560112,0.43243488383842194,423.4230769230769,0.2487180383481076,0.44332144110560084,0,,,0,,,26.44012816580773,0.18710204370309383,0.008886464975810627
all,cl,all,def,all,78,141.3846153846154,1264.4871794871794,545.974358974359,305.8205128205128,8.942153786384555,3.86440290478752,0.432378025146618,0.2420810416699268,0.7579189583300732,0.1332881525254755,0.06115815333962366,0.04763473580482765,1.781256190404775,0.5522284233299394,1.7004892365469289,2.1639136682405913,1.6828120538237845,0.09244615783077322,0.23996486063793757,0.6675889815312892,0.3723435040742733,128.2948717948718,0.2659284389698602,4.880297177893332,1.3337372741218896,2.886476948976949,2.9399252634829556,1.702982363078517,2.1702366365827905,0.33589917916840994,0.327956089494551,3.259387920296907,6.609608538319363,0.6488727805971076,0.5876047248900846,854.2948717948718,653.3333333333334,0.7634740198205715,200.96153846153845,0.2365259801794285,268.8076923076923,203.67948717948718,0.7603722157556626,65.12820512820512,0.23962778424433745,141.3846153846154,0.44585736556890404,141.2051282051282,0.1953014200433103,424.15384615384613,0.24443493946699074,0.4392225592546105,423.97435897435895,0.25039269013794213,0.44798523145293206,390.2692307692308,0.23138563559993475,0.4124131681859003,26.08974358974359,0.2245571545316321,0.35295130531293334,12.746349984122194,0.09004931116998274,0.002396846660790469
all,cl,all,def,first6,78,141.14102564102564,846.8461538461538,375.64102564102564,209.47435897435898,6.0,2.662439113174407,0.44373985219573453,0.24746265779342064,0.7525373422065793,0.13533695527739353,0.0628558041686985,0.04926989834732862,1.78884052762368,0.5485290847081721,1.1776631664138835,1.484775946760524,1.1785785208355795,0.19528842443172315,0.35095374675388696,0.4537578288143899,0.1747219741738893,113.55128205128206,0.43832322903598786,3.7066594109891224,1.0945513790847103,2.510890203060476,2.5254383481731164,1.1840169103875209,1.7595466324228035,0.19528842443172315,0.22976382136370346,2.6699592495123476,4.314682777125333,0.7534114639853194,0.7095173306400666,532.5769230769231,405.20512820512823,0.7595165964225594,127.37179487179488,0.24048340357744058,173.12820512820514,130.66666666666666,0.7580208000873713,42.46153846153846,0.2419791999126287,141.14102564102564,0.4460257732145279,141.14102564102564,0.19528842443172315,423.4230769230769,0.24439011419392953,0.4392078291213677,423.4230769230769,0.25053520139291174,0.4482718752701014,0,,,0,,,26.34498604057451,0.18653547307441729,0.00875295135730584
all,cl,home,off,all,78,70.6923076923077,616.8333333333334,274.94871794871796,153.93589743589743,8.723780145259019,3.893862104249428,0.44676760685280115,0.24994344950754452,0.7500565504924555,0.13673740057214606,0.06468435634864339,0.04852169258675506,1.7815117476412836,0.549307646805665,1.7147295453633482,2.17913255888608,1.570486595682262,0.08277757714377433,0.23737410216283455,0.6798483206933911,0.37784147907387344,64.8076923076923,0.2603923170409215,4.7318882669234785,1.3519501625135428,2.72635929537338,2.7737079170177763,1.71255116167088,2.1942658801813733,0.31401729465109746,0.3319324064042374,3.156326740163342,6.481141861759643,0.6467472679368218,0.5855497193550114,412.93589743589746,312.97435897435895,0.7560626920771951,99.96153846153847,0.24393730792280488,133.2051282051282,100.24358974358974,0.755838338263503,32.96153846153846,0.244161661736497,70.6923076923077,0.4245952208980378,70.53846153846153,0.17530489107977248,212.07692307692307,0.2543325241095194,0.45672174070061394,211.92307692307693,0.2574411559634901,0.4657400251129233,179.71794871794873,0.236378553505504,0.42187495510147216,13.115384615384615,0.24329527420825037,0.31460458842799166,6.19501946473365,0.0874159297369916,-0.004638352593217275
all,cl,home,off,first6,78,70.53846153846153,423.2307692307692,194.87179487179486,108.2051282051282,6.0,2.7652436633966935,0.4608739438994489,0.255830718425666,0.7441692815743339,0.1381189891231503,0.06697710325565025,0.05073462604686549,1.7964586077073668,0.5420953972818573,1.2302593528426975,1.5349843105539962,1.1604756879290263,0.17530489107977248,0.3532452470324174,0.47144986188781013,0.18560463539783081,58.15384615384615,0.430351051522164,3.6436848654718696,1.1277280956216211,2.3916483776912747,2.4407304595417614,1.2213367756691629,1.8168428967825938,0.17530489107977248,0.23636514287559468,2.6285298260651313,4.313270366995481,0.7487516279626838,0.7044033218918753,263.28205128205127,198.14102564102564,0.7508189870783776,65.14102564102564,0.2491810129216224,89.41025641025641,67.28205128205128,0.7564535735508071,22.128205128205128,0.24354642644919286,70.53846153846153,0.4245504172488147,70.53846153846153,0.17530489107977248,211.6153846153846,0.2541323231867134,0.45611847451703214,211.6153846153846,0.25752911366461867,0.4656294132818657,0,,,0,,,12.218993494469377,0.17297760093637263,0.002327290143399879
all,cl,home,def,all,78,70.6923076923077,648.3461538461538,268.3205128205128,151.21794871794873,9.170113558845953,3.797285421933309,0.41432760686526277,0.23341545806459396,0.766584541935406,0.1299463884536175,0.057647533974134524,0.04582153563684194,1.76793229476965,0.5601747635640891,1.6578904337707154,2.1393949881625938,1.7113679370197932,0.10121032462581758,0.24639360378796998,0.6523960715862124,0.36340435777055496,63.55128205128205,0.27669608427996506,5.0420157698326715,1.3081948958709522,3.044541751936118,3.110287508526945,1.693240640423739,2.1329104971710606,0.3576010192207375,0.3187572729826251,3.374065859184897,6.733939114258178,0.6545172843658972,0.5934645554846081,443.03846153846155,342.12820512820514,0.7701781771622014,100.91025641025641,0.22982182283779864,134.6153846153846,103.1025641025641,0.7714819944014119,31.512820512820515,0.22851800559858812,70.6923076923077,0.47023694875807553,70.6025641025641,0.21305744200943325,212.07692307692307,0.23248933295881652,0.41326943140323424,211.98717948717947,0.24223573368955872,0.42493286405409003,211.14102564102564,0.22623219873574024,0.403504383681042,13.14102564102564,0.22486150219969261,0.423738437981817,6.712070732582107,0.09491276410161009,0.006297560524207494
all,cl,home,def,first6,78,70.53846153846153,423.2307692307692,177.3846153846154,100.41025641025641,6.0,2.51558068844427,0.41926344807404503,0.23737963070436663,0.7626203692956334,0.13283489187766176,0.05827886392432166,0.046265874902383215,1.757991949746184,0.5637197230764516,1.0913029042180702,1.4242777842261998,1.1239113351626582,0.21303737860908817,0.35524045118272235,0.4317221702081895,0.15913243518747583,55.5,0.45466950933268296,3.7828248197560423,1.0547198426425335,2.6325454486815247,2.6051512662105103,1.145468850744054,1.6839870490381144,0.21303737860908817,0.21665724432442648,2.7323394468224684,4.309316157202221,0.7621732254371972,0.7199051952067124,269.8974358974359,207.8846153846154,0.7678283735678799,62.01282051282051,0.23217162643212014,82.7948717948718,63.14102564102564,0.769310587042611,19.653846153846153,0.23068941295738904,70.53846153846153,0.47063843410616013,70.53846153846153,0.21303737860908817,211.6153846153846,0.2323830836059205,0.41327402432864113,211.6153846153846,0.2423761778028128,0.4252528718194489,0,,,0,,,14.326807989599805,0.20292255140566337,0.010114827203424786
all,cl,away,off,all,78,70.6923076923077,648.4358974358975,264.62820512820514,150.0897435897436,9.17139009269291,3.7455118173428033,0.40854497566285125,0.23160230843243065,0.7683976915675693,0.12983689221087857,0.057136090202182785,0.04462932601936931,1.7579141374917417,0.5623783038366309,1.6219343124272703,2.123577504915533,1.7738016317400231,0.1028204125035111,0.25119377232053286,0.645985815175956,0.3582004133060471,63.43589743589744,0.28075512419413506,5.063150054171181,1.3047966574375025,3.0686654829260465,3.1368464347337586,1.681192568516512,2.103753360619558,0.36119236788250875,0.3155671923277557,3.382595407081998,6.7243573695584775,0.6555460156573546,0.5953443640599383,444.0769230769231,343.7564102564103,0.7730817014555108,100.32051282051282,0.22691829854448917,133.66666666666666,102.42307692307692,0.7695238755002419,31.243589743589745,0.23047612449975807,70.6923076923077,0.47039745596083626,70.64102564102564,0.21670772255338977,212.07692307692307,0.23207552532669903,0.4087961291012934,212.02564102564102,0.23987137683539247,0.42083923989607647,211.35897435897436,0.22331947462748544,0.39473175071321215,12.974358974358974,0.23121170972014513,0.44914753914106115,6.5774475830279435,0.09294863320446818,0.00987177929904292
all,cl,away,off,first6,78,70.6025641025641,423.61538461538464,175.71794871794873,99.92307692307692,6.0,2.4895842751715276,0.41493071252858793,0.2359846367952917,0.7640153632047083,0.13269018091519483,0.05815028132158314,0.0451441745585137,1.7520575127384892,0.5644938916581299,1.0736764543997774,1.4159078207717501,1.1514660375376065,0.21663750065218196,0.3535127443399107,0.4298497550079073,0.15706750644384926,55.294871794871796,0.4532166487256093,3.7901282750829184,1.0500106292300133,2.6453565786043702,2.6194960372598235,1.1396577057594006,1.6646374468259166,0.21663750065218196,0.21335753790695305,2.7230129160317547,4.314105476333898,0.7602110975702243,0.7185029603399419,270.65384615384613,208.71794871794873,0.7698561763237703,61.93589743589744,0.23014382367622965,82.35897435897436,62.85897435897436,0.7660170786802014,19.5,0.23398292131979856,70.6025641025641,0.4704723160052594,70.6025641025641,0.21663750065218196,211.80769230769232,0.23204635243009555,0.408788173372004,211.80769230769232,0.2399229211604878,0.4210732516851718,0,,,0,,,14.221134671338353,0.20122337211507715,0.015414128537104815
all,cl,away,def,all,78,70.6923076923077,616.1410256410256,277.65384615384613,154.60256410256412,8.714112094217729,3.9315135829220336,0.4515678652007279,0.25128763551413336,0.7487123644858666,0.13684841783343543,0.0648575676676322,0.04958165001306574,1.7936075597144054,0.545597128194112,1.7430189398499258,2.188494643072108,1.595183455776592,0.08367541430921713,0.23356957987239677,0.6827550058183861,0.3812572729826251,64.74358974358974,0.2561852747536131,4.718438264917138,1.359293367039846,2.728731792464187,2.7690607319128446,1.7127643352995465,2.2076456602865053,0.3141652622286425,0.33715139841900404,3.1496768830777393,6.485041269998433,0.6438684151936784,0.5824610601632112,411.2564102564103,311.20512820512823,0.7552276572341216,100.05128205128206,0.24477234276587842,134.19230769230768,100.57692307692308,0.7522666213092697,33.61538461538461,0.2477333786907303,70.6923076923077,0.4215907266963605,70.6025641025641,0.17753330913094578,212.07692307692307,0.25634638791915787,0.4651692682209114,211.98717948717947,0.2585702750439399,0.4709735984440173,179.12820512820514,0.23769752920726897,0.42327907695897615,12.948717948717949,0.2382460813033288,0.29327466920149875,6.034279251540086,0.08518306097652939,-0.0015076466673122602
all,cl,away,def,first6,78,70.6025641025641,423.61538461538464,198.25641025641025,109.06410256410257,6.0,2.809157362204032,0.468192893700672,0.2575586231425931,0.742441376857407,0.13787384195397245,0.06741903749990405,0.05226574368871655,1.8156238270021607,0.5359223419254404,1.2638056233484736,1.5453517388555584,1.1926109380448493,0.17753330913094578,0.34672878037941296,0.4757379104896412,0.1903796359692755,58.05128205128205,0.42345425242653234,3.630390170954745,1.1344276011469852,2.3892756680116434,2.4456352643360284,1.2226151673185572,1.834952067176345,0.17753330913094578,0.2428662017495868,2.6146132336432997,4.3194971352648155,0.745528294179784,0.7001441035358781,262.6794871794872,197.32051282051282,0.7497915343096249,65.35897435897436,0.25020846569037514,90.33333333333333,67.52564102564102,0.7515924498421338,22.807692307692307,0.24840755015786614,70.6025641025641,0.421467409653731,70.6025641025641,0.17753330913094578,211.80769230769232,0.25639945917557916,0.465179380887187,211.80769230769232,0.25871778710960697,0.47120640651415696,0,,,0,,,12.018178050974706,0.1701326723749668,0.007400636755978995
all,npb,all,off,all,156,141.3846153846154,1264.301282051282,542.7820512820513,306.0833333333333,8.940766889805351,3.842224949196103,0.42996064269927475,0.2423464507103397,0.7576535492896603,0.13457929948144592,0.06070851323215669,0.04705863799673709,1.7690303467820074,0.5569074290877872,1.6762996707708246,2.1659252784252785,1.6835853510860375,0.09153336869683024,0.23854714551829936,0.6699194857848704,0.37339370031677727,128.41666666666666,0.2636312915566169,4.871798296077142,1.3438778813778813,2.8889351478293785,2.940448742852589,1.6973457454226686,2.1554310984599447,0.3344711289422828,0.3303463007789931,3.2675350317925247,6.601399373982376,0.6477751263168322,0.586468710349029,853.6282051282051,652.2820512820513,0.7630451622584278,201.34615384615384,0.23695483774157222,269.28846153846155,203.1153846153846,0.7565336066326076,66.17307692307692,0.24346639336739234,141.3846153846154,0.4439891394218317,141.17948717948718,0.1955105220040135,424.15384615384613,0.24606819759063348,0.4382037626428652,423.9423076923077,0.25015470874730145,0.4468833127625181,391.3269230769231,0.23037918698490922,0.40730681806843133,24.878205128205128,0.23335237348687868,0.35312128253939457,12.510654751599402,0.08833236452192114,0.0032010041749090906
all,npb,all,off,first6,156,141.12820512820514,846.7692307692307,374.35897435897436,209.91666666666666,6.0,2.6546882103362424,0.4424480350560404,0.24806385574566098,0.751936144254339,0.1367042711981697,0.06257922869844185,0.04878035584904946,1.778947506435468,0.5524208249292973,1.1663050758622764,1.488383134473966,1.1825156731082314,0.19553728359041525,0.3464198064166648,0.45804290999291997,0.17480410489115336,113.49358974358974,0.43258145707243023,3.6927072844648072,1.1055027558900858,2.5179545949775353,2.5276936799790564,1.17805632372132,1.750714522256283,0.19553728359041525,0.23452048730383682,2.6749088897410296,4.31347419122725,0.7505725243100175,0.7065603736530063,531.3846153846154,403.6666666666667,0.7585616840827446,127.71794871794872,0.24143831591725537,174.25641025641025,130.5,0.7516182600437199,43.756410256410255,0.24838173995628013,141.12820512820514,0.4442875757583411,141.12820512820514,0.19553728359041525,423.38461538461536,0.24591593469712295,0.4379370205752461,423.38461538461536,0.25021177679419904,0.44695904953683474,0,,,0,,,25.987397004984864,0.1838929104746906,0.01164437311572464
all,npb,all,def,all,156,141.3846153846154,1264.301282051282,542.7820512820513,306.0833333333333,8.940766889805351,3.842224949196103,0.4299426788708178,0.24233965035374416,0.7576603496462558,0.1345744348578763,0.06071242738441991,0.04705278811144796,1.7701240845444577,0.5566251648748977,1.6762996707708246,2.1659252784252785,1.680431532185434,0.09153336869683024,0.23854714551829936,0.6699194857848704,0.37339370031677727,128.41666666666666,0.2639086785181239,4.871798296077142,1.3438778813778813,2.8889351478293785,2.940448742852589,1.6973457454226686,2.1554310984599447,0.3344711289422828,0.3303463007789931,3.268943964479635,6.601343323084992,0.6478903850638422,0.5866119269153618,853.6282051282051,652.2820512820513,0.7629756353447086,201.34615384615384,0.23702436465529136,269.28846153846155,203.1153846153846,0.7564623400287603,66.17307692307692,0.2435376599712396,141.3846153846154,0.4439891394218317,141.17948717948718,0.1955233385917665,424.15384615384613,0.24606819759063348,0.4382037626428652,423.9423076923077,0.25015199298149127,0.4468726047324709,391.3269230769231,0.23036714994676624,0.4073280326515915,24.878205128205128,0.23283699976119795,0.3498959439204254,12.587108478525295,0.08889820537045538,0.0026351633263748528
all,npb,all,def,first6,156,141.12820512820514,846.7692307692307,374.35897435897436,209.91666666666666,6.0,2.6545776187144705,0.4424296031190784,0.24805597844312313,0.7519440215568769,0.13669887956082644,0.06258182259345262,0.04877527628884409,1.7800118518348624,0.5522863993034858,1.1662417480557317,1.4883358706587388,1.180001668905922,0.19554241109865048,0.3464487486166722,0.45800884028467737,0.1747957337953365,113.49358974358974,0.4328882945802041,3.6927616862791792,1.105475106506986,2.51803036702634,2.5277324277147875,1.1780289939035524,1.750659569990872,0.19554241109865048,0.23449248995463912,2.675940223133535,4.312580631812533,0.7507625951646075,0.7067729322515506,531.3846153846154,403.6666666666667,0.7584641190885072,127.71794871794872,0.24153588091149275,174.25641025641025,130.5,0.7515655271478839,43.756410256410255,0.2484344728521161,141.12820512820514,0.44430831839519247,141.12820512820514,0.19554241109865048,423.38461538461536,0.24590254804858813,0.43792436600786894,423.38461538461536,0.25020940883765813,0.4469348402302879,0,,,0,,,26.122082875457462,0.18489919231016014,0.010643218788490331
all,npb,home,off,all,156,70.6923076923077,616.4615384615385,274.4423076923077,154.3653846153846,8.718485163115444,3.8871529031740297,0.44631223382842405,0.25084020230810977,0.7491597976918902,0.1387547228671196,0.06360963281642082,0.048475846624569364,1.7730238231969737,0.5553265499774548,1.7017653284378635,2.185387574736166,1.5695836845703943,0.08325057180690984,0.2317024296777818,0.6850469985153084,0.3793585229324666,64.78205128205128,0.25412926170187705,4.736137444324064,1.3661309738774527,2.7274121223064887,2.7821054532322136,1.7053937943902733,2.187700884795955,0.3180309778901328,0.3371491412864652,3.1537258023314174,6.470255241941741,0.6445062343507648,0.5826544581880441,411.7435897435897,312.04487179487177,0.7560702530648121,99.69871794871794,0.24392974693518793,134.02564102564102,100.13461538461539,0.7505435200377787,33.89102564102564,0.24945647996222126,70.6923076923077,0.4187352032422455,70.56410256410257,0.1802451456149807,212.07692307692307,0.25997610783408903,0.46573146141808114,211.94230769230768,0.25561813798425925,0.4617354341465748,180.01282051282053,0.23442745988459,0.4144220812964736,12.429487179487179,0.25436858324902983,0.3120910765743084,6.1292185642107135,0.08647016607273188,-0.0032195942658220364
all,npb,home,off,first6,156,70.56410256410257,423.38461538461536,196.05128205128204,109.03846153846153,6.0,2.781390977914676,0.4635651629857794,0.25774891300472014,0.7422510869952799,0.1404187935177051,0.06599753597072965,0.0513325835162854,1.7932976129060898,0.5466203697749236,1.2348974998863553,1.5464934780283208,1.1928978867343742,0.1802451456149807,0.34003049238182403,0.4797243620031953,0.1891286016132275,57.82051282051282,0.416903135399754,3.6309025985742696,1.1449463751079265,2.3894978762693246,2.47560819038356,1.2111771741708326,1.8118847137383651,0.1802451456149807,0.24866367744707235,2.5986487053065046,4.2950478640680885,0.7422110324459912,0.6969980230189013,261.90384615384613,197.23076923076923,0.7513325984103278,64.67307692307692,0.24866740158967218,90.91666666666667,67.26923076923077,0.7444333828001359,23.647435897435898,0.25556661719986407,70.56410256410257,0.41885539487008655,70.56410256410257,0.1802451456149807,211.69230769230768,0.25984292664711706,0.4654096455009431,211.69230769230768,0.2556548993623232,0.4617206804706156,0,,,0,,,12.056829377108174,0.1705706984534112,0.009674447161569505
all,npb,home,def,all,156,70.6923076923077,647.8397435897435,268.3397435897436,151.71794871794873,9.162961207415433,3.7973125075237752,0.41453795238831503,0.23431979800013733,0.7656802019998626,0.13063334380302039,0.05795724280788743,0.045729211389229515,1.7638509250285033,0.5596129840289188,1.6508128185064805,2.1464996890172947,1.7329757496030964,0.09979635648649733,0.24543256691144014,0.6547710766020625,0.3674288250872758,63.63461538461539,0.2745289128408873,5.007477378516111,1.321643142329762,3.0504975723285583,3.0985333654347738,1.6893272741864291,2.123200062196541,0.35089156735283494,0.32353135909473935,3.3880091757770026,6.731550162312349,0.6517940838602106,0.5911759076955357,441.88461538461536,340.2371794871795,0.7684143975162129,101.6474358974359,0.23158560248378712,135.26282051282053,102.98076923076923,0.7650500304188291,32.282051282051285,0.23494996958117087,70.6923076923077,0.4692781690140845,70.61538461538461,0.21074081694216468,212.07692307692307,0.23216447306822893,0.4106798316011931,212,0.24468421220916284,0.43199791944449933,211.31410256410257,0.22707962409553428,0.4016051475384466,12.448717948717949,0.22044844149365653,0.4014333606200841,6.5135219663151585,0.0920882105460838,0.0077081459404135175
all,npb,home,def,first6,156,70.56410256410257,423.38461538461536,178.30769230769232,100.87820512820512,6.0,2.527945749588808,0.42132429159813467,0.23838437157842968,0.7616156284215703,0.13299517680646786,0.05916491964609922,0.046224275125862614,1.761768078005585,0.5601662026967693,1.0976395201182298,1.4303062294705782,1.1307921865759514,0.21079656453312354,0.3529204600465252,0.43628297542035127,0.16053267875386104,55.67307692307692,0.4499332436529647,3.7545264574110826,1.0660944653375009,2.6463016514647597,2.5797458123000823,1.1449656044694032,1.689550841354543,0.21079656453312354,0.2203526896440272,2.7571532141476873,4.329153863473232,0.7599441093676796,0.7173095779774363,269.4807692307692,206.43589743589743,0.7643256008785208,63.044871794871796,0.23567439912147925,83.33974358974359,63.23076923076923,0.7632009945836908,20.108974358974358,0.23679900541630913,70.56410256410257,0.4697439277101851,70.56410256410257,0.21079656453312354,211.69230769230768,0.2319989575223478,0.4104922303681303,211.69230769230768,0.24476978563451157,0.432156352828139,0,,,0,,,14.074998428108785,0.19929243169611588,0.011504132837007654
all,npb,away,off,all,156,70.6923076923077,647.8397435897435,268.3397435897436,151.71794871794873,9.163025159504032,3.7971156354078888,0.414541799763846,0.23429951719684322,0.7657004828031568,0.1306073300590978,0.05795518085884588,0.04573700627889952,1.7644095562180668,0.5589577703738926,1.6507701837807471,2.1463454516271416,1.7635523224437737,0.09981265799927772,0.24542504313631075,0.6547622988644115,0.3673849363990209,63.63461538461539,0.2736493820958486,5.007718139320252,1.3216193170418522,3.050729555395048,3.098849363990209,1.689211909634445,2.123136110107941,0.35093671000361143,0.3235351209823041,3.3851102838951426,6.733510150854241,0.6513416389773662,0.5906214726403821,441.88461538461536,340.2371794871795,0.7689583607262697,101.6474358974359,0.23104163927373036,135.26282051282053,102.98076923076923,0.763963037907356,32.282051282051285,0.23603696209264405,70.6923076923077,0.46930324826451586,70.61538461538461,0.21078730094605005,212.07692307692307,0.23214608161791261,0.41065140845070425,212,0.24467350878921898,0.43201311798043696,211.31410256410257,0.22705443222368493,0.40155664165859417,12.448717948717949,0.22327408922639605,0.4110538946428703,6.3814361873886885,0.0902140687582753,0.009598589241002412
all,npb,away,off,first6,156,70.56410256410257,423.38461538461536,178.30769230769232,100.87820512820512,6.0,2.5277078297444135,0.4212846382907356,0.23834773078650895,0.761652269213491,0.13297191097232874,0.059149855330576664,0.04622596448360354,1.7633426672060986,0.5591518704476204,1.09762144502536,1.4300863847190537,1.1459922664425157,0.21084817186959703,0.3528844010268575,0.4362674271035455,0.16043531214813145,55.67307692307692,0.4490954060750463,3.754840387634611,1.065977895112235,2.646724955338288,2.57993978890971,1.1448220456545832,1.6895159308742502,0.21084817186959703,0.2203301573407804,2.75484596481873,4.332100094454794,0.7593954469768058,0.7166640803436942,269.4807692307692,206.43589743589743,0.76490249973359,63.044871794871796,0.23509750026641,83.33974358974359,63.23076923076923,0.7612341092109778,20.108974358974358,0.23876589078902216,70.56410256410257,0.46981790059493567,70.56410256410257,0.21084817186959703,211.69230769230768,0.23194740152894447,0.41038795588409654,211.69230769230768,0.2447480600440734,0.43218132069737464,0,,,0,,,13.93056762787669,0.197260635284837,0.013587536584760015
all,npb,away,def,all,156,70.6923076923077,616.4615384615385,274.4423076923077,154.3653846153846,8.718492686890574,3.8873886481280846,0.44632098285764216,0.25085331120363585,0.7491466887963641,0.1387515049458608,0.06362546741768059,0.04847633884009446,1.775531005438259,0.5542923981519495,1.7018443280767224,2.1855443200513625,1.5827078238791703,0.083244301994302,0.23166857268969945,0.6850871253159986,0.3793785863328117,64.78205128205128,0.2540165897932377,4.735887905782272,1.366217497291441,2.7273393924802374,2.781845882990249,1.7054477147787006,2.1877911700975083,0.31801843826491716,0.33719929978732793,3.1541170224610116,6.473325073072312,0.644375464989152,0.5824910050054989,411.7435897435897,312.04487179487177,0.7563327015904143,99.69871794871794,0.24366729840958565,134.02564102564102,100.13461538461539,0.7502024105776892,33.89102564102564,0.24979758942231076,70.6923076923077,0.41875150475502587,70.56410256410257,0.18028237997204338,212.07692307692307,0.25997736179661063,0.46575570469349814,211.94230769230768,0.25563688361378295,0.46174123379779286,180.01282051282053,0.23441455579667472,0.4143067704159735,12.429487179487179,0.25986959678916455,0.3164134730315057,6.073586512210135,0.08568634524178123,-0.0024420432474792325
all,npb,away,def,first6,156,70.56410256410257,423.38461538461536,196.05128205128204,109.03846153846153,6.0,2.7812398231680877,0.4635399705280146,0.25774035824067654,0.7422596417593235,0.1404196815002397,0.06599637856028602,0.05132429818015081,1.7948940367080464,0.5462267603070879,1.2347976737240285,1.5464421494440592,1.193954524452606,0.18028237997204338,0.3400319883713892,0.4796856316565674,0.18910960451005807,57.82051282051282,0.41739928516527625,3.631013822686955,1.1449351500377998,2.389786288837375,2.4756959060850203,1.2110944816856133,1.8117916781679015,0.18028237997204338,0.24865619728803065,2.6011538437709736,4.295800472446134,0.7424055257477495,0.6972002898634009,261.90384615384613,197.23076923076923,0.7514196892938354,64.67307692307692,0.24858031070616465,90.91666666666667,67.26923076923077,0.7440943087188473,23.647435897435898,0.2559056912811527,70.56410256410257,0.41892494629275484,70.56410256410257,0.18028237997204338,211.69230769230768,0.2598195888191512,0.46539265734280455,211.69230769230768,0.2556611276622019,0.46168728371322465,0,,,0,,,12.047084447348679,0.1704899462857485,0.009792433686294868
without2020,chunichi,all,off,all,12,143.16666666666666,1287.25,475.1666666666667,285.5833333333333,8.991210178710178,3.3184084434084435,0.36921420577880854,0.22192146028122448,0.7780785397187755,0.13068778877137643,0.05633402827294254,0.03489964323690552,1.6571295395123988,0.590160990554119,1.3238838707588707,1.9945245726495726,1.6186575136812182,0.11293625356125356,0.26955451955451953,0.6175092268842269,0.3136331261331261,127,0.3045443726793718,5.141106578606578,1.247292637917638,3.159163752913753,3.203529687904688,1.6133530821030821,1.8966912716912716,0.3731465293965294,0.2793560606060606,3.3983051214566204,6.522041084968747,0.6648546322876556,0.6125519331064391,894.3333333333334,700.5,0.7821321439638136,193.83333333333334,0.21786785603618644,249.75,195.16666666666666,0.7828540380606325,54.583333333333336,0.2171459619393675,143.16666666666666,0.4831447487697488,143.16666666666666,0.22526952214452214,429.5,0.22117273158939826,0.3697592916342916,429.5,0.23106869981869982,0.38622739143572477,398.4166666666667,0.21528882712967518,0.35552086167235747,29.833333333333332,0.1904134452107032,0.30337417122020965,15.798794163367221,0.11038284149950109,0.0025534120617524783
without2020,chunichi,all,off,first6,12,143.08333333333334,858.5,324.4166666666667,194,6.0,2.267170907795908,0.3778618179659846,0.22596828325994994,0.7740317167400501,0.13230259324009325,0.057854857334024,0.03581083268583269,1.6653163526422703,0.5877468251420217,0.9113612082362083,1.3558096995596995,1.116928579137811,0.225374740999741,0.3774281274281274,0.39719713157213155,0.1420737826987827,110.83333333333333,0.4898984744603667,3.8800626456876457,1.010473322973323,2.705872830872831,2.7046870953120954,1.110649766899767,1.5270088707588707,0.225374740999741,0.18403182465682466,2.7545345222684836,4.2489708057939835,0.7682411778885716,0.7336622559466482,556.4166666666666,434.5833333333333,0.77999798939603,121.83333333333333,0.22000201060396993,159,123.91666666666667,0.7802008445002492,35.083333333333336,0.21979915549975082,143.08333333333334,0.4833916083916084,143.08333333333334,0.225374740999741,429.25,0.22092452300785634,0.36942879651212984,429.25,0.23101204351204352,0.38629483941983944,0,,,0,,,31.21550708727176,0.21817621807085552,0.007198522928885474
without2020,chunichi,all,def,all,12,143.16666666666666,1281.4166666666667,541.5833333333334,304.3333333333333,8.950441919191919,3.7824842981092983,0.4225578751539333,0.2374386006490797,0.7625613993509203,0.13125638188306984,0.05902982389651087,0.04715239486949899,1.7770867867393676,0.5532805109068064,1.656990578865579,2.1254937192437193,1.6104728735559277,0.09199770137270137,0.24859573297073298,0.6594065656565656,0.3631588319088319,130,0.27501276198869196,4.915319055944056,1.3141956423206422,2.908961408961409,2.989231254856255,1.6913728632478633,2.1476989445739445,0.3428961085211085,0.3229814167314167,3.2767226009394035,6.56036031480378,0.6544844657399286,0.594561646967385,869.25,668.1666666666666,0.7680280723288013,201.08333333333334,0.2319719276711987,269,206.83333333333334,0.7713851748444638,62.166666666666664,0.22861482515553624,143.16666666666666,0.44413688163688164,143.08333333333334,0.19921571484071485,429.5,0.2434750820167487,0.44331941206941206,429.4166666666667,0.25011889937208964,0.4393058376164525,392.5833333333333,0.21683854514979062,0.38267007547247955,29.916666666666668,0.2513970877005253,0.4266479554179199,13.641804248984071,0.09531334680549683,-0.00331564543279545
without2020,chunichi,all,def,first6,12,143.08333333333334,858.5,379.0833333333333,212,6.0,2.6492529461279464,0.441542157687991,0.24692909328325996,0.75307090671674,0.13550030216696884,0.061441741129241126,0.04998704998704999,1.788511634412465,0.5486780690642388,1.1676783864283864,1.4815745596995598,1.1690142525152785,0.19921571484071485,0.3360649766899767,0.4647193084693085,0.16830969955969957,114.58333333333333,0.42079815802663967,3.7479077635327633,1.090233262108262,2.523783508158508,2.5208292864542865,1.1857153263403264,1.736685767935768,0.19921571484071485,0.23411599974099973,2.6589502756050627,4.343193133524672,0.7445798663674972,0.7017921023367623,542.5,413.9166666666667,0.7622183217388837,128.58333333333334,0.2377816782611163,172.91666666666666,130.58333333333334,0.7582769260764404,42.333333333333336,0.24172307392355957,143.08333333333334,0.44382931882931886,143.08333333333334,0.19921571484071485,429.25,0.2436275144608478,0.44359729776396445,429.25,0.2502306721056721,0.43948701761201764,0,,,0,,,27.007631524172353,0.18877106146432931,0.010444653376385518
without2020,chunichi,home,off,all,12,71.58333333333333,630,229.41666666666666,138.16666666666666,8.800518388106417,3.2041275430359937,0.3643490021536021,0.21945310448044472,0.7805468955195553,0.1298988001993436,0.056060471319773764,0.03349383296132734,1.6567845209511718,0.5926478285402651,1.2743544600938967,1.929773082942097,1.5079402653386265,0.11528429838288994,0.2759846113719353,0.6087310902451747,0.2909004955659885,63.333333333333336,0.3121932804320069,5.1376336724047995,1.2338941053729786,3.146289775691184,3.2294111893583723,1.5631357589984352,1.8716907929055817,0.3736632759520083,0.2641986176317162,3.3562250748248084,6.297365579850706,0.6744277452534009,0.6227753308898099,439.25,346.75,0.7882126440994026,92.5,0.2117873559005974,119.16666666666667,92.91666666666667,0.7822503248089789,26.25,0.21774967519102106,71.58333333333333,0.4738849765258216,71.58333333333333,0.22590636411058945,214.75,0.22813967136150234,0.3756194574856547,214.75,0.22304273169883498,0.37967853416797076,184.33333333333334,0.20910036680848548,0.3463929133053268,16.166666666666668,0.18644221391256965,0.23421873690648395,8.505260900061463,0.11887502884889804,-0.0035907304660081087
without2020,chunichi,home,off,first6,12,71.58333333333333,429.5,162.25,96.91666666666667,6.0,2.265893974960876,0.3776489958268127,0.22559120153016868,0.7744087984698313,0.13308555033907146,0.05584354894800904,0.036662102243088156,1.6748454576887513,0.589914681965325,0.9123467657798644,1.353547209181012,1.11348230517983,0.22590636411058945,0.3773148148148148,0.3967788210745957,0.1395572509128847,55.416666666666664,0.4887336097798085,3.8886769692227436,1.0068629368805424,2.6851525821596245,2.7164514866979657,1.112627151799687,1.5257889932185706,0.22590636411058945,0.17220918101199792,2.7190352953014254,4.236707744621584,0.7699919933812933,0.734230359826297,279,218.75,0.7829896610030157,60.25,0.21701033899698435,78.91666666666667,61.666666666666664,0.784822665787484,17.25,0.21517733421251595,71.58333333333333,0.4738849765258216,71.58333333333333,0.22590636411058945,214.75,0.22813967136150234,0.3756194574856547,214.75,0.22304273169883498,0.37967853416797076,0,,,0,,,15.662745342070862,0.21891448210696687,0.006991882003622589
without2020,chunichi,home,def,all,12,71.58333333333333,660.5,233.5,136.25,9.226639932185707,3.261101330203443,0.353385879327916,0.20627620804896454,0.7937237919510355,0.12039628284552839,0.048681029434745005,0.03719889576869113,1.713085838199401,0.5842859174129672,1.3579649191444967,1.9031364110589464,1.4291370879671468,0.1154310119979134,0.2886508868022952,0.5959181011997914,0.2968831507563902,63.333333333333336,0.3273347219266015,5.329861111111111,1.1930588158581117,3.3716418883672405,3.362708659363589,1.5736828377673449,1.9575508607198748,0.3994196661450182,0.27009976525821594,3.604706484968672,6.6194986914736935,0.6870064888222618,0.6331835644834319,467.1666666666667,371.5,0.7946083549406635,95.66666666666667,0.20539164505933652,121.75,98.16666666666667,0.808616911740196,23.583333333333332,0.19138308825980405,71.58333333333333,0.5110524256651017,71.58333333333333,0.24445748565466874,214.75,0.20764323595896367,0.35579681794470525,214.75,0.21963028169014084,0.36784363588941055,214.75,0.189287732568249,0.32693770648582854,16.25,0.24314744105257938,0.5000158515178278,8.682440634411325,0.12132986390428616,-0.005898851906372754
without2020,chunichi,home,def,first6,12,71.58333333333333,429.5,155.41666666666666,91.75,6.0,2.1709213615023475,0.3618202269170579,0.21363675882455224,0.7863632411754478,0.12576073726308468,0.050241262389149714,0.03763475917231786,1.69286598963435,0.5906800837490138,0.8891008085550339,1.2818205529473135,0.9882479358560218,0.24445748565466874,0.36323030777256127,0.39231220657276994,0.11530059989567032,54.083333333333336,0.48031737427617294,3.9880346896191967,0.9697606937923839,2.876467136150235,2.7719092331768387,1.0629401408450705,1.5037819509650496,0.24445748565466874,0.18745109546165883,2.867965453667547,4.275613249487376,0.7750024464007121,0.7389304732429067,283.5,224.41666666666666,0.7910754412135103,59.083333333333336,0.20892455878648974,74.41666666666667,58.75,0.7910413535287553,15.666666666666666,0.2089586464712447,71.58333333333333,0.5110524256651017,71.58333333333333,0.24445748565466874,214.75,0.20764323595896367,0.35579681794470525,214.75,0.21963028169014084,0.36784363588941055,0,,,0,,,16.917826309504008,0.23630755649169985,0.008149929162968908
without2020,chunichi,away,off,all,12,71.58333333333333,657.25,245.75,147.41666666666666,9.181533646322379,3.432136802295253,0.3738436942594185,0.22425918674568954,0.7757408132543104,0.13144470747101647,0.05656132847260966,0.03625315080206343,1.6589960886191484,0.5873571584525427,1.373141627543036,2.058995174752217,1.700927245481088,0.1106546687532603,0.26307381324986956,0.6262715179968701,0.3362839071465832,63.666666666666664,0.29681859251551895,5.1444966092853415,1.2604003651538862,3.17313836724048,3.176985524256651,1.6635693792383934,1.9215897235263433,0.3725710745957225,0.29438901930099115,3.4420102518266678,6.748109529031456,0.655095724607515,0.6021821460122427,455.0833333333333,353.75,0.7760886997166666,101.33333333333333,0.22391130028333342,130.58333333333334,102.25,0.7860732322151277,28.333333333333332,0.21392676778487232,71.58333333333333,0.49250130412102244,71.58333333333333,0.2247978612415232,214.75,0.21417470874630498,0.36392040514693097,214.75,0.23896930968527214,0.39255672926447577,214.08333333333334,0.22069277468201384,0.3634790962806956,13.666666666666666,0.21282068808384597,0.4129573934837093,7.293533263305757,0.1019306820167783,0.008723986736482009
without2020,chunichi,away,off,first6,12,71.5,429,162.16666666666666,97.08333333333333,6.0,2.2677523474178405,0.3779587245696401,0.22627043122935142,0.7737295687706486,0.1314771344114067,0.059834702660406885,0.03495859415753782,1.659487005585082,0.5841720041893229,0.9101297600417319,1.3576225873761085,1.1035070293959899,0.2249119718309859,0.37762454355764213,0.39746348461137193,0.14441510172143976,55.416666666666664,0.4890344398027361,3.8719027125717265,1.0137584767866459,2.72719418362024,2.69341744913928,1.1085028690662493,1.528038601982264,0.2249119718309859,0.1956833594157538,2.7841625996873374,4.262580526475466,0.7652155577276933,0.7317564382286563,277.4166666666667,215.83333333333334,0.7767028296364957,61.583333333333336,0.22329717036350422,80.08333333333333,62.25,0.7805041578829878,17.833333333333332,0.2194958421170122,71.5,0.49295774647887325,71.5,0.2249119718309859,214.5,0.21368022952529994,0.36326291079812206,214.5,0.23886063293340287,0.39265453834115804,0,,,0,,,15.552761745200899,0.2175677669504756,0.007344204880510297
without2020,chunichi,away,def,all,12,71.58333333333333,620.9166666666666,308.0833333333333,168.08333333333334,8.673888236828377,4.30278429838289,0.4960146399218882,0.27056471356334916,0.7294352864366508,0.14283253843783172,0.07001682721679499,0.05771534790872245,1.8315991392571922,0.5274686633837324,1.9549752217005738,2.3478090766823163,1.6759352374316612,0.06866197183098592,0.20844744392279604,0.7228905842462181,0.42938184663536777,66.66666666666667,0.2250606533050226,4.500798774126239,1.4353482003129892,2.446628847157016,2.616458007303078,1.8088810641627542,2.3372293948878458,0.28645018257694316,0.37589658320292124,2.96056286403205,6.49815379377503,0.6235721267593612,0.5578585489710607,402.0833333333333,296.6666666666667,0.7368705002090372,105.41666666666667,0.2631294997909628,147.25,108.66666666666667,0.7410501385418363,38.583333333333336,0.2589498614581636,71.58333333333333,0.37738002086593636,71.5,0.15388628064684404,214.75,0.2792938184663537,0.5307229177534342,214.66666666666666,0.2806059006927006,0.5106141045237835,177.83333333333334,0.25001994322666526,0.4495754715073287,13.666666666666666,0.2710868079289132,0.3521582365003418,4.959363614572745,0.06930151527528049,-0.0006395434442945663
without2020,chunichi,away,def,first6,12,71.5,429,223.66666666666666,120.25,6.0,3.127249608763693,0.5212082681272823,0.2802583246391932,0.7197416753608068,0.14532526951834462,0.07261508868022952,0.06231796644061902,1.8615226609809703,0.5171482675554321,1.4456996609285342,1.6815499478351592,1.2622267755485268,0.15388628064684404,0.3090277777777778,0.5370859415753781,0.221325639019301,60.5,0.36749554370452464,3.5073682837767346,1.2109415753781951,2.170905059989567,2.269675925925926,1.3085387323943662,1.969255346896192,0.15388628064684404,0.28084246218049036,2.4746008861351902,4.405371856590052,0.7172952330951702,0.6685447097938488,259,189.5,0.7301247930572908,69.5,0.26987520694270917,98.5,71.83333333333333,0.7334045147438628,26.666666666666668,0.2665954852561372,71.5,0.3766790558163797,71.5,0.15388628064684404,214.5,0.27967418709789604,0.5314130151278038,214.5,0.28084246218049036,0.5110035211267605,0,,,0,,,10.089805214668349,0.1411664045903392,0.01271987605650485
without2020,other_cl,all,off,all,60,143.16666666666666,1281.4333333333334,557.05,311.1666666666667,8.950594081844082,3.8906217624967625,0.4347795595956187,0.24286108481429014,0.7571389151857099,0.13356191274345586,0.061098117527545084,0.0482010545432892,1.7868253444515316,0.5509932979984832,1.717293932918933,2.1733278295778296,1.7002201194047541,0.0899928774928775,0.24099731287231288,0.6690098096348096,0.37657099844599845,130.28333333333333,0.26580722984082783,4.864553386428386,1.3408961408961408,2.863858941983942,2.9228737697487697,1.7077570577570578,2.1866250647500647,0.3334069865319865,0.3306939588189588,3.252291626812758,6.620984008112026,0.6493698391971048,0.5873145131593203,864.85,660.5666666666667,0.7630274198835805,204.28333333333333,0.23697258011641953,273.4166666666667,206.75,0.7587662278691952,66.66666666666667,0.2412337721308047,143.16666666666666,0.44215957653457655,142.93333333333334,0.19194452749910496,429.5,0.2464344297677631,0.44339576318742985,429.26666666666665,0.2509966782813752,0.4518559358294148,395.85,0.23005254127007663,0.4100120769788819,26.816666666666666,0.24619016470872643,0.3920099641622879,12.534507999676691,0.08756642452643677,0.0024264529664407243
without2020,other_cl,all,off,first6,60,142.9,857.4,383.71666666666664,213.26666666666668,6.0,2.6848422831081282,0.4474737138513547,0.24871671152921151,0.7512832884707885,0.13564178295839094,0.06300949675216107,0.050065431818659516,1.7964473814460884,0.5462023177459128,1.192542013932859,1.4923002691752691,1.179759299735773,0.1918821485634866,0.3500198422469549,0.4580980091895585,0.17549888198655805,115.48333333333333,0.4344947349627596,3.694939189331795,1.1026569254298129,2.4947194762071523,2.5072067349708194,1.1877334705591749,1.7770389909386388,0.1918821485634866,0.23264971367964327,2.6650652920541598,4.321170144710613,0.752620576692148,0.7081424201291517,538.3,408.68333333333334,0.7584217215085683,129.61666666666667,0.24157827849143168,176.2,132.66666666666666,0.7553346083069502,43.53333333333333,0.24466539169304977,142.9,0.44204570794359527,142.9,0.1918821485634866,428.7,0.2463485225867855,0.44310957723809835,428.7,0.25108490047163756,0.45183785046461106,0,,,0,,,26.124331400407204,0.18284753933574388,0.00903460922774271
without2020,other_cl,all,def,all,60,143.16666666666666,1281.5833333333333,552.0833333333334,309.75,8.951655982905983,3.8558380277130277,0.43100787477571895,0.24179354998323443,0.7582064500167656,0.13356295583380234,0.06101922556339,0.04721136858604211,1.7771796980177899,0.5541888701092106,1.6924323361823361,2.1634056915306914,1.693009011926401,0.09372490934990935,0.23959628334628336,0.6666788073038074,0.37224812224812226,129.75,0.2659882673475808,4.887433631183631,1.3344915501165502,2.8997944185444187,2.9457232582232584,1.7000469437969439,2.163990060865061,0.33725637788137786,0.3274410774410774,3.2661047141692334,6.623125664941477,0.6486666613605687,0.5874167487341833,866.3333333333334,662.6166666666667,0.7635717279496639,203.71666666666667,0.23642827205033612,272.0833333333333,205.73333333333332,0.7589435833841837,66.35,0.24105641661581637,143.16666666666666,0.44787053224553225,142.98333333333332,0.1962219057025395,429.5,0.24356114564447898,0.4370939631356298,429.31666666666666,0.24944395448637802,0.44734641557949006,395.96666666666664,0.23250522712921168,0.41143303968077016,26.8,0.22595755385864233,0.3520752311775299,12.877288638154948,0.08996305606481912,0.003761853285090224
without2020,other_cl,all,def,first6,60,142.9,857.4,379.35,211.41666666666666,6.0,2.6541844035594035,0.4423640672599006,0.2465501914078792,0.7534498085921209,0.13491038260991312,0.06266863385701414,0.048971174940951934,1.7890370927303805,0.5490312534383069,1.1748832551121284,1.4793011484472751,1.1814837365146214,0.1962050114074762,0.3551788362263714,0.4486161523661524,0.17467177123867264,114.86666666666666,0.44430701882323503,3.708076615286122,1.0941465176060245,2.521242299041595,2.537810391225884,1.1772901694028455,1.7597244956399887,0.1962050114074762,0.2290301319702728,2.6791957533608164,4.304045692237135,0.7561811195412309,0.7123159013989135,539.3166666666667,410.6666666666667,0.7602183555123095,128.65,0.23978164448769043,175.18333333333334,132.01666666666668,0.7566899379208062,43.166666666666664,0.24331006207919384,142.9,0.44803075999378816,142.9,0.1962050114074762,428.7,0.24349572897108107,0.43708654152316123,428.7,0.2496046538446773,0.44764159299663997,0,,,0,,,26.76465194591848,0.1873424212501748,0.008862590157301394
without2020,other_cl,home,off,all,60,71.58333333333333,624.3666666666667,285.96666666666664,158.6,8.72219940010433,3.994806338028169,0.45823783976850296,0.25406448208328913,0.7459355179167109,0.13817270615576074,0.06510802849100478,0.05078374743652361,1.8004191081256127,0.5451172959799854,1.7792775169535733,2.215528821074596,1.5846139657636598,0.07983176838810642,0.22894496609285342,0.6912232655190401,0.3913471570161711,65.86666666666666,0.2504272670306468,4.675039123630673,1.3702008346374543,2.6655646844027125,2.7263269431403234,1.7320226917057904,2.2395963745435576,0.30432316118935837,0.34478351591027645,3.1150982072391704,6.509926884227622,0.641865816185156,0.5789228699953038,415.28333333333336,312.75,0.7518062626773424,102.53333333333333,0.2481937373226576,137.5,102.88333333333334,0.7513181602365898,34.61666666666667,0.2486818397634102,71.58333333333333,0.41636345852895146,71.4,0.16710303285088957,214.75,0.25880064336637104,0.4708365936358894,214.56666666666666,0.2625390925600906,0.4784571141434358,181.8,0.23758370316560712,0.42733202660208497,13.25,0.27497342267452035,0.35876849305430786,5.938748467118034,0.08297029193791916,-0.0031385235498127464
without2020,other_cl,home,off,first6,60,71.4,428.4,203.15,111.63333333333334,6.0,2.845319700003564,0.474219950000594,0.26058708598882613,0.7394129140111738,0.13948026254683227,0.06796131728643466,0.05314550615555923,1.8165973348393696,0.5366855302154884,1.2817971840706073,1.5635225159329569,1.1713117837298104,0.16710303285088957,0.3508745022469762,0.48202246490213424,0.19331337056153344,59.46666666666667,0.42253205334989435,3.6055285659204825,1.151043993429174,2.34693817494338,2.402884347145676,1.2348733949591268,1.8637342006953153,0.16710303285088957,0.25000799077881136,2.6178511947827916,4.31846261734207,0.7457550851327819,0.7002506671083351,264.45,197.65,0.7461032148002229,66.8,0.25389678519977704,92.55,69.08333333333333,0.7498603177085906,23.466666666666665,0.2501396822914094,71.4,0.41617809514089366,71.4,0.16710303285088957,214.2,0.2585733388522223,0.47022968595253756,214.2,0.26260083312543,0.47821021404865044,0,,,0,,,11.832769627973839,0.16571580875043126,0.0013872241004582791
without2020,other_cl,home,def,all,60,71.58333333333333,656.3,278.3333333333333,156.26666666666668,9.168319640062597,3.887861893583725,0.42428457355048,0.2381900751862048,0.7618099248137952,0.13150102514259285,0.059548760481095746,0.047140289562516195,1.7737396583787697,0.5554677518516736,1.7050534689619197,2.182808424621805,1.7569694190508203,0.09709833072509129,0.2417481742305686,0.6611534950443401,0.37638236828377675,64.63333333333334,0.2702598477235053,4.989759389671361,1.3295416014606156,2.9913536776212832,3.0477764736567554,1.7170318205529473,2.1643290297339592,0.35249739175795514,0.3256422796035472,3.35017248667135,6.7720756414057695,0.6494018907571992,0.5873315818872381,445.8,342.15,0.7653874375178196,103.65,0.23461256248218043,138.91666666666666,105.56666666666666,0.7655096916711813,33.35,0.23449030832881865,71.58333333333333,0.46409754825247784,71.48333333333333,0.20801255601240293,214.75,0.23589267083985394,0.42340571205007826,214.65,0.24642111750805676,0.43556756323499646,213.63333333333333,0.23372547945109876,0.41405830186985876,13.266666666666667,0.2199337943227614,0.41375658573843205,6.450452591614656,0.09014143332023893,0.006956897404852362
without2020,other_cl,home,def,first6,60,71.4,428.4,184.08333333333334,103.33333333333333,6.0,2.5782033910386635,0.4297005651731106,0.2412177061294228,0.7587822938705772,0.13313977193812365,0.06014772950639964,0.04793020468489952,1.7732831775447015,0.555894382305789,1.1308971542621267,1.4473062367765368,1.1485473395879493,0.2079864735919543,0.3543548489001643,0.4376586775078814,0.16625554858944327,56.55,0.4512125894807652,3.7514636328437616,1.0693682141156116,2.595687972440116,2.5767969086661675,1.1573501030336608,1.7207949468145427,0.2079864735919543,0.2213110911847899,2.713580040554784,4.31705656472824,0.760647534629582,0.7171589980672332,271.65,208.23333333333332,0.7640864177403863,63.416666666666664,0.23591358225961373,85.35,64.65,0.7645118594863001,20.7,0.2354881405136999,71.4,0.46448294436506316,71.4,0.2079864735919543,214.2,0.23578279526865972,0.4233959891933458,214.2,0.2466526169901859,0.43600514115287536,0,,,0,,,14.106586969268424,0.19757098864008243,0.010415484951871879
without2020,other_cl,away,off,all,60,71.58333333333333,657.0666666666667,271.0833333333333,152.56666666666666,9.179000391236306,3.786349113197705,0.41265530731024014,0.23222885952798877,0.7677711404720112,0.12915064565413437,0.057298587686315905,0.04577962618753851,1.7719213266887779,0.5579942258601213,1.6552751695357328,2.131073943661972,1.7721548203139605,0.10014671361502347,0.2531038080333855,0.646749478351591,0.3617370892018779,64.41666666666667,0.28210749404574115,5.054306859676578,1.311655581637976,3.062415232133542,3.1194477047470004,1.6833920187793427,2.133616979655712,0.3625358633281168,0.31663732394366195,3.395669880869355,6.733178960881801,0.6574097152655398,0.5962853340628411,449.56666666666666,347.81666666666666,0.7727123034755746,101.75,0.22728769652442538,135.91666666666666,103.86666666666666,0.7678877480737037,32.05,0.23211225192629628,71.58333333333333,0.4680164319248826,71.53333333333333,0.21670867799388926,214.75,0.23404842636063294,0.41596570161711005,214.7,0.23947550978218565,0.425292887613494,214.05,0.2236312504660201,0.3952875345115891,13.566666666666666,0.22980997935020867,0.45538348163337455,6.595759532558658,0.09217682555051102,0.007969888064512464
without2020,other_cl,away,off,first6,60,71.5,429,180.56666666666666,101.63333333333334,6.0,2.525004191817572,0.42083403196959535,0.23687355615172517,0.7631264438482749,0.13180522952529994,0.05805953001962392,0.0470087966068013,1.7715470926685342,0.5586945061333684,1.1037628549072211,1.421241336910351,1.154945831356389,0.21659456740442656,0.3492064423578508,0.4341989902377226,0.1577576570534317,56.016666666666666,0.4479210516790411,3.7842221849616218,1.0544466800804828,2.642244112825099,2.611270586481854,1.14064069602802,1.6907326365601014,0.21659456740442656,0.21538443624711232,2.719394456088999,4.324728421346382,0.7603080402541117,0.7170469737919244,273.85,211.03333333333333,0.769408773983597,62.81666666666667,0.23059122601640303,83.65,63.583333333333336,0.7630101347478282,20.066666666666666,0.23698986525217178,71.5,0.46788592667113793,71.5,0.21659456740442656,214.5,0.2341423541247485,0.4160899967707479,214.5,0.23960475817870183,0.42557806716844276,0,,,0,,,14.291561772433365,0.19993818589997644,0.016656381504450105
without2020,other_cl,away,def,all,60,71.58333333333333,625.2833333333333,273.75,153.48333333333332,8.73495696400626,3.824021909233177,0.4381581267741893,0.24560242318481237,0.7543975768151876,0.13574565462154162,0.0625443053560296,0.04731246320724116,1.7804657522491192,0.5535169363659117,1.6799295774647887,2.144092331768388,1.586120889467682,0.09032342201356286,0.23750652060511215,0.672170057381325,0.3680914188836724,65.11666666666666,0.26227028507664546,4.784921100678143,1.3394561815336463,2.8085811163275953,2.8428762389149713,1.683150756390193,2.163882368283777,0.32195813771517995,0.32922861241523216,3.184459712359402,6.4746111358404566,0.6482209906254187,0.5878089302694097,420.53333333333336,320.46666666666664,0.7610020346653339,100.06666666666666,0.2389979653346661,133.16666666666666,100.16666666666667,0.7545499644779127,33,0.24545003552208733,71.58333333333333,0.43175860719874803,71.5,0.18443224159773455,214.75,0.2511878368979308,0.4507976873587202,214.66666666666666,0.2524953481200095,0.45908088728144575,182.33333333333334,0.23115441958173033,0.4085231228452273,13.533333333333333,0.2470623569688781,0.30288549541219667,6.426836046540291,0.0897801052553109,0.0005433167582519553
without2020,other_cl,away,def,first6,60,71.5,429,195.26666666666668,108.08333333333333,6.0,2.7301269654966838,0.455021160916114,0.25189522940109793,0.748104770598902,0.13670813461012993,0.06517838512556823,0.0500087096653998,1.8032709812613723,0.5433928000802011,1.218755589090096,1.5113713764065877,1.1865945613598874,0.18443224159773455,0.3560369625158358,0.4595307958864297,0.18317190178105672,58.31666666666667,0.43774311268886534,3.6645966539980623,1.1189187905209033,2.4468443997317237,2.498691035099486,1.1973200312989045,1.798568727177882,0.18443224159773455,0.23673271108130264,2.647167253891932,4.292623380094707,0.7519398198086088,0.7076977500214662,267.6666666666667,202.43333333333334,0.7554346605805201,65.23333333333333,0.24456533941947992,89.83333333333333,67.36666666666666,0.7533994548769118,22.466666666666665,0.24660054512308813,71.5,0.4316254937029585,71.5,0.18443224159773455,214.5,0.2512011575626599,0.4508250428496907,214.5,0.252589301239536,0.45921727898253717,0,,,0,,,12.658064976650056,0.1771028369347303,0.007329404663004243
without2020,cl,all,off,all,72,143.16666666666666,1282.4027777777778,543.4027777777778,306.90277777777777,8.957363431321765,3.7952528759820425,0.42385200062615036,0.23937114739211254,0.7606288526078875,0.1330828920814426,0.060304102651778,0.04598415265889192,1.7652093769616761,0.5575212467577558,1.6517255892255893,2.1435272867564534,1.6866263517841649,0.0938167735042735,0.24575684731934733,0.6604263791763791,0.3660813530605197,129.73611111111111,0.2722634203139185,4.910645585124752,1.3252955570663905,2.913076410472244,2.9696497561080895,1.6920230618147285,2.1383027659069325,0.34003024367607704,0.3221376424501424,3.2766272092534017,6.60449352092148,0.6519506380455299,0.5915207498171734,869.7638888888889,667.2222222222222,0.7662115405636193,202.54166666666666,0.23378845943638069,269.47222222222223,204.81944444444446,0.7627808629011015,64.65277777777777,0.23721913709889852,143.16666666666666,0.4489904385737719,142.97222222222223,0.19749869327334116,429.5,0.24222414673803563,0.4311230179285735,429.30555555555554,0.24767534853759593,0.4409178450971331,396.27777777777777,0.22759192224667638,0.40093020776112787,27.319444444444443,0.2368940447923892,0.3772373320052749,13.078555693625113,0.09136916068861416,0.00244761281565935
without2020,cl,all,off,first6,72,142.93055555555554,857.5833333333334,373.8333333333333,210.05555555555554,6.0,2.6152303872227582,0.435871731203793,0.24492530681766791,0.7550746931823321,0.13508525133867466,0.06215039018247156,0.047689665296521716,1.7745922099787854,0.5531264023119309,1.1456785463167505,1.4695518409060075,1.169287512969446,0.19746424730286233,0.35458788977715033,0.44794786291998734,0.16992803210526217,114.70833333333333,0.4437286915456941,3.7257930987244365,1.0872929916870644,2.5299117019847652,2.540120128361032,1.1748861866159401,1.7353673042420108,0.19746424730286233,0.22454673217584015,2.6799768304232137,4.309136921557841,0.7552240102248853,0.7123957260987345,541.3194444444445,413,0.7620177661564786,128.31944444444446,0.23798223384352138,173.33333333333334,131.20833333333334,0.7594789810058333,42.125,0.2405210189941666,142.93055555555554,0.44893669135159747,142.93055555555554,0.19746424730286233,428.7916666666667,0.24211118932363063,0.43082944711710364,428.7916666666667,0.2477394243117052,0.4409140152904824,0,,,0,,,26.972860681551296,0.1887356524582625,0.008728594844599837
without2020,cl,all,def,all,72,143.16666666666666,1281.5555555555557,550.3333333333334,308.84722222222223,8.95145363895364,3.843612406112406,0.42959954150542135,0.24106772509420865,0.7589322749057914,0.1331785268420136,0.060687658618910144,0.04720153963328492,1.7771642128047196,0.5540374769088099,1.6865253766295434,2.157087029482863,1.6792529888646555,0.09343704135370802,0.24109619161702495,0.665466767029267,0.3707332405249072,129.79166666666666,0.267492349787766,4.892081201977035,1.3311088988172322,2.9013222502805838,2.9529745909954244,1.6986012637054304,2.1612748748165416,0.33819633298799967,0.32669780065613396,3.2678743619642616,6.61266477325186,0.6496362954237953,0.5886075651063835,866.8194444444445,663.5416666666666,0.7643144520128534,203.27777777777777,0.23568554798714655,271.56944444444446,205.91666666666666,0.761017181960897,65.65277777777777,0.238982818039103,143.16666666666666,0.4472482571440905,143,0.1967208738922354,429.5,0.24354680170652393,0.43813153795792686,429.3333333333333,0.2495564453006633,0.4460063192523171,395.40277777777777,0.22989411346597485,0.40663921231272177,27.319444444444443,0.23019747616562283,0.36450401855092823,13.004707906626468,0.0908547711882654,0.0025822701654426117
without2020,cl,all,def,first6,72,142.93055555555554,857.5833333333334,379.30555555555554,211.51388888888889,6.0,2.653362493987494,0.44222708233124897,0.24661334172044266,0.7533866582795573,0.13500870253608907,0.062464151735718634,0.049140487448634945,1.7889495163440612,0.5489723893759622,1.173682443664838,1.479680050322656,1.1794054891813974,0.19670679531301596,0.3519931929703056,0.4513000117166784,0.1736114259588438,114.81944444444444,0.4403888753571358,3.714715139993896,1.0934943083563975,2.5216658338944136,2.5349802070972847,1.1786943622257589,1.7558847076892852,0.19670679531301596,0.2298777765987273,2.675821507068191,4.310570265785057,0.7542475773456085,0.710561934888555,539.8472222222222,411.2083333333333,0.7605516832167386,128.63888888888889,0.23944831678326142,174.80555555555554,131.77777777777777,0.7569544359467452,43.02777777777778,0.2430455640532548,142.93055555555554,0.44733051979970995,142.93055555555554,0.19670679531301596,428.7916666666667,0.24351769321937553,0.4381716675632951,428.7916666666667,0.24970899022150977,0.44628249709920287,0,,,0,,,26.805148542294127,0.18758052795253388,0.00912626736048208
without2020,cl,home,off,all,72,71.58333333333333,625.3055555555555,276.5416666666667,155.19444444444446,8.735252564771343,3.8630265388628064,0.4425897001660195,0.24829591914948174,0.7517040808505182,0.13679372182969124,0.06360010229579961,0.047902095023990905,1.776480010263206,0.5530390514066986,1.6951236741436273,2.167902864719179,1.571835015692821,0.085740523387237,0.2367849069727004,0.6774745696400626,0.374606046774474,65.44444444444444,0.2607216025975402,4.752138215093027,1.3474830464267085,2.745685532950791,2.8101743175099982,1.7038748695878978,2.1782787776038948,0.31587984698313337,0.33135269953051644,3.1552860185034435,6.474500000164803,0.6472928043631968,0.5862316134777215,419.27777777777777,318.4166666666667,0.7578739929143524,100.86111111111111,0.24212600708564758,134.44444444444446,101.22222222222223,0.7564735209986546,33.22222222222222,0.24352647900134536,71.58333333333333,0.4259503781950965,71.43055555555556,0.17690358806083953,214.75,0.2536904813655596,0.4549670709441836,214.59722222222223,0.25595636574988134,0.4619940174808583,182.22222222222223,0.23283648043942018,0.4138421743859586,13.73611111111111,0.26021822121419524,0.3380102003630039,6.366500539275272,0.08895441475641563,-0.00321389136917864
without2020,cl,home,off,first6,72,71.43055555555556,428.5833333333333,196.33333333333334,109.18055555555556,6.0,2.748748745829783,0.45812479097163045,0.2547544385790499,0.7452455614209501,0.13841447717887212,0.06594168923003038,0.05039827217014738,1.7929720219809333,0.5455570555071279,1.2202221143554834,1.5285266314742993,1.1616735373048137,0.17690358806083953,0.35528122100828263,0.4678151909308778,0.18435401728675865,58.791666666666664,0.4335656460882134,3.6527199664708596,1.1270138173377355,2.403307242812754,2.4551455370710578,1.2144990210992201,1.8074099994491912,0.17690358806083953,0.23704152248434246,2.634715211535897,4.3048368052219885,0.7497945698408671,0.7059139492279953,266.875,201.16666666666666,0.7522509558340217,65.70833333333333,0.24774904416597826,90.27777777777777,67.84722222222223,0.7556873757217395,22.430555555555557,0.2443126242782605,71.43055555555556,0.4257959087050483,71.43055555555556,0.17690358806083953,214.29166666666666,0.2535010609371023,0.4544613145413904,214.29166666666666,0.2560078162209975,0.4617882674018705,0,,,0,,,12.471098913656677,0.17458225430985388,0.002321333750985664
without2020,cl,home,def,all,72,71.58333333333333,657,270.8611111111111,152.93055555555554,9.178039688749783,3.783401799687011,0.412468124513386,0.23287109732999808,0.7671289026700019,0.1296502347597488,0.057737471973370626,0.045483390596878684,1.7636306883488748,0.5602707794452225,1.6472053773256825,2.1361964223613286,1.7023306972035415,0.10015377760389498,0.24956529299252303,0.650280929403582,0.363132498695879,64.41666666666667,0.2797723267573547,5.04644300991132,1.3067944705268648,3.054735046078943,3.100265171274561,1.6931403234220135,2.1298660015649453,0.36031777082246563,0.31638519387932534,3.392594819720904,6.746646149750424,0.655669323768043,0.5949735789866037,449.3611111111111,347.0416666666667,0.7702575904216269,102.31944444444444,0.2297424095783731,136.05555555555554,104.33333333333333,0.7726942283493504,31.72222222222222,0.22730577165064955,71.58333333333333,0.47192336115458183,71.5,0.21408671095278056,214.75,0.2311844316930389,0.4121375630325161,214.66666666666666,0.24195597820507075,0.42428024201073217,213.81944444444446,0.22631918830395711,0.39953820263918705,13.76388888888889,0.22380273544439772,0.42813313003499803,6.822450598747435,0.0953395050842468,0.004814272519648176
without2020,cl,home,def,first6,72,71.43055555555556,428.5833333333333,179.30555555555554,101.40277777777777,6.0,2.510323052782611,0.41838717546376847,0.23662088157861105,0.763379118421389,0.13190993282561714,0.058496651653524655,0.04621429709946925,1.7598803128929763,0.5616919992129932,1.0905977633109445,1.4197252894716663,1.1218307722992946,0.2140649756024067,0.35583409204556377,0.4301009323520295,0.1577630571404811,56.138888888888886,0.45606338694666654,3.790892142306334,1.052766960728407,2.6424844997251355,2.6093156294179463,1.1416151093355624,1.6846261141729604,0.2140649756024067,0.21566775856426806,2.7393109427402447,4.310149345521429,0.7630400199247703,0.7207875772631788,273.625,210.93055555555554,0.7685845883192403,62.69444444444444,0.23141541168075974,83.52777777777777,63.666666666666664,0.7689334418267093,19.86111111111111,0.23106655817329072,71.43055555555556,0.47224452458173627,71.43055555555556,0.2140649756024067,214.29166666666666,0.2310928687170437,0.4121294606519057,214.29166666666666,0.24214889444017837,0.42464489027563124,0,,,0,,,14.575126859307687,0.20402708328201866,0.01003789232038805
without2020,cl,away,off,all,72,71.58333333333333,657.0972222222222,266.8611111111111,151.70833333333334,9.179422600417318,3.7273137280472963,0.4061867051351032,0.2309005807309389,0.7690994192690611,0.12953298929028137,0.057175711150698194,0.04419188028995932,1.7531004536771728,0.5628880479588582,1.60825291253695,2.119060815510346,1.760283557841815,0.10189803947139628,0.25476547556946616,0.6433364849591375,0.3574948921926621,64.29166666666667,0.28455934379070413,5.069338484611372,1.3031130455572943,3.0808690879846985,3.129037341331942,1.680088245522518,2.0982791036341504,0.36420839853938447,0.3129292731698835,3.403393276028907,6.735667388906744,0.6570240501558691,0.5972681360544081,450.4861111111111,348.80555555555554,0.7732750361824233,101.68055555555556,0.2267249638175767,135.02777777777777,103.59722222222223,0.7709186620972743,31.430555555555557,0.22908133790272564,71.58333333333333,0.4720972439575726,71.54166666666667,0.21805687520182826,214.75,0.23073614009157828,0.4072914855387469,214.70833333333334,0.23939114309936674,0.419836861221991,214.05555555555554,0.22314150450201906,0.3899861281397735,13.583333333333334,0.2269784308058149,0.4483124669417637,6.712055154349841,0.09380246829488889,0.00809557117650739
without2020,cl,away,off,first6,72,71.5,429,177.5,100.875,6.0,2.482128884417617,0.41368814740293613,0.23510636866466286,0.7648936313353372,0.13175054700631775,0.058355392126421074,0.045000429531924055,1.7528704114879587,0.5629407558093608,1.0714906724296396,1.4106382119879772,1.1463726976963224,0.2179808014755198,0.353942792557816,0.4280764059666642,0.15553389783143304,55.916666666666664,0.4547732830329903,3.7988356062299724,1.0476653128648434,2.6564024579576224,2.6249617302580917,1.1352843915343915,1.663616964130462,0.2179808014755198,0.21210092344188589,2.730189146688722,4.314370438867896,0.761125959833042,0.7194985511980464,274.44444444444446,211.83333333333334,0.7706244499257467,62.611111111111114,0.22937555007425323,83.05555555555556,63.361111111111114,0.7659258052703548,19.694444444444443,0.2340741947296452,71.5,0.47206456330576047,71.5,0.2179808014755198,214.5,0.2307320000248404,0.407285482441977,214.5,0.23948073730448535,0.4200908123638953,0,,,0,,,14.50176176789462,0.20287644940839297,0.015104352067126802
without2020,cl,away,def,all,72,71.58333333333333,624.5555555555555,279.47222222222223,155.91666666666666,8.724778842809947,3.903815640758129,0.44780087896547244,0.2497628049145685,0.7502371950854315,0.13692680192425663,0.06378972566615718,0.04904627732415471,1.7889879834171314,0.5491755575355485,1.725770518170753,2.1780451225873763,1.6010899474616784,0.0867131803164667,0.23266334115805948,0.6806234785254738,0.3783064901756216,65.375,0.256068679781375,4.737567379586159,1.3554381846635368,2.7482557381324986,2.8051398669796557,1.70410580768562,2.1927735393844547,0.3160401451921405,0.3370066075465136,3.1471435709715103,6.4785349121628855,0.6441128466477425,0.5828172000530182,417.4583333333333,316.5,0.7569801122559511,100.95833333333333,0.2430198877440489,135.51388888888889,101.58333333333333,0.7522999934885666,33.93055555555556,0.2477000065114334,71.58333333333333,0.4226955094766128,71.5,0.17934124810591948,214.75,0.2558721671593346,0.46411855909117256,214.66666666666666,0.257180440215458,0.46766975682183537,181.58333333333334,0.23429867352255282,0.4153651809555775,13.555555555555555,0.25106643212888397,0.31109761892688753,6.182257307879033,0.08636700692530583,0.0003461733911608684
without2020,cl,away,def,first6,72,71.5,429,200,110.11111111111111,6.0,2.796314072707852,0.4660523454513087,0.2566224119407805,0.7433775880592195,0.13814432376149904,0.06641783571801177,0.05206025246126968,1.8129795945479719,0.5390187113260729,1.2565796010631691,1.539734471644683,1.1991999303913274,0.17934124810591948,0.34820209839282606,0.47245665350125443,0.18953085798743075,58.68055555555556,0.42603518452480854,3.638391925627841,1.134255921330452,2.4008545097746974,2.460521850237226,1.2158564814814814,1.8270164971309337,0.17934124810591948,0.24408433626450057,2.6184061925991418,4.311414792843931,0.7461657220230357,0.7011722433168632,266.22222222222223,200.27777777777777,0.7512163493266485,65.94444444444444,0.24878365067335145,91.27777777777777,68.11111111111111,0.750066964854737,23.166666666666668,0.24993303514526297,71.5,0.4224677540551954,71.5,0.17934124810591948,214.5,0.25594666248519926,0.4642563715627096,214.5,0.2572981613963617,0.4678483193399078,0,,,0,,,12.23002168298644,0.17111343154399847,0.00822781656192101
without2020,npb,all,off,all,144,143.16666666666666,1281.4375,546.8680555555555,309.02777777777777,8.950645612103946,3.8195284171846673,0.42691750697773356,0.24122324637628859,0.7587767536237114,0.13440222665709212,0.06037334298493056,0.04644767673426591,1.764550557293685,0.5587820106853167,1.6611301988906155,2.1583982182940518,1.6778352298802444,0.09285327905119573,0.23938672245963913,0.6677599984891651,0.3715237308987309,129.875,0.26497635319620255,4.883105561490979,1.3393746492704826,2.905374187926271,2.95348382327549,1.693825946430113,2.144136004813088,0.33659140820599154,0.3280140480661314,3.2754548586542236,6.6072004520276835,0.6482540974260989,0.5873078390535532,866.2916666666666,662.5069444444445,0.7637783594425199,203.78472222222223,0.23622164055748002,271.9791666666667,205.45833333333334,0.7579612042268862,66.52083333333333,0.24203879577311385,143.16666666666666,0.4457451788180955,142.95833333333334,0.19743030251026142,429.5,0.2446795905997295,0.4347516070606348,429.28472222222223,0.24930857272033694,0.44546639635039154,396.53472222222223,0.22919064207756165,0.40293902135713067,26.118055555555557,0.23578702316971867,0.3579616871297077,12.803479449824271,0.08944564602867779,0.0034076330225179348
without2020,npb,all,off,first6,144,142.90277777777777,857.4166666666666,377.2916666666667,211.74305555555554,6.0,2.6400530230712342,0.44000883717853906,0.24694594721030486,0.7530540527896952,0.13638962038791236,0.06223066587574483,0.048325660946647656,1.7769207581095718,0.5536726079768283,1.1583773398094053,1.4816756832618292,1.1791719630895643,0.19745929422886332,0.34700945103791037,0.4555312547332263,0.173374089822559,114.6875,0.43441639231854046,3.699320224214403,1.1017212200636215,2.5300634590625757,2.5382900798590415,1.173360426017113,1.743217848846423,0.19745929422886332,0.232914429250803,2.6799011560023183,4.3107109148135665,0.7512985965125194,0.7076094550914775,538.6458333333334,409.56944444444446,0.7593970021518421,129.07638888888889,0.2406029978481578,175.86805555555554,131.80555555555554,0.7523805532502533,44.0625,0.24761944674974665,142.90277777777777,0.446021799508511,142.90277777777777,0.19745929422886332,428.7083333333333,0.24452274422564915,0.4344882485840713,428.7083333333333,0.24936915019496056,0.4455294257730068,0,,,0,,,26.524520428480827,0.18562831186629328,0.011830982362570056
without2020,npb,all,def,all,144,143.16666666666666,1281.4375,546.8680555555555,309.02777777777777,8.950645612103946,3.8195284171846673,0.4269016195951737,0.2412211712055684,0.7587788287944316,0.13440089923856205,0.060379895556439404,0.046440376410566975,1.76586651345668,0.5583726512203242,1.6611301988906155,2.1583982182940518,1.6761267331700227,0.09285327905119573,0.23938672245963913,0.6677599984891651,0.3715237308987309,129.875,0.2652295444247881,4.883105561490978,1.3393746492704826,2.905374187926271,2.95348382327549,1.693825946430113,2.144136004813088,0.33659140820599154,0.3280140480661314,3.276712581035129,6.607282137858092,0.6483494515212554,0.5874314027156033,866.2916666666666,662.5069444444445,0.763725481764913,203.78472222222223,0.23627451823508702,271.9791666666667,205.45833333333334,0.757846805828072,66.52083333333333,0.2421531941719281,143.16666666666666,0.4457451788180955,142.95833333333334,0.1974446734526272,429.5,0.2446795905997295,0.4347516070606348,429.28472222222223,0.24930579183951246,0.4454557094443922,396.53472222222223,0.2291847282075412,0.40294104857246443,26.118055555555557,0.23617165445059257,0.3557793028367585,12.860204365650432,0.08984114065617135,0.0030121383950243597
without2020,npb,all,def,first6,144,142.90277777777777,857.4166666666666,377.2916666666667,211.74305555555554,6.0,2.639948777261249,0.43999146287687485,0.24693846712809447,0.7530615328719055,0.13638450890590725,0.062233313826795374,0.04832064439539186,1.7784194382275087,0.5533152377347769,1.1583179744926824,1.481630802768567,1.1778105544034594,0.19746533533508487,0.34703788725411816,0.45549677741079697,0.1733669663579575,114.6875,0.4346083260781286,3.6993811047358394,1.101694670704697,2.5301382508642805,2.53832622090515,1.1733347091595987,1.7431617213649946,0.19746533533508487,0.23288507140043888,2.6807669425774137,4.310050353662287,0.751441737286306,0.7077643519704022,538.6458333333334,409.56944444444446,0.7593233082667046,129.07638888888889,0.24067669173329548,175.86805555555554,131.80555555555554,0.7522145633685311,44.0625,0.24778543663146893,142.90277777777777,0.4460408665589997,142.90277777777777,0.19746533533508487,428.7083333333333,0.24450986304184766,0.4344769709975796,428.7083333333333,0.2493670712143413,0.44550595475617016,0,,,0,,,26.62730951186866,0.18635778187713556,0.01110755345794931
without2020,npb,home,off,all,144,71.58333333333333,624.9583333333334,275.7986111111111,155.54861111111111,8.730442260041732,3.852517496957051,0.441665194191359,0.24902659549812525,0.7509734045018748,0.13853721749912823,0.06292947415189083,0.04755990384710619,1.7674793157159532,0.5584189811358983,1.6796902169187968,2.172827280038254,1.5651585595191617,0.08555848982785602,0.23237670622500434,0.6820648039471396,0.3752078442879499,65.45833333333333,0.255613079203792,4.754658157276995,1.36064651799687,2.7505297991653626,2.8107068335941574,1.6971627217005738,2.1713981807511735,0.3203437445661624,0.33515231046774474,3.1615993590265763,6.467996868306314,0.645416599334492,0.5839720543513629,418.1736111111111,317.5,0.7577227492337696,100.67361111111111,0.24227725076623044,135.20138888888889,101.14583333333333,0.7517634054708348,34.05555555555556,0.24823659452916522,71.58333333333333,0.420875173882803,71.45138888888889,0.18251055244510542,214.75,0.25829973410421375,0.46086957703008175,214.61111111111111,0.25437800868013355,0.4592200426235456,182.54861111111111,0.23153403414003088,0.40757967974756076,13.04861111111111,0.2622693346843673,0.3206938728573985,6.306865355951514,0.08812398954640242,-0.002565499718546403
without2020,npb,home,off,first6,144,71.45138888888889,428.7083333333333,197.17361111111111,109.875,6.0,2.7592677998344333,0.4598779666390722,0.2562825507122175,0.7437174492877825,0.1403981766561077,0.06527610234451979,0.05060827171158999,1.789194853184182,0.5496778754061656,1.2215724955611285,1.5376953042733048,1.191648651406176,0.18251055244510542,0.34147135733078016,0.4760180902241144,0.18669251992092112,58.40972222222222,0.41973250009354224,3.6391844221528853,1.1412766521296323,2.4057954864857423,2.4904285684585235,1.2040969920435118,1.7992392779246602,0.18251055244510542,0.24714381127073767,2.606425682392788,4.28915481228099,0.7432639258783692,0.6985590023754943,265.5625,200.29166666666666,0.7526972917711433,65.27083333333333,0.24730270822885672,91.69444444444444,67.85416666666667,0.744590016943781,23.84027777777778,0.255409983056219,71.45138888888889,0.4209524153779359,71.45138888888889,0.18251055244510542,214.35416666666666,0.25816918643728537,0.4605948341012257,214.35416666666666,0.2543959149871496,0.4591610991769187,0,,,0,,,12.33259250293077,0.17261483936791205,0.009895713077193365
without2020,npb,home,def,all,144,71.58333333333333,656.4791666666666,271.06944444444446,153.47916666666666,9.170754270996348,3.786556142410016,0.4130122623215888,0.23385032864794283,0.7661496713520571,0.1304917023827165,0.057952797368894894,0.045405828896331435,1.7606369855890074,0.5600966623649606,1.6425472200486873,2.1440089223613286,1.7279748861440951,0.10012660841592766,0.2464408363762824,0.65343255520779,0.3678395605112154,64.41666666666667,0.2757287702285472,5.011572715614676,1.3181226634498349,3.0602612589114937,3.095980590332116,1.690521213701965,2.1169158081203268,0.3528177164840897,0.320862676056338,3.3958014069995004,6.745504835833814,0.6518035589392318,0.591507186477054,448.11805555555554,345.00694444444446,0.7683154405602404,103.11111111111111,0.2316845594397596,136.77777777777777,104.3125,0.7666374440046125,32.46527777777778,0.2333625559953874,71.58333333333333,0.47065320161711005,71.50694444444444,0.2123009038530701,214.75,0.2310639816263838,0.4086377188025271,214.67361111111111,0.24423196201271627,0.43167886200390454,213.98611111111111,0.22733139440230277,0.39932012452258275,13.069444444444445,0.2206479390609009,0.4072274467947815,6.6201062378560005,0.09249207433072267,0.007634534085205
without2020,npb,home,def,first6,144,71.45138888888889,428.7083333333333,180.11805555555554,101.86805555555556,6.0,2.5208622896126087,0.4201437149354348,0.2376207470714428,0.7623792529285572,0.1323902550996622,0.05919106094115237,0.046039431030628214,1.7624105381302322,0.5593273850337814,1.0951378071839517,1.4257244824286568,1.1273382045666611,0.21236129707660886,0.35266359631217253,0.4349751066112186,0.16011371334555913,56.27777777777778,0.450435426880058,3.759421474499169,1.062211643789198,2.654120809802454,2.5860597680959616,1.142692257949198,1.6872362614360343,0.21236129707660886,0.2186608783133584,2.7584176423116467,4.329805379520623,0.7602038073797893,0.717678353478703,273.0833333333333,209.27777777777777,0.7646704672066454,63.80555555555556,0.23532953279335453,84.17361111111111,63.951388888888886,0.7644751961531282,20.22222222222222,0.2355248038468718,71.45138888888889,0.47110088402125044,71.45138888888889,0.21236129707660886,214.35416666666666,0.230896443363167,0.40842794510847513,214.35416666666666,0.24434505077971858,0.4318594847623944,0,,,0,,,14.322896077958585,0.20046016083740253,0.011901136239206328
without2020,npb,away,off,all,144,71.58333333333333,656.4791666666666,271.06944444444446,153.47916666666666,9.170823552425665,3.7863428642844723,0.41301195277997116,0.2338264844656368,0.7661735155343632,0.13046462365050518,0.05794689170053778,0.04541496911459384,1.7613037147520503,0.5595260075798636,1.6425010324291427,2.1438418318553296,1.7558873153634709,0.10014426838810642,0.24643268561989218,0.6534230459920014,0.36779201443227266,64.41666666666667,0.2749380385451112,5.011833539819162,1.318096852721266,3.0605125739001915,3.096322922100504,1.6903962354373152,2.11684652669101,0.3528666210224309,0.32086675143453314,3.3934699835883517,6.747475497292859,0.6514178090092123,0.5910193209383313,448.11805555555554,345.00694444444446,0.7688283533377499,103.11111111111111,0.23117164666225015,136.77777777777777,104.3125,0.7656168523078164,32.46527777777778,0.23438314769218366,71.58333333333333,0.47068037080507735,71.50694444444444,0.21235910835382665,214.75,0.2310440575552078,0.40860692705616414,214.67361111111111,0.24421864238426513,0.4316910164423904,213.98611111111111,0.22730078419397412,0.39926265528596,13.069444444444445,0.21806668319647246,0.4087759658730302,6.496614093872757,0.09078843378038176,0.009355834607724649
without2020,npb,away,off,first6,144,71.45138888888889,428.7083333333333,180.11805555555554,101.86805555555556,6.0,2.5205888494547533,0.4200981415757922,0.23757941812397015,0.7624205818760298,0.13236374264103137,0.059173760412267844,0.04604191507067094,1.7637227559400692,0.5584899384030433,1.0951123407109322,1.425476508743821,1.140486876420609,0.21242505185433588,0.3526147238368482,0.43496022430881587,0.16001215627095908,56.27777777777778,0.4498170958008205,3.759777259234419,1.0620853593784931,2.654599006073478,2.5863228755247536,1.1425190805325782,1.6871749012594084,0.21242505185433588,0.21864039173311473,2.7566800111271044,4.332458847422293,0.7597690857204518,0.717158931905517,273.0833333333333,209.27777777777777,0.7652071703562019,63.80555555555556,0.23479282964379808,84.17361111111111,63.951388888888886,0.7627010732091032,20.22222222222222,0.23729892679089684,71.45138888888889,0.47118102131306355,71.45138888888889,0.21242505185433588,214.35416666666666,0.23084255274445023,0.408322827913986,214.35416666666666,0.24431628350349008,0.4318734552375984,0,,,0,,,14.191927925550054,0.1986864762289577,0.013738575625378203
without2020,npb,away,def,all,144,71.58333333333333,624.9583333333334,275.7986111111111,155.54861111111111,8.730450410798122,3.8527728873239435,0.44166803073933136,0.249041054053679,0.7509589459463211,0.13853920374473647,0.06294434995965172,0.04755750034929079,1.7699866336548638,0.5572723894790994,1.6797757998608938,2.1729970874630498,1.5810121795728047,0.0855516975308642,0.2323400278212485,0.6821082746478874,0.37522957963832376,65.45833333333333,0.25538244926954756,4.75438782385672,1.3607402516953573,2.7504510085202574,2.810425632498696,1.6972211354547035,2.171495989827856,0.32033015997217873,0.33520664884367934,3.161187024386635,6.471234148150738,0.6452188151052394,0.5837286788927051,418.1736111111111,317.5,0.758058930842894,100.67361111111111,0.24194106915710598,135.20138888888889,101.14583333333333,0.7514209243986959,34.05555555555556,0.24857907560130407,71.58333333333333,0.4208928338549817,71.45138888888889,0.18256265991007775,214.75,0.2583010925636121,0.4608958405784501,214.61111111111111,0.2543987475096622,0.45922934302851104,182.54861111111111,0.23153948549942935,0.40748396140907034,13.04861111111111,0.26745875205282593,0.32421873825659203,6.240098127794431,0.08716653078248718,-0.0016148332516229857
without2020,npb,away,def,first6,144,71.45138888888889,428.7083333333333,197.17361111111111,109.875,6.0,2.759100125444022,0.459850020907337,0.25627132134370006,0.7437286786563,0.14039684997847166,0.06527354067822573,0.05060093068700267,1.7909332937957763,0.5490083532126119,1.221472197381822,1.5376279280622003,1.1949215499363848,0.18256265991007775,0.3414631694487915,0.47597417064113073,0.1866739014332911,58.40972222222222,0.42016105588562724,3.6393421873835607,1.1412566448071142,2.4061667846585686,2.4905549811212957,1.2039936765655663,1.7991326042675808,0.18256265991007775,0.24713570776510918,2.6087444988642767,4.290480883365997,0.743394231533252,0.6986899237442131,265.5625,200.29166666666666,0.7528764097936979,65.27083333333333,0.24712359020630215,91.69444444444444,67.85416666666667,0.7443315855021037,23.84027777777778,0.25566841449789635,71.45138888888889,0.4210336478749037,71.45138888888889,0.18256265991007775,214.35416666666666,0.25813867257040185,0.4605659678234013,214.35416666666666,0.2544039701169983,0.45913407399127276,0,,,0,,,12.304413433910073,0.17223630813512672,0.010326351774951033
